{"type":"FeatureCollection","features":[{"type":"Feature","properties":{"ward":"Benfieldside","boundary_ward":"Benfieldside","date":"2025-07-03","display_date":"3 July 2025","winning_party":"Liberal Democrats","winning_candidate":"Terry Rooney","total_votes":2946,"turnout":37.0,"electorate":7981,"liberal_democrats_votes":824,"liberal_democrats_pct":28.0,"liberal_democrats_candidate":"Terry Rooney","labour_votes":800,"labour_pct":27.2,"labour_candidate":"Kevin Earley","reform_uk_votes":747,"reform_uk_pct":25.4,"reform_uk_candidate":"Stephen Harrison","independent_votes":459,"independent_pct":15.6,"independent_candidate":"Stephen Robinson","conservative_votes":76,"conservative_pct":2.6,"conservative_candidate":"David Lowes","green_votes":40,"green_pct":1.4,"green_candidate":"Richard Edwin Simpson"},"geometry":{"type":"Polygon","coordinates":[[[-1.83645149474242,54.8648124106314],[-1.8358930391333,54.8599618540003],[-1.84239071431477,54.8573116020517],[-1.8479240140742,54.8553602355798],[-1.85897496262448,54.8561246025337],[-1.86006280744081,54.852773106637],[-1.86660055632529,54.8553855627597],[-1.8696710885084,54.8615578065974],[-1.86127804135857,54.866430750434],[-1.86004929900233,54.8780342306841],[-1.85096380208336,54.8846885504055],[-1.83993559367551,54.882735301231],[-1.84083080047899,54.8674831655782],[-1.83645149474242,54.8648124106314]]]}},{"type":"Feature","properties":{"ward":"Chester-le-Street East","boundary_ward":"Chester-le-Street North and East","date":"2023-05-04","display_date":"4 May 2023","winning_party":"Labour","winning_candidate":"Julie Anne Scurfield","total_votes":1198,"turnout":41.5,"electorate":2901,"labour_votes":716,"labour_pct":59.8,"labour_candidate":"Julie Anne Scurfield","conservative_votes":439,"conservative_pct":36.6,"conservative_candidate":"Allan Bainbridge","liberal_democrats_votes":43,"liberal_democrats_pct":3.6,"liberal_democrats_candidate":"Russell Amor Haswell"},"geometry":{"type":"Polygon","coordinates":[[[-1.56446180577849,54.8629009940451],[-1.56453712354845,54.8628518489808],[-1.56489266106186,54.862677906641],[-1.56498848954251,54.8624589476486],[-1.56502906541061,54.8621607743442],[-1.56498811233832,54.8616268303582],[-1.56495206475494,54.8613571103358],[-1.5648206251195,54.8608327345782],[-1.56478945392964,54.860545954336],[-1.56487834590022,54.8599594618771],[-1.5648593837879,54.8596943032308],[-1.56490322207028,54.8593862305085],[-1.5649296951089,54.8590969596913],[-1.56498078452489,54.8588383546519],[-1.56498061306611,54.8585642544215],[-1.56487571652043,54.8583230448664],[-1.56475937168214,54.8581348062054],[-1.56472724435328,54.8580816970495],[-1.56473108511354,54.8580125214912],[-1.56473961441589,54.857943361817],[-1.56481462697343,54.8577764765851],[-1.56501618786807,54.8575731893695],[-1.56527403281796,54.8573539537404],[-1.56554017444932,54.8570853323065],[-1.56559656804006,54.8569111927916],[-1.5655948901424,54.8567763955066],[-1.56545046545881,54.8565934498255],[-1.5653115130949,54.856477026836],[-1.56488370642211,54.8561394116073],[-1.56423438409723,54.855684182445],[-1.56382480490738,54.8555317461899],[-1.56300979804785,54.8552771997737],[-1.56227489435502,54.8549644945519],[-1.56194165157814,54.8548132378953],[-1.56147112932783,54.8546812497812],[-1.56103895382052,54.8546051081539],[-1.56067742615752,54.8544770905648],[-1.56032292175566,54.854275426428],[-1.55976416762172,54.8538079025002],[-1.55956755097252,54.8535555802081],[-1.55950042695501,54.8534277238755],[-1.55939097095262,54.8531801976267],[-1.55927168930562,54.8528364935302],[-1.55920940570225,54.852548695971],[-1.55913911627988,54.8522815549821],[-1.55905999896501,54.8518265602695],[-1.55895074749986,54.8515610723835],[-1.55879933420891,54.8510204296301],[-1.55865097763101,54.850772761396],[-1.55852156625259,54.8504991211483],[-1.55835296793634,54.850250486663],[-1.55826079734542,54.8501360189596],[-1.5577206407129,54.8495400543222],[-1.55742233703374,54.8493313799392],[-1.55729269896638,54.8492248912022],[-1.55717082106005,54.8491174915154],[-1.55694572821006,54.8489054844503],[-1.55668352797417,54.8486744864293],[-1.55658518879708,54.8485527991692],[-1.55640881185039,54.8483050529214],[-1.55632921407092,54.848178943338],[-1.55621212110463,54.8479206007338],[-1.55612338015106,54.8476363019477],[-1.55606548672911,54.8473763897315],[-1.55602937155964,54.8465495185808],[-1.55608505973087,54.8462990029971],[-1.55618317621074,54.846015386421],[-1.55641952824456,54.8454770827833],[-1.55662628028146,54.8450842194447],[-1.55680355101995,54.8446804717894],[-1.55717912439743,54.8440136989856],[-1.55762721456326,54.8434074147531],[-1.55828340076584,54.842633378116],[-1.55907495988347,54.8417295193571],[-1.5594932446375,54.8413500148697],[-1.55972081410693,54.8411845956898],[-1.55980547756869,54.8411318889297],[-1.56005458572611,54.8409943914672],[-1.56014998249157,54.8409516164376],[-1.56020002717921,54.8409328964586],[-1.56035166902882,54.8408759411644],[-1.56058751234062,54.840810300143],[-1.5606935505331,54.840791828216],[-1.56081205546339,54.8407778647869],[-1.56091176916667,54.840773733665],[-1.5610113999937,54.8407740935606],[-1.56114988482164,54.8407836025305],[-1.56150428495549,54.8408405820128],[-1.56153528156057,54.8408523806414],[-1.56160807393579,54.8408885771072],[-1.56163439577557,54.840902153431],[-1.56167921727042,54.8409328661179],[-1.56172854404046,54.8409806736709],[-1.56178073026581,54.8410500516634],[-1.56180812697274,54.8411085745644],[-1.56181858739233,54.8411499478793],[-1.56182111678679,54.841202068182],[-1.56180787512424,54.8412766218667],[-1.56159574656876,54.8417431375334],[-1.56150742122946,54.8419899497201],[-1.56138763317356,54.8424091768053],[-1.56134763551417,54.8426543587388],[-1.56135802062854,54.8428467280302],[-1.56142072772089,54.8430931648338],[-1.56150745606712,54.8432830857725],[-1.56196339277402,54.8437448321215],[-1.5622670361871,54.8440317052724],[-1.56226858989897,54.8440326032146],[-1.56259573269975,54.8441622689585],[-1.56309211630027,54.8444848649982],[-1.56322492931557,54.8445869053885],[-1.56345300911473,54.8448096872146],[-1.56361562464405,54.8450376263123],[-1.5637121668209,54.8453273214154],[-1.56384491088138,54.8455812224131],[-1.56392944217272,54.8458286373752],[-1.5639576823795,54.8459545487489],[-1.56399377776679,54.846218896341],[-1.56400321210405,54.8463528288697],[-1.56399968883343,54.846537933624],[-1.56411280599237,54.8467342232466],[-1.56429481874956,54.8468975317225],[-1.56458549942821,54.8470900026487],[-1.5646799274711,54.8471442464622],[-1.56497346703893,54.8472163003808],[-1.56516437868629,54.8472789866726],[-1.56540834033791,54.8473274886388],[-1.56555152787401,54.8473333931799],[-1.5659424028596,54.8473347895002],[-1.56630572150521,54.8472884567201],[-1.56684624910465,54.8471340230038],[-1.56755898057546,54.8468885377953],[-1.56840014125943,54.8465770104747],[-1.56877077654182,54.8464300437476],[-1.56887884256952,54.8463719938865],[-1.56907477315205,54.8462540924291],[-1.56916733250659,54.8461906225099],[-1.56957428506701,54.8458487535353],[-1.56967156545974,54.8457790238524],[-1.56995303810764,54.8455248011343],[-1.57013484485317,54.8452675377435],[-1.5702386806956,54.8450216763918],[-1.57027894199316,54.8448942238949],[-1.57027713504913,54.8447728970508],[-1.57019029966909,54.8445919543602],[-1.5700656705803,54.844450418945],[-1.5699699047504,54.8443763903984],[-1.56986947342572,54.8442987381497],[-1.56949983663774,54.8440584263319],[-1.56913730980176,54.8438890949411],[-1.56851028213621,54.8436927640113],[-1.56825444693505,54.8435885363174],[-1.56811505630563,54.8435179123963],[-1.56800830690725,54.843454636555],[-1.56793256010561,54.8434013639199],[-1.56782915102776,54.8433165217203],[-1.56770582582586,54.8431974406226],[-1.56759514360229,54.8430649607623],[-1.56751692951409,54.8429532461066],[-1.56747107580735,54.8428722065071],[-1.5674179021227,54.8427480098514],[-1.56736358782435,54.8425842600889],[-1.56733265805955,54.8424197092811],[-1.56732155206916,54.8422920551818],[-1.56733477060565,54.842075541458],[-1.56734959842369,54.8414150799784],[-1.56742658216042,54.8409121207241],[-1.56752530793862,54.8407057940916],[-1.56759701420388,54.8405541783411],[-1.5678951984147,54.8400394173514],[-1.56869500139914,54.8390627431021],[-1.57013624338713,54.8374988191452],[-1.5707332581562,54.8369949891086],[-1.57134874818074,54.8366484750311],[-1.57218404863683,54.8362775908053],[-1.57228902851021,54.83621595657],[-1.57237689777913,54.8361470747727],[-1.57244620643486,54.8360754317532],[-1.57249362249372,54.8360054883609],[-1.57252239666825,54.8359346041608],[-1.57254046547881,54.8358448100045],[-1.57254156378082,54.8357405635967],[-1.57252993411605,54.835664136572],[-1.57251338003403,54.8356101726045],[-1.57247058769473,54.835531841464],[-1.57240161804004,54.8354291424371],[-1.57231242264985,54.835324588454],[-1.57221228437801,54.8352235841851],[-1.57210272293254,54.8351333492285],[-1.57191255937462,54.8350068606734],[-1.57126386347575,54.8346630963983],[-1.57049348135323,54.8343431640586],[-1.57074837763961,54.8342362064365],[-1.57048488790175,54.8339800751534],[-1.57022016184547,54.833838054493],[-1.57003063836229,54.8337996094489],[-1.570032905524,54.8337331423775],[-1.57012919294797,54.8336067511292],[-1.57011781529469,54.83350698885],[-1.57010174095806,54.8334080736042],[-1.57005353590199,54.833254256665],[-1.57005696191549,54.8330781230008],[-1.56988802919814,54.8330074427022],[-1.56981288697343,54.8328984362799],[-1.56989346187509,54.8327863913819],[-1.57081545304663,54.832750116139],[-1.57240041564667,54.8327350305891],[-1.57405399244197,54.8327102634377],[-1.57502263932251,54.8326786101069],[-1.57544714288389,54.8336191721548],[-1.57557661569125,54.8335953310703],[-1.57614569421622,54.8350028120351],[-1.57627121484756,54.8352081418557],[-1.5777594739197,54.8352196121438],[-1.57997661435375,54.8352039056658],[-1.58118918484461,54.8352260675383],[-1.58122423033792,54.8351516047277],[-1.58194973175992,54.8351486994684],[-1.58130780615594,54.8367065445512],[-1.581004547041,54.8374243936132],[-1.58078228716434,54.8379897757724],[-1.58039429613526,54.8389221435607],[-1.58022505565373,54.8393268367489],[-1.58006520960608,54.8397261792645],[-1.57981298829918,54.8403246930812],[-1.57955759134066,54.8409304015311],[-1.57928775550852,54.841574698214],[-1.57914244399332,54.8419237630736],[-1.57899085163157,54.842275492744],[-1.57890628016584,54.8424747011321],[-1.57877848416959,54.8427824805368],[-1.57863950569969,54.8431225953634],[-1.57833251887757,54.8438889633638],[-1.578251033265,54.8440881909146],[-1.57822383182437,54.8441554916947],[-1.57793162301242,54.8448518088834],[-1.57762474410469,54.845608301881],[-1.5774181426834,54.8461584649133],[-1.5773056807069,54.8464860532418],[-1.57723477449772,54.8467158578408],[-1.57712164887599,54.8471126620493],[-1.5770559419085,54.8474368414427],[-1.57693315012658,54.8484563777295],[-1.57686726206793,54.8492460517796],[-1.57691887966684,54.8499714254688],[-1.57696757505212,54.8503777623872],[-1.57706657192182,54.8507411627524],[-1.57713876411967,54.8511332171223],[-1.57749534368013,54.8521849570981],[-1.57662003734205,54.8524802704636],[-1.57638571774329,54.8525468502937],[-1.57595948647978,54.8526451052549],[-1.57579717056589,54.8526741878615],[-1.57563199999834,54.8526835038372],[-1.57524953391308,54.852617469881],[-1.57510693401795,54.8525522630202],[-1.5748371935011,54.8522835420619],[-1.57460369486292,54.8521236693166],[-1.57429244958177,54.8519500328455],[-1.57375469378895,54.8516956281085],[-1.57335906466157,54.8515513618774],[-1.5730718739551,54.8513149023181],[-1.5731102886232,54.8515100549737],[-1.57327925093344,54.8526177506191],[-1.57342231209085,54.8532311337627],[-1.57347202038511,54.8538342962887],[-1.5735438795392,54.8542550896519],[-1.57366303856262,54.8547704420609],[-1.5737575341629,54.8552623164686],[-1.57384285320086,54.8558862720087],[-1.5739389267606,54.8568247793434],[-1.57396251693401,54.8572436175825],[-1.57395341096906,54.857514078572],[-1.5739727484292,54.8577495880289],[-1.57411576195413,54.8580735858255],[-1.57416592743475,54.8584880345528],[-1.57417884553288,54.8585896241982],[-1.57476023987406,54.8587048976498],[-1.57530006838132,54.858771501587],[-1.57581707797761,54.8587876705442],[-1.57637963720851,54.8587680525229],[-1.57725448134401,54.8586794542309],[-1.57760822202531,54.858667193066],[-1.57771878277623,54.8586684792273],[-1.57815132231997,54.8587202874687],[-1.57887518899864,54.8587686676373],[-1.57913185410861,54.8588001068641],[-1.5796016711262,54.8588601275086],[-1.58010244096143,54.8589409387902],[-1.58050358157029,54.85901689597],[-1.58126182342098,54.8592028215768],[-1.58175726001315,54.8593465226105],[-1.58248117251099,54.8595413124315],[-1.58293608719883,54.8596893510002],[-1.58340218917319,54.8598077677695],[-1.5837740375699,54.8598530720244],[-1.58420072427023,54.8598680217663],[-1.58463084887762,54.8598497252221],[-1.58544149825055,54.8597931939815],[-1.58570619169982,54.8598066659427],[-1.58599569079693,54.8598310062341],[-1.58614024769571,54.8598620480602],[-1.58628165067045,54.8598957856619],[-1.5864214383511,54.8599375873107],[-1.58667141079619,54.8600211164864],[-1.58702362810965,54.8601553183764],[-1.58714481488815,54.8601880562445],[-1.58727067928649,54.8602190341704],[-1.58787245201833,54.8603253240026],[-1.58814750985275,54.8603927678699],[-1.58878083979708,54.8606150681412],[-1.58903650701297,54.8607480444733],[-1.58934049404122,54.860881156462],[-1.58956405522177,54.8609573951626],[-1.58968215623583,54.86098655881],[-1.58996820180555,54.8610441434907],[-1.59032749131388,54.8611028665644],[-1.59052193678519,54.8611277780888],[-1.5909359302923,54.8611642123617],[-1.59130935060497,54.8612139982419],[-1.59146011874954,54.8612468500673],[-1.59213299679485,54.8614135478786],[-1.59237418264965,54.8614404257053],[-1.5926795348594,54.8614414486819],[-1.59300099320245,54.8613876993317],[-1.59337599078032,54.8612766247561],[-1.59389651896483,54.8611022475126],[-1.59422990723542,54.8609451966978],[-1.59463983692872,54.8607686248115],[-1.59480584315002,54.8606820260479],[-1.59496562298899,54.8605926915582],[-1.59530292368545,54.860356587473],[-1.59539350174907,54.860489875394],[-1.5954355922421,54.860641884904],[-1.59544352450546,54.8607830053046],[-1.59540671527843,54.860880810254],[-1.59554641800256,54.8609325300868],[-1.59573149891578,54.8609609813778],[-1.59583719610747,54.8609882852754],[-1.5959097501657,54.8610532529168],[-1.59627140532255,54.8611856369129],[-1.59649474118321,54.8612843332694],[-1.59662139732683,54.8613934841009],[-1.59672460539932,54.861508851066],[-1.59697266730617,54.8614737307529],[-1.59703971045858,54.8614694615288],[-1.59720621443392,54.8614861901906],[-1.59748217015608,54.8616227870835],[-1.59757213819193,54.8616617241067],[-1.59774950205649,54.8616838707518],[-1.59744916811188,54.8618095885435],[-1.59706797072701,54.8619143791152],[-1.59671250142517,54.8620974157862],[-1.59620418623959,54.86245428379],[-1.59491683117971,54.8629712123615],[-1.59382639029242,54.863425879954],[-1.5927151021183,54.8634715785348],[-1.5927226277886,54.8635003599057],[-1.59298939716726,54.8637726464491],[-1.59323588990164,54.8640466591503],[-1.59342762384404,54.8641919743003],[-1.5936478361495,54.864449721156],[-1.59380122560912,54.8646847643213],[-1.59386585900576,54.8647667671864],[-1.59370380037724,54.864769824053],[-1.59343096964292,54.8647877763998],[-1.59261568377914,54.8648317663536],[-1.59191261494904,54.8648725580422],[-1.59132337141729,54.8649029329341],[-1.5908024240167,54.8649631940468],[-1.59023756598072,54.8650475329601],[-1.58963139776687,54.8652135537295],[-1.5891612371312,54.8653260709273],[-1.58904454606968,54.8653122143233],[-1.58889347190782,54.8653080876824],[-1.58878875608407,54.8653419004979],[-1.58863591079682,54.8653548460118],[-1.58838491598298,54.8653710761912],[-1.58816958718984,54.8654036217347],[-1.58799932774996,54.8654470573055],[-1.58764752577363,54.8655671936017],[-1.58734886488361,54.8656731167288],[-1.58724394486606,54.8657266659231],[-1.58713776934293,54.8657469731389],[-1.58700331142422,54.8657932444951],[-1.58674643623326,54.8659253772727],[-1.5865696188964,54.8660011428221],[-1.5863813704375,54.8661245361616],[-1.58634046526803,54.8661648308952],[-1.585870558674,54.8664058690142],[-1.58550679017945,54.8666301607528],[-1.5848375532753,54.8670151892161],[-1.5840330948764,54.867513873867],[-1.58376789108434,54.8676980913655],[-1.58352164434215,54.8678554116309],[-1.5832500998329,54.8680458921993],[-1.58316824639691,54.8681264874269],[-1.58313793295179,54.8681973671467],[-1.58310877009005,54.8683051053781],[-1.58294530428836,54.8684429428395],[-1.58284129995486,54.8687058907756],[-1.58265629197563,54.868664804315],[-1.58157853912888,54.8684678970897],[-1.58004640157633,54.8682163814061],[-1.57950493368864,54.8681426247635],[-1.57890296119123,54.8680461940953],[-1.57767675771044,54.8678927790003],[-1.57669007279127,54.8677823940004],[-1.57604749460038,54.867694807582],[-1.57551038869247,54.8676551881288],[-1.57509407622401,54.8676869621346],[-1.5746995289901,54.8677152693274],[-1.57477686207752,54.8673264159935],[-1.57474404983071,54.8667430896476],[-1.57470969764305,54.8661606591405],[-1.57465192047238,54.8655817267869],[-1.57453327121306,54.8650142680999],[-1.57425181432446,54.8645181612888],[-1.57399566395087,54.8641371500279],[-1.57395756130394,54.8640561029894],[-1.57381258079456,54.864064603794],[-1.57354906512201,54.8640852310303],[-1.57329022077111,54.8641076965067],[-1.57312167199997,54.8641331832757],[-1.57300130039442,54.8641740959124],[-1.5729023741425,54.8642447232644],[-1.57287715680149,54.8642743020839],[-1.57226465543069,54.864439303668],[-1.57211823730576,54.864438788626],[-1.57191878139235,54.8644389602024],[-1.57166330878776,54.864438060707],[-1.57136729279029,54.8644361443213],[-1.57119596543196,54.8644346291638],[-1.57102154331708,54.8644286303659],[-1.57090305725349,54.8644345072838],[-1.57079074076466,54.864446680096],[-1.57063927936737,54.8644794019809],[-1.57043766965416,54.864537996953],[-1.57022958967042,54.8646199322133],[-1.57011532686739,54.864668040935],[-1.56996238134806,54.864547985096],[-1.56956426643026,54.8641880582893],[-1.56922135120078,54.863764473506],[-1.56909849351549,54.8635986785998],[-1.56895432023662,54.8633825107741],[-1.56877168288162,54.8629828651036],[-1.56867321116221,54.8627210054387],[-1.56855002979009,54.8624384083921],[-1.56845631833658,54.8623149437434],[-1.56832560002788,54.8620107507722],[-1.56814118731687,54.8622104870514],[-1.56769825012506,54.8626923854492],[-1.56756934856194,54.8626568670618],[-1.5672956717358,54.8626082921756],[-1.56703895544517,54.8625759164651],[-1.56685656858496,54.8625860244558],[-1.56652721267756,54.8626477738747],[-1.56625702634508,54.8627079299156],[-1.56589154983045,54.8627964924129],[-1.56543711810286,54.8628954925613],[-1.56446180577849,54.8629009940451]]]}},{"type":"Feature","properties":{"ward":"Coxhoe","boundary_ward":"Bowburn & Coxhoe","date":"2024-07-04","display_date":"4 July 2024","winning_party":"Labour","winning_candidate":"Vivienne Christine Anderson","total_votes":5697,"turnout":55.75,"electorate":10437,"labour_votes":2479,"labour_pct":43.5,"labour_candidate":"Vivienne Christine Anderson","independent_votes":1257,"independent_pct":22.1,"independent_candidate":"Jamie Peterson","conservative_votes":705,"conservative_pct":12.4,"conservative_candidate":"Oliver Garbutt Peeke","liberal_democrats_votes":318,"liberal_democrats_pct":5.6,"liberal_democrats_candidate":"Martin Thomas Brian Jones","other_votes":938,"other_pct":16.5,"other_candidate":"John Stuart Dunn"},"geometry":{"type":"Polygon","coordinates":[[[-1.4565611993302,54.74698022262],[-1.45827102856552,54.7391012250395],[-1.46544634032946,54.7374704458428],[-1.46268930925113,54.7344433171395],[-1.43211200378578,54.7326091611871],[-1.42884905394043,54.7198176019443],[-1.43503887482004,54.7184562919771],[-1.43990876349561,54.7116832087897],[-1.45403980427475,54.7094307908739],[-1.44838605972363,54.6988845622881],[-1.47100573230751,54.6983903600103],[-1.49381183624226,54.7080583830192],[-1.48283162963824,54.6971957853487],[-1.50660013077916,54.6914156470605],[-1.50524094447822,54.6873418453242],[-1.52168265080305,54.6863694590997],[-1.53037022575728,54.6824399064307],[-1.5348930990418,54.7095204505747],[-1.56505264645222,54.7055116818906],[-1.57532557165924,54.7194695287484],[-1.58175051117258,54.7180647652977],[-1.59857349181905,54.7273697552628],[-1.59604796103824,54.7302244440935],[-1.57933587492313,54.740566305733],[-1.58182833844837,54.7504068184421],[-1.56503421854286,54.7466877716808],[-1.56187381735361,54.7422794436387],[-1.55701111257539,54.7454418824553],[-1.54980919272397,54.7413345980453],[-1.54217664422266,54.7432534267372],[-1.5370287408858,54.7371553856941],[-1.53158749387902,54.7439507924811],[-1.5145114821741,54.7443573347576],[-1.51364787247271,54.7507046916067],[-1.50747388481331,54.7504470236547],[-1.50616872468305,54.747532780112],[-1.49979214072239,54.7491341287977],[-1.4979941197374,54.7547154749948],[-1.49051314521428,54.7564267449223],[-1.47439862066775,54.7522170346235],[-1.47432965432802,54.7496259264381],[-1.4565611993302,54.74698022262]]]}},{"type":"Feature","properties":{"ward":"Dawdon","boundary_ward":"Dawdon","date":"2023-11-30","display_date":"30 November 2023","winning_party":"Labour","winning_candidate":"June Watson","total_votes":919,"turnout":15.17,"electorate":6062,"labour_votes":514,"labour_pct":55.9,"labour_candidate":"June Watson","independent_votes":339,"independent_pct":36.9,"independent_candidate":"Bob Arthur","conservative_votes":56,"conservative_pct":6.1,"conservative_candidate":"Josh Rayner","liberal_democrats_votes":10,"liberal_democrats_pct":1.1,"liberal_democrats_candidate":"Roger Francois Vila"},"geometry":{"type":"Polygon","coordinates":[[[-1.31863061710594,54.8216250679573],[-1.32013093731917,54.8215328289872],[-1.32194864806553,54.821354235969],[-1.32286620369869,54.8213009368479],[-1.32302292490644,54.8213296645346],[-1.32313014773251,54.8213392510826],[-1.32323286784107,54.8213398222524],[-1.32332013919974,54.8213322275562],[-1.32339506781617,54.8213182609562],[-1.32408787625662,54.821119024711],[-1.32428149857758,54.8210814402158],[-1.32462937654093,54.8210312585252],[-1.3249291088036,54.8209763002725],[-1.32513089674233,54.8209154044957],[-1.3252719552677,54.8208559672796],[-1.32538656113065,54.8207964012721],[-1.32547006278608,54.8207375362832],[-1.32550795211995,54.8207045173822],[-1.32566487222594,54.8205337364292],[-1.32582567950417,54.8204070193745],[-1.32595166383631,54.8203205714792],[-1.32637635416664,54.8200496982804],[-1.32622644856635,54.8199868633804],[-1.32623284327613,54.8199761139705],[-1.32637769216388,54.8198753593447],[-1.32650016128111,54.8198113545196],[-1.32656914046641,54.8197802922523],[-1.32666635907899,54.8197376722219],[-1.32685300136397,54.8196497458836],[-1.32677633550988,54.8194875647418],[-1.32675450018456,54.8193975743524],[-1.32675236279304,54.819338272561],[-1.32676280838685,54.8192736008253],[-1.32678251295066,54.8192099104481],[-1.32681306080371,54.8191534675625],[-1.32685433802433,54.8191015746552],[-1.32690172852641,54.8190595801553],[-1.32695204320394,54.8190257266033],[-1.32701959848636,54.8189901567339],[-1.32718097365705,54.8189245352839],[-1.32727167381565,54.8188981023878],[-1.32736695566638,54.8188779332592],[-1.3276945168882,54.8188330150341],[-1.32790945844091,54.8188216424504],[-1.32834047190821,54.8188249248218],[-1.32846162228324,54.8188399588377],[-1.32855300765756,54.818868337015],[-1.32865324997839,54.8189227971829],[-1.32876392817002,54.8190033938469],[-1.32911252068132,54.819285681512],[-1.32920372623092,54.8193230302753],[-1.32926581885786,54.8193323816855],[-1.32933892884979,54.8193345605274],[-1.32941062617293,54.8193277872216],[-1.32947156174043,54.8193146325157],[-1.32952162367082,54.8192978106475],[-1.32959072143931,54.8192613646051],[-1.33046828036511,54.819082880725],[-1.33315501935937,54.8185710179733],[-1.33497968891491,54.8182422238272],[-1.33586733450148,54.8181087164335],[-1.33624669698289,54.8180388927137],[-1.33648847850025,54.8180015976193],[-1.3368112825839,54.8179620124827],[-1.33747517525507,54.8179027621704],[-1.33826878945907,54.817811844547],[-1.33884376823181,54.8177655545239],[-1.33897954067311,54.8177420394686],[-1.33936718127661,54.8176390056123],[-1.33963094919605,54.8175919139678],[-1.34026873194926,54.8175109193656],[-1.34048995515883,54.817496859586],[-1.34066244524725,54.8175121823376],[-1.34071361021441,54.8175232546117],[-1.34075691067284,54.8175396497248],[-1.34079087626431,54.8175578154778],[-1.34084145507957,54.817604809001],[-1.34086110642496,54.8176408774118],[-1.34086981324109,54.8176786528988],[-1.34083155167522,54.8179273675062],[-1.34088701083872,54.818152325997],[-1.34225009886784,54.8181615361788],[-1.34238947704537,54.8183968229784],[-1.34255855802839,54.8185262644875],[-1.34268646785207,54.8185080763062],[-1.34294091366797,54.8184600531587],[-1.34317678548285,54.8184047227167],[-1.34340510157862,54.8183376562481],[-1.34361945003375,54.8182642368322],[-1.34383095748752,54.8181791070856],[-1.34406145809648,54.8180725293221],[-1.3444617150974,54.8178608195619],[-1.34500568637696,54.8182888435809],[-1.34523223604295,54.8185209805675],[-1.34580905631767,54.8191342622577],[-1.34637412478072,54.8197025528947],[-1.34661793603094,54.8196382586811],[-1.3467659691426,54.8196273715094],[-1.34689049638016,54.819625346246],[-1.34701339071589,54.8196296158123],[-1.347139234202,54.819642863891],[-1.34735947879593,54.819688062842],[-1.34784731057377,54.8198371822042],[-1.34799152496426,54.8198694007433],[-1.34807078334925,54.8198779246265],[-1.34831342167459,54.8198864072202],[-1.34855497576491,54.8198652636081],[-1.34896540609424,54.8197955858934],[-1.34978280781136,54.8196768572884],[-1.34995474537843,54.8196301523136],[-1.35006403772944,54.8196082683098],[-1.35019821877836,54.819586526726],[-1.35034787057052,54.8195720639901],[-1.35047562190117,54.8195637406101],[-1.35056898270319,54.8195633668591],[-1.35075088177557,54.8195751170889],[-1.35095573466933,54.819610352725],[-1.35119530690735,54.8198102265717],[-1.35122250246747,54.8198633922579],[-1.35121729855996,54.8198957175528],[-1.35119508257958,54.8199216480744],[-1.35116049502863,54.819943924235],[-1.35100210461406,54.8200203698454],[-1.35094703262529,54.8200578106465],[-1.35078761626426,54.8201962513164],[-1.35066556481594,54.8203339719631],[-1.35061272311497,54.8204271594718],[-1.35059946898897,54.8204764926252],[-1.35059835931332,54.8205456834347],[-1.35061572383365,54.8206275419533],[-1.35065802425767,54.8207068481275],[-1.35068854217224,54.8207456676072],[-1.35079130872249,54.8208396607923],[-1.35087449970311,54.8208922340799],[-1.35140314252529,54.8213129100966],[-1.35174771998855,54.8215645523552],[-1.35198100435492,54.8217688924619],[-1.35204270559198,54.8218042631231],[-1.35207039256815,54.8218268818659],[-1.35210686723437,54.8218809896551],[-1.35210763748197,54.8219295324678],[-1.35209324275331,54.8219546124752],[-1.35204890831206,54.8220001898788],[-1.3519669939164,54.8220617792114],[-1.35189309968356,54.8221080813931],[-1.35183039376993,54.8221365182825],[-1.35167240072364,54.8221895742897],[-1.35159585473053,54.8222044394384],[-1.35137760469109,54.8222266354599],[-1.3512307515395,54.8222608902177],[-1.35071579177043,54.822443273157],[-1.35066544310938,54.8224762402611],[-1.3505611508799,54.8225754186974],[-1.35039581578758,54.8227920059787],[-1.35032372745137,54.8229183273735],[-1.35026383386073,54.8231605994915],[-1.3501644685812,54.8233380006191],[-1.35014314742949,54.8234052798228],[-1.35014390227847,54.8234556073554],[-1.35018457370216,54.8236364358678],[-1.35018528348155,54.823689477825],[-1.35014166405545,54.8238869241759],[-1.35014182865547,54.8239749943066],[-1.35016887414718,54.8240326495176],[-1.35027578669246,54.8241617322534],[-1.35029074934749,54.8241986558357],[-1.35029159119101,54.8242435742215],[-1.35027839268818,54.8242893367792],[-1.35025597165903,54.8243278549105],[-1.35010639851318,54.8245310193947],[-1.34999861482235,54.8246526778027],[-1.3497424805705,54.8249011241903],[-1.34969651109058,54.8249529872687],[-1.34964994798576,54.8250416997709],[-1.34962523083361,54.825127834316],[-1.34958387266122,54.8253765513028],[-1.3495765158731,54.8255427679688],[-1.34947054766983,54.8255511729792],[-1.34945830658548,54.8258287928059],[-1.34946766262644,54.8261173228188],[-1.34945826920125,54.8264120187805],[-1.34934942330997,54.8266944955698],[-1.349297264093,54.8271309803072],[-1.34919356237047,54.8273847376422],[-1.3491850187856,54.8274323222902],[-1.34917903552019,54.8275149537049],[-1.34918874926794,54.8275869122571],[-1.34921262077171,54.8276526416253],[-1.34925787166389,54.827740948994],[-1.34931846717209,54.8278464182136],[-1.34965021903576,54.8283172834753],[-1.34998314995978,54.8287171682831],[-1.35012560899466,54.8288608113238],[-1.35020398704922,54.8289232252217],[-1.35027946134078,54.8289739644521],[-1.35032584357387,54.8289939878591],[-1.3503614952337,54.8290013557635],[-1.35043156125921,54.8290017298894],[-1.3505300474177,54.8289753024794],[-1.35069624123186,54.8289016151185],[-1.35080635009309,54.8288302873864],[-1.3509580933211,54.8286855283778],[-1.35125735763496,54.8283708001097],[-1.35145643040862,54.8281867417467],[-1.35151477972872,54.8281403239977],[-1.35157129214528,54.8281091536998],[-1.3516402543295,54.8280807930679],[-1.35170281261116,54.8280622451866],[-1.35175904011556,54.8280517619603],[-1.35181668247821,54.8280484727886],[-1.35186329247923,54.8280523208316],[-1.35193916901471,54.8280778860928],[-1.35206248457931,54.8281531302672],[-1.35226793693198,54.8282513047403],[-1.35231444958636,54.8282631949629],[-1.35241380497703,54.8282799225128],[-1.35254130977156,54.8282887029852],[-1.35266425917419,54.8282893612242],[-1.35276403178744,54.8282800218553],[-1.35305288196008,54.8282267411443],[-1.35318073155351,54.8282139534873],[-1.35347196597537,54.8282029128734],[-1.35365594087438,54.8281850320387],[-1.3538620464649,54.8281447976835],[-1.35398708879795,54.8281131109977],[-1.35417634929555,54.8280566177563],[-1.35435317267837,54.8279973529324],[-1.3545317941376,54.8279273119705],[-1.35496189935614,54.8278927620932],[-1.35527844944494,54.8277623455827],[-1.3555778017203,54.8275356928469],[-1.35597449724354,54.8277462889179],[-1.3558819364241,54.827987534795],[-1.35590205379671,54.8282877683439],[-1.35583150118216,54.8289065734032],[-1.35586257582143,54.8291053376847],[-1.35586628531378,54.8291646740405],[-1.355839577678,54.8295725067903],[-1.35578528415013,54.8296566836759],[-1.35574258180945,54.8296995865777],[-1.35569379013248,54.8297325917601],[-1.35559668068321,54.8297706963993],[-1.35537324927938,54.8298234301005],[-1.35516975658668,54.8298933582807],[-1.35512000428324,54.8304745003182],[-1.35518627685723,54.8307130034809],[-1.3551917345713,54.8308586098781],[-1.35520863894169,54.8309701279462],[-1.35523211828564,54.8310592275547],[-1.35481031248011,54.8310560787823],[-1.35453008745836,54.8310581641918],[-1.35417179654879,54.8310715382262],[-1.35367136750022,54.8311164973247],[-1.35322378560825,54.8311680318248],[-1.35287408842966,54.831229059237],[-1.35246959526581,54.8313113718644],[-1.35215694034227,54.8313923810456],[-1.35179868272058,54.8315009899973],[-1.35141680057255,54.831629263016],[-1.35113811061872,54.8317293145935],[-1.35083078965494,54.8318669787054],[-1.35055137146984,54.8320101649214],[-1.35031582147111,54.8321374080795],[-1.35006124505715,54.8322870200688],[-1.34986757617453,54.8324207892027],[-1.34961648056823,54.832643208876],[-1.34949645478808,54.8327495063899],[-1.34932230556257,54.8329301171063],[-1.34911623262883,54.8331608554906],[-1.34899367242928,54.8333273398064],[-1.34874844984093,54.833763698977],[-1.3486674466667,54.8339609592442],[-1.3485967204712,54.8341942272568],[-1.34850339608354,54.8345774745474],[-1.34843062795695,54.8349374386244],[-1.34838646577792,54.8353623034725],[-1.3483511365282,54.8356227053275],[-1.34832997388099,54.8360647174335],[-1.34830882940546,54.8364115036572],[-1.3483183656522,54.8365894810017],[-1.3483470422065,54.8368412717526],[-1.34837904283562,54.8370786782768],[-1.34841186854625,54.8371669200962],[-1.34840640318747,54.8372172276894],[-1.34836838074343,54.8374497601474],[-1.3480684213406,54.8373232523944],[-1.34776382853897,54.837189514464],[-1.34755327675666,54.8371147139742],[-1.34735186577471,54.8370525127939],[-1.34708182460592,54.8369989445666],[-1.34685049594906,54.8369590739742],[-1.34655041564574,54.83693139489],[-1.34480777197381,54.8368645316785],[-1.34430204497024,54.8368456335502],[-1.34398633944957,54.8368241492449],[-1.34363710839794,54.8369507885599],[-1.34300844035005,54.837217912566],[-1.34330974186616,54.8373570191146],[-1.34386265938387,54.8376358744321],[-1.3443966332575,54.8379272046283],[-1.34492284911324,54.8382176350333],[-1.34546741205751,54.8385314800322],[-1.34500377735317,54.8385092320475],[-1.34337164901968,54.8384357473166],[-1.3425859366273,54.8384018438136],[-1.3420025702699,54.8383717418314],[-1.34179872112339,54.8383634624965],[-1.34187115595388,54.8387916163242],[-1.34182561351689,54.8388156271984],[-1.3417471536141,54.838853835348],[-1.34174094980773,54.838852918452],[-1.34173789820371,54.8388484113327],[-1.34173639518999,54.8388448049533],[-1.34173245661026,54.8388007409237],[-1.34172648515032,54.8387836295099],[-1.34172358147289,54.8387719446392],[-1.3417190838339,54.8387602340843],[-1.34171454585088,54.8387530130502],[-1.34170685177598,54.8387457938408],[-1.34169447569804,54.8387421197442],[-1.34164164872639,54.8387355581012],[-1.34157327384792,54.8387261975662],[-1.34154376030821,54.8387233511028],[-1.34148931372207,54.838720351944],[-1.34137568881284,54.8387170320707],[-1.34126365421579,54.8387119548055],[-1.34120919299196,54.838709856804],[-1.34116407405567,54.8387087016578],[-1.34113137659194,54.8387085248957],[-1.34109243056731,54.838709225591],[-1.34105971930091,54.8387108523599],[-1.34102852421358,54.8387133608225],[-1.34100826554787,54.8387159661564],[-1.34097855869947,54.8387229831786],[-1.34093789027957,54.8387335490661],[-1.34086287605449,54.8387520261843],[-1.34082693830532,54.8387598838752],[-1.34074881370763,54.8387774616114],[-1.3405315302585,54.8388284168786],[-1.34042362702374,54.8388574827033],[-1.34033760131355,54.838879480207],[-1.34025946444395,54.8388988333401],[-1.34022665252821,54.838908530278],[-1.34019052146574,54.8389263161188],[-1.34016065470461,54.8389432156288],[-1.34012605729956,54.8389646259935],[-1.3401040145083,54.8389788529766],[-1.3400929780255,54.8389868911141],[-1.3400882185702,54.8389931694974],[-1.34008347397107,54.8389967232007],[-1.34007718238809,54.8390011887632],[-1.34005518292991,54.8390127568153],[-1.34005665652854,54.8390181576992],[-1.34005353544489,54.8390199255531],[-1.34001413474674,54.8390484794506],[-1.33995454552556,54.8390733158548],[-1.33992021226595,54.8390785219216],[-1.33990771698884,54.8390802488877],[-1.33987988227503,54.8390702145847],[-1.33984433920348,54.8390538541392],[-1.33982420930698,54.8390465485723],[-1.3398102534721,54.8390419823343],[-1.33979789203842,54.8390374157446],[-1.33979012654568,54.8390364992757],[-1.33978078367233,54.8390364486653],[-1.33977139865871,54.8390390758561],[-1.33976507604344,54.8390435322487],[-1.33975240493932,54.839057846785],[-1.33973646244847,54.8390793212579],[-1.33972686984333,54.8390945727052],[-1.33971892924473,54.8391043853774],[-1.33970801077144,54.8391061397377],[-1.33969245038038,54.8391051531742],[-1.33966760681433,54.8391014113233],[-1.33964122911788,54.8390958853873],[-1.33961488243697,54.8390885550882],[-1.33958539495547,54.8390821010404],[-1.33955116562802,54.8390810321692],[-1.33952629279628,54.8390790847699],[-1.33949668972648,54.8390798077346],[-1.33948884937055,54.8390833814846],[-1.3394716402395,54.8390886811264],[-1.33944812247164,54.8390984363202],[-1.3394245313653,54.8391126826549],[-1.33938370008993,54.8391322194607],[-1.33935237473656,54.8391455395713],[-1.33933513625841,54.8391526336759],[-1.33931477139092,54.8391597198174],[-1.33929906502543,54.8391686249506],[-1.33928017395168,54.8391810931111],[-1.33924398560591,54.8392042524111],[-1.33919989777162,54.8392327887403],[-1.33918576877911,54.8392416844388],[-1.33917153316531,54.8392532944342],[-1.33916204339704,54.8392622341556],[-1.33913660092246,54.839297156843],[-1.33910623103626,54.839342810764],[-1.33906792471959,54.8394019124488],[-1.33902174697337,54.8394645697046],[-1.33900419644808,54.8394887502503],[-1.33898035624351,54.8395191720831],[-1.3389612460583,54.8395451298188],[-1.33895007718438,54.8395612470694],[-1.33893582862636,54.8395755439889],[-1.33892320212961,54.8395862424504],[-1.33890905624656,54.8395942546385],[-1.33889178701888,54.8396040714846],[-1.33886199287879,54.8396164624756],[-1.33881968787103,54.8396333301596],[-1.33872726774433,54.8396669611058],[-1.33870535567446,54.8396731364969],[-1.33868351880057,54.8396766162872],[-1.33865852591818,54.8396800879362],[-1.33863516998055,54.8396808625719],[-1.33861339040515,54.8396789317784],[-1.3384644420814,54.8396475714241],[-1.33841009696294,54.8396383041476],[-1.33838369019986,54.839634544568],[-1.33835411590262,54.8396334817669],[-1.33833232102419,54.8396324890488],[-1.33827467694175,54.839635765391],[-1.33823723316034,54.8396400437608],[-1.33819349888761,54.8396487965842],[-1.33815753000858,54.8396584758487],[-1.33812456617986,54.8396735823055],[-1.33809166298503,54.8396868845564],[-1.33803659609166,54.8397216371753],[-1.3380096757969,54.83974935599],[-1.33794800982802,54.8398074282338],[-1.33790393420831,54.8398350259864],[-1.33788360129198,54.8398421210626],[-1.3378648137303,54.8398483132804],[-1.33782262449894,54.8398561640195],[-1.33778207195598,54.8398613366165],[-1.33773220536164,54.839862878297],[-1.33769488066965,54.8398599606129],[-1.33766536643354,54.8398571222044],[-1.33762804018029,54.8398542053896],[-1.33760157570416,54.839854061572],[-1.33756881577256,54.8398565975148],[-1.33753132881781,54.8398635903182],[-1.33748912664684,54.8398741278934],[-1.33744060099189,54.8398891495895],[-1.33738581468071,54.8399068143681],[-1.33734192937508,54.8399227626175],[-1.33731522957398,54.8399369826847],[-1.33730104288812,54.8399504053613],[-1.33729775642748,54.8399602611705],[-1.33723885626255,54.8400372318585],[-1.33717549556304,54.8401042767306],[-1.33715502671745,54.8401176562444],[-1.33714245902018,54.8401256768219],[-1.33710477727622,54.8401425421208],[-1.33702351245067,54.8401627776247],[-1.33696573181092,54.8401723379175],[-1.33691120958379,54.840173853947],[-1.33683804558621,54.8401725536518],[-1.33673387980222,54.84016387999],[-1.33659729427616,54.8401370752782],[-1.33634918889718,54.8400755228155],[-1.33607312901509,54.8400075044061],[-1.33589016983447,54.8399597786568],[-1.33573510918397,54.8399220873393],[-1.3356822637768,54.839914620754],[-1.33564497031448,54.8399117035059],[-1.33555938441113,54.8399076665681],[-1.33552512348174,54.8399083901505],[-1.33544241202062,54.8399196084488],[-1.33533478279681,54.8399315912829],[-1.33523026160888,54.83994270848],[-1.33520373640705,54.8399461620857],[-1.33516312587333,54.8399549317786],[-1.33506462976122,54.8399777401504],[-1.33502864456928,54.8399883476506],[-1.33500362347584,54.8399953987092],[-1.33497231178683,54.8400069051987],[-1.33495344831641,54.8400175881237],[-1.33493762086154,54.8400318850111],[-1.33492799716287,54.8400489027614],[-1.33492471143937,54.8400605720475],[-1.33491970032229,54.8400803019823],[-1.33491467556287,54.8401027557125],[-1.33491278761648,54.8401225035821],[-1.33491543934917,54.8401512934741],[-1.33491666215954,54.8401710574136],[-1.33492388151705,54.840206148535],[-1.33493423822197,54.8402376504047],[-1.33494165030821,54.8402619666191],[-1.33495658996408,54.8402997868749],[-1.33497309265842,54.8403376246632],[-1.33499563680163,54.8403862632765],[-1.33500774852031,54.8404079082253],[-1.33501530694986,54.8404214313126],[-1.33501670781711,54.8404313135447],[-1.3350132135394,54.8404537756194],[-1.33501128101653,54.8404762372273],[-1.33500930723003,54.8405031982524],[-1.33500276301749,54.8405210892268],[-1.33499616150953,54.8405444545881],[-1.33498958852585,54.8405659895133],[-1.33497837360865,54.8405847932172],[-1.33497200769229,54.8405937308118],[-1.33496721782697,54.8405999989669],[-1.33495143471102,54.8406133848307],[-1.33493572618831,54.8406223271893],[-1.33490276051655,54.8406374229666],[-1.33488700871674,54.8406489963896],[-1.33486020221491,54.8406695285601],[-1.33484122196549,54.8406873876388],[-1.33482218254,54.8407088446679],[-1.33480318570114,54.8407276158005],[-1.33478736000272,54.8407436794632],[-1.33473217187127,54.8407856356275],[-1.33469602349427,54.8408061158903],[-1.33466299668976,54.8408248194306],[-1.33463632486714,54.8408372435842],[-1.33460968080917,54.8408478840228],[-1.3345359850182,54.8408789352793],[-1.33434295204872,54.8409704302292],[-1.33430061433872,54.840989081939],[-1.33426297782298,54.8410050632925],[-1.33423630418686,54.8410174882473],[-1.33419090391899,54.8410343204634],[-1.33415801153873,54.8410449257837],[-1.33409381964783,54.8410661361105],[-1.33410276879378,54.8411830283059],[-1.33411513385344,54.8411893622652],[-1.33412291402237,54.8411894047555],[-1.33457778286553,54.8410849750829],[-1.33458372062357,54.841102077731],[-1.33437812963076,54.8411989052082],[-1.3342431868532,54.8412619596633],[-1.33420077326904,54.8412833078337],[-1.33418817493449,54.8412931316003],[-1.33424466841911,54.8413599362956],[-1.33394566525626,54.8414571462253],[-1.33389094765249,54.8414703192698],[-1.33384482546358,54.8414341231693],[-1.33383094486811,54.8414268696508],[-1.33369470497011,54.8414737565219],[-1.33363520022022,54.8414949922216],[-1.33356173715199,54.8415107595761],[-1.33322630078283,54.8414568126475],[-1.33316859126865,54.84146188906],[-1.33293742112149,54.8415064800843],[-1.3326391077174,54.8415596386571],[-1.33229987042374,54.8416422500836],[-1.33219040694439,54.8416703990431],[-1.33221797525417,54.841698451955],[-1.33209906307101,54.8417328155102],[-1.33208494401603,54.8417381310866],[-1.33208382803694,54.8417120725192],[-1.33207040770865,54.8416769562481],[-1.3320551135991,54.8416597932324],[-1.33195342495154,54.8415936322687],[-1.33191053079248,54.8415502655508],[-1.33190465508087,54.8415295648339],[-1.33191079520563,54.841440630108],[-1.33190500633903,54.8414136346802],[-1.33188212603102,54.8413856352428],[-1.33183597610546,54.8413512328664],[-1.3317587918915,54.8413103930557],[-1.33168300666787,54.8412794165826],[-1.33155122529368,54.8412445437855],[-1.33150950988139,54.8412254411959],[-1.33148033610108,54.8412010234246],[-1.33145754226749,54.8411658377113],[-1.33144886851176,54.8411253634582],[-1.33145713958585,54.8410966423686],[-1.33152690887003,54.8410197437444],[-1.33153376664515,54.8409820326888],[-1.33152363396161,54.8409352381794],[-1.33150710430756,54.840899212412],[-1.33144271647056,54.8408386484374],[-1.33137173594131,54.8407987257839],[-1.33091341640579,54.8401716264171],[-1.33086827815475,54.8399835583216],[-1.33083096598718,54.8398853939379],[-1.33078429840691,54.8397889728353],[-1.33072066914027,54.8396816916291],[-1.33064466423264,54.8395698338128],[-1.33055762358979,54.8394669056535],[-1.33050408207401,54.8394091057105],[-1.33038438730308,54.8393033020929],[-1.32997329752755,54.8390224601094],[-1.32982367462105,54.8389371500935],[-1.32978655771988,54.8389216794384],[-1.32967979425416,54.8388833438183],[-1.32941480681887,54.8388064000418],[-1.32901461266844,54.8387143275097],[-1.32888880734085,54.8386956625434],[-1.32881882984333,54.8386898852978],[-1.32868806929745,54.8386882630995],[-1.32856803550054,54.8386974946721],[-1.32850247514059,54.8387070171805],[-1.32760055383264,54.8392008068644],[-1.32773592228912,54.8393004053848],[-1.32686685016574,54.8393153854036],[-1.32649791799554,54.8393088482374],[-1.3260311034205,54.8392919032726],[-1.32554112734679,54.8392622218221],[-1.32512124893044,54.8392302484058],[-1.32487255221004,54.8392054970241],[-1.32476999675834,54.8391923404768],[-1.32445321501486,54.8391411775192],[-1.3241847975015,54.8390848529684],[-1.32394763593722,54.8390206400677],[-1.32348001539441,54.8388652764424],[-1.32289733266775,54.8387002915811],[-1.32266196514283,54.8386234786557],[-1.32248553308134,54.8385605016401],[-1.32221650903667,54.8384475557371],[-1.32200030907729,54.8383412161855],[-1.32147728763712,54.8380534463269],[-1.32100709927392,54.8377749219171],[-1.32066672031007,54.8375528582919],[-1.32066503164165,54.8374692733131],[-1.32077987302128,54.8373989073583],[-1.32087477679555,54.8374030433466],[-1.3210286550509,54.8375108226216],[-1.32101058294822,54.8375673445743],[-1.32128453452334,54.8377567005238],[-1.3216388241989,54.8379842318298],[-1.32201054279081,54.8381938873783],[-1.32241545717635,54.8383740853955],[-1.32288386345835,54.8385743919941],[-1.32348278115201,54.8387942958567],[-1.32395402047923,54.8389191265164],[-1.32452210903067,54.8390256279663],[-1.32502511848899,54.8391128916694],[-1.32577445499889,54.8391826329001],[-1.32655552797352,54.8392157073815],[-1.32671979611477,54.8391698846581],[-1.32683454125894,54.8391040220111],[-1.32690102805738,54.8390387852132],[-1.32696781304079,54.8389546752361],[-1.32698464541951,54.8388792716969],[-1.32685572917437,54.8388596950694],[-1.32667684585173,54.8388497169535],[-1.32627097960537,54.838725258164],[-1.32614020404371,54.8387245354043],[-1.32607512208546,54.8387053008713],[-1.32597830287886,54.8386292880398],[-1.32596366969975,54.8385725845614],[-1.32567333668951,54.8384298975448],[-1.3249725902041,54.8384358933078],[-1.32471197187285,54.8383778373135],[-1.32438768585759,54.8383104367384],[-1.32407930744441,54.8382233563147],[-1.32411260435031,54.838186694492],[-1.32456706403933,54.8382925567747],[-1.32495671171469,54.8383603178991],[-1.32496267889722,54.8380026815485],[-1.32493595010161,54.8376457574149],[-1.32488847365527,54.8375978721209],[-1.32480815013823,54.8375596785978],[-1.32474292271003,54.8375503360081],[-1.32471009195355,54.8375591354813],[-1.32466057299922,54.8375399872822],[-1.32467847317333,54.8374933654098],[-1.32471181666607,54.8374558023123],[-1.32482560062614,54.8374474413134],[-1.32492353966961,54.8374569748853],[-1.32495590573389,54.8374760190145],[-1.32510066204159,54.8375711908425],[-1.32513607430484,54.8383424370085],[-1.32688038067498,54.8383143413837],[-1.32692895091306,54.8382957356472],[-1.32683399176714,54.838201751353],[-1.32661437008053,54.8376451470741],[-1.32656737082774,54.8375694089632],[-1.32661562620839,54.8375696755076],[-1.32668101913163,54.8375700366827],[-1.32697214380777,54.8376660055648],[-1.32692324324888,54.8377034842875],[-1.32677736021247,54.83767480471],[-1.32674452949401,54.837683622706],[-1.32675962496961,54.8377115621815],[-1.32733574265059,54.8383644860378],[-1.32937258279022,54.8383469406208],[-1.32934627577273,54.8379612705208],[-1.32900611320306,54.8379126697433],[-1.32895800850989,54.8378090434214],[-1.32720363415678,54.8375073269838],[-1.32702366560356,54.8375629472747],[-1.3267803356116,54.8374959909434],[-1.32644567938922,54.8370232467769],[-1.32639897910025,54.8369295197388],[-1.32633439563697,54.8368815404854],[-1.3262367702093,54.8368531448702],[-1.32613883229455,54.8368436132586],[-1.32605773062105,54.8368521552593],[-1.32621431320666,54.8372672947991],[-1.32567439821661,54.837338912831],[-1.32564090671048,54.8373863499736],[-1.32555995525292,54.8373859021665],[-1.32543060743225,54.8372998073514],[-1.32546390234689,54.8372631451472],[-1.32592068844823,54.8372279328467],[-1.32598778668384,54.8371249602082],[-1.32602048433796,54.8371251409769],[-1.32594330434926,54.8368982526663],[-1.32584491631727,54.8369165735495],[-1.32578015328278,54.8368784765951],[-1.32578076723198,54.8368416335615],[-1.32582951829268,54.8368131277016],[-1.32604231480013,54.8367487183271],[-1.32589693049036,54.8366912829453],[-1.32588292650751,54.8365968629772],[-1.32568567565305,54.8366622594262],[-1.32563710511009,54.8366808736514],[-1.32555472409297,54.8366705343399],[-1.32552393712236,54.8366514901164],[-1.3255245661747,54.8366137547849],[-1.32555628185122,54.8365770838159],[-1.32563930680876,54.8365487766242],[-1.3257380085505,54.8365115828458],[-1.32578735590085,54.8364462428557],[-1.32578813434836,54.8363995270251],[-1.32577336937887,54.8363518229669],[-1.32564556706498,54.8361731692404],[-1.32527885233369,54.8356624956469],[-1.32513062460589,54.8357749015207],[-1.32496467554454,54.835924064513],[-1.32481629595538,54.8360454603723],[-1.32469966584353,54.8362236536294],[-1.32459909095893,54.8363740706104],[-1.32453117754405,54.836523776995],[-1.32448088310687,54.8366457149602],[-1.32446155613301,54.8367777080945],[-1.32449392112195,54.8367967712173],[-1.32452567218509,54.8368535418841],[-1.3245096637905,54.8368813272808],[-1.32447663723938,54.836900018182],[-1.32444394133468,54.8368998370067],[-1.32441155899743,54.8368807836603],[-1.32437950881884,54.8368428663339],[-1.32436301931021,54.8368050091759],[-1.32439774018087,54.8366829840586],[-1.32445006284079,54.83653321023],[-1.32448511384489,54.8363923139103],[-1.32458601981642,54.8362230240568],[-1.32476850724568,54.836017339567],[-1.3249503613697,54.8358494089845],[-1.32511444759563,54.8357181992464],[-1.32526407333317,54.8356156847206],[-1.32483323967539,54.8350300605571],[-1.32475371818543,54.834945141374],[-1.32470466724581,54.8348981405363],[-1.32460877410516,54.834859869589],[-1.32442851267734,54.8348399968748],[-1.32436468559306,54.8348396431519],[-1.3242337725109,54.8348479087526],[-1.32411965036501,54.8348760147207],[-1.32406905457261,54.8349224732234],[-1.32390543325517,54.8350249185569],[-1.32331240486579,54.8353882881349],[-1.32281760426636,54.8357432101905],[-1.32235470763347,54.836145037614],[-1.32200686397174,54.8364630343345],[-1.32174199464691,54.8367527252415],[-1.32175677041218,54.8368004388466],[-1.32175630335421,54.8368283004637],[-1.32172344215105,54.836837983254],[-1.32165789805528,54.8368466178625],[-1.32159315466748,54.8368085187718],[-1.32155335752004,54.8367678624637],[-1.32200176319578,54.8363021293402],[-1.32218531300132,54.8361261233577],[-1.32250434770518,54.8358564996911],[-1.3230118868466,54.8354836771102],[-1.3232622898373,54.8353116120557],[-1.32364802083932,54.83505672987],[-1.32419065395418,54.8347263355458],[-1.32447880175845,54.8345320230087],[-1.32484289014515,54.8342644374977],[-1.3250732589174,54.8340805786196],[-1.3252979473147,54.8338643518529],[-1.32542969299375,54.8337132044759],[-1.32559088064494,54.8334750639319],[-1.32571769419398,54.8332466067505],[-1.3257730101528,54.8331031072001],[-1.32578115865288,54.8329872289645],[-1.32575912545935,54.8329089235328],[-1.32572121799712,54.8328476104545],[-1.32566601718027,54.8326100484872],[-1.3257604271761,54.8325494573992],[-1.32581573267101,54.8325003372097],[-1.32585710371154,54.832447551539],[-1.32588129229707,54.832396464587],[-1.32589150138992,54.8323434877042],[-1.3258845616179,54.8322940322456],[-1.32584369588156,54.8322237026354],[-1.32563991939879,54.8320275672419],[-1.32538044554316,54.8318104457052],[-1.3250650506495,54.8315858263884],[-1.32505120507815,54.8315767683948],[-1.3245395583348,54.8312656905712],[-1.32419314889696,54.8310346117164],[-1.32394240003596,54.8308561854455],[-1.32312601282684,54.8302432469754],[-1.32293134306082,54.8300624329999],[-1.32282584120425,54.829948611422],[-1.32274050650346,54.8298385180635],[-1.32252348570931,54.8295047831978],[-1.32231049212285,54.8292097384005],[-1.32125666064395,54.8278163153906],[-1.32121297681003,54.8276372414452],[-1.32121192409037,54.8274215583943],[-1.32073547662895,54.8265013498374],[-1.3206620212659,54.826333787057],[-1.32060157998778,54.826225616445],[-1.32054999439896,54.8261453414829],[-1.31958078837854,54.8249123495827],[-1.31939446521103,54.8246992308671],[-1.31925755564587,54.8245106366429],[-1.319126253325,54.824266361276],[-1.31884992431878,54.823576431414],[-1.31864968667485,54.8231736077371],[-1.31863212958947,54.823107905542],[-1.3186188446033,54.822972132603],[-1.31860691184249,54.8229415136754],[-1.31856424990087,54.8228864568469],[-1.3184361922928,54.8228192339389],[-1.31840243000623,54.8227911807257],[-1.3183765818267,54.8227550999211],[-1.31835709985254,54.8227109487158],[-1.31834853395625,54.8226650729489],[-1.31836158070764,54.8225366249971],[-1.31837649608561,54.8224828007108],[-1.31840062973387,54.8224361967407],[-1.31856675435224,54.8221819071952],[-1.31860284642989,54.8220733734293],[-1.31863061710594,54.8216250679573]]]}},{"type":"Feature","properties":{"ward":"Easington and Shotton","boundary_ward":"Easington & Shotton","date":"2025-08-07","display_date":"7 August 2025","winning_party":"Reform UK","winning_candidate":"Louise Anne Penders","total_votes":2587,"turnout":21.7,"electorate":11942,"reform_uk_votes":1208,"reform_uk_pct":46.7,"reform_uk_candidate":"Louise Anne Penders","labour_votes":523,"labour_pct":20.2,"labour_candidate":"Angela Surtees","independent_votes":722,"independent_pct":27.9,"independent_candidate":"Christopher Ross Hood","conservative_votes":47,"conservative_pct":1.8,"conservative_candidate":"Anthony Stubbs","liberal_democrats_votes":27,"liberal_democrats_pct":1.0,"liberal_democrats_candidate":"Chukwuka Eromosele Okuchukwu","green_votes":60,"green_pct":2.3,"green_candidate":"Stephen James Ashfield"},"geometry":{"type":"Polygon","coordinates":[[[-1.31261061150015,54.8066221998798],[-1.31055884030022,54.7975151250418],[-1.30874822971959,54.7850808603816],[-1.32839336033974,54.780548211437],[-1.33990620434331,54.7740217310033],[-1.34306037182359,54.7755303026301],[-1.35840669082773,54.7717183930188],[-1.35656335734026,54.7628639887113],[-1.3631453061241,54.7496488051623],[-1.36724649204165,54.7428933968628],[-1.37593260546835,54.7415733388039],[-1.38630279157814,54.7436940008989],[-1.38984579480996,54.7517675141682],[-1.41645116807349,54.7518282888598],[-1.43419993829114,54.7563022998229],[-1.4565611993302,54.74698022262],[-1.47432965432802,54.7496259264381],[-1.47439862066775,54.7522170346235],[-1.49051314521428,54.7564267449223],[-1.49025777329332,54.7580575855397],[-1.49105396152719,54.7659349291834],[-1.49983541393504,54.7686328842142],[-1.48059084564567,54.7795203971054],[-1.4722565619298,54.7783859659229],[-1.46844266314124,54.7906302447055],[-1.44877002256051,54.7888010183467],[-1.44555897106085,54.791063573056],[-1.42543784235156,54.7962730276604],[-1.41053030488041,54.7906847641208],[-1.40382448973284,54.7913286990572],[-1.40135518668655,54.7859344901976],[-1.38072607680618,54.7963496951246],[-1.35525372251178,54.7973384890828],[-1.33006572579404,54.801730990598],[-1.319950645775,54.8069524086422],[-1.31261061150015,54.8066221998798]]]}},{"type":"Feature","properties":{"ward":"Esh and Witton Gilbert","boundary_ward":"Esh","date":"2019-03-21","display_date":"21 March 2019","winning_party":"Liberal Democrats","winning_candidate":"Beverley Margaret Coult","total_votes":1764,"turnout":28.23,"electorate":6269,"liberal_democrats_votes":1115,"liberal_democrats_pct":63.2,"liberal_democrats_candidate":"Beverley Margaret Coult","labour_votes":366,"labour_pct":20.7,"labour_candidate":"Anne Bonner","independent_votes":155,"independent_pct":8.8,"independent_candidate":"Ryan Lee Pescod Drion","conservative_votes":128,"conservative_pct":7.3,"conservative_candidate":"Richard Marshall Alexander Robert Lawrie"},"geometry":{"type":"Polygon","coordinates":[[[-1.65466468846833,54.8065269792409],[-1.65446021050009,54.8064212457402],[-1.65422020932246,54.8062893323253],[-1.6540710699684,54.8062664835133],[-1.65365259744206,54.8062652925056],[-1.65348137485451,54.8062746781494],[-1.65326331557551,54.8063046077686],[-1.65304713948579,54.8063004119662],[-1.65299263622581,54.8063029434053],[-1.65291314818553,54.8063170804658],[-1.65285869901217,54.8063169250612],[-1.65280900929035,54.8063078111828],[-1.65276714742651,54.8062924075759],[-1.65273462855956,54.8062725482089],[-1.65271927963483,54.806249130716],[-1.6527163342976,54.806228464335],[-1.65272748581884,54.8061988464005],[-1.6527261476023,54.8059903514586],[-1.65268944183303,54.8057377319617],[-1.65272541352554,54.8055329408091],[-1.65282824574498,54.8053337332699],[-1.6528068388894,54.8052887382806],[-1.65274536230122,54.8052014097982],[-1.65272856111112,54.8051654179554],[-1.65272109552278,54.8051294356945],[-1.65273066949918,54.8051016078376],[-1.65277781294906,54.8050469163175],[-1.6528201197714,54.8050102008791],[-1.65286229434252,54.8049887430853],[-1.65289974195859,54.80497627977],[-1.65310696785379,54.8049382312383],[-1.65316632988646,54.8049114296144],[-1.65318357690864,54.8048953284117],[-1.6531883666955,54.8048791557372],[-1.65315466400605,54.8048188416438],[-1.65304024840895,54.804737647411],[-1.65291993514398,54.8046159928663],[-1.65277329442218,54.8044843707842],[-1.65266241813757,54.8043510470969],[-1.6525850192604,54.80430770469],[-1.6525370924926,54.8042716059207],[-1.65250161525471,54.8042364629152],[-1.65247396547545,54.8041950391936],[-1.65245268287752,54.8041356617241],[-1.65244537169581,54.8040835294896],[-1.65246088316269,54.803907445411],[-1.65244023215075,54.8037743981827],[-1.65222816703512,54.8034709235492],[-1.65213194302133,54.803263968781],[-1.65219454048314,54.8032201161662],[-1.6522491856853,54.803196926619],[-1.65230689885907,54.8031764147853],[-1.65241911112148,54.8031533618779],[-1.6525532226182,54.8031142039684],[-1.65275495125981,54.8029916652997],[-1.65304529922861,54.802873878659],[-1.65311023938775,54.8027383698754],[-1.65312751651016,54.802718643641],[-1.6531431165352,54.8027123940478],[-1.65316491442001,54.8027115548798],[-1.65319909202278,54.8027161338777],[-1.65321466098071,54.8027116967476],[-1.65324906189715,54.8026956174876],[-1.65327410423075,54.8026768245962],[-1.65335292013827,54.8025539344322],[-1.6533578035165,54.802530593545],[-1.65333801926527,54.8024784069266],[-1.65305802222238,54.8021127732482],[-1.6529063862138,54.801836434054],[-1.65286463792389,54.8018084785504],[-1.6527655235814,54.8017569487184],[-1.65273307790073,54.8017325999211],[-1.65266534765141,54.8016470471665],[-1.65265779031093,54.8016218582084],[-1.65266117387662,54.8015913167346],[-1.65269285035453,54.8015231005148],[-1.65267758171158,54.8014907021936],[-1.65262498381938,54.8014573228649],[-1.65257373218822,54.8014472931852],[-1.65255055829196,54.8014283447061],[-1.65254300098611,54.8014031647262],[-1.65254484771071,54.8013699040651],[-1.65256381547066,54.8013349166036],[-1.65260934822117,54.8012856321456],[-1.65269433760101,54.8011672505334],[-1.65271211484565,54.8010926996189],[-1.6527044954252,54.8010711356068],[-1.65266439933834,54.8010323632972],[-1.65263962096509,54.8010206056792],[-1.65257742742368,54.8010159464824],[-1.65253066584374,54.8010284019576],[-1.65249937273569,54.8010480781754],[-1.65239175610494,54.8010819100233],[-1.65236529114523,54.8010845401828],[-1.65232019896351,54.8010826076947],[-1.65229226638898,54.8010744391513],[-1.65226763289993,54.8010456121616],[-1.6522526633401,54.8009745847025],[-1.65225301011833,54.8009341422978],[-1.65223603397334,54.8009188087443],[-1.65216306313714,54.8009024595284],[-1.6520511505067,54.8008949250648],[-1.65200613421398,54.800885806234],[-1.65196420845924,54.8008730971691],[-1.65193947510511,54.8008559476822],[-1.65191178957536,54.8008190232031],[-1.65190885301141,54.8008010518358],[-1.65192931309457,54.8007705601557],[-1.65196674795511,54.8007589804562],[-1.65199806423778,54.8007366076154],[-1.65200443875139,54.800717752571],[-1.65199684322825,54.8006952683708],[-1.65197987525463,54.8006808181693],[-1.65195970196055,54.8006780824797],[-1.65192543366294,54.8006806623512],[-1.65184905466571,54.8006975412739],[-1.65172143324884,54.8007052555242],[-1.65166862116163,54.8006970245644],[-1.65165006195598,54.8006843922052],[-1.65161482796433,54.8006213863028],[-1.65162280902103,54.8005971521138],[-1.65163847195289,54.8005873137157],[-1.65173510101942,54.8005642078169],[-1.65175700563333,54.8005508079864],[-1.65176802341776,54.8005328586026],[-1.65176661780966,54.8005184807926],[-1.65174341385657,54.8005013266573],[-1.65170926152441,54.8004940415036],[-1.6515945986362,54.8004433872684],[-1.65156992717328,54.8004154613606],[-1.65157632511589,54.8003975176287],[-1.6515919630676,54.8003867769282],[-1.65162154958856,54.8003841379078],[-1.65170698829566,54.8003915978476],[-1.65173349147209,54.8003862810008],[-1.65174759275623,54.8003782327049],[-1.65175862604337,54.8003620959277],[-1.65175878043512,54.8003441154339],[-1.65174644005621,54.800330599559],[-1.65168606577412,54.800298080907],[-1.65159177723634,54.8002267982748],[-1.65150972705877,54.8001807458711],[-1.6514912684859,54.8001564359136],[-1.65148065997567,54.8001267565982],[-1.65146433301769,54.8000323424406],[-1.65155300472772,54.8000343812709],[-1.65164154933564,54.8000472330327],[-1.65176260091755,54.8000754439634],[-1.65186814679662,54.8001062784535],[-1.65193946292753,54.8001334634406],[-1.6520509975516,54.800184991768],[-1.65219350009058,54.8002581885674],[-1.65289599565885,54.8006906418617],[-1.65417388597527,54.8016881737139],[-1.6550575889892,54.8024015084539],[-1.65527200922652,54.8026133134803],[-1.65558013696146,54.8031506685205],[-1.65568296345787,54.8033136255376],[-1.65600459461565,54.803540980864],[-1.65608635018042,54.8036229902819],[-1.65619001107439,54.8036915819465],[-1.65627677802192,54.8037313773283],[-1.65636672663274,54.8037639862136],[-1.65644278769599,54.8037830743785],[-1.6565080776903,54.8037913205162],[-1.65661230426959,54.8037934274102],[-1.65678507505242,54.8037786301182],[-1.65701382345388,54.8037711966714],[-1.65707297515803,54.8037650783794],[-1.65721634939262,54.8037340292189],[-1.6573115749695,54.8036965600249],[-1.65745389577317,54.8036052716662],[-1.65753383157758,54.8035336099499],[-1.6576564842946,54.803379405982],[-1.65772709802527,54.8033059053355],[-1.65788065725604,54.8031814370031],[-1.6580402057797,54.8030758316308],[-1.65810739308839,54.8030382829712],[-1.65824331685392,54.8029703673453],[-1.65838848343527,54.8029096639682],[-1.65854293789669,54.8028561828185],[-1.65862559747668,54.8028312466145],[-1.65914998502408,54.802812951819],[-1.65922624905043,54.8028059782033],[-1.65938519809568,54.8027785602004],[-1.65952550443089,54.8027367241129],[-1.65958173685069,54.8027099285682],[-1.65964901533718,54.8026651650169],[-1.65969600221963,54.8026239697706],[-1.65974163947192,54.8025611826605],[-1.6599738558782,54.8023255136346],[-1.66010852991642,54.8022180324228],[-1.66018983620094,54.8021679419857],[-1.66028824408314,54.8021187925159],[-1.66050206849406,54.8020358168306],[-1.66072813697059,54.8019744620995],[-1.66093220349182,54.8019381581508],[-1.66114399081999,54.8019117954783],[-1.66128866934982,54.8019104138083],[-1.66138050241386,54.8019043754525],[-1.66151911815385,54.8018850037923],[-1.66202887979788,54.8017507185138],[-1.6624348543096,54.8015694235779],[-1.66248787004341,54.8015533942718],[-1.66260003898084,54.80153842052],[-1.66283954505327,54.8015381825155],[-1.66322200079069,54.8015643826151],[-1.66323124350466,54.8013873964642],[-1.66399803922432,54.8013967047372],[-1.66402022321116,54.8013491452058],[-1.66442471872079,54.8013412710947],[-1.66445517362247,54.801422232874],[-1.66465723360729,54.8014389765316],[-1.66485934147826,54.8014538984377],[-1.66510515307777,54.8014500940493],[-1.66511803867943,54.801394392184],[-1.66532973132197,54.8013788254245],[-1.66535427804543,54.8014193174648],[-1.66570254156542,54.8014427287184],[-1.66601096244134,54.8013914548916],[-1.66624965148177,54.8013085463696],[-1.66623493851775,54.801013763229],[-1.66607262722408,54.8003249455628],[-1.66602228533577,54.8002079865939],[-1.66564576430017,54.800023628169],[-1.6650596431467,54.7994271277636],[-1.66469835467147,54.7991008192266],[-1.66462436317902,54.7990188369619],[-1.66454431735183,54.7989179628691],[-1.66449826590717,54.7988432440333],[-1.66438217276262,54.7985868205435],[-1.66420433754307,54.7982736048025],[-1.66414624565085,54.7981530263089],[-1.66403480679502,54.7978947928556],[-1.66400204716813,54.7977212697563],[-1.66392599061167,54.7975161843941],[-1.66387391759672,54.7974189772034],[-1.66379097691122,54.7972911604622],[-1.66367859697858,54.797148852512],[-1.66357994232223,54.7970416231925],[-1.66339156568857,54.7968775534529],[-1.6631087183054,54.796662894148],[-1.66283790035946,54.7964958892934],[-1.66230266578918,54.7961457370248],[-1.66216825273585,54.7960375238516],[-1.66204944803779,54.7959257746111],[-1.66193077630351,54.7957942321144],[-1.66185535639799,54.7956978604431],[-1.66180315557544,54.7956168562907],[-1.66162400336807,54.7952784565006],[-1.66149610762374,54.7949510026038],[-1.6614492190214,54.7947908938515],[-1.66140505541145,54.794676646821],[-1.66134074064439,54.7945569598805],[-1.66124712633144,54.7944084257184],[-1.66115334499264,54.7942760585007],[-1.66104715767676,54.7941418629333],[-1.66092548656862,54.7940004556163],[-1.66066487232784,54.7937346153983],[-1.66041380913521,54.7934427603927],[-1.66031660294883,54.7933472282027],[-1.66030424187918,54.7933399973353],[-1.65926889787084,54.7932858823092],[-1.6586907029203,54.7932465320551],[-1.65844522775477,54.7932143713701],[-1.6577261358263,54.793100027857],[-1.65736138398812,54.7930127217939],[-1.65731640526104,54.792998212249],[-1.6567765910996,54.7924682953811],[-1.65605983529963,54.7917087062694],[-1.65555789723662,54.7911177889198],[-1.65495928126648,54.7903693226374],[-1.65462664657111,54.7899846413125],[-1.65451255098356,54.7898702011263],[-1.65433206005068,54.7896989431681],[-1.65399857858453,54.789414919216],[-1.65278885687703,54.7884921617675],[-1.65170217796546,54.7877332933048],[-1.65148869358319,54.7876050670021],[-1.65124551163175,54.787492039398],[-1.65087351369564,54.7873525719166],[-1.65009188327224,54.7871068191072],[-1.64953239192598,54.7868922258583],[-1.6489983680409,54.7866094137821],[-1.64850285322091,54.7863689208597],[-1.64818100568164,54.7861828893143],[-1.64797191972358,54.7857293559946],[-1.647846555074,54.7853021344075],[-1.64817653640914,54.7849049883241],[-1.64858923394123,54.7844721354839],[-1.64801901974908,54.7837048523256],[-1.64754353338818,54.7831310388005],[-1.65014335877875,54.7834800268718],[-1.65228493659102,54.7837854134693],[-1.65508054742715,54.7841537403205],[-1.65702340086185,54.7844261258306],[-1.65837126514823,54.7846384132403],[-1.6598600669862,54.7849175742922],[-1.6629599456394,54.7855498711143],[-1.66382114903437,54.7855783061047],[-1.66494393774577,54.7855652369117],[-1.66559663750381,54.7856092718281],[-1.66762007973477,54.7859311336075],[-1.66828047426881,54.7846550483319],[-1.66863401294707,54.7838238927283],[-1.66966688339143,54.7818595737217],[-1.6700957103594,54.781895770289],[-1.67044541006142,54.781908395213],[-1.67084663913363,54.7819004915455],[-1.67110329469181,54.7818877043064],[-1.67131021131301,54.7818711938445],[-1.67161521108981,54.7818378682161],[-1.67199808868113,54.7817894865634],[-1.6721832979872,54.7817639341234],[-1.67316094199678,54.7816102024972],[-1.67382706736861,54.7815320056996],[-1.67505044309364,54.7813636324519],[-1.67531591839994,54.7818001723397],[-1.67653799683482,54.7816030428768],[-1.67667213590916,54.7815485731712],[-1.67645807815499,54.7812909979219],[-1.6763843816763,54.7811730884093],[-1.6764933865749,54.7811517991913],[-1.67637684740605,54.7809519873671],[-1.67743559850726,54.7807606894561],[-1.67863455391052,54.7805311326102],[-1.67897408446827,54.7804574451704],[-1.67936818361787,54.7803605187792],[-1.67953178377991,54.7803160158336],[-1.68008035048566,54.7801530086113],[-1.68030795484174,54.7800754356424],[-1.68081776318068,54.7798925476375],[-1.68142115604804,54.77967576308],[-1.68179517424575,54.779563491153],[-1.68255386493086,54.7793641948059],[-1.68391630933283,54.779098130048],[-1.6850394885219,54.7788080925707],[-1.68574138362779,54.7787092718762],[-1.6860886878353,54.778633762051],[-1.68712349737089,54.7781071462696],[-1.68853147566685,54.7773675639589],[-1.68985691785653,54.7766394509928],[-1.69061641322227,54.7762181216352],[-1.69095250943906,54.7760823871392],[-1.69214667780466,54.7754320881833],[-1.69272280417396,54.775100131179],[-1.69280384617676,54.7750724990369],[-1.69283810423599,54.7750680948857],[-1.69285366209402,54.7750654192996],[-1.69291270423141,54.7750673816547],[-1.69298414469519,54.7750801311762],[-1.6930461723849,54.7751000910668],[-1.69308332778231,54.7751208248526],[-1.69310492278195,54.7751406548602],[-1.69318163463847,54.7752774350458],[-1.69320789011802,54.7752999637244],[-1.69325891838884,54.7753324380919],[-1.69328991212553,54.7753451043702],[-1.69372334115926,54.7753875309633],[-1.69387720505166,54.7753924083126],[-1.6940311652175,54.7753847253422],[-1.69422116746533,54.7753384738427],[-1.69427563669242,54.7753305128854],[-1.69443742538662,54.7753147594444],[-1.69465666240534,54.7753053990026],[-1.69472347870823,54.7753109493765],[-1.69480109090516,54.7753246253582],[-1.69486937858959,54.7753418662215],[-1.69492672578616,54.7753662948671],[-1.6949762389259,54.7753951656407],[-1.69501176184877,54.7754258058425],[-1.69505776760436,54.775510396391],[-1.69509942361527,54.775550944209],[-1.69513967351532,54.775579810597],[-1.69516601649656,54.7755906521861],[-1.69520632536827,54.7755988417695],[-1.69524985686464,54.7756016475309],[-1.69528099111398,54.7755936367207],[-1.69534967742384,54.7755578555405],[-1.69538704579083,54.7755462711067],[-1.69543218099252,54.7755392064989],[-1.69547422641994,54.7755366067069],[-1.69554251155085,54.7755457764501],[-1.69560940255059,54.7755414351331],[-1.69575763251706,54.7754699183546],[-1.69594239172248,54.7752924470503],[-1.69598811013161,54.775205389878],[-1.69599949596714,54.7751389239324],[-1.69601106973284,54.7750472896425],[-1.69599291828881,54.7749798472666],[-1.69598855367087,54.7749375988491],[-1.6959950758642,54.7748998672668],[-1.69602815174426,54.7748406325158],[-1.6960876027532,54.7747922671521],[-1.69612348916447,54.7747743755617],[-1.69618582062869,54.7747538530676],[-1.69628704898927,54.7747298490973],[-1.69637264325809,54.7747148051705],[-1.69640996939178,54.7747130856234],[-1.69651086874129,54.7747331029021],[-1.69670620817805,54.7748027811418],[-1.69674637002032,54.7748433249693],[-1.69679124354588,54.7748668097197],[-1.69683621467961,54.7748795099742],[-1.69687664367122,54.774877806996],[-1.69690158754417,54.7748715749082],[-1.69702789666825,54.7748206605771],[-1.69726145391322,54.7747691203376],[-1.69734871884497,54.7747369821074],[-1.69739403560016,54.7747074454535],[-1.69748004642223,54.7746384673445],[-1.69758332348423,54.7745443553829],[-1.69772989599748,54.7742751494379],[-1.69777099637769,54.7741853735588],[-1.69779980047505,54.7740748990463],[-1.69776589049545,54.7740370769077],[-1.69797970051076,54.7739216683261],[-1.69816609490945,54.7739437006],[-1.69823601799466,54.7739465886354],[-1.69850869068444,54.7738654646799],[-1.69928703850849,54.773711935512],[-1.69986872907107,54.7736666406177],[-1.69995269086331,54.7736650348154],[-1.69999006869129,54.7736561546902],[-1.70002128023593,54.7736436431889],[-1.7000478375216,54.7736212458118],[-1.70006989523515,54.7735808471978],[-1.70007786155805,54.7735539314492],[-1.70008176377914,54.7734478854989],[-1.7001100053821,54.7734129218759],[-1.70014896193073,54.7734013496179],[-1.7002267249899,54.7733943265487],[-1.70059216445106,54.7733772626945],[-1.70071193498307,54.7733658699143],[-1.70099213220173,54.7733144546718],[-1.70135659956663,54.7732128811027],[-1.70148744848775,54.7731817397879],[-1.7017581781063,54.7731401816137],[-1.70187950582347,54.7731332811885],[-1.70193866792788,54.7731208371219],[-1.70197448664114,54.7731092554312],[-1.70201509519744,54.7730850790729],[-1.7020823209143,54.7730322196018],[-1.70211986716312,54.7729999658163],[-1.70214660680832,54.7729568910365],[-1.70218094528539,54.7729345119237],[-1.70222768128937,54.7729211441647],[-1.70227903838722,54.7729158773383],[-1.7023209837071,54.7729177732166],[-1.70246685395456,54.7729522781914],[-1.70266227952521,54.7730102766904],[-1.70292435497667,54.7730962835458],[-1.70299401929231,54.773134182011],[-1.70305756204092,54.7731604064075],[-1.70316152258204,54.7731885136715],[-1.7035218182147,54.7732343227743],[-1.70414637628124,54.7732807707928],[-1.70419458780959,54.7732790748949],[-1.70425045563893,54.7732882002528],[-1.70427216464858,54.7732972618119],[-1.70429224946239,54.7733152736501],[-1.70434437719076,54.7734142223097],[-1.70444484711938,54.77349356775],[-1.70451134314384,54.7735341537022],[-1.70456252272854,54.7735576694609],[-1.70462764093051,54.7735776026936],[-1.70477356131494,54.773605810931],[-1.70483091723771,54.7736293046572],[-1.70488666183211,54.7736599998963],[-1.70492990393852,54.7737005384674],[-1.70497300260328,54.7737563628296],[-1.70500212788775,54.7738139372831],[-1.70503701833653,54.773932666656],[-1.70507239146533,54.7739848642365],[-1.70512640679947,54.7740389014113],[-1.70518364110827,54.774079501527],[-1.70524868245173,54.7741102010756],[-1.70532000907681,54.7741346296439],[-1.70552331499816,54.7741827602429],[-1.70560240483991,54.7742080817535],[-1.70567527121279,54.7742352475466],[-1.70580380123246,54.7743047491617],[-1.70597440560344,54.7743626828352],[-1.70606438326415,54.7743835675262],[-1.70616529019234,54.7744008712243],[-1.70625849582602,54.7744091841326],[-1.70636579425085,54.7744076474024],[-1.70682475122412,54.7743539411882],[-1.70691812636053,54.7743406745291],[-1.7070676770536,54.7742943038166],[-1.70724863488669,54.7742057604488],[-1.70755860090645,54.7741202503082],[-1.7076052913276,54.7741131655757],[-1.70778562736539,54.774110900944],[-1.70786333066177,54.774116479567],[-1.70798287882092,54.7741338353038],[-1.70814737500807,54.7741737701309],[-1.70853119608443,54.7741908638176],[-1.70858712455224,54.774196399034],[-1.70868648852347,54.7742136969716],[-1.70877334001418,54.7742399551949],[-1.7088430518942,54.7742724856027],[-1.70896994124293,54.7743626483498],[-1.70902419471563,54.7743798565568],[-1.70911278111907,54.7743818342211],[-1.70918900234355,54.7743721600387],[-1.70939722689428,54.7743834410864],[-1.70945313013158,54.774392564199],[-1.70954931635994,54.7744224423135],[-1.70973243099658,54.77446601844],[-1.7100584419525,54.7745251989561],[-1.71033772914257,54.7745986787802],[-1.71048640016432,54.774679882614],[-1.71046126829527,54.7747130887529],[-1.71044098186533,54.7747229151555],[-1.71038028924906,54.7747335561349],[-1.71035691543838,54.7747433931782],[-1.71034129035323,54.7747559265908],[-1.71033650738292,54.7747702982994],[-1.71035332864103,54.7748089787386],[-1.71037187547023,54.7748242891301],[-1.7104072690007,54.7748747186247],[-1.7104366539292,54.7748972511597],[-1.71053435095021,54.7749298379839],[-1.71074240646019,54.774965363143],[-1.71081379537558,54.774981718782],[-1.71085268558989,54.774983605442],[-1.71088532491781,54.7749782907164],[-1.71094144643371,54.774956852961],[-1.71096335601028,54.7749380221476],[-1.71098234340754,54.7748913466292],[-1.71106226748486,54.774799871429],[-1.71111853381911,54.7747577665416],[-1.7112606130353,54.7746691439797],[-1.71128417853232,54.7746368532862],[-1.71130761583014,54.7746180260106],[-1.71136374933628,54.7745947934442],[-1.71139797367746,54.7745903836705],[-1.71144615943089,54.7745922830976],[-1.71151448538946,54.7746005512288],[-1.71158586777126,54.7746177807871],[-1.7117781258625,54.7746901416016],[-1.7118638601873,54.7746544081496],[-1.71196699544667,54.7745800390963],[-1.71209179155585,54.7745174359172],[-1.71245780556476,54.7744239283871],[-1.71260396364906,54.7744152999534],[-1.71267855489323,54.7744199470775],[-1.71288504246557,54.7744563859873],[-1.71297181472781,54.7744943470593],[-1.71301354340722,54.774529478463],[-1.71304898795067,54.7745709072946],[-1.71309968061652,54.7746599937679],[-1.71312438628559,54.7746825236876],[-1.71315070827334,54.7746969505745],[-1.71320035989498,54.7747123425542],[-1.71325469902956,54.7747223535461],[-1.71330441932363,54.7747233724579],[-1.71352060786789,54.774705014752],[-1.71358617910882,54.7746683224322],[-1.71361109853803,54.7746602919812],[-1.71366712963833,54.7746514321674],[-1.71373244492811,54.7746488891992],[-1.71379146205732,54.7746544202983],[-1.71384114544647,54.7746653214831],[-1.71395747015354,54.7747024398364],[-1.71400717305364,54.7747061544042],[-1.71403208084527,54.7747044180644],[-1.71415351448172,54.774675944986],[-1.71421884871615,54.7746707049164],[-1.71429037403093,54.7746699707972],[-1.7144799228989,54.7746820820178],[-1.71486510423457,54.7747333180772],[-1.71504283137093,54.774881125803],[-1.71506760454301,54.7748919684122],[-1.71509245924888,54.7748956057329],[-1.71511425354113,54.7748929605556],[-1.71523105789254,54.7748617796156],[-1.71524978873493,54.7748510563881],[-1.71529207629207,54.7748043984102],[-1.71534198015958,54.7747838553114],[-1.71537309066292,54.7747785348994],[-1.71555807697968,54.7747807602248],[-1.71593229968885,54.7748355656917],[-1.71613081481549,54.7749042983828],[-1.71634304694265,54.7750126424168],[-1.71637857986277,54.7750441780928],[-1.71643593369087,54.7750694800458],[-1.71655085762524,54.7750841387545],[-1.71695191905344,54.7750868261417],[-1.71699860893949,54.7750752660319],[-1.71704851226625,54.7750547222173],[-1.71712034734688,54.7750072575664],[-1.71715308567762,54.774992047978],[-1.71719982527767,54.7749777820258],[-1.71725586235229,54.7749680102139],[-1.71731496293839,54.7749663612917],[-1.71738020205572,54.7749701293017],[-1.71756968470773,54.7749966097245],[-1.71772980634335,54.7749969796687],[-1.71778577935983,54.7749917250442],[-1.71789943713572,54.7749686141105],[-1.71814098366507,54.7748811140519],[-1.71817677915132,54.7748749023583],[-1.71825300541881,54.7748687837168],[-1.71833068606976,54.7748734617121],[-1.71838968027853,54.7748870878958],[-1.7185074687399,54.7749385596083],[-1.71857114211595,54.7749476968282],[-1.71872189936687,54.7749507475588],[-1.71884327358365,54.7749348390536],[-1.71896482441182,54.7748910758492],[-1.71909872856101,54.7748563400316],[-1.71924492279365,54.7748468001727],[-1.71940967493825,54.7748516587377],[-1.71950452622369,54.7748500998827],[-1.71957141079853,54.7748412526722],[-1.71963524520634,54.7748270154594],[-1.71970384665012,54.7748002185984],[-1.71977246488855,54.7747662252398],[-1.71990676679375,54.7746757696134],[-1.72007063097368,54.7745826853127],[-1.72020027286066,54.7744940313452],[-1.72034416062585,54.7743658397688],[-1.72058560539338,54.7742890725214],[-1.72067913985375,54.7742542610154],[-1.72071204852763,54.7742138915925],[-1.72077809391106,54.774104405896],[-1.7208000427389,54.7740793058574],[-1.72084222866395,54.7740461351403],[-1.72089061855021,54.7740183902759],[-1.72092489045466,54.7740067721428],[-1.72096536932723,54.7739996955852],[-1.72102912806154,54.7739962423463],[-1.72117400603107,54.7739507255151],[-1.72136738779594,54.7738559308525],[-1.72149543336051,54.7737717445749],[-1.72160153839151,54.7737162467292],[-1.72170134197801,54.7736697525838],[-1.721760524053,54.7736510220936],[-1.72215273192982,54.7735818081353],[-1.72261800247239,54.7735073742607],[-1.72262268287176,54.7735073848436],[-1.72330134416159,54.7733695950646],[-1.72352683552098,54.7733575509379],[-1.72380699066646,54.7733051680844],[-1.72423050359444,54.7732000732569],[-1.72475390578442,54.7730349907455],[-1.7248394870449,54.7730244068692],[-1.72504778210604,54.7730266775042],[-1.72507890534672,54.7730213453953],[-1.72517237297356,54.7729883070065],[-1.72525174343306,54.7729732084268],[-1.7253092873088,54.7729706502868],[-1.72569150524487,54.7729975667172],[-1.72581903705268,54.7729879503442],[-1.72596070771597,54.7729541258058],[-1.72615396613756,54.7728799549029],[-1.72631123130549,54.7728371835421],[-1.72714767503589,54.7725829190389],[-1.72727373630691,54.7725598440183],[-1.72739504611483,54.772552006805],[-1.72750851514711,54.7725504732433],[-1.72761570050247,54.7725578709043],[-1.72777416141039,54.7725762219149],[-1.72823218385791,54.7726545186639],[-1.7284279076789,54.7726729333742],[-1.72849004578524,54.7726829633665],[-1.72907325080586,54.7728702673969],[-1.7292407807958,54.7729182590655],[-1.72938670056572,54.7729509453673],[-1.72972056382197,54.773001990092],[-1.7301490423398,54.7730865086345],[-1.73043121170043,54.7731994794375],[-1.73061428916876,54.7732483956941],[-1.73066242771558,54.7732574924645],[-1.7309171992824,54.7732823080441],[-1.7314111043683,54.7733427178429],[-1.73168923858316,54.7733586017058],[-1.73217260306182,54.7733713536322],[-1.73254103818546,54.7733703355618],[-1.73305380032172,54.7733957274819],[-1.73333194465979,54.7734151968365],[-1.73349982693032,54.7734128646212],[-1.73365846662332,54.7734024241762],[-1.73376423917577,54.7733901020872],[-1.73395730098867,54.7733491563183],[-1.73410819137811,54.7733261091642],[-1.73423106515021,54.773312912479],[-1.73514376888045,54.7732753257323],[-1.73607604554532,54.7733366335227],[-1.73701962271888,54.7726152506544],[-1.7374922997027,54.7723493603281],[-1.7381954592343,54.7720228668178],[-1.73851005878721,54.7719264907426],[-1.73826958279278,54.7716150240812],[-1.73900790155951,54.7713775683547],[-1.7397026983526,54.7711346051127],[-1.74087818184988,54.7708297384566],[-1.74106956447933,54.7707995909226],[-1.74125321269116,54.7707640159597],[-1.741477400383,54.7707060821977],[-1.74223293296252,54.7704443862562],[-1.74256645485182,54.7703021947913],[-1.74277704423895,54.7701840192379],[-1.74306941505073,54.7701558749791],[-1.74319083566475,54.7701291668486],[-1.74346015869872,54.7700605383389],[-1.74369530395684,54.7699954180832],[-1.74397408417678,54.7699007390921],[-1.74421719799117,54.7698032972286],[-1.7447578348957,54.7696013387784],[-1.74582583146707,54.7693177812471],[-1.74628828466926,54.7691857205644],[-1.7470405544703,54.7689374885184],[-1.7477409115517,54.7687897173132],[-1.74800873737819,54.768708515399],[-1.74801824052197,54.7686851519138],[-1.74859710170167,54.7685713119544],[-1.75043456272833,54.7682677282165],[-1.75114998908276,54.7681919020636],[-1.7517207117519,54.7681418304673],[-1.75280518872385,54.76795081453],[-1.75331064925665,54.7678961046125],[-1.75371794183679,54.7678834615965],[-1.75413454888153,54.7678726026681],[-1.75504523940183,54.7678932919466],[-1.75548041863845,54.7678905821709],[-1.75568877255008,54.7678766150127],[-1.75484481552738,54.7676215185136],[-1.75410150059964,54.7674268179285],[-1.75378496695226,54.7673390278553],[-1.75337045873025,54.767261806408],[-1.75278091945844,54.7670898527631],[-1.75230322487729,54.7669199530269],[-1.75098803209416,54.766467963592],[-1.75071799529788,54.7664045177331],[-1.75046358030946,54.7663267022544],[-1.75027284991993,54.7662553109812],[-1.75012561333558,54.7661921048554],[-1.74980185875166,54.7660189044856],[-1.74969503120862,54.7659531032123],[-1.74914253210248,54.7655727352021],[-1.74895507138073,54.7654779648035],[-1.74886360612835,54.7654400576658],[-1.74869609741916,54.7653849068242],[-1.74810339540051,54.7652228271528],[-1.74768348593121,54.7650242648059],[-1.74714402750901,54.7647984922924],[-1.74665438109479,54.7645683108803],[-1.74637847359365,54.7644491331964],[-1.74629657796509,54.7638792131905],[-1.74629899981519,54.763491899367],[-1.74628585595457,54.763354373702],[-1.74632714622304,54.7632151760091],[-1.74629295551968,54.7629670704278],[-1.74621942156288,54.7627961904059],[-1.74611137965862,54.7626773603983],[-1.746077524977,54.7626251597016],[-1.74602227688409,54.7625127052626],[-1.74598865719543,54.7624227582279],[-1.74597818910781,54.7623562419912],[-1.74597402639777,54.7622789532549],[-1.74598457279525,54.7620839721605],[-1.74598214587588,54.7619734307625],[-1.74576807356899,54.761664751479],[-1.74567360390477,54.7613617128891],[-1.74563213067585,54.7610372139944],[-1.74551915164184,54.7609659942724],[-1.74549307403405,54.7609120059464],[-1.7454732269676,54.7608544602296],[-1.74547102550053,54.7607106818589],[-1.74541177941504,54.7604930742439],[-1.7452876427689,54.7602169357306],[-1.74528061106389,54.7601000905609],[-1.74526850015851,54.760049739284],[-1.74524858606732,54.7600002632371],[-1.74521318001869,54.7599471855349],[-1.74492014754423,54.7595961019822],[-1.74486448290305,54.7595510518417],[-1.74483041042493,54.7595339020578],[-1.74472805042718,54.7595004504787],[-1.7446055091333,54.75946783112],[-1.74436178874053,54.7594286826325],[-1.74444303177718,54.7593587593821],[-1.74478120074712,54.7592039937939],[-1.7449476835644,54.7591692986713],[-1.74514341178091,54.759183196576],[-1.74527837947829,54.7592185192097],[-1.745351365194,54.7592267507087],[-1.74542438007499,54.7592251357352],[-1.74546638952355,54.7592198122752],[-1.74570142680756,54.7591564829427],[-1.74582754261711,54.7591163199075],[-1.74605827557588,54.7589981733082],[-1.74626388568003,54.758917721956],[-1.74655014801565,54.7588608011177],[-1.7468892303496,54.7588102828952],[-1.74731204717796,54.7587841936956],[-1.74773202167927,54.7587185638555],[-1.74787508428763,54.7587008773469],[-1.74835695831028,54.7586758082997],[-1.74886068267679,54.758631907843],[-1.74937522426588,54.7585988121042],[-1.74978696338139,54.7586086447343],[-1.75073228532276,54.758516194095],[-1.75119313768061,54.7583661609077],[-1.75138323178918,54.7582838650261],[-1.75158398212185,54.7582357588689],[-1.75180153733313,54.7582344059001],[-1.75211175210232,54.7583231085998],[-1.75226257596554,54.7583108259048],[-1.75248480340727,54.758304999615],[-1.75282495671592,54.7583326036519],[-1.75303442911742,54.7581272673239],[-1.75313272084457,54.7580609524422],[-1.75323254484462,54.7579991589706],[-1.7535143761577,54.7579044761335],[-1.75407456310531,54.7577779888115],[-1.75464395463693,54.757660516475],[-1.75492071637445,54.757629618741],[-1.75534565468604,54.7575073541589],[-1.75552923901111,54.7574708579148],[-1.7556685476728,54.7575628259164],[-1.75580440019113,54.7574543647776],[-1.75596223016987,54.7573000931027],[-1.75611501933681,54.7572141468363],[-1.75624977990605,54.7572898908496],[-1.75641145989823,54.757275830146],[-1.75672576591058,54.7572027740443],[-1.75694736394123,54.7573011533576],[-1.75711773382212,54.7571379511103],[-1.75720973764432,54.7570734251025],[-1.75730805141702,54.7570125178109],[-1.75754644077758,54.7568997497776],[-1.75778003639051,54.7568112558656],[-1.75804798591374,54.7566985634131],[-1.75828829977533,54.7567852895386],[-1.75848090820136,54.7567982681339],[-1.75879925511293,54.7565688346438],[-1.75889753520596,54.7565025333114],[-1.75913116841445,54.7564068316567],[-1.75937403418156,54.7563264327655],[-1.75940610461487,54.7561611526857],[-1.75952759639605,54.7561137518814],[-1.75961993391246,54.755997122389],[-1.75982766165954,54.7555571909154],[-1.76019871337589,54.7553449462045],[-1.76032361142712,54.7552427341277],[-1.76057485778572,54.755325907847],[-1.76084756439618,54.7554504578697],[-1.76110286360833,54.7553700800224],[-1.76112506854451,54.7552901388227],[-1.76117697100434,54.7551869008114],[-1.7612582985523,54.7550963084314],[-1.76132984723094,54.7550829487204],[-1.76139348366053,54.7550947588814],[-1.76143544494987,54.7550912704616],[-1.76146817170773,54.7550778259237],[-1.76148692537882,54.7550599004459],[-1.76148086147129,54.7550302298192],[-1.76136949835962,54.7549473409823],[-1.76155758521029,54.7549270490785],[-1.76178003000687,54.7548861379925],[-1.76184572748216,54.7548125665368],[-1.76187382440641,54.7547910601433],[-1.76190959571059,54.7547848357249],[-1.76212562451067,54.7547798635118],[-1.76222622184899,54.7548456708724],[-1.76243305397473,54.7548110313212],[-1.76269537641051,54.7547230164745],[-1.76277247271502,54.7546912715049],[-1.76290169775157,54.7546448036054],[-1.76316163852147,54.7545689022567],[-1.76320994130874,54.7545420239945],[-1.76325198542016,54.7545295451107],[-1.7633001763645,54.7545215497558],[-1.76334520177503,54.7545216369277],[-1.76339340518451,54.7545280153333],[-1.76343835204132,54.7545415738548],[-1.76347399690559,54.7545569556784],[-1.76350184671056,54.7545776585449],[-1.76353053593517,54.7547246347462],[-1.76359540377236,54.7547899018223],[-1.76368368289944,54.7548403892245],[-1.76379124724308,54.7547759155771],[-1.7639305663114,54.7547254078394],[-1.76408075267133,54.754688401438],[-1.76427222686029,54.754624062322],[-1.76471134128905,54.754458672213],[-1.7650255759812,54.7543972542002],[-1.76518425844236,54.754359821576],[-1.76526823625065,54.7543482960281],[-1.76534909042706,54.7543376756491],[-1.76549049763173,54.7543325452615],[-1.76569093869531,54.7543320372487],[-1.7661118787648,54.7543508241999],[-1.7662564420093,54.7543394138681],[-1.76627871399694,54.7542513834121],[-1.76633375818744,54.7541364716676],[-1.76644005682032,54.7540225510897],[-1.76665779449467,54.7539852195296],[-1.76688633275181,54.7539623008027],[-1.76737866825012,54.7537268928094],[-1.76753122446994,54.7536723570224],[-1.76768532824934,54.7536196374481],[-1.7681676552059,54.7535082142641],[-1.768298846447,54.7533862421747],[-1.7683962984594,54.7531878293496],[-1.76847151330868,54.752804293733],[-1.76847965613716,54.7527436026175],[-1.76871222368679,54.7525540065768],[-1.7689814477953,54.7524754467757],[-1.76915367666828,54.7525162006829],[-1.76919266536318,54.7524920369415],[-1.76931130731879,54.7523933678837],[-1.769375115858,54.7523746351396],[-1.76959405540777,54.75239303301],[-1.76996089293515,54.7523685626284],[-1.77006954290375,54.7523849463909],[-1.77013300484788,54.7524273047693],[-1.77015426882718,54.7525100253304],[-1.77024557816272,54.752576692587],[-1.77034036514984,54.7525741765658],[-1.77044473478359,54.7525231467555],[-1.77048366334783,54.7525097490884],[-1.77068420665977,54.7524894704147],[-1.77088457370361,54.7525006344476],[-1.77109438743391,54.7524839528245],[-1.77125439182729,54.7524923340992],[-1.77137767893514,54.7523928352412],[-1.77160081137947,54.7522260917991],[-1.77177873894099,54.752079949387],[-1.77196588600186,54.751951795074],[-1.77213414521314,54.7518721278027],[-1.77254085004117,54.7516572152494],[-1.77270128045655,54.7515829530921],[-1.77286637500458,54.7515113396843],[-1.77317451585994,54.7514184799953],[-1.77348187592155,54.7514648908017],[-1.77352281489586,54.7513643244674],[-1.77356800019929,54.7513410363562],[-1.7736209747943,54.7513186821089],[-1.77398032578174,54.7512339769992],[-1.77418068756483,54.7512451365561],[-1.77423808588548,54.7512569295522],[-1.77433582984799,54.7512858503238],[-1.77438386501421,54.7513048220777],[-1.77455114280041,54.7514003750898],[-1.77538456664715,54.7515547069065],[-1.77545769447238,54.7515359694482],[-1.77553114892667,54.7514579251832],[-1.77557949600679,54.7514265625556],[-1.77563090360114,54.7513997050618],[-1.77573048291338,54.7513675261476],[-1.77582844661852,54.7513569312252],[-1.7761235394484,54.7513781462373],[-1.77617637323955,54.7513782439816],[-1.77631934916067,54.7513695264984],[-1.77672994573602,54.751289389547],[-1.77804300073852,54.7509620138572],[-1.77828854633315,54.7509435720446],[-1.77830947624647,54.750810631961],[-1.77849589336793,54.7508172584781],[-1.77902704986162,54.7508487807439],[-1.77934242736767,54.7508520711512],[-1.77933430141128,54.7506291828654],[-1.77959082017675,54.7505990995633],[-1.77999800744115,54.7505728879615],[-1.78034627238826,54.7505222931754],[-1.78057004858602,54.7505101291705],[-1.78065237215469,54.7505138676208],[-1.78073311804536,54.7505212003945],[-1.78092054387207,54.7506293789517],[-1.78110531151441,54.7506467830033],[-1.78130726940174,54.7506507464022],[-1.78140198729975,54.7506572026505],[-1.7817575715967,54.750694689617],[-1.78221714150544,54.7507494323514],[-1.78241429678902,54.7507767488685],[-1.78284641954444,54.7510255387007],[-1.78316846047572,54.7512319468461],[-1.78338820881881,54.7513967618961],[-1.7835216345395,54.7514302573748],[-1.78404351233435,54.7514617399906],[-1.7841757010414,54.751435014132],[-1.78427386435086,54.7513803823793],[-1.78447345052659,54.7509511872119],[-1.78482783013273,54.7509230527531],[-1.78525689472053,54.7508752746913],[-1.78545122351192,54.7508450687124],[-1.78561614664011,54.7508040257891],[-1.78603949435388,54.7506574237164],[-1.7866650902036,54.7504590293434],[-1.78690110717358,54.7504846036152],[-1.78714224457716,54.7504194180749],[-1.7875640839109,54.7502674063329],[-1.78763565827038,54.75024595313],[-1.78796219395528,54.7501926026289],[-1.78814252890649,54.7501695451957],[-1.78818758553862,54.7501687407607],[-1.78823110272214,54.7501705836863],[-1.78831173214717,54.7501941163026],[-1.78839082208207,54.750220324102],[-1.78844344503778,54.7502572799493],[-1.78861050971666,54.7503995311584],[-1.78877317842178,54.7504878878457],[-1.78895308859665,54.7505466068881],[-1.78917353272858,54.7505811314082],[-1.78932584956756,54.7505679344068],[-1.78963069135944,54.7505010692959],[-1.79013017959695,54.7503509504018],[-1.7903790199612,54.7502965751796],[-1.7906696532791,54.750275499701],[-1.79093061379594,54.7502831474013],[-1.79101142599123,54.75027789438],[-1.79109072333653,54.7502699427848],[-1.79131162229168,54.7502101156866],[-1.79147172348882,54.7501924110906],[-1.79182892850754,54.7502190860147],[-1.79193449128011,54.7502327858432],[-1.79197957268997,54.7502274527223],[-1.79202467698121,54.7502176561072],[-1.79215239561565,54.7501549614023],[-1.79233484310971,54.7500231711067],[-1.79238156986034,54.7500007711027],[-1.79242984234934,54.7499811064809],[-1.79261182510015,54.7499337794103],[-1.79263836165404,54.7499149607847],[-1.79265708696843,54.7498961107876],[-1.79266185799065,54.7498745400612],[-1.79265159663756,54.7497469361572],[-1.79267361247995,54.7497101289966],[-1.79270329045343,54.7496742371956],[-1.79279377613001,54.7495998002289],[-1.7929525760815,54.7495308638981],[-1.79298493641631,54.7492810944395],[-1.79305183403584,54.7489532208468],[-1.79298608198209,54.7487545199634],[-1.79294810936192,54.7485801135627],[-1.79296757886982,54.748418393577],[-1.79284249175984,54.7482726032472],[-1.79282249507363,54.748232135824],[-1.79288395804276,54.7480587920523],[-1.79295427844378,54.7479825267354],[-1.79309141952507,54.7478982862218],[-1.79325958958933,54.747818608854],[-1.79351631083844,54.747743572072],[-1.79374801821128,54.7476945345161],[-1.79378108121048,54.7476056260751],[-1.79380770712089,54.7475688265602],[-1.79384205398175,54.7475338248913],[-1.79396820610998,54.7474702521174],[-1.79410354802522,54.7474327265097],[-1.79454330493461,54.747406521757],[-1.79479844792858,54.7473341673963],[-1.79485443338888,54.7473234769783],[-1.79498966950976,54.7473066188005],[-1.79509852533226,54.7472843500245],[-1.79521353274209,54.7472728581113],[-1.79549632479096,54.7472625611893],[-1.79588379071368,54.7471320134195],[-1.79618806455432,54.7471711661684],[-1.79638821707012,54.7472209273808],[-1.7965621011528,54.7472436823335],[-1.79667704788834,54.7472438756744],[-1.79704532674429,54.7472274158363],[-1.79720078108656,54.7472007239174],[-1.7973719143946,54.7471497832578],[-1.79757088278882,54.7471186634157],[-1.79767990387519,54.7470694218795],[-1.79786160730478,54.7470805102959],[-1.79886280678904,54.7469303097866],[-1.79929227530953,54.7467827514357],[-1.79990669643207,54.7466184192346],[-1.80017539065453,54.7466404236461],[-1.80020667301374,54.7465838739407],[-1.80103910530919,54.7466319747342],[-1.80253131510731,54.7467674269794],[-1.80288397699185,54.7467617074775],[-1.80375900194065,54.7466714790766],[-1.8041396365687,54.7466639896741],[-1.80502522861526,54.746637566019],[-1.80613787932745,54.7465584789447],[-1.80630555891991,54.7465749338917],[-1.80662228112418,54.7466131970022],[-1.80733824188392,54.7476333797217],[-1.80879028151781,54.7497115305521],[-1.81004190914484,54.751482001682],[-1.81029657911366,54.7518436442585],[-1.81381848679335,54.7525662323377],[-1.8172070885568,54.7532489838387],[-1.8202293866343,54.7538690751],[-1.82392870739919,54.7546123107445],[-1.82492080693995,54.7547844861157],[-1.82506522444811,54.7548035593601],[-1.82518940838821,54.7548288971945],[-1.82520183918236,54.7548316200613],[-1.82754117073332,54.7553462908707],[-1.82987608833389,54.7558124155668],[-1.8311133766444,54.7560738498846],[-1.83169720835177,54.7561753158838],[-1.83220658345503,54.7562371259566],[-1.83761112816571,54.7569211778768],[-1.84046888865243,54.7572556672848],[-1.84062679606022,54.7570042833763],[-1.84109381987164,54.7571846133585],[-1.84148161517781,54.7573549733603],[-1.84348374288565,54.7587693378447],[-1.84410662181621,54.7592365382428],[-1.84489663038145,54.7598773714657],[-1.8456246725998,54.7604920789236],[-1.84608459950415,54.7609150198038],[-1.84613272065885,54.7609276700891],[-1.84618240399051,54.7609394012438],[-1.8479825701195,54.7624406163568],[-1.84843346574983,54.7627889369419],[-1.8491383550354,54.7633757405613],[-1.85033762154662,54.7643504568111],[-1.85318419135791,54.766664334574],[-1.85472160815735,54.7678775687771],[-1.8550625770784,54.7681466802712],[-1.85875314526171,54.7710572666834],[-1.86494886425102,54.7734107214002],[-1.87144969267735,54.7738923178765],[-1.87290329438721,54.773834532502],[-1.87336804354078,54.77385751075],[-1.88134162870354,54.7784244272122],[-1.87758903874152,54.7839626200629],[-1.8692157825769,54.7893402631243],[-1.87013940515156,54.7903351410222],[-1.87116708268595,54.7913885383904],[-1.87137166135266,54.7916215425097],[-1.8712220984676,54.7917004558677],[-1.87122328123722,54.7918190714671],[-1.87107845288337,54.7918809211274],[-1.87098810550395,54.7919275520409],[-1.87098342151925,54.7919284582488],[-1.8709195918628,54.7919490577635],[-1.87085424483551,54.7919660673375],[-1.87082619297052,54.7919732147242],[-1.87079043227675,54.791981265061],[-1.8707530832329,54.7919875190936],[-1.87073441667591,54.7919883914194],[-1.87070953869888,54.7919892669618],[-1.8706846238938,54.7919919361506],[-1.87066750566725,54.7919964172802],[-1.87063170077698,54.7920080656886],[-1.87060210858407,54.7920188185219],[-1.87057253757184,54.7920331605501],[-1.87053822979392,54.7920546938129],[-1.87050084726073,54.7920816156181],[-1.87049149898855,54.7920869794537],[-1.87047745494088,54.7920959552778],[-1.87046188369909,54.7921049285597],[-1.87044631538923,54.7921129825311],[-1.87042763438229,54.7921183542988],[-1.87042607009228,54.7921192548538],[-1.87040895749051,54.7921219512485],[-1.87039184656236,54.7921246098996],[-1.87037474263937,54.7921245914989],[-1.87035608172059,54.7921236790681],[-1.87028619011839,54.792087660825],[-1.87027223332742,54.7920795661004],[-1.87026136677655,54.7920714477426],[-1.87024740422171,54.7920651565851],[-1.87023340773905,54.7920597487553],[-1.87022407797597,54.7920588373675],[-1.87020545397356,54.7920561204784],[-1.87019453037366,54.79205610871],[-1.87016655644743,54.7920587753954],[-1.87013854277819,54.7920641370614],[-1.87011208186182,54.792072197222],[-1.87010896060989,54.7920721938571],[-1.87009340085548,54.7920775608506],[-1.87007627677463,54.7920838364804],[-1.87006222570231,54.7920901244084],[-1.87004976009925,54.7920990928992],[-1.87003729850683,54.7921116586602],[-1.87002947823462,54.7921269343417],[-1.87002789091709,54.792135012327],[-1.87002785633044,54.7921457969023],[-1.87002781885025,54.7921574837118],[-1.870023103181,54.7921682542507],[-1.87001530152185,54.7921772367556],[-1.86999972149912,54.7921889058974],[-1.869979461686,54.792199669547],[-1.86995768332094,54.7922077347272],[-1.86993431380365,54.792214886962],[-1.86990629716058,54.7922211319373],[-1.86987520178068,54.7922238131583],[-1.86984411087834,54.7922255831523],[-1.86981452185851,54.792225551185],[-1.86978965241034,54.7922237207349],[-1.86975857886381,54.7922200889837],[-1.86973060256078,54.7922137745299],[-1.86959685464646,54.7922064335173],[-1.86943197458676,54.792223333664],[-1.86922662439384,54.7922366013889],[-1.86920167961974,54.7922581165794],[-1.86919068837428,54.7922886827679],[-1.86915641078176,54.7923102066882],[-1.86908800504728,54.7923074355587],[-1.86897911680404,54.792314513537],[-1.86892923341602,54.7923459027986],[-1.86884353460827,54.7924015191135],[-1.86884040460349,54.7924042125337],[-1.86882326435323,54.792415861854],[-1.86880456395134,54.7924266350937],[-1.86878586220271,54.79243830158],[-1.86877027877356,54.7924508826835],[-1.86875934254736,54.7924643423275],[-1.86875622900687,54.7924715532412],[-1.86876072779113,54.7925182677993],[-1.86877611337497,54.7925667986883],[-1.86877760498858,54.7925883605517],[-1.86877588642328,54.792636890785],[-1.86877707540762,54.792751918361],[-1.86880327813052,54.7928238338245],[-1.86880929471315,54.7928840584289],[-1.86877648766148,54.7929334381745],[-1.86870472955411,54.7930016676438],[-1.86867504839234,54.7930447746465],[-1.86867492610599,54.7930825121178],[-1.86881472865225,54.7931338924274],[-1.8685514191852,54.7932801031246],[-1.8685154930787,54.7933285771585],[-1.86849044899452,54.7933707878358],[-1.86841569869967,54.7934084249671],[-1.86832692622429,54.7934388791573],[-1.86826770399599,54.7934810524383],[-1.86822707851227,54.7935349319773],[-1.86817863494354,54.7936121676787],[-1.8681362977406,54.7937073721168],[-1.86804909151083,54.7937504349208],[-1.86711324215948,54.7931535887215],[-1.86617115782699,54.7925630507778],[-1.86612163248897,54.7924847958147],[-1.86477462976184,54.7916187998891],[-1.86414348022482,54.7920072013698],[-1.86344834928824,54.7924566294674],[-1.86266742917953,54.7929760575497],[-1.86181490428658,54.7935097915158],[-1.86118359768522,54.7939323273316],[-1.86075649626836,54.7942113127142],[-1.86040590021591,54.7943924472812],[-1.86001643962629,54.7945833903284],[-1.85952583838087,54.7947805193501],[-1.85852752114411,54.7951828564527],[-1.85759454278879,54.7955681848528],[-1.85733325056019,54.7955597686735],[-1.85674007807787,54.795733400677],[-1.85605041351855,54.7959168161004],[-1.85576422511849,54.7959218672432],[-1.85393828591247,54.7963429334774],[-1.85171741206528,54.7967302312877],[-1.85138462544191,54.7971333099283],[-1.85091929977043,54.7976287973014],[-1.85011863547831,54.7979576049349],[-1.85010928982045,54.7979611915482],[-1.8499799767501,54.798016759203],[-1.8498460242346,54.7980696160412],[-1.84980241945046,54.7980857304192],[-1.84975568475276,54.7981036345994],[-1.84970895483714,54.7981206553972],[-1.84965761530134,54.7981349754053],[-1.84941170246425,54.7981679170045],[-1.84930898820793,54.7981803594686],[-1.84903512207765,54.798208801926],[-1.84832256239083,54.7982591215461],[-1.84741713915988,54.7983047026273],[-1.84650380427001,54.798386239046],[-1.84756052736604,54.7986418948813],[-1.84751496342145,54.7987640331889],[-1.84747559652099,54.7988897864699],[-1.84742200492429,54.7990793573986],[-1.84734507165855,54.7992751561892],[-1.84732892228193,54.7994315170513],[-1.84732045256256,54.7996130291117],[-1.84732134293657,54.7997914049955],[-1.84740883310989,54.8001019959503],[-1.84759390651684,54.8009523785613],[-1.84628057745051,54.8010774349961],[-1.84617307870934,54.8011150281638],[-1.8459801249351,54.8011349913507],[-1.84586805125168,54.8011559872613],[-1.84540572840884,54.8012434648599],[-1.84463208844801,54.8013826726434],[-1.84368753360921,54.8014748984479],[-1.84277410095865,54.8015662828946],[-1.84176730018561,54.8016593422143],[-1.84193281874435,54.8027020181479],[-1.83994300625376,54.8027596080286],[-1.83982138417091,54.8024350279319],[-1.83963863345215,54.8018326681367],[-1.83930616806402,54.8005345776178],[-1.83853791214364,54.8008858120761],[-1.83858276435975,54.8009550736495],[-1.83784571700684,54.8012776167391],[-1.83676730782619,54.8017749270187],[-1.83600835574138,54.8021225885516],[-1.83518860474986,54.8025096950275],[-1.83490337769215,54.8026441121667],[-1.83350391975658,54.8032667793845],[-1.83252514080791,54.8037210397061],[-1.83245542725941,54.8036526528142],[-1.83218301516221,54.803695397612],[-1.83189158255743,54.8038235049083],[-1.83150688797169,54.8039380189904],[-1.830982025312,54.8040837709555],[-1.83073445828334,54.8041382253096],[-1.83045122730589,54.8041612128056],[-1.83008718476256,54.8041651937368],[-1.82954095900891,54.804217441931],[-1.8283722907071,54.8043074569845],[-1.82836478129653,54.8042445298192],[-1.82789492237663,54.8042582477306],[-1.82695353903382,54.8043099406114],[-1.8269596609922,54.8043315101548],[-1.82559633288496,54.8044634595891],[-1.82518716030992,54.8044817350595],[-1.82451339844825,54.8045131262009],[-1.82364050703148,54.8045567766571],[-1.8224438892288,54.8046287224388],[-1.82229420960754,54.8043436348354],[-1.82212790015618,54.80396324241],[-1.82210784546446,54.803915581858],[-1.8218567490069,54.8033481733751],[-1.82158392536154,54.8027753124797],[-1.82127807428295,54.8022824078365],[-1.82113266360739,54.8020952562926],[-1.82065296950323,54.8022284516348],[-1.82034299284461,54.8023223625619],[-1.81970274119535,54.8025316857082],[-1.81843577702267,54.8026879646818],[-1.81659917069519,54.802916151675],[-1.81623185726305,54.8029623343048],[-1.81419444652173,54.8032198400282],[-1.81222855868074,54.8034648427567],[-1.81008685672198,54.8037149303735],[-1.80799635329593,54.8039929172066],[-1.80585309403537,54.8042375445622],[-1.80553574328429,54.8039090183004],[-1.80506495871335,54.803461617062],[-1.80462852685701,54.8029944851811],[-1.80428033951003,54.8026165259643],[-1.80390414040722,54.8022348673543],[-1.80342109959577,54.8017667812722],[-1.80297973417706,54.8013526863567],[-1.80263767899526,54.8009971585399],[-1.80251529231599,54.8008899999625],[-1.80250794762114,54.8008046362195],[-1.80250502095965,54.8007677861123],[-1.80246060688951,54.8006238992136],[-1.80245295565991,54.8005987456451],[-1.80249902099162,54.8003975103099],[-1.8024572181321,54.8003561053388],[-1.80237957098676,54.8003326233706],[-1.80228302670451,54.800349545162],[-1.80220835370176,54.8003566010403],[-1.80208086451637,54.8003465005036],[-1.80182694196437,54.8004206895354],[-1.80176312199635,54.800429557513],[-1.80163081287655,54.8004446265741],[-1.80161841147663,54.8004464278846],[-1.80157168502613,54.800451725462],[-1.80152654975368,54.8004570444925],[-1.80149696880982,54.8004605754595],[-1.80147985432504,54.80046236095],[-1.80143472785064,54.8004658664491],[-1.80138804980567,54.8004676026109],[-1.80134295392465,54.8004648138631],[-1.80133672576072,54.800464803659],[-1.80126833091801,54.8004548089406],[-1.80120310411134,54.8004385332028],[-1.80114098566258,54.8004186552786],[-1.80108197393637,54.800395194042],[-1.80106025962705,54.8003861672549],[-1.80102454388804,54.8003708420972],[-1.80101521136482,54.8003672384052],[-1.80098262871776,54.8003528107528],[-1.80094848452717,54.8003383526696],[-1.80091743091591,54.800323937395],[-1.80088641448143,54.8003086010398],[-1.80085849599972,54.8002914751268],[-1.80083523712228,54.8002725721084],[-1.80081513716939,54.8002527729118],[-1.8008058640872,54.8002401781383],[-1.80079664369172,54.8002167796764],[-1.80079519752712,54.8001934029729],[-1.80079531572024,54.8001691643218],[-1.80079387239782,54.8001448862598],[-1.80078933982163,54.8001206210955],[-1.80077543304873,54.800098126165],[-1.80077232867282,54.8000945416672],[-1.80075379350832,54.8000738148728],[-1.80073209649275,54.8000549143659],[-1.8007181638285,54.8000441155325],[-1.80070265983498,54.8000324217369],[-1.80068402816013,54.8000216061891],[-1.80066544036067,54.8000116830886],[-1.80064525692858,54.8000026587264],[-1.8006235125664,54.7999963466721],[-1.80060640763057,54.7999927023024],[-1.80058154255909,54.7999899833778],[-1.80055510561693,54.7999890295438],[-1.80052863312187,54.7999889859968],[-1.80018170661227,54.800004591706],[-1.79981139798605,54.8000201686053],[-1.7995530587335,54.8000494005695],[-1.79935390130006,54.8000607493695],[-1.79891855251722,54.8000222706206],[-1.79885948074542,54.8000176999698],[-1.79882682385236,54.8000122438954],[-1.79878485922771,54.8000076836166],[-1.79874132124055,54.8000058077309],[-1.79869933450366,54.8000057380329],[-1.7986557476339,54.8000074692911],[-1.79861373875739,54.8000118901737],[-1.79857328266381,54.8000181181478],[-1.79853278068983,54.8000270231659],[-1.79851096509317,54.8000323789279],[-1.79848448983034,54.8000395125964],[-1.79845957455632,54.8000466767108],[-1.7984362105985,54.8000556290534],[-1.79841437721711,54.8000645830375],[-1.79839407509802,54.8000762364681],[-1.79837848323889,54.8000887811189],[-1.79836596489253,54.8001013488521],[-1.79835656551394,54.8001148150338],[-1.79835028654251,54.800128258537],[-1.79834868932586,54.8001354515083],[-1.79834705808805,54.8001498508345],[-1.79835010900665,54.800164221102],[-1.79835472603322,54.8001777006987],[-1.79836399223916,54.8001912158853],[-1.7983794445378,54.8002101064001],[-1.79839799363042,54.8002343949629],[-1.79841184875098,54.8002604784451],[-1.79842261630474,54.8002865487047],[-1.7984286942318,54.8003135305038],[-1.79843168307145,54.8003404891939],[-1.79842998973398,54.8003674769457],[-1.79842996321469,54.8003728509307],[-1.79842674826893,54.8003917104052],[-1.79842356878925,54.8004096865488],[-1.79841570738919,54.8004276369355],[-1.79840785034635,54.8004447030404],[-1.79839375407279,54.8004608484214],[-1.7983906144543,54.8004644414642],[-1.79837343623085,54.800478796067],[-1.79835317329791,54.8004922342892],[-1.79833132029016,54.8005047963591],[-1.7983079798892,54.8005155334542],[-1.79828143154582,54.8005244795567],[-1.79825495591388,54.8005316140616],[-1.79824561257193,54.8005333922551],[-1.79821605940252,54.8005378436031],[-1.79818648398819,54.80054049937],[-1.79807434756563,54.8005663740262],[-1.79797468074769,54.800589563469],[-1.79797158543753,54.8005904785468],[-1.79794977400884,54.80059491487],[-1.79792952268772,54.8005993627757],[-1.79790929952339,54.8006047210748],[-1.79789060093663,54.8006109841734],[-1.79788590396453,54.8006136822309],[-1.79786559037441,54.8006307095638],[-1.79784838957573,54.8006495735662],[-1.79781705825284,54.8006980358691],[-1.7978154831916,54.800700729244],[-1.79780293261214,54.8007231902699],[-1.79779037769432,54.8007465247916],[-1.79777468818739,54.8007689617079],[-1.79775591828615,54.8007896078329],[-1.79772313626552,54.8008156046101],[-1.79767945787876,54.8008415930833],[-1.79763268359266,54.8008657727493],[-1.79759211740467,54.8008845968195],[-1.79753137305122,54.8009087531262],[-1.79746744232819,54.8009302071808],[-1.79740202540449,54.8009489627175],[-1.79737088930117,54.8009579198281],[-1.79730861807125,54.8009721809454],[-1.79724479397911,54.8009846447961],[-1.79717937032206,54.8009953202865],[-1.79711399108807,54.8010033088015],[-1.79704709785628,54.8010085708875],[-1.79698018515938,54.8010111737483],[-1.79697706325864,54.8010111685213],[-1.7969381928975,54.8010120056958],[-1.79689929142913,54.8010128419071],[-1.79686039892531,54.8010118753948],[-1.79682154348801,54.8010100246438],[-1.79678422462456,54.8010063548573],[-1.79674692353588,54.8009991146848],[-1.79674224595416,54.8009982045824],[-1.79671895274527,54.8009927546606],[-1.79669563429587,54.8009864392756],[-1.79667234994033,54.8009792135936],[-1.79665216540979,54.8009701795952],[-1.7966351087347,54.8009602683483],[-1.79662890281204,54.8009557762873],[-1.79661496441281,54.8009431634821],[-1.79660416791129,54.8009296644677],[-1.79659490643527,54.8009152837389],[-1.79659029449504,54.800900883849],[-1.7965887566469,54.8008963996165],[-1.79657956980335,54.8008667245963],[-1.7965657276256,54.8008379260534],[-1.79655801291601,54.8008262448164],[-1.79655028356336,54.8008109464193],[-1.79654258238742,54.8007965503307],[-1.79653178746429,54.8007830594],[-1.79651939371386,54.8007704590605],[-1.79650234463572,54.8007587342968],[-1.79647751811963,54.8007479265974],[-1.79644800072979,54.800738885886],[-1.79641690819306,54.8007325394229],[-1.79638428212082,54.8007270917398],[-1.79638116024212,54.8007270864974],[-1.79634696351365,54.800723430805],[-1.79631119309052,54.8007224873328],[-1.79627540935573,54.8007242128691],[-1.796241178292,54.8007277536155],[-1.79620693671648,54.8007330880743],[-1.7961789077766,54.800738433865],[-1.79614775610012,54.8007473726628],[-1.79611658949015,54.8007589885569],[-1.79608852909509,54.8007706285386],[-1.79596212840393,54.8008521973171],[-1.7959040056122,54.8009635306302],[-1.79577752309855,54.8010612669987],[-1.79549217036174,54.8011902175051],[-1.79520700712648,54.801300247125],[-1.79508548682806,54.8013351123153],[-1.79494848083304,54.8013582361744],[-1.79477891444704,54.801362439958],[-1.79440550052952,54.8013779942096],[-1.79390771599525,54.8013807474692],[-1.79357468805495,54.8014107329929],[-1.79325724947779,54.8014317530183],[-1.79284660811988,54.8014256691891],[-1.79280154287834,54.8014228773211],[-1.79215925517617,54.8013876368806],[-1.79147798360704,54.8013819865214],[-1.79212450351111,54.8008861227518],[-1.79284259914268,54.8003822988202],[-1.79380103857278,54.7997126390856],[-1.79441733587557,54.7993371335106],[-1.79450943257168,54.7992734895375],[-1.79584243223399,54.7983429068979],[-1.79749992745082,54.7972079975137],[-1.79882504058319,54.7962728680425],[-1.79979727359047,54.795608574984],[-1.80080688768572,54.7949173538172],[-1.80114202590406,54.794766027883],[-1.80195839037819,54.7944779775472],[-1.80284326704265,54.7941748219124],[-1.803715482441,54.7939119914504],[-1.80367395439137,54.7938112687334],[-1.80329960306089,54.7933945948126],[-1.80304137158429,54.7930805397073],[-1.80278916623844,54.792818607655],[-1.80247275178877,54.7926428606194],[-1.80227717412108,54.7925670542422],[-1.802187492247,54.7924500655164],[-1.80197508894068,54.7923203235637],[-1.80176273200954,54.792171680479],[-1.80167449465982,54.7920888710211],[-1.80165141236393,54.7920411920495],[-1.80163302415946,54.7919908436217],[-1.80161493867256,54.7918650083203],[-1.80161301585674,54.7916124762005],[-1.80162378606699,54.7913240408124],[-1.8017250188852,54.7909746135405],[-1.80171770387472,54.790887438302],[-1.80172881014085,54.7908371290988],[-1.80174617460276,54.7907832328233],[-1.801819922651,54.7906557373096],[-1.80140866292327,54.7904717461811],[-1.80117570662108,54.7904093588167],[-1.80090877525889,54.7903001877799],[-1.80041380749589,54.7900747006782],[-1.79974221329378,54.7897132422991],[-1.7995621890366,54.7896392530048],[-1.79929202164875,54.7895552307106],[-1.79889937271295,54.7893928223004],[-1.7987426040651,54.7893377537942],[-1.79844759465647,54.7892383850223],[-1.79830320796294,54.7891941213028],[-1.79797856108973,54.7891216922662],[-1.79772841388854,54.7890799105515],[-1.79742405768539,54.7889940609548],[-1.79715212860438,54.7889522595642],[-1.79658844208733,54.7887895666541],[-1.79610366720377,54.7887114526116],[-1.79605218666085,54.7887401320029],[-1.79589396549132,54.7889788853226],[-1.79565821925215,54.7894664838122],[-1.79544650931566,54.7898246743277],[-1.79542448649962,54.7898722678584],[-1.79539419263816,54.79001601199],[-1.79536430104048,54.7900923493052],[-1.79532657380341,54.7901722716113],[-1.79504878055467,54.7906741443358],[-1.79488865878079,54.7906648833079],[-1.79401813081703,54.7905897332244],[-1.79350404871092,54.7904657232748],[-1.79320758680156,54.7903555912229],[-1.79296678664435,54.7903039511224],[-1.79271540056213,54.7901983853994],[-1.79249342448593,54.790127892968],[-1.79204476585995,54.7899734736632],[-1.79111452134485,54.7897220496217],[-1.79012092419956,54.7894057805393],[-1.78982504661377,54.7891761304714],[-1.7894698846473,54.7889993536042],[-1.78905234220386,54.788849486186],[-1.78859740763098,54.7887156641227],[-1.78872903986064,54.7885208696389],[-1.78888746900927,54.7882524664755],[-1.78778023610887,54.7879656462743],[-1.78762514392867,54.7878827009819],[-1.78744401691423,54.7877296059567],[-1.78734077593434,54.7878507478413],[-1.78734382664733,54.7878579496944],[-1.78739800037899,54.787906578022],[-1.7876274613235,54.7880399719964],[-1.78777962711395,54.7883826383378],[-1.7876760440609,54.7885630799895],[-1.78746394459027,54.7889778885876],[-1.78732286694009,54.7891960206428],[-1.78781683997476,54.789297514529],[-1.78770729803545,54.7894294305828],[-1.78736517998033,54.7897299025731],[-1.7871621979211,54.7898850104528],[-1.78708196285318,54.790063698083],[-1.78691892673218,54.7903141466626],[-1.78669495146175,54.7906156990633],[-1.78661659723901,54.7907323846881],[-1.78654291116613,54.7908454892297],[-1.78644700266011,54.7910484155316],[-1.78630806468622,54.7911479142601],[-1.78579780180344,54.7917734066021],[-1.78547086208413,54.7921376750587],[-1.78550152665903,54.7922177073114],[-1.78520409709521,54.7925928490021],[-1.78508513285652,54.7927354961298],[-1.78505852744882,54.7927678136601],[-1.78453847773196,54.7931775640563],[-1.78496404590569,54.7932843685599],[-1.78477085694094,54.793643500976],[-1.78451065727699,54.7940312656002],[-1.78431974436757,54.7948388441866],[-1.78416317757451,54.7956248930497],[-1.7834725371977,54.7956452574412],[-1.78156379287522,54.7957182766292],[-1.78061333148828,54.7957498217343],[-1.78025375027262,54.7958022030767],[-1.77980713129243,54.795851712459],[-1.77928884070511,54.7959190818574],[-1.7789976561614,54.7959814749001],[-1.77902195130026,54.796094762528],[-1.77904037147909,54.7961343200083],[-1.77906351544897,54.7961721093164],[-1.77915325016498,54.7962594451506],[-1.77916696659739,54.7963088956821],[-1.77918338016423,54.7964365253304],[-1.77919317652505,54.7966396572852],[-1.77918369238494,54.7966674863718],[-1.77911880980219,54.7968758679457],[-1.77907531309771,54.7971525786543],[-1.77904258213286,54.7974499672894],[-1.77907100993276,54.7976594189249],[-1.77908240161553,54.7978499463001],[-1.77906690935039,54.7981285199471],[-1.7790459226986,54.7982686798116],[-1.77898908242587,54.7984240147562],[-1.77897453813914,54.7985273587759],[-1.77898060440774,54.7985543324341],[-1.77912285851636,54.7987091700991],[-1.77916721366686,54.7988539291482],[-1.77911493447685,54.7990254780188],[-1.77892249876348,54.7992309239725],[-1.77869480901639,54.7993401503945],[-1.77867301742587,54.7993464242578],[-1.77806805610931,54.7990406784467],[-1.77767410198032,54.7988359501365],[-1.77723329548189,54.7986598920356],[-1.77663096045114,54.7984485327751],[-1.77578785087903,54.7981773947382],[-1.77478319800844,54.7978754116259],[-1.77337798354285,54.7974378669456],[-1.77325879757965,54.7973324919695],[-1.7721513457454,54.7970617416879],[-1.77083101978907,54.7967537378617],[-1.7709641131825,54.796593138252],[-1.77059135486444,54.7965097495046],[-1.77038618679061,54.7964761179021],[-1.76984054002968,54.7964310541309],[-1.76890494124845,54.7963025796621],[-1.7682318568062,54.7962402164665],[-1.76763791049394,54.7962031411704],[-1.76613490804609,54.7960277555169],[-1.76598617646054,54.795929513332],[-1.76547954139925,54.7958602571624],[-1.76476944301892,54.7957393713864],[-1.76376450592662,54.7955109840075],[-1.76306060470336,54.7953972870527],[-1.76277796858442,54.7953248442549],[-1.76254203456461,54.7952435277809],[-1.76205837676829,54.7952317977024],[-1.76157284943322,54.7950169856836],[-1.76135246426968,54.7949410621836],[-1.76108230408009,54.794857854959],[-1.76095663171636,54.7948063994087],[-1.76086361240845,54.7947594808086],[-1.76078146942245,54.7947098945087],[-1.76071954367262,54.7946621430416],[-1.76067314532604,54.7946171276517],[-1.76061602160651,54.7945433143727],[-1.76050373996174,54.794332813923],[-1.75998102517215,54.7940999242482],[-1.75956672185446,54.7939346603847],[-1.75940983377304,54.7939002034123],[-1.75934775168086,54.7938794225639],[-1.7592454096597,54.7938261984317],[-1.75918813648619,54.7937838482429],[-1.75912933459825,54.7937307182768],[-1.75906753453678,54.7936623069496],[-1.75902281085014,54.7935984017051],[-1.75898752622754,54.7935165695619],[-1.75892862643383,54.7932216865955],[-1.75891806879843,54.793165052872],[-1.75879274238274,54.7927927582653],[-1.75873541633999,54.7924906998075],[-1.75864052948946,54.7922334845777],[-1.75804683795964,54.7924336185365],[-1.75726498137131,54.7926261907092],[-1.7565841883632,54.7928225469767],[-1.75645178515253,54.7928600330781],[-1.75628811904321,54.7929217047378],[-1.75607918521984,54.7930111601328],[-1.75587327050532,54.7931123172025],[-1.75526047047523,54.7933815902846],[-1.75464941830869,54.7936131072439],[-1.75416142003841,54.793815253581],[-1.75330137632849,54.7940723540842],[-1.75306932322385,54.7941248927606],[-1.75227920135255,54.794140372693],[-1.75219682219184,54.7941267159558],[-1.75206012170437,54.7940994867861],[-1.7516018986677,54.7940069073477],[-1.7510567587831,54.7938817906338],[-1.75010033633203,54.793620108142],[-1.74983957069866,54.7935369026797],[-1.74976047791555,54.7935016988087],[-1.74930701673003,54.7936508410448],[-1.74813871433619,54.793948609274],[-1.74722736110526,54.7941920616961],[-1.74657162820903,54.7943452654642],[-1.7456508267504,54.7936163439144],[-1.74514796514656,54.7932037385426],[-1.74493419935403,54.7930612757501],[-1.74472519201327,54.7924201194338],[-1.74463402748269,54.7920766228632],[-1.74354047823379,54.7918712543935],[-1.74318318436713,54.7918111885114],[-1.74246379823277,54.7917045422288],[-1.74177413471806,54.791577276723],[-1.74134844078022,54.7915107753868],[-1.7410455569025,54.7914499341483],[-1.74091359481435,54.7914163884813],[-1.74080028199949,54.7913802050343],[-1.74065598682457,54.7913278051731],[-1.74051020133302,54.7912645623568],[-1.74038467729503,54.7912004969132],[-1.74026690093774,54.7911301625519],[-1.7400950680432,54.7910138494076],[-1.74005936269072,54.7909967125919],[-1.73996752076732,54.7910198918124],[-1.73988193871207,54.7910205934979],[-1.73943484631691,54.7909001144243],[-1.73919726204095,54.7908439081508],[-1.73904352387274,54.7908094128371],[-1.7387437372442,54.7907512686851],[-1.73832884358623,54.7907036538225],[-1.73802910914721,54.7906401071332],[-1.738227820693,54.7911788454365],[-1.73832798147589,54.7915609722608],[-1.73842660273729,54.79194491495],[-1.73857907835057,54.7926605591575],[-1.73889262268226,54.7939669647538],[-1.73903518413502,54.7945280106398],[-1.73917230072618,54.794732305707],[-1.73939013559988,54.7949610379794],[-1.73998114334184,54.7954457582796],[-1.74094298941883,54.7963168060085],[-1.7405666184437,54.7963150963191],[-1.73994442966144,54.7963191665825],[-1.73938279922725,54.7963422263041],[-1.73896435251981,54.7963548235878],[-1.73874940854915,54.7964037708525],[-1.73855592466686,54.7964986259993],[-1.73784543703982,54.7974146107793],[-1.73713626256428,54.7983584650751],[-1.73616475836303,54.7982629031087],[-1.7354667869378,54.7981984966072],[-1.73508417787694,54.7981931853685],[-1.73489747162781,54.7982035556494],[-1.73444008860557,54.7982142291651],[-1.73438748003751,54.7981727878372],[-1.73380494708515,54.7982937389436],[-1.73304019061221,54.798454723654],[-1.73222504878997,54.7984682021922],[-1.73182054532378,54.798247153125],[-1.7314283741459,54.798040493766],[-1.73121581203534,54.7979627376732],[-1.73091782557104,54.7978641329345],[-1.73057169936474,54.7977474410729],[-1.730186635567,54.7976522582134],[-1.72985591698973,54.7975616401448],[-1.72917290556845,54.7973588381145],[-1.72850227572261,54.7971632282877],[-1.72764505634,54.7969618250961],[-1.72704127248381,54.7967753465413],[-1.72619682019351,54.7965254386911],[-1.72423996603693,54.7963296057772],[-1.72350016655726,54.7962497492096],[-1.72213710374118,54.7961028674211],[-1.7208144429558,54.7959695532807],[-1.71989291152033,54.7958559925178],[-1.71908051511855,54.7957031540804],[-1.71758139432738,54.795446283161],[-1.71731012009795,54.7957637795736],[-1.7171012066357,54.7960589397171],[-1.71684623819881,54.7964896954025],[-1.71639318970974,54.7972174372955],[-1.71564049947606,54.7976470313849],[-1.71475013823204,54.7981823347623],[-1.71382714132644,54.7987139658383],[-1.71280584784603,54.7992813012985],[-1.7122553011006,54.7994893961382],[-1.71194732903972,54.7992631071991],[-1.7117978722935,54.7990686366989],[-1.71142127805142,54.7990902171209],[-1.7112688434216,54.7990907574768],[-1.71121318699652,54.7990420945233],[-1.7107643222334,54.7991695368063],[-1.71023748235352,54.7993219603335],[-1.70930886906462,54.7995408203527],[-1.70916681919434,54.7996078777807],[-1.70829119242844,54.7998061697336],[-1.708298502395,54.7998726812723],[-1.70713988723816,54.8000550302466],[-1.70737557583944,54.8003755162248],[-1.70763588925245,54.8007320046697],[-1.70789363544192,54.801012108157],[-1.70810356606256,54.801239047095],[-1.707228507359,54.8017833402811],[-1.70698552828406,54.8029051529056],[-1.70679015512795,54.8038940913095],[-1.70672580323324,54.8041886889117],[-1.70672209005839,54.8044861372855],[-1.70665112029895,54.8046207581425],[-1.70659327693883,54.8050896950292],[-1.70599876881947,54.8051233131736],[-1.70551282029457,54.805199428638],[-1.70525740311154,54.8052374510616],[-1.70515467714058,54.8052470759922],[-1.70499590940251,54.8052565840902],[-1.70480611472154,54.8052588214292],[-1.7045322928509,54.8052581579994],[-1.70390546508277,54.8052449591254],[-1.70377026757026,54.805224855146],[-1.70318060406796,54.8052315003572],[-1.70276666611165,54.8052493837895],[-1.70233399927873,54.8052707903743],[-1.70231217943739,54.8052743343455],[-1.70228884528785,54.8052760539679],[-1.70226708452228,54.805276000816],[-1.70224375041154,54.8052732658671],[-1.70222201100142,54.8052705168367],[-1.70220182582998,54.8052641545703],[-1.70218475369352,54.8052569354142],[-1.70216929438036,54.8052470233753],[-1.70215691576991,54.8052362085392],[-1.70214454379358,54.8052244914825],[-1.70213373357982,54.8052127971125],[-1.702122962808,54.8052001817311],[-1.70211675795527,54.8051947747221],[-1.70209672273743,54.8051722444579],[-1.70207976951699,54.8051488482444],[-1.70206906752874,54.8051245471],[-1.70206447732876,54.8051119656915],[-1.70205998430081,54.8050903945169],[-1.70208445410284,54.8049340926082],[-1.702146310326,54.8047715879752],[-1.70223069014215,54.8045093784032],[-1.70222206906839,54.8044122933327],[-1.70215136909246,54.8042953188267],[-1.70194256732357,54.8041294656525],[-1.7017975425326,54.803969141138],[-1.7017619960708,54.8039376017287],[-1.70172331934711,54.8039069559855],[-1.70167997966535,54.8038781023897],[-1.70165517879454,54.803862766585],[-1.70160717725986,54.8038374628664],[-1.70155444055959,54.8038148901667],[-1.70150013975641,54.8037949636654],[-1.70144273452642,54.8037768600639],[-1.70138371654139,54.803761449304],[-1.70132313032686,54.8037469090484],[-1.70126100983925,54.8037332753236],[-1.70119732097837,54.8037205309696],[-1.70113515454712,54.8037087096267],[-1.70111965876007,54.8037059756888],[-1.70102178081374,54.8036895581894],[-1.70092230792354,54.8036776370903],[-1.70082124678732,54.8036693002834],[-1.70072017401053,54.8036627570513],[-1.70061751951908,54.8036589075688],[-1.70051641853302,54.8036559811282],[-1.70041998837927,54.8036548418043],[-1.70027220300773,54.8036535670806],[-1.70012287580218,54.803655896426],[-1.69997501334698,54.8036627277929],[-1.69983023556851,54.8036767179667],[-1.69977265521461,54.803684701594],[-1.69967760558856,54.8037015280214],[-1.69958564070365,54.8037210857627],[-1.69949371460773,54.8037442138316],[-1.69940484892752,54.8037691529552],[-1.69931600094351,54.8037958866441],[-1.69925672385774,54.8038155158239],[-1.6991413244427,54.8038547630162],[-1.69904148482786,54.8038922719252],[-1.69900716227209,54.8039065698825],[-1.69896973602432,54.8039181642373],[-1.69893231645383,54.8039288563614],[-1.69889182748998,54.8039368359775],[-1.69887623619732,54.8039385920271],[-1.69883576561279,54.8039438847329],[-1.69879374962406,54.8039473781191],[-1.69876106139897,54.8039472972952],[-1.69871751698242,54.8039462882778],[-1.69867399254116,54.8039425914583],[-1.69863047487339,54.8039379843164],[-1.698605580121,54.803935226806],[-1.69850455370273,54.8039224066326],[-1.69840357865247,54.8039068717069],[-1.69830568208038,54.8038886483971],[-1.69820784334734,54.8038668458633],[-1.69820476053529,54.8038659458755],[-1.69799668139282,54.803815085645],[-1.69784769510477,54.8037653008301],[-1.6975814975823,54.803583120153],[-1.6974219459041,54.8034892580826],[-1.69725762720168,54.8034151594545],[-1.69668870465184,54.803357142453],[-1.69634046953422,54.8033248215652],[-1.69599057270934,54.8033104593722],[-1.69573858450174,54.8033080446564],[-1.69537910573293,54.8033224213814],[-1.69529038898504,54.8033293958242],[-1.69478534403578,54.8034665123882],[-1.69435141173089,54.8036622116044],[-1.69400314400331,54.8038410817491],[-1.69374373428059,54.8039941047332],[-1.69370938280777,54.8040119714258],[-1.6936719142219,54.8040289558922],[-1.69363293835213,54.804043240632],[-1.69359551044733,54.8040548333286],[-1.69355191566126,54.8040646069269],[-1.69350671027985,54.8040725908567],[-1.69346154088476,54.8040778699496],[-1.69341484918944,54.8040822339721],[-1.69336816225287,54.804083910152],[-1.69332148205453,54.8040846948786],[-1.69329969087884,54.8040846400169],[-1.69323590875514,54.8040844794159],[-1.69317214703124,54.8040816229084],[-1.69310842994276,54.8040769808792],[-1.69304780022764,54.8040687205778],[-1.69298722191834,54.8040577833227],[-1.6929359889292,54.8040432894067],[-1.69289253104067,54.8040288060843],[-1.69285223135894,54.8040116257986],[-1.69281346772081,54.8039935471367],[-1.69277940695672,54.8039727843986],[-1.69275155247009,54.8039529476283],[-1.69272993346588,54.8039322342291],[-1.69270989005868,54.8039097122407],[-1.69269295160827,54.8038872079667],[-1.69268067137846,54.8038638033211],[-1.69267762598142,54.8038557249387],[-1.69259420286579,54.8037800213703],[-1.6924983792705,54.8036988838078],[-1.69246890856651,54.8036862571856],[-1.69243786589139,54.8036753762423],[-1.69240371680002,54.8036663179798],[-1.69236955425275,54.8036590353894],[-1.6923337934865,54.8036526509889],[-1.69229806391869,54.8036462567716],[-1.69228097567849,54.803643535654],[-1.69220643370843,54.8036298757936],[-1.69213183052724,54.8036197770491],[-1.69205564784588,54.8036124160212],[-1.69197950715007,54.8036077231184],[-1.69190168240764,54.8036066249679],[-1.69184567595855,54.8036064833009],[-1.69122376336912,54.8035626704972],[-1.6908132069864,54.8035481665598],[-1.69040761491729,54.8035884721199],[-1.69033513192874,54.8036098301163],[-1.69011012986132,54.8037404703835],[-1.68981029108765,54.8038915695742],[-1.68954540199291,54.8039466222191],[-1.69007613628432,54.8041196205486],[-1.69040325148697,54.8041599755294],[-1.69066049183063,54.8041929927265],[-1.69114646607146,54.804316448293],[-1.69119531748171,54.804440579278],[-1.69141282518197,54.8046792623702],[-1.69152330593421,54.8048817392085],[-1.691613836621,54.8050473211378],[-1.69161283869652,54.8051785310357],[-1.69161810749135,54.805302533516],[-1.69161143085,54.8053636368061],[-1.69158450743175,54.8054264834237],[-1.69151573994393,54.8054658315469],[-1.69131601132425,54.8055444087374],[-1.69117501113991,54.8056761561329],[-1.69100439470156,54.8058141142409],[-1.69092590652746,54.8059037828527],[-1.6907945205434,54.8059987090051],[-1.69074729513637,54.8060704759355],[-1.69054563816542,54.806196676749],[-1.69038698606546,54.8062901717515],[-1.69030213091471,54.8063038876909],[-1.69018888516198,54.8064635686622],[-1.69005219317979,54.8066393492396],[-1.68995144514025,54.8067936510635],[-1.68990954247046,54.8069858680011],[-1.68988455884105,54.807198776967],[-1.6899540241218,54.8074730195557],[-1.68980186045964,54.8074340112914],[-1.68882068636269,54.8071646115889],[-1.68742791694932,54.8068060843324],[-1.68704756200417,54.8066972591247],[-1.6865399075844,54.8065611621433],[-1.68630544772266,54.8065021433019],[-1.68578368917671,54.8063776936524],[-1.68525561953067,54.806262205568],[-1.68504129062095,54.806216699735],[-1.68481298080856,54.806168479082],[-1.68458464981953,54.8061229714032],[-1.68435315527632,54.8060810262888],[-1.68411851407844,54.8060462589994],[-1.68383097741123,54.806012282994],[-1.68353869562968,54.805986364664],[-1.68324484145114,54.8059658154128],[-1.68314997134811,54.8059601765111],[-1.68285606261797,54.8059468494574],[-1.68256051764958,54.8059388643395],[-1.6819940871363,54.8059598564227],[-1.68142091035154,54.8060446173552],[-1.68080103733771,54.806135556129],[-1.68010784108694,54.8062478780153],[-1.67937899531178,54.8063429855593],[-1.67860034309157,54.8064425222353],[-1.67785277284357,54.8065474633653],[-1.6773948924174,54.8066073521542],[-1.67695898598175,54.8066484332933],[-1.67644529206509,54.8066830110105],[-1.67552539996366,54.8067407607666],[-1.6750025444872,54.8067573458976],[-1.67459459450207,54.8068002878083],[-1.67394721510175,54.8068237306369],[-1.67337454979493,54.8068392550222],[-1.67212968072359,54.8068745637713],[-1.67047069149003,54.8069464581354],[-1.66939395068301,54.8069624105832],[-1.66827666004382,54.8069925968859],[-1.667430179293,54.8070109630842],[-1.66632231033746,54.8070322038315],[-1.66552402111869,54.8070542673178],[-1.66488310011876,54.8070488959849],[-1.66409274804042,54.8070530197791],[-1.66387500712934,54.8070506236549],[-1.66348633683524,54.8070144884567],[-1.66319083503518,54.8070028949186],[-1.66286424987155,54.8069858226605],[-1.66245537526759,54.8069541375317],[-1.66207313165546,54.8068964374713],[-1.66177482426511,54.8068488798596],[-1.66157272066907,54.8068303547374],[-1.66134555628122,54.8068369097673],[-1.66072681396911,54.8067821817278],[-1.6594333165749,54.8066770031217],[-1.65905390727688,54.8066543790286],[-1.65837576553897,54.8066353974381],[-1.65696707298924,54.8065370742023],[-1.65633846707747,54.8065496823567],[-1.65594006308388,54.8065656166533],[-1.65554483375816,54.8065716942483],[-1.65525891669636,54.8065331277224],[-1.65466468846833,54.8065269792409]]]}},{"type":"Feature","properties":{"ward":"Ferryhill","boundary_ward":"Ferryhill","date":"2022-02-24","display_date":"24 February 2022","winning_party":"Labour","winning_candidate":"Curtis Ferenc Bihari","total_votes":2120,"turnout":26.24,"electorate":8101,"labour_votes":876,"labour_pct":41.3,"labour_candidate":"Curtis Ferenc Bihari","independent_votes":694,"independent_pct":32.7,"independent_candidate":"Glenys Joan Newby","conservative_votes":348,"conservative_pct":16.4,"conservative_candidate":"David Farry","green_votes":165,"green_pct":7.8,"green_candidate":"Rebecca Margaret Dixon-McWaters","other_votes":37,"other_pct":1.7,"other_candidate":"Kaela Banthorpe"},"geometry":{"type":"Polygon","coordinates":[[[-1.53493503562944,54.7095179278795],[-1.53487794792865,54.709351431573],[-1.53478268544513,54.7091322447973],[-1.53468337809806,54.7087252301688],[-1.53449902371117,54.7081538586659],[-1.53468506646368,54.7077645683713],[-1.53490219534147,54.7073690927331],[-1.53488446978712,54.706748906828],[-1.53484614032445,54.7064378593228],[-1.5347790582917,54.7060619626004],[-1.53473908868918,54.7057553526537],[-1.5347417807495,54.7053869198422],[-1.53473543406491,54.7052610723985],[-1.53471273383715,54.7050758521077],[-1.53466276541531,54.7048321391454],[-1.53400426143339,54.7035247399381],[-1.53365827315242,54.7027065192692],[-1.53334242405981,54.7025085038992],[-1.53330087933406,54.7024786944953],[-1.53328110206071,54.7024435480148],[-1.53316456585638,54.7021861065712],[-1.53300509779821,54.7016157299007],[-1.53282316512673,54.7011063893391],[-1.53274523552284,54.7004626336041],[-1.53270232733823,54.7000095301929],[-1.53266446818736,54.6993875101048],[-1.53265098224003,54.6988042424852],[-1.53261267093406,54.6984958362304],[-1.53263297102069,54.6982110657926],[-1.53259780479017,54.6973544793906],[-1.53254074325742,54.6959694209601],[-1.53249503318437,54.6956304521066],[-1.5324807451129,54.6955243591883],[-1.53244079748246,54.695082061584],[-1.53240059120013,54.6947979224821],[-1.53236338725972,54.6945290803014],[-1.53225074945121,54.693394533481],[-1.53223159850702,54.6930340879686],[-1.53217385281562,54.6926591276405],[-1.53213750719384,54.6923130079143],[-1.53215032055754,54.6916013029862],[-1.53211318046328,54.691324372734],[-1.53210802879472,54.6910951959234],[-1.53202757615956,54.6906725175665],[-1.53198116383214,54.6902571471188],[-1.53193364611667,54.6899352596331],[-1.53186690429032,54.689668990071],[-1.53158097183934,54.6894423291209],[-1.53149190204422,54.6893638023567],[-1.53156002357084,54.6891061419507],[-1.53162302406472,54.688752334166],[-1.53162953556285,54.6884566605327],[-1.53169354995153,54.6882852749544],[-1.53150139541594,54.6877282521195],[-1.53143316280421,54.687186090515],[-1.53126778264493,54.6860558278952],[-1.53119022200334,54.6856511411685],[-1.5309586557578,54.6852853826585],[-1.53081874777618,54.6850431150728],[-1.53075799238787,54.6849287244225],[-1.53071901688953,54.6848126709436],[-1.53071877535455,54.6847012201093],[-1.53082384838693,54.6843295667713],[-1.53082212126682,54.684211861759],[-1.53080610832101,54.6841210093894],[-1.53188270167991,54.6841063016325],[-1.53219131669057,54.6839754100369],[-1.53239721505741,54.6838764317237],[-1.53254084000635,54.6837952036368],[-1.53265185293032,54.6837183413451],[-1.53273017302373,54.6836530483367],[-1.5327835200705,54.6835993283305],[-1.53282442592713,54.6835473721252],[-1.53286077701,54.6834881757936],[-1.53290369145257,54.6833966859678],[-1.53307600273549,54.6829794789579],[-1.53310335443484,54.6828932942204],[-1.53312006044183,54.6827882306777],[-1.53292134177092,54.6826715534006],[-1.53340523698835,54.682264517737],[-1.53388336088547,54.6823642951428],[-1.53566852173475,54.6825032560785],[-1.53537573607241,54.6822046787909],[-1.53557062995019,54.6821110548314],[-1.53558770567529,54.6821066295335],[-1.53623400891739,54.6820821470898],[-1.53671448209539,54.6820426451728],[-1.53743824310392,54.6820921255242],[-1.53793639328078,54.6820679625629],[-1.53840845355525,54.6820194217599],[-1.53897115229831,54.6819119509941],[-1.53957082755445,54.6818207408701],[-1.5404798144981,54.6816750250498],[-1.54111000688205,54.6814922669677],[-1.54128435330433,54.6814363226106],[-1.54167700116538,54.6812769401574],[-1.54225157558605,54.6810733156599],[-1.54308334043947,54.6807556285205],[-1.5433044150159,54.6806818757479],[-1.54368553007023,54.6805808504303],[-1.54456056200276,54.6804142890931],[-1.54514210988946,54.6802807820497],[-1.5454082093156,54.6801990953912],[-1.5457631834247,54.6800773061975],[-1.54638301873166,54.6798504679975],[-1.54683283010043,54.6797029507824],[-1.54721874369148,54.6795857814559],[-1.54761880088146,54.6794533701145],[-1.5483592494933,54.679114638011],[-1.54938032667648,54.6786385399833],[-1.54970737763597,54.6785148508308],[-1.54994703920204,54.6784411540195],[-1.55012280172336,54.6783941466476],[-1.55098397986079,54.6782113377288],[-1.55176854277608,54.6780848073218],[-1.55218562033577,54.6780944449506],[-1.5531172238077,54.6779945368581],[-1.55336250668345,54.6779720655076],[-1.55381214709987,54.6779809249976],[-1.55432400082332,54.6779729222629],[-1.55518843879877,54.6779149718107],[-1.55576290015863,54.6778568743105],[-1.55603321047081,54.6778138216245],[-1.55708356484227,54.6776307413682],[-1.55779509231558,54.6775147174448],[-1.55814642415979,54.6774360103541],[-1.55885877242782,54.67724357671],[-1.5592182606299,54.6771298535339],[-1.55970340972391,54.6770085143142],[-1.56017829351498,54.6768376832025],[-1.56043535220568,54.6767235851474],[-1.5612007100194,54.6763606071912],[-1.56135119586036,54.6763539555614],[-1.56144730023487,54.6763569988761],[-1.56166748607601,54.6762157923482],[-1.56189645294487,54.6759784714164],[-1.56310545814114,54.6750203652279],[-1.56347729383817,54.6747619948],[-1.5640498849031,54.6744369462982],[-1.56493148844014,54.6740716294896],[-1.56524323640271,54.673921781389],[-1.56586893437478,54.673703854958],[-1.56645620476137,54.6734525400543],[-1.56671579994732,54.6732485584736],[-1.56775293960447,54.6726834140133],[-1.56827801951374,54.6724471254556],[-1.56857237406286,54.6723268586956],[-1.56887588517618,54.6722174077524],[-1.56905632428986,54.672310597074],[-1.56918682684209,54.6724323841504],[-1.56937688150676,54.6726406544866],[-1.56949667490796,54.6727543053322],[-1.56962108183929,54.6728670980209],[-1.56985788106671,54.6730548370976],[-1.57009207748809,54.6733450441772],[-1.57058415274508,54.6738851061672],[-1.57124895107267,54.6745147078024],[-1.5718469752327,54.6751584623477],[-1.57196343224608,54.6752900805348],[-1.57210421732267,54.6754685232189],[-1.57248644360335,54.6758428141307],[-1.57250400778173,54.6759426209389],[-1.57259972449539,54.6759825004342],[-1.57270523674496,54.6761239718839],[-1.57313573412409,54.6766269420055],[-1.57316505188161,54.6766387323239],[-1.57324847616728,54.6766713715331],[-1.5733343868669,54.676760651663],[-1.57307815578792,54.6767947929429],[-1.57295855764628,54.6768105408644],[-1.57253157782184,54.6767137829551],[-1.57209179042892,54.6766511295379],[-1.57078374564494,54.6764299221151],[-1.57171148074349,54.6772779588329],[-1.57187815068291,54.6775023107729],[-1.57229053299029,54.6778101946816],[-1.57243960527301,54.6779383479703],[-1.57273469212806,54.6781927928742],[-1.5736450445184,54.6789338121862],[-1.57396246406596,54.679277310535],[-1.57457183201637,54.6798833533402],[-1.57481806131806,54.6800648495662],[-1.57509537191756,54.6802419725057],[-1.57665099966163,54.6811308000628],[-1.57727789260661,54.6815481775462],[-1.57807013337387,54.6820263197297],[-1.57841444706347,54.6821740004335],[-1.57870507018308,54.6822675763825],[-1.57944966127942,54.6825568222003],[-1.57955592153525,54.6826281960201],[-1.58222703213064,54.6835073225731],[-1.582486872194,54.6837265889784],[-1.58226894637569,54.6839541129846],[-1.58214775840243,54.6841244362284],[-1.58212983248403,54.6842088519613],[-1.58198605122654,54.6843180021728],[-1.58178787890359,54.6845824207774],[-1.58160350456019,54.6848639568364],[-1.58148582916384,54.6851430545861],[-1.58144860458662,54.6854448740383],[-1.58141335151007,54.6855552912316],[-1.58145313769331,54.6857576035822],[-1.58148423279208,54.6860543035493],[-1.58158884719077,54.6862883027217],[-1.5817464166705,54.686500923545],[-1.58185773059783,54.6868374233163],[-1.58181172736713,54.687087992083],[-1.58169022928554,54.6875899301111],[-1.58164124874238,54.6879752841334],[-1.58155750332997,54.6881268709913],[-1.58155454944052,54.6882625496862],[-1.58157358073533,54.6886760031852],[-1.58151493720367,54.6887962322065],[-1.58149565579722,54.6888608490664],[-1.58148256166987,54.6889291313631],[-1.58148707349626,54.6890926908828],[-1.58142247721395,54.6893405082607],[-1.58138932039433,54.6895461958272],[-1.58137966292562,54.6897312771499],[-1.58132635381435,54.6899377956127],[-1.58127238384723,54.6902054076454],[-1.58128924304958,54.6903762062806],[-1.5812565992946,54.69068614811],[-1.5808789386764,54.6909023142274],[-1.58093733409364,54.6912565763462],[-1.58123333861639,54.6923396013681],[-1.58144129083802,54.6935391357861],[-1.58203971118555,54.6950904961994],[-1.58252589713201,54.6963898666656],[-1.58264068213611,54.696394752226],[-1.58266748570412,54.6965044718122],[-1.58266735652347,54.6965170508962],[-1.58237196593264,54.6965735490606],[-1.58207064310534,54.6966075630113],[-1.58206199164381,54.6969975560819],[-1.58054219493178,54.6969275999023],[-1.57894944531579,54.6968609796423],[-1.57844309411553,54.6969140668537],[-1.57760936317855,54.6969668501381],[-1.57674963210833,54.6969836208954],[-1.57587065469407,54.6969140553183],[-1.5756508155949,54.6967209846165],[-1.57435559810491,54.6966930828982],[-1.57368544816588,54.6966790337113],[-1.57147375788892,54.6966074417707],[-1.56928669840253,54.6965511634549],[-1.56727045538183,54.6964810818674],[-1.56543518895846,54.6964664419026],[-1.56467135468637,54.6965104143076],[-1.5636558606665,54.696586752842],[-1.56293560007065,54.6966174269828],[-1.56232891779117,54.6966233098373],[-1.56234994782424,54.6966872134923],[-1.56238146746074,54.6967861607366],[-1.56240102932889,54.6971295057064],[-1.56265517601169,54.6977343538001],[-1.56344189003785,54.6990267668842],[-1.5639500297271,54.6998239064256],[-1.56509963346175,54.7015804433489],[-1.56550544545494,54.7022289323469],[-1.56562553715768,54.7024612154731],[-1.56571154937106,54.7026915818564],[-1.56576669472295,54.7029020706489],[-1.56579288093008,54.7030657089754],[-1.56581593349317,54.7032311666603],[-1.56584041897029,54.7035538699216],[-1.5659129373916,54.704030423147],[-1.56595680697634,54.7045706745779],[-1.56604248136468,54.7048334039704],[-1.56485424317943,54.704936079749],[-1.56506644117033,54.7055515287332],[-1.56471413216639,54.7055547568953],[-1.56335171978829,54.7055435665393],[-1.56210371573239,54.7055714245278],[-1.56077022404124,54.705613334395],[-1.55999536200027,54.7056554710206],[-1.55928407897619,54.7057049933145],[-1.55842820221978,54.7057791722124],[-1.55753515246912,54.7058460219913],[-1.55679088365781,54.7059295865318],[-1.55555938353366,54.7061497384582],[-1.5536787859237,54.7064061426842],[-1.55367122574909,54.7065301163857],[-1.55311439515798,54.7066422126543],[-1.55250983245235,54.706721764887],[-1.55218683873704,54.7067403214182],[-1.55183084013214,54.7067947647272],[-1.55114554805091,54.7068766718711],[-1.55061738719756,54.7069214554485],[-1.55007885466476,54.706923968155],[-1.54976933518016,54.7069884144564],[-1.54944393138824,54.707080656025],[-1.54930257601158,54.707096317768],[-1.54915807222987,54.7071092716491],[-1.54840548713228,54.7070992770864],[-1.54780575809065,54.7071599409042],[-1.54695396079433,54.7072825871204],[-1.54562163995924,54.7074887794284],[-1.54466502531993,54.7076820124297],[-1.54406330627876,54.7077812820891],[-1.54319905768457,54.707903836228],[-1.54032001842663,54.7083288309344],[-1.53955491659784,54.7084652254587],[-1.53754896367273,54.708942871842],[-1.53682424441514,54.7091400649175],[-1.53592109934181,54.7094021649458],[-1.53552642473961,54.7095102828975],[-1.53532126977625,54.709536468978],[-1.53493503562944,54.7095179278795]]]}},{"type":"Feature","properties":{"ward":"Horden","boundary_ward":"Horden","date":"2024-05-02","display_date":"2 May 2024","winning_party":"Labour","winning_candidate":"June Clark","total_votes":1118,"turnout":21.9,"electorate":5175,"labour_votes":852,"labour_pct":76.2,"labour_candidate":"June Clark","other_votes":180,"other_pct":16.1,"other_candidate":"Robert Douglas Fishwick","conservative_votes":66,"conservative_pct":5.9,"conservative_candidate":"George William Carter","liberal_democrats_votes":20,"liberal_democrats_pct":1.8,"liberal_democrats_candidate":"Neil Peter Thompson"},"geometry":{"type":"Polygon","coordinates":[[[-1.30879299453963,54.7851465530162],[-1.30885243426863,54.7849429074715],[-1.30886416917592,54.7848018825386],[-1.30887252020675,54.7847677919083],[-1.30891731897278,54.7846943604322],[-1.30905998903071,54.7845343209878],[-1.30944825693977,54.7838311350006],[-1.30964902198256,54.7834539614289],[-1.30970750754137,54.7833069376631],[-1.30982392972208,54.7826803555943],[-1.30982405141639,54.7825806169004],[-1.30979049844781,54.7824510178905],[-1.30966407048652,54.7821142015325],[-1.3095980815871,54.7819727398204],[-1.30953750470138,54.7818771426399],[-1.30937619458615,54.7816722295948],[-1.30914154219687,54.7812988502352],[-1.30890346799362,54.7809461186293],[-1.30885970258124,54.7808685894278],[-1.30872938486585,54.7805784874094],[-1.3086976678329,54.7805234902478],[-1.30862949673576,54.7804179573642],[-1.30850936139589,54.7802609091934],[-1.30833105602715,54.7800487119662],[-1.30816009223753,54.7798644006237],[-1.30802699100493,54.7797378373084],[-1.30769741962977,54.7794618755395],[-1.3074816695587,54.779259335843],[-1.30728922735674,54.7790569388845],[-1.30702894335103,54.7787310399072],[-1.30665094683254,54.7783792962731],[-1.30658834600518,54.7783124438102],[-1.30652588536146,54.7782384049788],[-1.30628899231084,54.7779063460024],[-1.30599812787253,54.7775533090496],[-1.30545080663176,54.7769220222482],[-1.30521271472392,54.7766636531377],[-1.30513051999052,54.776560735676],[-1.30509712813137,54.7765129148818],[-1.30477540141724,54.7759637917363],[-1.30450340417544,54.7753260198786],[-1.30441727057339,54.7750909683999],[-1.3043239287399,54.7749143151695],[-1.30421302988608,54.7747636021514],[-1.30368642411735,54.7742878930346],[-1.30332787657175,54.7739838936602],[-1.30287453224162,54.7735885896887],[-1.30277375618653,54.7734828583478],[-1.30274194571129,54.7734341449535],[-1.30271215910512,54.7733584990325],[-1.30269061734584,54.7732550290923],[-1.30268532080687,54.7732019773158],[-1.30270868526737,54.7731077560987],[-1.3027060137352,54.7730825829469],[-1.30269548242711,54.7730627561978],[-1.30268319130456,54.7730536955466],[-1.30224506808586,54.7729487246091],[-1.30211989419181,54.7729057746718],[-1.30202644086815,54.7728715391507],[-1.30191891840107,54.7728417029004],[-1.30185262615416,54.7728098678811],[-1.30179419384112,54.7727726865158],[-1.30173905109336,54.7727238475227],[-1.30169493622073,54.7726696697065],[-1.3016708476408,54.7726237246721],[-1.30166150847202,54.7725337868084],[-1.3016680413771,54.7725158540091],[-1.30167137574199,54.772502401216],[-1.30169044694149,54.7724773446617],[-1.30171873889217,54.7724604387295],[-1.3017641221923,54.772442729195],[-1.30183909339051,54.7724224944944],[-1.30192641872695,54.7724059191723],[-1.30203435005566,54.7724119343264],[-1.30216845443023,54.7724324826907],[-1.30224816578045,54.7724068734382],[-1.30231587968747,54.7723569484404],[-1.30234023163465,54.7722959792146],[-1.30234409311799,54.7722528633192],[-1.30229204068919,54.7722076395617],[-1.30217133242936,54.7721754920699],[-1.30203927263955,54.7721711325611],[-1.30196626456777,54.7721689170047],[-1.30189168058021,54.7721666833304],[-1.30188071525714,54.7721693069476],[-1.30180761424108,54.7721733945507],[-1.301737988764,54.7721550125109],[-1.30171033266466,54.772135989233],[-1.30168286240624,54.7721061728611],[-1.30166329834827,54.7720692158781],[-1.30165775555931,54.7720296439421],[-1.30166279136982,54.7720081035363],[-1.30172530272469,54.7718988429488],[-1.30175800986609,54.7718037747547],[-1.30177131079054,54.7716645633536],[-1.3015186469924,54.7709900459614],[-1.30141918152001,54.7708088476074],[-1.30121740955273,54.7705210245072],[-1.30075415637172,54.7698021344546],[-1.30026254202188,54.769287081942],[-1.29977454986017,54.7688331383744],[-1.29945032137092,54.7684367628567],[-1.29916618579432,54.7681493483769],[-1.29886912300546,54.767800757065],[-1.29837026675546,54.7671679224052],[-1.29774433697659,54.766514567339],[-1.29745764359595,54.7661965688677],[-1.29688864907353,54.7654887092295],[-1.29617418535329,54.7646559742733],[-1.29537253393572,54.7638335142043],[-1.29515557375235,54.763619281679],[-1.29459951997007,54.7631541221707],[-1.29421730432395,54.762791523014],[-1.29364093403842,54.7621555165788],[-1.29232683899255,54.7609607204043],[-1.29269553659261,54.7607588934937],[-1.29330123848349,54.7605134875568],[-1.29357911717737,54.7603506676519],[-1.29422644017872,54.7597667387865],[-1.29437995001708,54.7596067609498],[-1.29486605240697,54.7593561655073],[-1.29502144239324,54.7592672204411],[-1.29528895596927,54.7590755861404],[-1.29550144404976,54.7588305805437],[-1.29576368197882,54.7586730267191],[-1.29583265912754,54.7586374833494],[-1.29590148136332,54.7586127345714],[-1.29680396445177,54.7584535139849],[-1.29703593488236,54.7584315048988],[-1.29717901766283,54.7584233259949],[-1.29751006914863,54.7584180686237],[-1.2982811960428,54.7584872395366],[-1.29850800554553,54.7584930627493],[-1.29864952978848,54.7584839807887],[-1.29878501880308,54.7584667928108],[-1.2989175288206,54.7584415082748],[-1.29907361269116,54.7584019666504],[-1.29919547245029,54.7583649327033],[-1.29927835392485,54.7583348598559],[-1.2993707457954,54.7582940569161],[-1.29948366900893,54.758232685049],[-1.29964886535089,54.7581150209753],[-1.30008794125191,54.7577041639542],[-1.30018860651864,54.7576337576703],[-1.30027015868183,54.7575901761424],[-1.3003999974541,54.7575397134685],[-1.30101697941895,54.7573554502868],[-1.30107923346343,54.7573494959975],[-1.30116627877362,54.7573482130622],[-1.30125313676182,54.7573577140846],[-1.30133516382028,54.7573770421738],[-1.30140312970192,54.7574016920707],[-1.30188482312713,54.757673185918],[-1.30196936622617,54.7577257852306],[-1.30202962898524,54.7577468099866],[-1.30209162054898,54.7577561383742],[-1.30215061863904,54.7577591821208],[-1.30228669647996,54.7577509817841],[-1.30249166781197,54.757805192094],[-1.30265745478137,54.7578330785877],[-1.30282487709635,54.7578565122587],[-1.30295055931706,54.7578671256923],[-1.3030810591361,54.7578696676795],[-1.30321320974778,54.7578650331189],[-1.30340784768965,54.7578427828452],[-1.30369479450251,54.757782420397],[-1.30382756169161,54.7577436468804],[-1.30410751235866,54.7576382985758],[-1.30426999438356,54.757587096107],[-1.30444179820727,54.7575359656543],[-1.30463689564679,54.7574867718886],[-1.30488339432716,54.7574297737719],[-1.30539618091819,54.7573383238885],[-1.3056219485538,54.7573117394602],[-1.3057214807349,54.7573069159322],[-1.30581468389335,54.7573074482584],[-1.30612055405894,54.7573235960616],[-1.30642347386975,54.7573280029743],[-1.30687843210972,54.757256914549],[-1.30706215210408,54.7572363820782],[-1.3071603246219,54.7572198892829],[-1.30738029898622,54.7571690016432],[-1.30745996310004,54.7571442961758],[-1.30754133740174,54.7571106091298],[-1.30758522096966,54.7570883867872],[-1.3077298605798,54.7569894655201],[-1.30788357918425,54.7569085585865],[-1.30800562477745,54.7568562378285],[-1.30810871839661,54.7568253620572],[-1.30824743846545,54.7568010012943],[-1.30860689194705,54.7567706906786],[-1.3086892885881,54.7567684633512],[-1.3087575471071,54.7567742256759],[-1.3088412278402,54.7567882014989],[-1.30892628330284,54.7568111484777],[-1.30900349845948,54.7568403631204],[-1.30907586740782,54.7568775942109],[-1.30913727966985,54.7569228789175],[-1.30916167263322,54.7569499805517],[-1.30924030832368,54.7570771453142],[-1.3093335099711,54.7571711255761],[-1.30960505032629,54.7573757662309],[-1.31005205839436,54.7577719284838],[-1.31019455734845,54.7578904824435],[-1.31057805153967,54.7580040719215],[-1.31071408352842,54.7580416898114],[-1.31059317046232,54.7582081657427],[-1.31053801008346,54.7582554665151],[-1.31084587272426,54.7582428565578],[-1.31262338834802,54.758163029437],[-1.31406383067336,54.758719360994],[-1.31432152979854,54.7588259710236],[-1.31470850311541,54.7590069923288],[-1.3154829903114,54.7589699990051],[-1.315600833391,54.7592627474291],[-1.3158127976381,54.7594095137765],[-1.31635887074728,54.759373060827],[-1.31748958008276,54.7593156037268],[-1.31755112652091,54.7599989247803],[-1.31762569754665,54.760369593116],[-1.31789155745886,54.7603612102652],[-1.31797265929439,54.7603437025397],[-1.31854044040169,54.7602183675668],[-1.3179838526156,54.760972824009],[-1.31817453672785,54.7610934322681],[-1.31869820208903,54.7612796928578],[-1.31897178758441,54.7610898090469],[-1.31920218979582,54.7611594024939],[-1.32045677825475,54.7599226719826],[-1.32073780512588,54.7598451601691],[-1.3212941452467,54.760030700344],[-1.32125437891027,54.7598983686575],[-1.32216732918612,54.7598522411793],[-1.32276899051944,54.760021850589],[-1.32404996993988,54.7604594604068],[-1.32423431526925,54.7610536276793],[-1.32450981894271,54.7614946021918],[-1.32458417928694,54.7625365697791],[-1.32428734804173,54.7628162161639],[-1.32405641374156,54.7630584630771],[-1.32399518583109,54.7633771502182],[-1.32369030057315,54.7633925322644],[-1.32375129808683,54.7638368135677],[-1.32336137608222,54.7638265421933],[-1.3226005281604,54.7635050657174],[-1.32221265285752,54.7633744079136],[-1.32195472230557,54.7632768025706],[-1.32162485408871,54.7631149944015],[-1.32178469846958,54.7635005108127],[-1.32190635677358,54.7640323159586],[-1.32196275024962,54.7643795153362],[-1.32223717708811,54.7644178940241],[-1.32236655250962,54.7649542223269],[-1.32202303049451,54.7651419197289],[-1.32215962128938,54.7654329629848],[-1.32260195343824,54.7663071278157],[-1.32303260379803,54.7670446654684],[-1.32343255353961,54.7676678808472],[-1.32327297703536,54.7678215473408],[-1.3234702135029,54.768111108128],[-1.32353218061897,54.7682166288258],[-1.32361530318846,54.7684516461589],[-1.32406800674627,54.7684272119463],[-1.32418539080202,54.7682867629781],[-1.3244738513299,54.7682317443166],[-1.32497718444191,54.7681554558794],[-1.32511567538235,54.7685175070883],[-1.32502725355281,54.7687884158101],[-1.32547333201954,54.7687882065062],[-1.32572995067623,54.7687797285922],[-1.32584955687479,54.7687849019961],[-1.32598926865659,54.7687946496847],[-1.32609166253085,54.7688069051056],[-1.32616129513479,54.7688252631882],[-1.32622149641957,54.7688498641742],[-1.32628000688063,54.7688861430875],[-1.3263244341025,54.7689232272726],[-1.3263488008501,54.7689530215407],[-1.32638036663535,54.7690170064678],[-1.32638527631738,54.7690970216212],[-1.32655784832945,54.7693765566046],[-1.32670527673502,54.7696694419795],[-1.32682384906536,54.7698309581747],[-1.32714592407945,54.7699990122556],[-1.32766104328529,54.7703361713412],[-1.3291083962084,54.7701374841212],[-1.32954574577819,54.7705739591086],[-1.32994047713653,54.770673185292],[-1.33021221303712,54.7708777724972],[-1.33047666263452,54.7710553639406],[-1.33052196180591,54.7712290525795],[-1.33037388050374,54.7714421378876],[-1.33054474181086,54.7717333424905],[-1.33072662351405,54.7721072918758],[-1.32986983675945,54.7722203160318],[-1.32974183007711,54.77244159239],[-1.32960949726978,54.7726412361255],[-1.32957226256361,54.7727309209246],[-1.32956164239472,54.7728090463321],[-1.32957901988909,54.7729807768309],[-1.32959260897023,54.7733816831146],[-1.32961132078648,54.7734707462846],[-1.32964267650568,54.7735499865271],[-1.32968797491994,54.7736293314804],[-1.32977324312822,54.7737385557516],[-1.32978248248837,54.7737439717778],[-1.33080167869024,54.7737792721891],[-1.33133173621078,54.773781268011],[-1.33164591363167,54.7737731215977],[-1.33185295701454,54.7737553666309],[-1.3323248917894,54.7737004528192],[-1.33253196380644,54.773680912112],[-1.33282618932087,54.7736546895715],[-1.33342849929216,54.773613039543],[-1.3340485058127,54.7735328693419],[-1.33578309580059,54.7733599259058],[-1.33623453294064,54.7733210663564],[-1.33673616510375,54.7732554985312],[-1.33693058991793,54.7732475781529],[-1.33744667116868,54.7732495028031],[-1.33765324897135,54.7732587277131],[-1.33783477553817,54.77328037728],[-1.33847960555146,54.7733944220719],[-1.33862350335382,54.7734356316895],[-1.33928494330116,54.7736738014824],[-1.33936214006662,54.7737074695738],[-1.33950254021761,54.7737720334808],[-1.33963049508065,54.7738383331683],[-1.33978593362766,54.773933557539],[-1.33990577193445,54.7740213646814],[-1.33983429370119,54.7742096985267],[-1.33979015887969,54.774343362151],[-1.33974061678244,54.7744257946658],[-1.33966931896592,54.7745089644024],[-1.33955407736125,54.77461799339],[-1.33917562758373,54.7749466316292],[-1.33912803939258,54.7750047799173],[-1.33908581285554,54.7751168838408],[-1.33906041858495,54.7751472978345],[-1.33901326738314,54.7751785037759],[-1.33894909741856,54.7752068940877],[-1.33887874303949,54.77522986675],[-1.33879135257438,54.7752509888199],[-1.33858247015625,54.7752857965681],[-1.33838885686373,54.7753368551929],[-1.33827510273417,54.7753541981514],[-1.33823158439715,54.775353961034],[-1.33818665531076,54.7753465385037],[-1.33802566787506,54.7753007346171],[-1.33798997612677,54.7752969327918],[-1.33787326325834,54.7753044043852],[-1.33748993774891,54.7753607035308],[-1.33740872545848,54.7753836431103],[-1.33736794131727,54.7754049914905],[-1.33724372751396,54.7754914699054],[-1.3370795664153,54.7755481170425],[-1.33699854522944,54.7755593431832],[-1.33694115218371,54.7755509229223],[-1.33691649634283,54.7755400024172],[-1.33689652874907,54.7755228419404],[-1.33686045510281,54.7754471382983],[-1.33683768073795,54.775414649059],[-1.33679184016263,54.7753676874073],[-1.33676258894084,54.7753477613092],[-1.33673012015897,54.7753376814908],[-1.33669752996524,54.7753330218094],[-1.33666173506451,54.7753355232338],[-1.33662897160914,54.7753434332579],[-1.33657093089441,54.7753745698593],[-1.33654567007151,54.7753986898136],[-1.3365186126009,54.7754372012224],[-1.33650884104003,54.7754623071581],[-1.33651249097718,54.7755252253898],[-1.33650444322606,54.7755422796241],[-1.33648550880548,54.7755592285514],[-1.33645415538654,54.7755743329467],[-1.33641669824647,54.7755849052169],[-1.33636214460582,54.7755936154678],[-1.33627650314873,54.7756012184928],[-1.33619561420527,54.7756043558522],[-1.3360247888146,54.7755935483475],[-1.33594847711822,54.775603004891],[-1.33585952527906,54.7756240984223],[-1.33578754973442,54.7756506776866],[-1.33573265566567,54.7756800274902],[-1.33568544208639,54.7757148212226],[-1.33563478666747,54.7757720594202],[-1.33562819526954,54.7757945046468],[-1.33564851061787,54.7758835757123],[-1.33564503701584,54.7759051186475],[-1.33563232426814,54.7759221194638],[-1.3355821961418,54.7759434152873],[-1.33542664256998,54.7759506532662],[-1.3353048338709,54.7759832359607],[-1.33505594882409,54.7760852170048],[-1.33471270625295,54.7762558935155],[-1.33462613053657,54.776320131561],[-1.33459267113526,54.7763702670821],[-1.33455332961192,54.7765884164631],[-1.33453203436181,54.7766539220794],[-1.3344756021229,54.7767767235782],[-1.33441518454391,54.776859077178],[-1.3343789001322,54.7768912155083],[-1.33433339006716,54.7769170278446],[-1.33415665191599,54.7769825841366],[-1.33412204303032,54.7770057501851],[-1.33408246059235,54.7770486741924],[-1.33404251200034,54.7771158352264],[-1.3340198029426,54.7771723335758],[-1.33401177709209,54.7772828382522],[-1.33397841644568,54.777324894019],[-1.33392984798728,54.7773488857354],[-1.33375020642065,54.7773991307608],[-1.33369845823432,54.7774267211947],[-1.33364021870833,54.7774695426743],[-1.33358804042552,54.7775231553808],[-1.33354827955088,54.7775768541341],[-1.33353047129336,54.7776190138881],[-1.33350451968433,54.7777806130074],[-1.33347731108619,54.7778280862528],[-1.33342649694815,54.7778916267669],[-1.333361708735,54.7779550806819],[-1.33328458975864,54.7780130649497],[-1.33323272089799,54.7780460284883],[-1.33313219176807,54.7781083757028],[-1.33307715803328,54.7781458214334],[-1.33296731547253,54.7782072339409],[-1.33288603445915,54.7782337414779],[-1.3328033273969,54.7782521521708],[-1.33256812684262,54.778278734217],[-1.33244060309463,54.7782807294934],[-1.33224189742428,54.77826256709],[-1.33210898436352,54.7783094587445],[-1.33197131588792,54.7783608237171],[-1.33143624167724,54.778658935947],[-1.33127816211714,54.7787218747859],[-1.33119805457071,54.7788661041088],[-1.33111873163772,54.7789609297376],[-1.33093743261641,54.7790183570659],[-1.3308005791438,54.779020281033],[-1.33062826916874,54.7790058594544],[-1.33051274348705,54.7790330965985],[-1.33039561580841,54.7790647785808],[-1.33027671935783,54.7791081648049],[-1.32989018835855,54.7792614972283],[-1.32984995952733,54.7793430745142],[-1.32986622446446,54.779393483302],[-1.32968823563338,54.77943922967],[-1.32974462100914,54.779506939095],[-1.32958567543468,54.7795294358569],[-1.32944761533359,54.7796050429441],[-1.32942845152416,54.7796345876676],[-1.32941861583822,54.7796651032429],[-1.32954683893658,54.779809570034],[-1.32922847556889,54.7799713918166],[-1.3289608052085,54.7800831379215],[-1.32897167015163,54.7802710269374],[-1.32844276549785,54.7801944096376],[-1.32841257734023,54.7805150627302],[-1.32788670767318,54.7805355349155],[-1.32756710613091,54.780681120849],[-1.32670708579106,54.7809729328977],[-1.32632890561511,54.7810885493593],[-1.32560890780139,54.7812813496912],[-1.32543699582067,54.7813343188925],[-1.32531804361821,54.7813812791388],[-1.32507179848156,54.7815093206359],[-1.3249700488218,54.7815500909541],[-1.32487162728033,54.7815783101837],[-1.32476708804298,54.7816010745781],[-1.32422909919111,54.7816942423399],[-1.3240811070726,54.7817104968066],[-1.32384772605873,54.7817199908977],[-1.32369706498613,54.7817110524089],[-1.3236165064289,54.7816935423386],[-1.32342022052019,54.7816232379986],[-1.32328533564353,54.781598192389],[-1.32315334749478,54.7815885019127],[-1.32309575255336,54.7815917608077],[-1.32304273145554,54.7816013753067],[-1.32298803141405,54.7816181309904],[-1.32293793607593,54.7816393939243],[-1.32286567053373,54.7816839618578],[-1.32277210437888,54.7817930742456],[-1.32267313768996,54.7819470817722],[-1.32262272454871,54.7819854494881],[-1.32258363686158,54.7819978015479],[-1.32249025497984,54.7820044665282],[-1.32240797020444,54.7819968203919],[-1.32238008739396,54.7819903704792],[-1.32227209887094,54.7819394498988],[-1.32224270031617,54.7819302946391],[-1.32217894010155,54.7819308406227],[-1.32212431461514,54.7819430958188],[-1.32204768528935,54.7819705410213],[-1.32197403846116,54.7820042790133],[-1.32183241391039,54.7821041316493],[-1.32176490210171,54.7821441880393],[-1.32140749614075,54.7823165423066],[-1.32135738199392,54.7823351173711],[-1.32129183668688,54.7823509370706],[-1.32122489875216,54.7823586512087],[-1.32116269626029,54.782357410714],[-1.32095632770622,54.7823319982562],[-1.32084122416103,54.7823331303973],[-1.32075094548481,54.7823389189655],[-1.32066215085602,54.7823492063211],[-1.3203969638642,54.782400734588],[-1.32033441644671,54.782421061068],[-1.32029052780057,54.7824423943254],[-1.32027002205916,54.7824593402195],[-1.32026028461531,54.782483560803],[-1.32027125702336,54.7825716780521],[-1.32026629170813,54.7825905146255],[-1.32025047994069,54.7826057101925],[-1.32022541521176,54.7826163543641],[-1.32019582214597,54.7826188763347],[-1.32016634787432,54.7826142295574],[-1.32003954948619,54.7825721917112],[-1.32001000270018,54.7825738107578],[-1.31998651346409,54.7825826700112],[-1.31997232368028,54.782595160715],[-1.31996584238074,54.7826113018093],[-1.31997562914739,54.7826751731846],[-1.31995795690691,54.7827092046858],[-1.3198874267517,54.782742075247],[-1.31984841507848,54.7827508285339],[-1.31980326656748,54.7827541914523],[-1.31975977005374,54.7827521438845],[-1.31972882705886,54.7827420869958],[-1.31964417928689,54.7826930807378],[-1.31961316012747,54.7826857103501],[-1.31958208226264,54.7826855359828],[-1.31953531423391,54.7826924699242],[-1.31947591735102,54.7827118933489],[-1.31942250088623,54.7827430461756],[-1.31939092439012,54.7827725368414],[-1.31937075594204,54.7828622639305],[-1.31933881585363,54.7829115281213],[-1.31928821812898,54.7829624722675],[-1.31923949619367,54.7829927490856],[-1.31920034607385,54.7830086977036],[-1.31916139457503,54.7830147731094],[-1.31901369645051,54.7830130513468],[-1.31896385382265,54.7830190655193],[-1.31891535984758,54.7830358628928],[-1.3188729993873,54.7830589798178],[-1.31883828591553,54.7830875513196],[-1.31875279513432,54.7831796259893],[-1.31868549156211,54.7832978715337],[-1.31865558225915,54.783411846526],[-1.31863795381201,54.7834431919056],[-1.31860949820243,54.783470885327],[-1.31857966123415,54.7834877954735],[-1.31854210200499,54.7835019574253],[-1.31845156247785,54.7835230174962],[-1.3183408191925,54.7835412393416],[-1.31790478182487,54.7835846223913],[-1.31782992035684,54.7835976787662],[-1.31769569084384,54.7836283686397],[-1.31757371376255,54.7836690295242],[-1.31740757406694,54.7837471476995],[-1.31735564353269,54.7837845978572],[-1.31725281164966,54.7838891433578],[-1.31720716459594,54.7839221298497],[-1.31709913565044,54.7839664486626],[-1.31688222727729,54.78401284617],[-1.31656731561219,54.7840640874815],[-1.31611580598457,54.7840956427368],[-1.31594917835631,54.7841117827722],[-1.31567027960061,54.7841461397061],[-1.3151628937496,54.7842654982003],[-1.31480713215938,54.7843424978421],[-1.31473365976717,54.7843636578139],[-1.31456451364941,54.7844345967298],[-1.31441690328012,54.784520022334],[-1.31424978343451,54.784657455865],[-1.31408990374091,54.7847329194937],[-1.31399294052314,54.7847656307966],[-1.31384934535328,54.7847980403639],[-1.31363904714751,54.7848202235319],[-1.31356433408939,54.7848242879617],[-1.31332341701456,54.784819316235],[-1.31323305719471,54.7848295949708],[-1.31316733959654,54.7848534753722],[-1.31304162361899,54.7849300350008],[-1.31299935241249,54.7849477741107],[-1.31295564221669,54.7849582999495],[-1.31284038300166,54.7849702210092],[-1.31277821180405,54.7849689550212],[-1.31272545967761,54.7849605745485],[-1.31268680991871,54.7849486684231],[-1.31266369767772,54.7849350744208],[-1.31259680926044,54.7848457202903],[-1.31255828063956,54.7848248421734],[-1.31251036339662,54.7848092850233],[-1.31239077499584,54.7848005137534],[-1.31224139425667,54.7848059544631],[-1.31202508529236,54.7848164051731],[-1.31191764289696,54.7848256642832],[-1.31181628640232,54.7848421640591],[-1.31135756504968,54.7849356813957],[-1.31128739329341,54.784946074219],[-1.31117692198394,54.7849517263437],[-1.31110226938491,54.7849522014927],[-1.31089562558615,54.7849429306909],[-1.31060564073633,54.7848963382927],[-1.31050307530037,54.7848921718566],[-1.31046725609007,54.7848955459351],[-1.31005523974904,54.7850755943001],[-1.3099083816172,54.7851179277825],[-1.3097291758901,54.7851393347288],[-1.30932608789106,54.785161298041],[-1.30898249476483,54.7851584347123],[-1.30879299453963,54.7851465530162]]]}},{"type":"Feature","properties":{"ward":"Murton","boundary_ward":"Murton","date":"2026-03-05","display_date":"5 March 2026","winning_party":"Labour","winning_candidate":"Julie Ann Griffiths","total_votes":1984,"turnout":24.9,"electorate":7979,"labour_votes":1004,"labour_pct":50.6,"labour_candidate":"Julie Ann Griffiths","reform_uk_votes":786,"reform_uk_pct":39.6,"reform_uk_candidate":"Theo Samuel Bell","green_votes":95,"green_pct":4.8,"green_candidate":"Isaac Thomas Short","conservative_votes":61,"conservative_pct":3.1,"conservative_candidate":"Dorothy Ann Luckhurst","liberal_democrats_votes":38,"liberal_democrats_pct":1.9,"liberal_democrats_candidate":"Neil Peter Thompson"},"geometry":{"type":"Polygon","coordinates":[[[-1.32033596984019,54.8215081587998],[-1.31261061150015,54.8066221998798],[-1.319950645775,54.8069524086422],[-1.33006572579404,54.801730990598],[-1.35525372251178,54.7973384890828],[-1.38072607680618,54.7963496951246],[-1.40135518668655,54.7859344901976],[-1.40382448973284,54.7913286990572],[-1.41053030488041,54.7906847641208],[-1.42543784235156,54.7962730276604],[-1.44555897106085,54.791063573056],[-1.43764920477779,54.7942238029033],[-1.43753071909599,54.8005273194979],[-1.42254301700506,54.8031753536975],[-1.42163932753175,54.8131640459789],[-1.41305942345934,54.8233292317727],[-1.413121966701,54.8245589763599],[-1.39848035704288,54.8249982119237],[-1.36833414385148,54.8227441829272],[-1.36883254873396,54.8172364568093],[-1.36574996955538,54.8196721183262],[-1.36217407445005,54.8143113090049],[-1.35095577331372,54.819610368219],[-1.34042435978472,54.8175144431571],[-1.32033596984019,54.8215081587998]]]}},{"type":"Feature","properties":{"ward":"Shildon and Dene Valley","boundary_ward":"Shildon East","date":"2019-05-02","display_date":"2 May 2019","winning_party":"Liberal Democrats","winning_candidate":"James Garry Huntington","total_votes":2961,"turnout":31.2,"electorate":9506,"liberal_democrats_votes":1257,"liberal_democrats_pct":42.5,"liberal_democrats_candidate":"James Garry Huntington","labour_votes":682,"labour_pct":23.0,"labour_candidate":"Samantha Townsend","independent_votes":415,"independent_pct":14.0,"independent_candidate":"Robert Ingledew","other_votes":456,"other_pct":15.4,"other_candidate":"Alan John Breeze","conservative_votes":151,"conservative_pct":5.1,"conservative_candidate":"Marie Carter-Robb"},"geometry":{"type":"Polygon","coordinates":[[[-1.5832764324445,54.6380715464771],[-1.58378509571418,54.6375709402366],[-1.5842284558464,54.6370880626477],[-1.58439950170372,54.6368738544595],[-1.58459676362832,54.6366741468856],[-1.58463439416937,54.6366275373988],[-1.58466434019964,54.6365781947946],[-1.58484782277615,54.6362076887159],[-1.58489467690278,54.6360182141958],[-1.58491713653354,54.6357909451253],[-1.58493955950166,54.635720034548],[-1.58503467266183,54.6355055835192],[-1.58545418902782,54.6347772824284],[-1.58571846166974,54.6342290748778],[-1.58593918863841,54.6338506046645],[-1.58631908020731,54.6330538510407],[-1.5865130387736,54.6327148090549],[-1.58660754224143,54.6325623787573],[-1.58696942015027,54.6320136117068],[-1.58707292132182,54.6318872446711],[-1.58714643827589,54.6318173801455],[-1.58718548308297,54.631786961189],[-1.58723076037952,54.6317520529037],[-1.58642303214325,54.631358409959],[-1.58486143377939,54.6306107697975],[-1.58303040321964,54.6297075915894],[-1.58173564241018,54.6290848499415],[-1.58063063452742,54.6285382387968],[-1.57990943627447,54.6281789651754],[-1.58143086273656,54.6273870965202],[-1.58226895103247,54.6269235512268],[-1.58483978903634,54.625588840481],[-1.58556101142866,54.6251860045022],[-1.58602383972505,54.6249098866218],[-1.58673411802326,54.6245123803871],[-1.58750237000936,54.6240485604886],[-1.58822212044338,54.6236322124465],[-1.58875647718706,54.6233239971309],[-1.58946230590175,54.6229030948574],[-1.59011342148469,54.6225296450203],[-1.5908220304254,54.6221402080262],[-1.59124898407847,54.6218810099336],[-1.59097974878215,54.6217021734107],[-1.59081991903416,54.6215794168872],[-1.59028454130815,54.6212244289155],[-1.59007552499441,54.6210601759227],[-1.5899910773715,54.6209924734687],[-1.58996496160347,54.6209717075062],[-1.58995737119458,54.6209537180752],[-1.5899194594473,54.6208727093725],[-1.58987401202906,54.6207746037992],[-1.58988498644398,54.62060748626],[-1.58994297030438,54.620537567391],[-1.59006845502675,54.6203816033074],[-1.590230011255,54.6201772901261],[-1.59050733170807,54.6198591915639],[-1.59081634933703,54.6194666027931],[-1.59090261304799,54.6193563432129],[-1.59153325272659,54.618548751494],[-1.59280503359758,54.6169605375168],[-1.59321878477742,54.6164622764112],[-1.59367272539677,54.6158194415531],[-1.59429256132238,54.6149920339559],[-1.59613345412754,54.6154852494921],[-1.59862145469343,54.6161576116194],[-1.5996856969513,54.6164325200791],[-1.60291367475125,54.6172950576034],[-1.60588222734539,54.6180973644411],[-1.60749010454862,54.6185321426604],[-1.60812499455887,54.6186986599537],[-1.60850007750848,54.6186603070318],[-1.60868282848457,54.6186627271728],[-1.60892292154964,54.6186535974651],[-1.60928834525147,54.6186583622508],[-1.61041581454126,54.618489434609],[-1.61067451419459,54.6184794686923],[-1.61100458882796,54.6184544737553],[-1.6112434815275,54.6184129982652],[-1.61141581723379,54.6183668097901],[-1.61164252068123,54.6183028229463],[-1.61168758179827,54.6182868166912],[-1.61173741021472,54.6182564044681],[-1.61183650761856,54.6182576143335],[-1.61214545713734,54.6181759245421],[-1.61216102696599,54.618166100393],[-1.61212577991226,54.6181273283086],[-1.61239580906931,54.6180661923729],[-1.61250752009726,54.6180449595468],[-1.61271691779537,54.6180096913874],[-1.61290910007901,54.6179905452414],[-1.61312627784267,54.6179507915641],[-1.61335720593179,54.6179326613449],[-1.61368679812347,54.6179579677158],[-1.61393459725597,54.6186102937054],[-1.61395639996627,54.6187595633253],[-1.61397632643317,54.6187820811309],[-1.61400094254736,54.618798328435],[-1.61404572991269,54.6188110594404],[-1.61429333663173,54.6188307385671],[-1.61438065244836,54.6188471658987],[-1.61455325132993,54.6188567038707],[-1.61477794421107,54.6188376398737],[-1.6150752817668,54.6188403955434],[-1.61524081996046,54.6188588826263],[-1.615720213733,54.6189277988659],[-1.61584272896833,54.6189111157035],[-1.61609022722267,54.6189388609787],[-1.61625468625371,54.6189070241858],[-1.61653097663322,54.6188342114367],[-1.61670779059581,54.6188105119491],[-1.61682862664486,54.6188036963304],[-1.61690743208885,54.6188246045938],[-1.61712338944194,54.61891515705],[-1.61721611101927,54.6189334218874],[-1.61764224290315,54.6189060054303],[-1.61797029824804,54.618934009255],[-1.61804608073728,54.6189459159453],[-1.61825989199156,54.6190966714784],[-1.61850546205387,54.6191675304608],[-1.61874553217458,54.619161990799],[-1.62113144109682,54.6190454528119],[-1.62294699273087,54.6189738361395],[-1.62388588285083,54.6189264218036],[-1.6238608029589,54.6186225969608],[-1.62448979561497,54.6185912881262],[-1.6258232359481,54.618572936001],[-1.62709807164536,54.6185364163661],[-1.62770103488913,54.6184726727794],[-1.62837021698808,54.6184468691579],[-1.6292112198367,54.6184323623162],[-1.63139601071648,54.618457002138],[-1.63161168485302,54.6166899383535],[-1.63159087328753,54.6164175988338],[-1.63150053651253,54.6161324407858],[-1.6332394904685,54.6161278385337],[-1.63409389728669,54.616165470559],[-1.63511920093351,54.6163141404017],[-1.6376722240493,54.616703728459],[-1.63767768293096,54.6171378046174],[-1.63769609889496,54.6175081111268],[-1.63776212615621,54.617744673359],[-1.63781500455946,54.617893994873],[-1.63785744928004,54.6179965818018],[-1.63795085629681,54.6181172838686],[-1.63810165345306,54.6184008026415],[-1.63819075611137,54.6186572008089],[-1.63818751912363,54.6188476998297],[-1.63818805792887,54.6189627410514],[-1.63815297417709,54.6190749708098],[-1.6381073849162,54.6191521351483],[-1.63801761791092,54.6193226091313],[-1.63797648968099,54.6195947870317],[-1.63797940695666,54.6196163657916],[-1.638007683657,54.619922891883],[-1.63804702994195,54.6202006933786],[-1.63815668649787,54.6205829684794],[-1.63826314191384,54.6208034550312],[-1.63853338396139,54.6212428231009],[-1.63865185626429,54.6215073883134],[-1.63871056251371,54.6216980809872],[-1.63876487712612,54.6220379335669],[-1.63884420142602,54.6223473164532],[-1.63885895173617,54.6226079827599],[-1.63889057343635,54.622710536868],[-1.63898308392586,54.6227584172504],[-1.64148591726,54.6238038285234],[-1.64338524329217,54.6246272443042],[-1.64362968498983,54.6257252498609],[-1.64345921273601,54.6257373192713],[-1.6434323590324,54.6257974612337],[-1.64294894761013,54.6258193849392],[-1.64223334135592,54.6258235787852],[-1.64222221001179,54.6258559022379],[-1.64209677750916,54.6258537282069],[-1.64136254500658,54.6258659500886],[-1.63984499333603,54.6258326728221],[-1.638251613544,54.6257910709746],[-1.63781208457558,54.6257520276596],[-1.63712511360765,54.6256735822953],[-1.63625583838915,54.6255487573186],[-1.63628345523543,54.6255713128128],[-1.63618873914192,54.6255997676582],[-1.63580506192082,54.6257235490921],[-1.63582756500467,54.6258072037387],[-1.63587641976633,54.6258846341567],[-1.63658817940552,54.6261410922157],[-1.63703576468129,54.6263158839383],[-1.63743831886333,54.6265040114788],[-1.63785764603405,54.6267272401633],[-1.63803946570445,54.6268311278945],[-1.63819971858644,54.6269241747982],[-1.63845383520786,54.6270884996216],[-1.63876172724615,54.627302392199],[-1.63893861858006,54.627440433709],[-1.6392829442906,54.6277335205734],[-1.63979946208571,54.62835694619],[-1.64024279170712,54.6290206164334],[-1.64136638663484,54.6305382247627],[-1.64191953482872,54.631227345365],[-1.64227804696626,54.6311484420288],[-1.64266159125565,54.6319277951364],[-1.64293958979609,54.6325541197373],[-1.64297761035398,54.6326342110757],[-1.6432058368806,54.6331067149627],[-1.64322233946149,54.6331678687141],[-1.64321587747862,54.6331992947034],[-1.64339526000936,54.6335871567342],[-1.64307441882381,54.6336077741947],[-1.64308979027503,54.6336203901718],[-1.64184837486063,54.6336841572154],[-1.64182156409358,54.6335618412395],[-1.64083426366638,54.633620026688],[-1.64085499624661,54.6337261468635],[-1.6401543317125,54.6337779965292],[-1.64015089664736,54.633814843069],[-1.64004556636923,54.6338145305418],[-1.63984586974452,54.6337977408264],[-1.63980096519693,54.6339710566529],[-1.63978224911841,54.6341606184177],[-1.63979621894044,54.6343331977941],[-1.63981277932359,54.6343853696044],[-1.63952398125158,54.6344591068153],[-1.63921922045606,54.6345867051024],[-1.6391274497127,54.6346277876716],[-1.6389688227257,54.6346983133405],[-1.63878386075316,54.6347651521876],[-1.63861159272032,54.6347996733302],[-1.63845646384694,54.6348226037865],[-1.63827359972813,54.6348319333726],[-1.6382131356995,54.6348344491102],[-1.63801967692946,54.6348150068626],[-1.63783094629828,54.634784793334],[-1.63782473450355,54.6347838725116],[-1.63764841775608,54.6347527934792],[-1.63717890404707,54.6345905304613],[-1.6368315682364,54.6344537729566],[-1.63645013047815,54.634316930192],[-1.63611343373964,54.6342044965323],[-1.6355707424732,54.6340842285635],[-1.63488444752372,54.6339123226308],[-1.63366126645923,54.6336677906794],[-1.6333225170212,54.6336119306013],[-1.63180113907013,54.6334536629246],[-1.63130423198469,54.6334126120127],[-1.63080887150677,54.6333724651446],[-1.63044957411369,54.6333615073032],[-1.63000055390184,54.6333367560712],[-1.62877481449229,54.6332108050319],[-1.6286293451698,54.6331905657079],[-1.62844379348839,54.6331540712136],[-1.62806511035053,54.6330603335019],[-1.62763098384489,54.6329322843158],[-1.62713219621494,54.6327600181613],[-1.62645680855796,54.6325880811923],[-1.62559507202233,54.6322987391534],[-1.62469140307383,54.6320218690239],[-1.62350216401164,54.6316380292919],[-1.62286852109192,54.6314788093122],[-1.62231357681775,54.631352140495],[-1.62194692070757,54.6313024647801],[-1.62176904345299,54.6312713679409],[-1.62167628321405,54.6312540083396],[-1.62132074665154,54.6311720179593],[-1.6207336311957,54.6310075208459],[-1.62037067474686,54.6308949337743],[-1.61956619419061,54.6306183262336],[-1.61850442248437,54.6303642710185],[-1.61789996209439,54.6302347405007],[-1.61759842456107,54.6301771874369],[-1.61744839522795,54.6301542328631],[-1.61703980587264,54.6301152346072],[-1.61688193530433,54.6301030317111],[-1.61664509259809,54.6300852045186],[-1.616641467048,54.630140022116],[-1.61660972321573,54.6307141817062],[-1.61648342547737,54.6311316809221],[-1.61634269666286,54.6314340941372],[-1.61629384723787,54.6316855746652],[-1.61621006952796,54.6316996847022],[-1.61619676589566,54.6317967118905],[-1.61612117022476,54.6320885344966],[-1.61604606824066,54.6321682770053],[-1.61601000127583,54.6323811658186],[-1.61594095226014,54.632637948411],[-1.61589878201005,54.6328400417094],[-1.61580144701307,54.6331390019378],[-1.61576020978483,54.6332422073082],[-1.61525747945035,54.6331642257665],[-1.6152063049744,54.6331676711041],[-1.61497662885336,54.6333763301439],[-1.61478256452057,54.6335833151743],[-1.61468521131548,54.6337258944873],[-1.61465640736187,54.6338192724888],[-1.61455727921498,54.6338207438459],[-1.61439747809584,54.6338400313502],[-1.61428857674158,54.6340526601475],[-1.61423452375908,54.6341989738869],[-1.6139908924009,54.6342422160108],[-1.61397679526115,54.6342601529775],[-1.61382673680402,54.6345634327835],[-1.61377460334626,54.6346711018325],[-1.61367668463953,54.6348658190867],[-1.61362265403512,54.6350094365112],[-1.61354867584972,54.6352958872639],[-1.61337446867679,54.6358596957383],[-1.6133587260741,54.636047477427],[-1.61336671629201,54.6361849976373],[-1.61331311229039,54.6364472368644],[-1.61329054164522,54.6367024051367],[-1.61311404418195,54.6373425864597],[-1.61299927697791,54.6378436836357],[-1.61288099312083,54.6382270789515],[-1.61279526313715,54.6386069238268],[-1.61270629339167,54.6388402821504],[-1.61262130528226,54.6391419825379],[-1.61237091902123,54.6390782841511],[-1.61218692178257,54.6390372337138],[-1.61197192267784,54.6389979244718],[-1.61175537226711,54.6389648764002],[-1.61165630547851,54.6389519611083],[-1.61073364610381,54.638874430786],[-1.61035415737737,54.6388633124095],[-1.60975769365589,54.6388587195684],[-1.60733456701836,54.6388545089443],[-1.60702616254831,54.6388606992225],[-1.60679690330804,54.6388545643237],[-1.60656618193722,54.6388421299033],[-1.6063742238189,54.6388244187039],[-1.60600596157375,54.6387746915672],[-1.60595532892987,54.6390459537034],[-1.60590871459464,54.6392201346076],[-1.60569865274401,54.6397910183287],[-1.60563124210717,54.6400316383181],[-1.60560238303743,54.6401348972116],[-1.6054691174418,54.6404552991244],[-1.60543365418832,54.6405980711973],[-1.60540656970342,54.640675265107],[-1.60531345510955,54.6408501779769],[-1.60521138072947,54.6409900823494],[-1.60515195757199,54.6410446995842],[-1.60507233543181,54.6411073481964],[-1.60497408555845,54.6411735263807],[-1.60513931914798,54.6412288822818],[-1.60492731111052,54.6415238589668],[-1.60484055843792,54.6418408225314],[-1.60431080400426,54.6418246953064],[-1.603844234649,54.6418474507416],[-1.60322233018105,54.6419029441372],[-1.60255284251328,54.6419142454968],[-1.60251022455573,54.6419958509097],[-1.60210194457019,54.6419145355818],[-1.60161916106386,54.6418491613416],[-1.60104133978536,54.6418355583257],[-1.60033066977046,54.6416229444296],[-1.59910232861885,54.6412675341031],[-1.59829108404035,54.64104555769],[-1.59777161052366,54.6409279053588],[-1.59750563703195,54.6408758116946],[-1.59723184690525,54.6408281552444],[-1.59664390668161,54.6407453130342],[-1.59601909542166,54.640627312174],[-1.59526716993236,54.640518758112],[-1.59470698224442,54.6404477052713],[-1.59415120541515,54.6403991369056],[-1.59388031055562,54.6403766599409],[-1.59342058927788,54.6403310687608],[-1.59317449644122,54.6403068975139],[-1.59268727611865,54.6402189727289],[-1.58985648857311,54.6385271158441],[-1.58891821733052,54.6384673374028],[-1.58754348641904,54.6383584200578],[-1.58657617532759,54.6382562871558],[-1.58566570885945,54.6382028456683],[-1.58468182409536,54.638208455787],[-1.5832764324445,54.6380715464771]]]}},{"type":"Feature","properties":{"ward":"Spennymoor","boundary_ward":"Spennymoor and Middlestone","date":"2019-05-02","display_date":"2 May 2019","winning_party":"Independent","winning_candidate":"Ian Geldard","total_votes":2611,"turnout":29.94,"electorate":8751,"independent_votes":1179,"independent_pct":45.2,"independent_candidate":"Ian Geldard","labour_votes":420,"labour_pct":16.1,"labour_candidate":"Colin Nelson","liberal_democrats_votes":373,"liberal_democrats_pct":14.3,"liberal_democrats_candidate":"Martin Thomas Brian Jones","other_votes":502,"other_pct":19.2,"other_candidate":"Ronald Edward Highley","conservative_votes":137,"conservative_pct":5.2,"conservative_candidate":"James Langford Cosslett"},"geometry":{"type":"Polygon","coordinates":[[[-1.59804427054434,54.6930902471975],[-1.59820199740877,54.6929865072384],[-1.59838818138106,54.6929835253241],[-1.59839892875298,54.6928379797089],[-1.59841015800029,54.6928011895419],[-1.59842601872279,54.6927652792175],[-1.59855763829661,54.6926345076931],[-1.59857341896971,54.6926066859764],[-1.59858455034741,54.6925797870849],[-1.59860057426955,54.6923695297849],[-1.59873676405321,54.6920878089706],[-1.59883377832139,54.6918464029521],[-1.59891236820343,54.6915851411418],[-1.59896456850905,54.6913273912435],[-1.59898808224359,54.6913014076498],[-1.59900067154586,54.6912843880867],[-1.59901166235717,54.6912718358989],[-1.59901956698006,54.6912547819807],[-1.59902588315979,54.6912440089794],[-1.59902305041047,54.6912188405746],[-1.59901613442659,54.6911307601669],[-1.59901779824512,54.6911199807783],[-1.59902411369242,54.6911110104978],[-1.59903193405745,54.6911056443459],[-1.59903974118754,54.6910984736292],[-1.59905229647782,54.6910850522055],[-1.59905542166735,54.6910805620142],[-1.59905860528622,54.6910751805395],[-1.59906174154257,54.6910679943876],[-1.59906183000394,54.6910590224017],[-1.59906508538018,54.6910446320404],[-1.59906520931708,54.6910320619142],[-1.59906223756,54.6910176869238],[-1.59905938502505,54.6909960978391],[-1.59905950914071,54.6909835097401],[-1.59906130639612,54.6909574642586],[-1.59906005833007,54.6909278095584],[-1.59906350477106,54.6908891621447],[-1.59906065205812,54.6908675919308],[-1.59906108610462,54.6908235695287],[-1.59905814212451,54.6908046482796],[-1.59905243499869,54.6907552315637],[-1.59903979296208,54.6906195011476],[-1.59903720612802,54.6905709691419],[-1.59903741010118,54.6905502825301],[-1.59903596125825,54.6905376892324],[-1.5990362624957,54.6905071382876],[-1.5990334503867,54.6904765770547],[-1.59903358312956,54.6904631145813],[-1.59902301075944,54.6904334110925],[-1.59901256597817,54.6903956469919],[-1.59899459725632,54.6903281714991],[-1.59897947959014,54.690285892332],[-1.5989509222816,54.6901968291334],[-1.59893877699506,54.6901671303219],[-1.59893571685899,54.6901617273135],[-1.59893452860964,54.6901275920576],[-1.59892301938172,54.6900349788519],[-1.59892632554534,54.6900170083752],[-1.59892949869162,54.6900062330762],[-1.59893276256305,54.6899909773289],[-1.59893762234674,54.6899685213538],[-1.59895508598605,54.6899308315147],[-1.59896144101717,54.6899146837229],[-1.59897423226564,54.6898706931689],[-1.59902813157301,54.6897594214501],[-1.59905813066347,54.6897038095871],[-1.59907237366001,54.6896787065866],[-1.59907248878184,54.6896670297024],[-1.59908517297708,54.6896356084217],[-1.59909810743725,54.6895835195494],[-1.59912170858432,54.6895485558465],[-1.59914217501853,54.6895171692573],[-1.59916427348199,54.6894830929568],[-1.59918636364364,54.6894418281962],[-1.59920690453226,54.6894077557293],[-1.59924308816322,54.689353066508],[-1.59930310468489,54.6892463055003],[-1.59933281969337,54.6892194499392],[-1.59936258302361,54.6891925666718],[-1.59939696920109,54.6891639327814],[-1.5994047882571,54.6891603881968],[-1.5994500991254,54.6891272529949],[-1.5995094107903,54.6890888259134],[-1.59957182540835,54.6890512843439],[-1.59976213166174,54.6889440786158],[-1.6000179183936,54.6888038135611],[-1.60005555766736,54.6887626196692],[-1.60030856609637,54.688588203628],[-1.60042259986889,54.6885059055433],[-1.60048516723637,54.6884557934694],[-1.60054294639535,54.6884146279953],[-1.60061805416788,54.6883492807153],[-1.60074007324033,54.6882463401986],[-1.60089504892421,54.6881030545198],[-1.60095445474942,54.6880547354276],[-1.60101229908526,54.688009980673],[-1.60118100779357,54.6878883014814],[-1.60132948709914,54.6877755728029],[-1.60137629020499,54.6877487639024],[-1.60139345542283,54.6877380255197],[-1.60141217632616,54.6877273021304],[-1.60143557020526,54.6877130138033],[-1.60146206116609,54.6877005302807],[-1.60161009802141,54.6876327168843],[-1.60208528621812,54.6874195024289],[-1.60248567602163,54.6872428864909],[-1.60263372205286,54.6871741424799],[-1.602643055074,54.6871714950069],[-1.6026508517397,54.6871670110227],[-1.60266179486455,54.6871589678358],[-1.60266806777612,54.6871508806038],[-1.60267436811453,54.6871401441938],[-1.60267916011263,54.6871275614797],[-1.60268862662067,54.687111405692],[-1.60270606348378,54.6870728219204],[-1.60274243132954,54.6870019634013],[-1.60276605039759,54.6869679003724],[-1.60277849206674,54.686962539205],[-1.60278787061583,54.6869553823634],[-1.60280812064591,54.6869473507457],[-1.60282837213122,54.6869393281161],[-1.60285481002789,54.6869322279843],[-1.60288276711859,54.6869287211904],[-1.60288740655975,54.6869287363683],[-1.60289206196998,54.6869269569621],[-1.60289673950649,54.6869260888755],[-1.60290449052153,54.6869261142319],[-1.60291226795148,54.6869234337906],[-1.60292474215211,54.6869180736133],[-1.60293726001757,54.6869082400178],[-1.60294971035558,54.6869019864858],[-1.60296218446551,54.6868966343923],[-1.60296683114972,54.6868957482288],[-1.60297616426765,54.6868930818584],[-1.60299324993487,54.6868904417418],[-1.60300725350013,54.6868877915428],[-1.60303673431907,54.6868878879557],[-1.60304292799006,54.6868879082103],[-1.60305225393519,54.6868861350847],[-1.60306002227981,54.686884383825],[-1.6030677997701,54.686881695286],[-1.60307713633319,54.6868772441683],[-1.60308337338053,54.6868745676658],[-1.60311921432158,54.6868576236797],[-1.60332161731473,54.6867818788919],[-1.60309002408873,54.6866714845848],[-1.60324932736526,54.6865587986035],[-1.60356433858374,54.6863926489473],[-1.60379514037832,54.6862612931883],[-1.60402868218259,54.6861713025434],[-1.60492207506595,54.6858614714497],[-1.60682147782187,54.6852960994613],[-1.60891375363119,54.6846701883846],[-1.61118953795729,54.6839846175706],[-1.61221334049712,54.6836490998206],[-1.61200591836361,54.6834417608355],[-1.61191530982676,54.6833497982825],[-1.61169558365239,54.6831307233802],[-1.61156538314157,54.6829604499586],[-1.61140327077429,54.6827190966905],[-1.61134557477752,54.6825922054524],[-1.61131579616555,54.682459099438],[-1.61131281213112,54.6824456080945],[-1.61129438071972,54.682266719915],[-1.61129619167736,54.6820770936854],[-1.61132292113714,54.6818758960377],[-1.61134119450707,54.6815856763903],[-1.61134668637958,54.6814994399935],[-1.61140201557609,54.6813899618919],[-1.61149791825864,54.6812527954229],[-1.61159824897979,54.6811407463895],[-1.61179373933606,54.6809724351145],[-1.6119127351044,54.6808515010921],[-1.6119628934958,54.6807977271021],[-1.61210392816844,54.6806454280022],[-1.61222929986876,54.6805101219058],[-1.61225902601608,54.6804805483021],[-1.61233886647277,54.6804017180006],[-1.61240950215829,54.6803156904912],[-1.61243171449843,54.6802645410364],[-1.61243797574392,54.6802573555228],[-1.61244126626114,54.6802420994867],[-1.61246026682663,54.6801980904587],[-1.61249533079477,54.6800948782514],[-1.61251668013461,54.679970944837],[-1.61250901466888,54.6799619112353],[-1.61251059722678,54.6799592382619],[-1.61243396488541,54.6798646237377],[-1.61216885172781,54.6795303761632],[-1.61195874152485,54.6792807712968],[-1.61184984097242,54.6791528241192],[-1.61174751937943,54.6789880228999],[-1.61176460941019,54.6789845071658],[-1.61188120950243,54.6789543281194],[-1.61174542542028,54.678554870597],[-1.61207912005633,54.6785307785443],[-1.6126007396283,54.6784740286063],[-1.61307753481224,54.6784045719768],[-1.61340236958564,54.6783265127759],[-1.61381827587336,54.678213681948],[-1.61426407496496,54.6780596348102],[-1.61577451380092,54.6777391320597],[-1.61620172226779,54.6776623006869],[-1.61633625986788,54.6775377772875],[-1.61657408957636,54.6774765415683],[-1.61680920085068,54.6773766469606],[-1.61684914575377,54.6774181099246],[-1.61699131985204,54.6774706714378],[-1.6172076252345,54.677391367165],[-1.61762879536869,54.6772974325849],[-1.61900681812365,54.6768676992889],[-1.61957197911675,54.6767985025726],[-1.62020595973603,54.6766647992211],[-1.62123562532397,54.6765053170427],[-1.62213528894009,54.6763149263033],[-1.62491297203168,54.6766290833268],[-1.62537717401046,54.6765748051976],[-1.62612469463792,54.6764009478048],[-1.62622138926312,54.6765100083772],[-1.62708022607826,54.6765441020963],[-1.62889583631376,54.6765865101638],[-1.62909851632793,54.6771479017812],[-1.62940572036588,54.6781571407163],[-1.62979584478196,54.6780630773821],[-1.63019881383568,54.6779187148996],[-1.63091576305292,54.6776980150217],[-1.63131189610011,54.6776237312205],[-1.63156795142079,54.6776065269014],[-1.63205086548502,54.6775379336714],[-1.63264362371507,54.6774992468522],[-1.63331079254657,54.6774680152002],[-1.6338045640282,54.6773994207964],[-1.63426586051891,54.6773217255366],[-1.63457347431769,54.6772606462397],[-1.63487803927653,54.677192360471],[-1.63502877610565,54.677156859406],[-1.63592747301201,54.6768980515844],[-1.63668257262809,54.677785503133],[-1.63740001920251,54.6787213620147],[-1.63705365694259,54.6791274304627],[-1.63710866925448,54.6792201519844],[-1.63727711565927,54.6794614992183],[-1.63738898695271,54.6796110026766],[-1.63755219392831,54.6797454015694],[-1.6377215804058,54.6798815953253],[-1.63925505531339,54.6809762388573],[-1.64083856463436,54.6818598171041],[-1.64130887298649,54.682173063894],[-1.64225939855288,54.6829073690066],[-1.6429429705271,54.6834854179075],[-1.64314608094186,54.6836738526124],[-1.64339110836462,54.6838533819733],[-1.64367662029732,54.6840168805117],[-1.64384957435383,54.6841054629542],[-1.64413694379799,54.6842366183798],[-1.64429611199041,54.6843017774398],[-1.64450331119707,54.6843760751236],[-1.64468737540126,54.6844368158531],[-1.64487154192844,54.6844858865327],[-1.64512848685716,54.684545955232],[-1.64548272054177,54.6846584387765],[-1.64591570935798,54.6848106740421],[-1.6457679342973,54.6850366765339],[-1.64617181659391,54.6851466148318],[-1.64669499481201,54.6852739417976],[-1.64683695899705,54.6851826995179],[-1.64695907734212,54.6852297749968],[-1.64737531473286,54.6853442079329],[-1.64763354460146,54.6854366305713],[-1.64789025099515,54.6855290392567],[-1.64854251303715,54.6857996261503],[-1.6493110511599,54.6860741424079],[-1.64963743463952,54.6861847207905],[-1.64985554666586,54.6862518451267],[-1.6499700595813,54.6862845484609],[-1.65032296541877,54.6863718181037],[-1.65076895149018,54.6864575775286],[-1.65100908195451,54.6864951044052],[-1.65119347307359,54.6865163110713],[-1.65144299502735,54.6865368118707],[-1.65166476507585,54.6865482143118],[-1.65181365079858,54.6865513455318],[-1.6520308263396,54.6865483695908],[-1.65224807096559,54.6865391162835],[-1.65231635292718,54.6865339185708],[-1.65249341714865,54.686509247511],[-1.65264864997031,54.68649621807],[-1.6528068974483,54.6864912778291],[-1.65301310920595,54.6865017398231],[-1.6532548061606,54.6865383737857],[-1.65339257377019,54.686569317407],[-1.65351639107529,54.6866047315389],[-1.65369422145617,54.6866690377231],[-1.65481004550124,54.6869741739377],[-1.65625809643689,54.6874293815052],[-1.65654540114445,54.687204653237],[-1.65684017120206,54.6868325238343],[-1.65710407474249,54.6864396472776],[-1.65731100369993,54.686549867486],[-1.65741366155992,54.6867029422578],[-1.65827567698657,54.6882339840623],[-1.6586713586575,54.688958527226],[-1.66155499309004,54.6912204354731],[-1.6628879203174,54.6923052255151],[-1.66429212535323,54.6934090725363],[-1.66614560868059,54.6946048985099],[-1.6668510102331,54.6950462801918],[-1.67135891351011,54.6980223390503],[-1.67308629681934,54.6991278547861],[-1.67455231907822,54.7001355993179],[-1.67500187909876,54.7005789347998],[-1.67567586114624,54.7012870836657],[-1.67642106846593,54.7020214694081],[-1.67815207992907,54.7038845118619],[-1.67832439791142,54.7040736784867],[-1.67807249830872,54.7039409046306],[-1.6776616529734,54.7036926797022],[-1.67754114580393,54.7036276774755],[-1.67737535563072,54.7035939723905],[-1.67728528790506,54.7036018126376],[-1.67710504105844,54.703631914382],[-1.67674265204353,54.7037342943823],[-1.67624992486054,54.7038327383666],[-1.6760133859845,54.7039192730852],[-1.6750937074659,54.7042358382942],[-1.6745177458704,54.7044598757463],[-1.6737774423498,54.7048532895777],[-1.67309421080855,54.7052936185576],[-1.67245847949755,54.7058050487597],[-1.67223992632144,54.7059644242468],[-1.67221338847659,54.7059841009016],[-1.6720355070355,54.7061013654563],[-1.67186865566664,54.7062024538964],[-1.67169716835479,54.7062990569569],[-1.67154443527125,54.7063795056945],[-1.67119235246761,54.7065430193913],[-1.67064889267676,54.7067698041606],[-1.67049176280689,54.7068196968205],[-1.67025700358844,54.7068712014911],[-1.6701342326135,54.7068897335682],[-1.66992763467621,54.7069134302106],[-1.66972417994152,54.7069299583099],[-1.66958911405702,54.7069358671085],[-1.66931600048991,54.7069351254315],[-1.66846650671836,54.7068169122682],[-1.66837967388184,54.7068032029745],[-1.66827438058543,54.7067750422402],[-1.66824037669372,54.7067587718383],[-1.66818022210715,54.7067145661092],[-1.6681217306722,54.7066533118623],[-1.668078811144,54.7065884937445],[-1.66805605393641,54.7065300248649],[-1.66801771771714,54.7062773906439],[-1.66792978809203,54.7058314094381],[-1.66782273214006,54.7056379046501],[-1.66781082156839,54.705578545104],[-1.66779249813935,54.70554167685],[-1.66776484038508,54.7055074332562],[-1.66769234714473,54.7054524356822],[-1.66763976468383,54.705430721423],[-1.66755148213701,54.7054062046045],[-1.66741357192346,54.7053833736347],[-1.66725850489659,54.7053676651108],[-1.66711420579716,54.7053645734263],[-1.6669729756131,54.705366883746],[-1.66682234293511,54.7053763448695],[-1.66665924179097,54.7053947717468],[-1.66649919766522,54.7054204032773],[-1.66619294666806,54.70548514857],[-1.66602029765938,54.705532305594],[-1.66572773192609,54.7056294696958],[-1.66526260579788,54.7057665748097],[-1.6647958856964,54.7059036926127],[-1.66446924020725,54.7059935452844],[-1.66414263973152,54.7060798357977],[-1.66231692377742,54.7065321904562],[-1.66137239186941,54.7068360103213],[-1.66087313587232,54.7069649335331],[-1.66047360649598,54.7070455630898],[-1.66024979193952,54.7070844990507],[-1.65933915438119,54.7072257469893],[-1.65833361113126,54.7073981756038],[-1.65753509738909,54.7074920751072],[-1.6568235085693,54.7075862424945],[-1.65669614037663,54.7075984445601],[-1.65626597607216,54.7076277814589],[-1.65534529554212,54.7076701109394],[-1.65477692904623,54.7077107370546],[-1.65405504101142,54.7077365417426],[-1.65294231127358,54.707730674767],[-1.65223462137627,54.7077313501786],[-1.65155791324975,54.7077365998942],[-1.65121331384163,54.7077428076495],[-1.65047242341342,54.7078116737623],[-1.64966338209183,54.7078623674054],[-1.64938082572955,54.7078759174561],[-1.64915899352289,54.7078618142407],[-1.64894945026432,54.707863886996],[-1.64884387229992,54.7078698761298],[-1.64865279078614,54.7078909032872],[-1.64850356392626,54.7079201212208],[-1.64834485869578,54.707964614852],[-1.64816115897241,54.708028757034],[-1.64781067171915,54.7081787140836],[-1.6476937869318,54.7082350061872],[-1.64747547413527,54.7083538931826],[-1.64724771414876,54.7084880358583],[-1.64704172418659,54.7086186349167],[-1.64687620935087,54.7087349771887],[-1.64674338215474,54.708840628551],[-1.64654934713215,54.7090198314514],[-1.64633775930403,54.7092564136627],[-1.64626088555301,54.7093532650072],[-1.64607794867091,54.7095077449446],[-1.64588183076095,54.7097484755938],[-1.64571562669643,54.7101200392998],[-1.64558665644393,54.7104934970158],[-1.64555467882289,54.7106030394327],[-1.64546119804826,54.7111752224782],[-1.64541318944847,54.7113440359528],[-1.64536554133094,54.7114678886732],[-1.64532287801865,54.7115522597949],[-1.64524419641006,54.7116769420957],[-1.64512951193468,54.7118365426872],[-1.64501966297303,54.7119737402099],[-1.64485354042587,54.7121556720263],[-1.64445906708976,54.712535547642],[-1.64436053297241,54.7126215495316],[-1.64426359621775,54.7127030465395],[-1.64407002873889,54.7128273817476],[-1.64395310971294,54.7128854556958],[-1.64379106170175,54.7129568591629],[-1.64361821090279,54.7130201706423],[-1.6434361256102,54.7130744448063],[-1.64325724949872,54.7131179531824],[-1.6431219674172,54.7131454296412],[-1.64297742908567,54.7131665746478],[-1.64269309402095,54.7131971919096],[-1.6419594976751,54.7133055612341],[-1.64136288096986,54.7133702970783],[-1.64089690438974,54.7134075523215],[-1.64061738078481,54.7134220291127],[-1.64020901175653,54.7134369792999],[-1.63972775882163,54.7134436519267],[-1.63914416424303,54.7134410177382],[-1.63875156308503,54.7134236643638],[-1.63717439369977,54.7132679923727],[-1.63703030086515,54.7132388138253],[-1.63683800653927,54.7132175978511],[-1.63671539268849,54.7132163110511],[-1.63659270493752,54.7132231226342],[-1.6364963776931,54.7132345026734],[-1.63635646738305,54.7132601541281],[-1.6361169120674,54.7133178623893],[-1.63599389581165,54.7133615084761],[-1.63579913546949,54.7134418213167],[-1.63564326861028,54.7135132423188],[-1.63548577884513,54.7135954340887],[-1.6352876505698,54.7137107792664],[-1.63514862811908,54.7138038198438],[-1.6349891755713,54.7139273695136],[-1.63428170120569,54.7144078188011],[-1.63301453128793,54.7151570567942],[-1.63265763719403,54.7153132634467],[-1.63183078318992,54.7157708564315],[-1.63102932587703,54.7161674443615],[-1.62963974744529,54.7167059940711],[-1.62895697509844,54.7170175429807],[-1.62880259832499,54.7170934682637],[-1.6286592755393,54.717149643137],[-1.62853942820165,54.7171834267164],[-1.62834342940119,54.7172286544157],[-1.6281444132066,54.7172630967284],[-1.62804181823597,54.7172771656962],[-1.62763636506481,54.7173091713082],[-1.62727301065176,54.7173197261116],[-1.62707607724285,54.7172966857706],[-1.62689921834515,54.7172862502645],[-1.62679363128425,54.7172868093137],[-1.62662434611469,54.7172961914622],[-1.62643944825243,54.7173162814292],[-1.62628397123935,54.7173418643722],[-1.62613307093752,54.7173746477871],[-1.62590748258957,54.7174287625931],[-1.6256427149262,54.7171871141069],[-1.62559044579551,54.7171321347443],[-1.62552139566464,54.7170456595063],[-1.62546787473033,54.7169574105219],[-1.62544053600612,54.7168917231299],[-1.62543061398113,54.7167883510935],[-1.62541409808293,54.7167280800445],[-1.62539274924188,54.7166848928981],[-1.62531735157912,54.7166145567789],[-1.62526643597076,54.7165802686087],[-1.6252000303941,54.7165432177734],[-1.62512581135268,54.7165106244085],[-1.62506391363289,54.7164897740783],[-1.62500197628832,54.7164733962263],[-1.62484393945531,54.7164423565145],[-1.62472149125374,54.7164204176412],[-1.62451992486175,54.7163937246425],[-1.62438203513243,54.7163636488542],[-1.62429226198788,54.7163355154603],[-1.62415921424638,54.7162874730981],[-1.62400766101189,54.7162259005964],[-1.62394274035814,54.7161951487802],[-1.62363700435301,54.7160198555163],[-1.62336622061974,54.715925566361],[-1.62286099239469,54.7156687649099],[-1.62267836726111,54.7156124682533],[-1.62237398924748,54.715459657784],[-1.62214976730227,54.7153673052564],[-1.62199843188461,54.7152796517736],[-1.6219380519357,54.7152668943042],[-1.62184845202623,54.7152153953533],[-1.62172978379482,54.7151242449836],[-1.62166246941606,54.7150197916164],[-1.62164551515648,54.7150071503723],[-1.6216192225675,54.7149971670333],[-1.62158507326593,54.7149925970091],[-1.62154005889856,54.7149942792559],[-1.62146387674035,54.7150092804695],[-1.6214358246433,54.7150208990037],[-1.62134674401606,54.7150826442177],[-1.62131718477585,54.7150924076842],[-1.62124104473269,54.7150993577887],[-1.62120537016841,54.7150965496685],[-1.62117286938029,54.7150874760886],[-1.62108490103871,54.7150332766898],[-1.62102483540573,54.7149818602629],[-1.62097420879751,54.7149170014362],[-1.62092549304475,54.7148161850496],[-1.62083221632783,54.7146631449804],[-1.62064924704986,54.7144774424239],[-1.62053355833492,54.7143962115003],[-1.62048104818133,54.7143681826795],[-1.62037584324881,54.714331928179],[-1.62010321969341,54.7142699363853],[-1.61979209069856,54.7141782098917],[-1.61963122211305,54.7141183883612],[-1.61947516318687,54.7140406093652],[-1.61930102215018,54.7139043758202],[-1.61903093498602,54.713741771889],[-1.6189121928683,54.7136578149707],[-1.61872116327672,54.7135026350458],[-1.61865016275492,54.7134601742017],[-1.61858832384034,54.7134339000067],[-1.61851712101228,54.7134130359671],[-1.61841954899363,54.7133938648072],[-1.61801456331846,54.7132101565967],[-1.61793562329704,54.7131838570574],[-1.61790015302339,54.7131595059084],[-1.6178617443328,54.7131198062608],[-1.61783577311662,54.7130756829794],[-1.61777960787642,54.7129398093551],[-1.61773339347629,54.7129019345487],[-1.6176931884782,54.7128874240537],[-1.6176187960488,54.712874620331],[-1.6173347064417,54.7128773051032],[-1.61722144773332,54.7128733689003],[-1.61700120059529,54.7128546834867],[-1.61688491993068,54.712840853967],[-1.61614830404535,54.7126057564455],[-1.61577029723767,54.7125326738758],[-1.61560766312155,54.7124926353286],[-1.61541583039493,54.7124210231251],[-1.61525835218782,54.7123333606063],[-1.61521373046759,54.7122954620193],[-1.61513488620628,54.7122628658312],[-1.61510230559907,54.7122591643618],[-1.61507123083039,54.7122644587603],[-1.61504626994324,54.7122751743786],[-1.61500870121472,54.7123083120693],[-1.61496341768841,54.712336907725],[-1.61489950682752,54.7123654712716],[-1.61482480855566,54.7123885987271],[-1.61467398411143,54.7124141725748],[-1.6144301813545,54.7124259874039],[-1.61435422258909,54.7124176574281],[-1.61425974909324,54.7123939931695],[-1.61422563264333,54.7123947861838],[-1.61418208728133,54.7124009241335],[-1.61404814328915,54.7124499420682],[-1.61394856849721,54.712474784568],[-1.61366713561631,54.7125260031796],[-1.61349200803889,54.7125766751512],[-1.61335571536029,54.7126283448842],[-1.61317391611185,54.7126484523638],[-1.61252459741844,54.7128656463094],[-1.61229807746298,54.7128550490468],[-1.61218139585373,54.7128834337329],[-1.61181566117036,54.7129838034336],[-1.61168502332949,54.7130121619132],[-1.61159667743354,54.7129992901165],[-1.61150982290693,54.712991816789],[-1.6114663431836,54.712992597953],[-1.61146167669519,54.7129952601383],[-1.61142273503197,54.7130086083005],[-1.61137907487999,54.713030057163],[-1.61128060870175,54.7131016394839],[-1.61126646629038,54.7131177530513],[-1.61125543186809,54.7131347887047],[-1.61122611376382,54.7132820878749],[-1.61120572504022,54.7133000039278],[-1.61117918553257,54.7133160688178],[-1.61091752668643,54.7134060110296],[-1.61093432043823,54.7134384202133],[-1.611017086051,54.713552812537],[-1.61096691981013,54.7136029786969],[-1.61083596664695,54.7136573685623],[-1.61079708082139,54.7136680377931],[-1.61070715977005,54.7136569558282],[-1.61064080653151,54.7136181025326],[-1.61065494112172,54.7135992831456],[-1.61072848968068,54.7135375049618],[-1.6106853534935,54.7135041189549],[-1.61066062131674,54.7134941472248],[-1.61062962432691,54.7134877527483],[-1.61057687240714,54.7134858078884],[-1.61045881173096,54.713495312815],[-1.61034059600752,54.7135209948259],[-1.61028608773661,54.7135397026258],[-1.61023772044208,54.7135646784962],[-1.61015336513281,54.7136228333465],[-1.61008510430861,54.7136172222855],[-1.60991178796365,54.7135609551297],[-1.60985139227201,54.7135472614745],[-1.60967593831672,54.7135548046321],[-1.60964016941674,54.7135618861675],[-1.6095747566668,54.7135841289848],[-1.60946234101083,54.7136511653931],[-1.60941104392395,54.7136599906629],[-1.60935666616032,54.7136652086635],[-1.60929459967941,54.7136632144183],[-1.60922633900342,54.713657592989],[-1.60909927391776,54.7136347122311],[-1.60901299533528,54.7135688502636],[-1.60882627870744,54.7134532115109],[-1.60880326264973,54.7134252815911],[-1.6087452367454,54.7133271460338],[-1.60872671306451,54.7133163006367],[-1.60870660525482,54.7133081290425],[-1.60854055315408,54.7133067106366],[-1.60849116288454,54.713275981701],[-1.60849128388944,54.7132634116191],[-1.60850858643496,54.7132392098258],[-1.60852578679172,54.7132257835463],[-1.60861000159732,54.7131856115804],[-1.60861485529269,54.7131667436529],[-1.60861189562292,54.7131505752904],[-1.60856996717505,54.7131522348113],[-1.60846350517112,54.7130844939059],[-1.60844532771317,54.7130377058305],[-1.60857070760569,54.7129149924468],[-1.6085774345108,54.7128601868048],[-1.60852653618992,54.7128276673815],[-1.60850640253032,54.7128222105254],[-1.60926281104981,54.7127698466015],[-1.60974731792651,54.7124254160105],[-1.60997535302839,54.7122760773827],[-1.61052096620318,54.7118680313241],[-1.61073716815305,54.7116575317603],[-1.61078101769166,54.7116145509076],[-1.61093782180417,54.7114505892325],[-1.61132608872361,54.7109404983759],[-1.61158189900117,54.7106456462396],[-1.61181264353069,54.7103723028943],[-1.61196177899209,54.7101966381528],[-1.61214349454219,54.7098575343333],[-1.61233647154289,54.7094771016698],[-1.61236202072527,54.7094043844248],[-1.61245284190265,54.7091566534926],[-1.61253899055332,54.7089088994908],[-1.61262067425495,54.7086440602008],[-1.61266713467128,54.7084932349826],[-1.61238314546024,54.7084851424809],[-1.61216709344233,54.7088492870501],[-1.61203390294463,54.7089800771116],[-1.61189627855272,54.7090892732947],[-1.61176362512958,54.7091670320496],[-1.61157492982789,54.7092616914278],[-1.61140362031905,54.7093231484617],[-1.6111809776824,54.7093943424014],[-1.61113594214163,54.709400465501],[-1.61075361418718,54.7094540772614],[-1.61026903978062,54.7094866735073],[-1.60991863452453,54.7094513986783],[-1.60971117431221,54.709395895926],[-1.60947896585193,54.7093340648589],[-1.60943718643194,54.7093222344473],[-1.60876154173543,54.7090513620488],[-1.60764281635658,54.7085364095546],[-1.60741127557274,54.7084062495742],[-1.60709485058482,54.7082255145964],[-1.6069675570115,54.708068718401],[-1.60692192114661,54.7079742291217],[-1.60692327643906,54.7078340268599],[-1.60693338017489,54.7077522785605],[-1.60696368620601,54.707665221631],[-1.60704105507403,54.707529765814],[-1.60713217860789,54.7074150317675],[-1.60812940714165,54.7068421979219],[-1.60826517457618,54.7067644711045],[-1.6085092467889,54.7065594580209],[-1.60854577796668,54.7064724027913],[-1.60807649652891,54.7063729216762],[-1.60795924430061,54.7063006547344],[-1.60776565863799,54.7060987472218],[-1.60769484756405,54.7060391914954],[-1.60731613064777,54.7057216562609],[-1.60719776012158,54.705446253866],[-1.60712761040064,54.7053184455788],[-1.60692034555501,54.7050859135827],[-1.60618419892823,54.7045011788497],[-1.60624109707444,54.7043953435476],[-1.60622256098892,54.7043862743487],[-1.60548593299336,54.7038536839722],[-1.60464840383019,54.703486097552],[-1.60452671706485,54.7033940457456],[-1.60454846617275,54.7032296440631],[-1.60468658286742,54.7032300937416],[-1.6051070298566,54.7030813992279],[-1.60538893955434,54.7029753845311],[-1.60579092825136,54.702805932361],[-1.60591410133498,54.7027479154154],[-1.60605751749602,54.7026801002848],[-1.60629306525669,54.7025532368771],[-1.60646784200533,54.7024531575684],[-1.60661802771688,54.7023260267655],[-1.60548569538862,54.7019583928409],[-1.60503554835672,54.7018122689829],[-1.60471041762025,54.7015757422729],[-1.60392252382229,54.7005810544255],[-1.60380788523805,54.7004027530429],[-1.60330381785888,54.7006949471188],[-1.60321130293464,54.7006335410771],[-1.60322228638575,54.7006218898406],[-1.60293996507804,54.7004520316162],[-1.60298831439952,54.7004279131934],[-1.60292503692063,54.7003926646752],[-1.6028058472919,54.7003653212209],[-1.60250190826455,54.7001837032091],[-1.60239391658457,54.70011954088],[-1.60212196217345,54.700319940974],[-1.60168005714361,54.7006042710067],[-1.60120360215475,54.7009280265776],[-1.60093731150487,54.7010269137968],[-1.60067386802599,54.7006737546964],[-1.60040256168001,54.7004940328955],[-1.60003765071549,54.7005197934855],[-1.59984316236763,54.7002585522744],[-1.59989001628029,54.7002281548559],[-1.59992437577757,54.7002048848783],[-1.59996502806407,54.7001717530203],[-1.59998379921763,54.7001565474815],[-1.60002136971786,54.7001234234202],[-1.60013563585076,54.7000240562545],[-1.60037056088583,54.6998019495062],[-1.60061173481845,54.6995744798628],[-1.6006666232963,54.6995153423133],[-1.60066364547365,54.6995063602452],[-1.60070926004296,54.6994418082591],[-1.60084636056006,54.6993856379786],[-1.60068820952178,54.6992134664425],[-1.60063592825601,54.6991656633751],[-1.6006069921084,54.6991125720851],[-1.60058554020928,54.6990837343238],[-1.6012830546958,54.6988388905972],[-1.6009150915469,54.6985474213449],[-1.60134843576425,54.6983430441375],[-1.60092935972386,54.6980423978663],[-1.60085234211469,54.6979864435232],[-1.60078377308514,54.6980167689972],[-1.60050982179486,54.6977893985151],[-1.60221158130516,54.6978219501606],[-1.60238222322506,54.6978252060012],[-1.60266011618236,54.6976508661919],[-1.60265703518269,54.6976490704617],[-1.6027369467087,54.697568453007],[-1.60284193785467,54.697462739644],[-1.60282649347712,54.6974546191116],[-1.60280952622474,54.6974446711027],[-1.60265043058308,54.6973722618322],[-1.60250069608937,54.6972944721356],[-1.60237720886408,54.6972266697034],[-1.60224148405328,54.6971462475385],[-1.60211196795521,54.6970613549358],[-1.60198716654299,54.6969719780307],[-1.60186856666792,54.6968790230743],[-1.60174856943688,54.6967779835159],[-1.60163784487958,54.696674259392],[-1.60159943978188,54.6966372872022],[-1.60155338323713,54.6965868269479],[-1.60150890118213,54.6965345502209],[-1.60139381183133,54.6964047779356],[-1.6013401446968,54.6963398905591],[-1.60130950400567,54.6963020423623],[-1.60124967839114,54.6962299570715],[-1.60123283582623,54.6962074207177],[-1.60120388540081,54.6961543384809],[-1.60119777921043,54.6961435236469],[-1.60117947770743,54.6961110809964],[-1.6011321796901,54.6960318582758],[-1.60107421217857,54.6959292279738],[-1.60106345844493,54.6959192911279],[-1.60104196140126,54.6958967753914],[-1.60085925422769,54.695701158815],[-1.60056287546453,54.6953874516657],[-1.60046765992289,54.6952891791935],[-1.60037861465088,54.695193632845],[-1.60033254423167,54.6951449477942],[-1.60030958297039,54.6951179005224],[-1.60024353351197,54.695045794213],[-1.60016980850327,54.6949691809319],[-1.60014372925049,54.6949394264589],[-1.60012530516815,54.6949195906144],[-1.60011308920331,54.6949015779477],[-1.60008091506804,54.6948583404675],[-1.60006108087448,54.6948268218068],[-1.60003813594049,54.6947916847476],[-1.60000915963025,54.6947430747801],[-1.59992648860651,54.6946295398371],[-1.5998391787275,54.6945160542416],[-1.59974098616293,54.6944042805897],[-1.59963968014003,54.6942925334282],[-1.5995183909808,54.6941645244783],[-1.59939398759845,54.6940364871482],[-1.59924485618613,54.6938967078359],[-1.59909106805879,54.6937586985984],[-1.5990479289651,54.6937271027663],[-1.59898638179098,54.6936774736705],[-1.59888627398917,54.6936025580395],[-1.59884773767245,54.6935763693436],[-1.59863349400426,54.6934345613841],[-1.59858724130738,54.6934047587084],[-1.59842842819905,54.6933062831701],[-1.5982818599696,54.6932258203766],[-1.59825097002483,54.693210433602],[-1.59804427054434,54.6930902471975]]]}},{"type":"Feature","properties":{"ward":"Trimdon and Thornley","boundary_ward":"Trimdon","date":"2017-09-28","display_date":"28 September 2017","winning_party":"Labour","winning_candidate":"Judith Helen Grant","total_votes":1759,"turnout":18.2,"electorate":9664,"labour_votes":1150,"labour_pct":65.4,"labour_candidate":"Judith Helen Grant","independent_votes":351,"independent_pct":20.0,"independent_candidate":"Maurice Brown","liberal_democrats_votes":117,"liberal_democrats_pct":6.7,"liberal_democrats_candidate":"Alan Bell","conservative_votes":112,"conservative_pct":6.4,"conservative_candidate":"Michael Drummond Moverley Smith","green_votes":29,"green_pct":1.6,"green_candidate":"Jonathan Elmer"},"geometry":{"type":"Polygon","coordinates":[[[-1.3981394734003,54.7171690518088],[-1.39831847915991,54.716717000284],[-1.39854395586369,54.716271473149],[-1.39886312353696,54.7155783887335],[-1.3989847568418,54.7153309702574],[-1.39932536002167,54.7148662358944],[-1.39916262479449,54.7148492620509],[-1.39940251913448,54.7144765948423],[-1.39962367578153,54.7141110498041],[-1.39984802348634,54.7137401002792],[-1.40030054435669,54.7129470254063],[-1.40074720138589,54.7122356733403],[-1.40121026605287,54.7114624509727],[-1.40098553377084,54.7108088758803],[-1.40051262816387,54.7108811154969],[-1.40052888008331,54.7103051564736],[-1.40051415124742,54.7097263563703],[-1.40050430843853,54.7093398924715],[-1.40044311798574,54.708542896234],[-1.40042302232199,54.708222444148],[-1.40035863674292,54.7079587998131],[-1.40028439238093,54.7077301862174],[-1.4001167816972,54.707416606345],[-1.39874797732925,54.7074143196957],[-1.39850363505712,54.707147095167],[-1.39819347321546,54.7067124109859],[-1.39768242633595,54.7061140578884],[-1.39745423303213,54.7059098182015],[-1.39708407595009,54.7054415661347],[-1.39661139730167,54.7048748624187],[-1.39605221433359,54.7041783123955],[-1.3960481698707,54.7041360350412],[-1.39602108282479,54.7040810912405],[-1.39598742767459,54.7040467823181],[-1.39593672483605,54.7040132727792],[-1.39588276223766,54.7039896485198],[-1.39585339260049,54.7039813944483],[-1.39573260530929,54.7039655261873],[-1.39569094529529,54.7039491318133],[-1.39565410412318,54.7039228967438],[-1.39562215282979,54.7038787036591],[-1.3956011514022,54.7038291731129],[-1.39559394533875,54.7037922908742],[-1.39559923059422,54.7037509712416],[-1.3956597014266,54.7035463723871],[-1.39567560961876,54.7035194978624],[-1.39571974526845,54.7034729788634],[-1.3957808121863,54.7034355623344],[-1.39581047556436,54.7034240238003],[-1.39584007375992,54.7034169746853],[-1.39599226742822,54.7034087414581],[-1.3960358549581,54.7033990848202],[-1.39608118593828,54.7033768384039],[-1.39611730015122,54.7033482607924],[-1.39614097664435,54.7033205226164],[-1.39615862026583,54.7032837641163],[-1.39616556510741,54.703233471417],[-1.39614950067028,54.7031660020387],[-1.39612554945423,54.703107457619],[-1.39610429398879,54.7030750140841],[-1.39605530455222,54.7030289245621],[-1.39599828853135,54.7030034716331],[-1.39586529223389,54.7029731505197],[-1.39581752686963,54.7029495561952],[-1.3957730110263,54.702916979664],[-1.39574558581826,54.702882674742],[-1.39573514498587,54.7028538922736],[-1.39573860654519,54.7028305360296],[-1.39578495177657,54.7027400129856],[-1.39578383636991,54.7027103387623],[-1.39576411115728,54.7026796884443],[-1.39572274821528,54.7026444396795],[-1.39561510809514,54.7025782816601],[-1.39534424200542,54.7024268593348],[-1.39524439478176,54.7023580707832],[-1.39502817888157,54.7021862517112],[-1.39500371584632,54.7021600593011],[-1.39497936552935,54.7021284844188],[-1.39497347729319,54.7021077955389],[-1.39497180759619,54.7020107201363],[-1.39494597981506,54.7019737449621],[-1.39491984576542,54.7019574556233],[-1.39475325188776,54.7018937077267],[-1.3946947371263,54.7018601676648],[-1.39462872763809,54.7018113047023],[-1.3945889778325,54.7017724752105],[-1.39457231464478,54.7017454283643],[-1.39456540421168,54.7016887812947],[-1.39459814547553,54.7015730226497],[-1.39465694446208,54.7014807217009],[-1.39465928583923,54.7014259145499],[-1.39462601853687,54.7013700561797],[-1.39458005489125,54.701330265547],[-1.394529352186,54.7012949697511],[-1.39443989619321,54.7012585880904],[-1.3943595494029,54.7012357148137],[-1.39439924530127,54.7011757111423],[-1.39466641343707,54.7011563663562],[-1.39471809711061,54.7012303079807],[-1.3947654539961,54.7012790778295],[-1.39482231216609,54.701317109233],[-1.39488703088405,54.7013479841773],[-1.39496111021831,54.7013735038767],[-1.39505231177786,54.7013973232699],[-1.39525509279907,54.7014315825086],[-1.39532613492167,54.7014562223222],[-1.3953583414282,54.7014788271389],[-1.39558453108923,54.7017127466654],[-1.3956414403053,54.701745349075],[-1.395689284164,54.7017635599355],[-1.39612961317541,54.7018924697653],[-1.39634247356997,54.7019780069096],[-1.39643511352568,54.7020099213424],[-1.39651393338475,54.7020309919005],[-1.39657122132165,54.702040249225],[-1.39663012740678,54.7020432562381],[-1.39680088953356,54.7020404982831],[-1.3969310453096,54.7020510479032],[-1.39721578677431,54.7021027725636],[-1.39753809814908,54.7021349259179],[-1.3976448921632,54.702154321165],[-1.39789677900447,54.7022229881369],[-1.39808719809629,54.7022544852639],[-1.39825767772009,54.7022697143168],[-1.39839802781665,54.7022218679719],[-1.39859326024964,54.7021374840917],[-1.39876541189545,54.7020385744307],[-1.39919200037228,54.7017324364473],[-1.39939298351731,54.7015725645586],[-1.39965558257725,54.7013375288377],[-1.3998155344271,54.7012250853326],[-1.39985652210491,54.7011803528595],[-1.39988707269789,54.7011086149402],[-1.39991630662772,54.7008095079946],[-1.39994712088611,54.7007197719065],[-1.39998212442225,54.7006606445499],[-1.4000279673134,54.7006033474671],[-1.40008777926249,54.7005470396925],[-1.40015679002469,54.7004961604092],[-1.40022878214077,54.7004542771322],[-1.40033663690946,54.7004026884418],[-1.40045683800728,54.7003520530588],[-1.40060970812394,54.7002970784551],[-1.40157620660836,54.6999963224913],[-1.40168560598345,54.6999420252374],[-1.40173276478323,54.6999009297548],[-1.40175823296728,54.6998579326496],[-1.40176665645369,54.6998112262538],[-1.40175502636217,54.6997572432893],[-1.40172945790772,54.6997023072959],[-1.40159293039699,54.6994913414598],[-1.40151654699013,54.6993049380328],[-1.40148320819931,54.6992490712446],[-1.40127781598591,54.6990772985396],[-1.40106176813024,54.6987877739884],[-1.40098523161262,54.6987154889234],[-1.40094682457778,54.6986910414349],[-1.40076173661463,54.6986146217989],[-1.40070488092972,54.6985783958806],[-1.40064841774369,54.6985134332885],[-1.4005746379885,54.6983620857592],[-1.40043376704794,54.6981295262154],[-1.40038637573172,54.6980807583473],[-1.40022388712618,54.6979460602652],[-1.40006084161903,54.6978490889971],[-1.40000416000937,54.6978011772917],[-1.39997984346825,54.6977651119775],[-1.39996498736595,54.6977210233947],[-1.39996535985444,54.6974846712442],[-1.39992822579744,54.6973739483459],[-1.39967957993283,54.69687216377],[-1.39958522535801,54.6967503725972],[-1.3995270367991,54.6966970602756],[-1.39947481049137,54.6966617499626],[-1.39942243837587,54.6966363215884],[-1.39934064775045,54.696606266742],[-1.39924021244952,54.6965778952716],[-1.39892778938815,54.6965116638607],[-1.39858877270224,54.696460538552],[-1.39841874490139,54.6964174569707],[-1.39829987635544,54.6963764406611],[-1.39807619990523,54.6962890584808],[-1.39781562042085,54.6961790115308],[-1.39757827380816,54.6960709108982],[-1.39715531847098,54.6959250122921],[-1.397434799184,54.6957026543817],[-1.39735341191879,54.6956456005184],[-1.39759130091041,54.6955066021107],[-1.39760128955153,54.6952505394482],[-1.39761017313081,54.6951741758539],[-1.39776132670236,54.6946051788107],[-1.39771374903558,54.694361382908],[-1.39770455935217,54.6942481388509],[-1.39770884164764,54.6941681639949],[-1.39774154106504,54.6940551090577],[-1.39781979132184,54.6939054068775],[-1.39796428822771,54.6936805450791],[-1.39807576467443,54.6934861001298],[-1.39812322545882,54.6934243390029],[-1.39817364210629,54.6933733406325],[-1.39838709610934,54.6932054627948],[-1.39863434322981,54.693061981204],[-1.39874250339866,54.6929852532273],[-1.3988589567994,54.6928761934143],[-1.39889844966189,54.6928278464994],[-1.39895260852762,54.6927319777076],[-1.39901232671497,54.6926801506675],[-1.39908256420871,54.6926508308163],[-1.39930524987388,54.692595320231],[-1.39951719660694,54.6925289621296],[-1.39958448338428,54.6924906640301],[-1.3996018094967,54.6924727682763],[-1.39962413621551,54.6924324430661],[-1.39967345849712,54.6921388269981],[-1.39967306789528,54.6920597401729],[-1.39963961848627,54.6919085995939],[-1.39965918528351,54.6917388294942],[-1.39965259666384,54.6913433972283],[-1.39958098751038,54.6912549665943],[-1.39947375393791,54.6911627612625],[-1.39907034713872,54.6908525195968],[-1.39902926974804,54.6907974970612],[-1.39900135527014,54.6906913288822],[-1.39898462717221,54.690668773792],[-1.39893397966237,54.6906325786203],[-1.39874900298859,54.6905534782358],[-1.39860294599745,54.69046377569],[-1.39847878923009,54.6903625320843],[-1.3984390957073,54.6903182921897],[-1.39840267350687,54.6902632745513],[-1.39835495119831,54.6901345447516],[-1.39826754691717,54.6895418805529],[-1.39821629992493,54.689335841958],[-1.3980668649353,54.6889486550389],[-1.39790463587934,54.6885910902619],[-1.39780900852786,54.6883443782989],[-1.39767613828033,54.6880983728002],[-1.3976350809412,54.6880433588552],[-1.39755097358602,54.6879629637491],[-1.39735900445442,54.6878325778653],[-1.3972872294261,54.6877549488502],[-1.39727365644573,54.6877297122741],[-1.39724307492112,54.6875938714844],[-1.39720510537524,54.6875406485114],[-1.3971435271676,54.6875070942712],[-1.3969533196002,54.6874693022701],[-1.39690702266789,54.6874528941751],[-1.39686852963277,54.687432936466],[-1.39679501677644,54.6873687426607],[-1.39670056056788,54.6872514759613],[-1.39651728896814,54.6870609307867],[-1.3963861395962,54.6869075082891],[-1.39626834087619,54.6867964014128],[-1.39617933498679,54.6867339247623],[-1.39596866449543,54.6866088733367],[-1.39549415327245,54.6863907955245],[-1.39527109105124,54.6862683870268],[-1.39512667359786,54.6861724129758],[-1.39489507726695,54.6859960066873],[-1.39435633208757,54.6855098415726],[-1.39420426865405,54.6854093366654],[-1.39384113513645,54.6852115946479],[-1.39348687585076,54.6850453854221],[-1.39326344833973,54.6849462991402],[-1.39311081198093,54.6848844311407],[-1.3928916346161,54.6848114458338],[-1.39253008459132,54.6847170588218],[-1.39211426440049,54.6846215162617],[-1.39165854151062,54.6844988083577],[-1.39151166035121,54.6844666270195],[-1.39122074852251,54.6844220354486],[-1.39113567237839,54.6844045291328],[-1.39105846228372,54.6843834630613],[-1.39098285679906,54.6843561295613],[-1.3906978485601,54.6842270793989],[-1.39026469048582,54.6840469743854],[-1.389971222647,54.6839655204565],[-1.38993575501123,54.6839518511879],[-1.38986184145948,54.6839155351681],[-1.38978803412249,54.6838720410343],[-1.38973438503813,54.683829531675],[-1.38969779737124,54.6837888938029],[-1.38967517707552,54.6837456580397],[-1.38966661104936,54.683695268556],[-1.38967109825994,54.683603634533],[-1.38970699333755,54.6833800490162],[-1.38970484516485,54.6833189158052],[-1.38967102164338,54.6831956452717],[-1.38958680598656,54.6830181755399],[-1.38962098500191,54.6829123085155],[-1.39156488515699,54.6825679931551],[-1.39301625676597,54.6822786899599],[-1.39345996781294,54.6821658883437],[-1.39369326439242,54.6821239318862],[-1.3939264458241,54.6820864471045],[-1.39433966650635,54.6820435756872],[-1.39483740863197,54.6819463153793],[-1.39540609938384,54.6818763785959],[-1.39653482225632,54.6816923470515],[-1.39731814540127,54.6815829972061],[-1.39779230326723,54.6815062842804],[-1.39840398141558,54.6814670811046],[-1.39891667735005,54.6814067238589],[-1.39941395255501,54.6813408780769],[-1.39944567756938,54.6811873637766],[-1.39965580012973,54.6808217334596],[-1.3999998189617,54.680104506676],[-1.40026018427232,54.6795908543166],[-1.4005126244865,54.6789828194217],[-1.4007535181117,54.6785265569713],[-1.40084721583302,54.678271809054],[-1.40099505367975,54.6780262918248],[-1.40115301627363,54.6777251218906],[-1.40123463125253,54.6775529893073],[-1.40135042887881,54.6772722795401],[-1.40141978102084,54.6771953304693],[-1.40160470999257,54.6770641334193],[-1.40163618633497,54.6770337364862],[-1.40170226220815,54.6769657623181],[-1.4017577698265,54.6768842441932],[-1.40179774693477,54.6768026782034],[-1.4018349944352,54.6766950461754],[-1.40253425565508,54.6759651521891],[-1.40274901607774,54.6757028732118],[-1.40287695833138,54.6754375162634],[-1.40306376768129,54.6748587939784],[-1.40319763100397,54.6746159195114],[-1.40329134517586,54.6740376224917],[-1.40337247003549,54.6738978042907],[-1.40356574160831,54.6736184038433],[-1.4036747963663,54.6734796519969],[-1.40391136769771,54.6732076136957],[-1.40418440755484,54.6727739937473],[-1.40438451103912,54.6725566123863],[-1.40474707181074,54.6725763459632],[-1.40511192078428,54.6724406335389],[-1.40526765663069,54.6723937657772],[-1.40548539646397,54.6723489963991],[-1.40609022090441,54.672342987131],[-1.40639037876388,54.6723867139395],[-1.4065290895649,54.6723388400887],[-1.40658543723244,54.6723031715349],[-1.40683453299597,54.6721255413472],[-1.40691274699842,54.6720810063166],[-1.4069564292777,54.6720623369752],[-1.40707754915714,54.6720512598445],[-1.40719027562738,54.6720823630561],[-1.40735968754727,54.6720544243945],[-1.40754806744641,54.6720041148995],[-1.4075835819642,54.6719072396955],[-1.40759437676353,54.6718048328324],[-1.40767698613757,54.6717755854403],[-1.40770602151928,54.6716984547694],[-1.40769824666722,54.6714863199115],[-1.40768696765929,54.6714080811126],[-1.4077028209316,54.6712787441112],[-1.40759977470163,54.6712198333619],[-1.40749086348744,54.6711384027653],[-1.40736026441908,54.6710569128353],[-1.40727129345614,54.670990873998],[-1.40718235045328,54.6709230405802],[-1.40715055619992,54.6708689494735],[-1.4071280723476,54.6708167173912],[-1.40716271205003,54.6707800401772],[-1.40728518832624,54.6706755010866],[-1.40733261890022,54.6706119234143],[-1.40728228563402,54.6705541623335],[-1.40722817773914,54.6705431129282],[-1.40708424979869,54.6705244458568],[-1.40707079580118,54.6704911129787],[-1.40706357163124,54.6704551334039],[-1.40713278350473,54.6702793370302],[-1.40718948113361,54.6702193940091],[-1.40729383184139,54.6701884593697],[-1.40739161839318,54.6701799459379],[-1.40747773841103,54.6702289004543],[-1.40751757437601,54.6702605585219],[-1.40755736465837,54.6702975994101],[-1.40763191134781,54.6703968059528],[-1.40771372049577,54.6704223836109],[-1.40776023774167,54.6704226107508],[-1.40784882004331,54.6704104177715],[-1.40791572387489,54.6703910050042],[-1.40796269985665,54.6703597807176],[-1.40798167706304,54.6703365078222],[-1.40799172084613,54.6702835323852],[-1.40790977939552,54.6702669553869],[-1.40779879038401,54.6702259687234],[-1.40780238723744,54.6701882464716],[-1.40790742998146,54.6701096741765],[-1.40794476201105,54.6701017674424],[-1.40826780035438,54.6700647116255],[-1.40835020999353,54.6700489366039],[-1.40841937976849,54.6699827765997],[-1.40847570852896,54.6698419603928],[-1.40857092249543,54.6697983725914],[-1.40863309171353,54.6697878997125],[-1.40874949715724,54.6697794849435],[-1.40886883328659,54.6697836558969],[-1.40893386632258,54.6697902671343],[-1.40904764781102,54.6698555054027],[-1.40909233526839,54.66987461594],[-1.40919136540755,54.6698885703683],[-1.40920101967356,54.6698643603824],[-1.40920970569498,54.6697996909675],[-1.40923532518994,54.6697432208517],[-1.40934886002111,54.6697203992592],[-1.40949632286169,54.6697076263565],[-1.40970625753416,54.669665498376],[-1.40977305372795,54.6696577533364],[-1.40985518878195,54.6696608301345],[-1.41026396446164,54.6696978710874],[-1.41027732333724,54.6697401836074],[-1.41037981962452,54.6698350534599],[-1.41045865536123,54.6699585370406],[-1.41048917015402,54.6699937282498],[-1.41053213282383,54.6700245072453],[-1.41069056710865,54.6701115408316],[-1.41083337705195,54.6702074985397],[-1.41088567045726,54.6702365101064],[-1.41094120553289,54.6702565551462],[-1.4109999157269,54.6702721258032],[-1.41107113453466,54.6702814439813],[-1.41120745218921,54.6702884000934],[-1.41127257078494,54.6702869215268],[-1.41144042393179,54.6702607732053],[-1.41153542362051,54.6702306819156],[-1.41191707113552,54.6700006596947],[-1.41213116666098,54.6698857928219],[-1.41259409845798,54.6696094600671],[-1.41278033656873,54.6694917152667],[-1.41332540086932,54.6693226997515],[-1.41367285391227,54.66920577006],[-1.41382845405125,54.6691678620391],[-1.4142685302888,54.6690774208897],[-1.41459378159399,54.6689936295878],[-1.4148340772283,54.6688887490911],[-1.41496255950781,54.6690097831413],[-1.41510865512226,54.6690940644246],[-1.41519964304184,54.6693452413799],[-1.4152348419881,54.6693750610422],[-1.41540685438083,54.6694900191383],[-1.41554360479279,54.6695751562253],[-1.41581302363659,54.6697112507654],[-1.41597409663429,54.6698342443358],[-1.41601567752637,54.6698497480618],[-1.41610530130247,54.6698744185717],[-1.41619961390862,54.6698919518447],[-1.41628790333126,54.6698977696979],[-1.41637783790304,54.6698973100742],[-1.41645549265336,54.6698895857361],[-1.41653008184321,54.6698764626439],[-1.41663903620278,54.6698473367364],[-1.41760978814757,54.6697315783245],[-1.41984825194829,54.6695436903627],[-1.42026747914542,54.6693947105527],[-1.42090032603808,54.6691587009765],[-1.42108320632351,54.6690553296441],[-1.42130188172663,54.6689422263485],[-1.42141144304387,54.6688699573557],[-1.42157614708803,54.6687359553198],[-1.42163880568075,54.6688000636202],[-1.42165514736071,54.6689618840636],[-1.4216699725223,54.6690068992607],[-1.4217355407333,54.6690853956773],[-1.4217414267941,54.6691069847365],[-1.42170640581492,54.6691715384804],[-1.42160268627714,54.6692663069486],[-1.42159162879868,54.6692824231621],[-1.42160024363201,54.66933097918],[-1.42162919817647,54.6693670624386],[-1.42169498366274,54.6694302932286],[-1.42177333104185,54.6694809943454],[-1.42182257102013,54.6695063704067],[-1.42215038717365,54.6695699664342],[-1.42219333287495,54.6696025269106],[-1.42223003701732,54.6696386460437],[-1.4222101968422,54.6697266189027],[-1.42221813237021,54.669821910781],[-1.42245923856558,54.669985720987],[-1.42261404401089,54.6701131756144],[-1.42275519705326,54.6701084554731],[-1.42298004015651,54.669997191146],[-1.42319183912156,54.6700422507375],[-1.42328917247718,54.6700687562851],[-1.42352525518308,54.6701435807144],[-1.42368086957267,54.6701065624845],[-1.42381513242591,54.6700433999449],[-1.42406390535459,54.6699933517411],[-1.42432138589105,54.6699856018108],[-1.42451080793913,54.6699694214738],[-1.42469853915331,54.6699604195168],[-1.42470840879061,54.6699227274157],[-1.4247159905068,54.6698220975075],[-1.42474005757012,54.6697638041413],[-1.42486768798982,54.669729385422],[-1.42517203187065,54.6696993558085],[-1.42527656510259,54.6696522196878],[-1.42540729403823,54.6696186885958],[-1.42564482492076,54.6695955378227],[-1.42582165162316,54.6695918844185],[-1.42587922392978,54.6695759880233],[-1.42606932001606,54.669509488992],[-1.42612069480503,54.6694962322162],[-1.42617012683349,54.6695081713366],[-1.42627656756923,54.6695464048299],[-1.42637091636453,54.6695639313072],[-1.42645375821287,54.6695157893096],[-1.42650848137719,54.6693740827562],[-1.42655421283837,54.6693194798783],[-1.42668748927974,54.6693236803965],[-1.42697016093716,54.6694005219772],[-1.42714301571714,54.6694579433308],[-1.42719807169044,54.6695103345439],[-1.42727991676277,54.6695340955704],[-1.42742601226436,54.6695095982417],[-1.4277517973775,54.669386221959],[-1.42790851066023,54.6693788813045],[-1.42803763370672,54.6693498493513],[-1.4282028665395,54.6692841041346],[-1.42827142011148,54.6692628663337],[-1.42840372042274,54.6693353973235],[-1.42846384819242,54.6693590462088],[-1.42858585539825,54.6693946729762],[-1.42865232704342,54.6694075567853],[-1.42899403588857,54.6693642305655],[-1.42911713948861,54.6693216782316],[-1.42936861622952,54.6691889754576],[-1.42961122335872,54.66902743604],[-1.42975953130388,54.6689535480032],[-1.42968898528361,54.6688983792103],[-1.42959513464642,54.668847619305],[-1.42958457812063,54.6688259897992],[-1.42958205785544,54.6687837573468],[-1.42959009461273,54.6687631175574],[-1.42967894301776,54.6687311885269],[-1.42980598785524,54.668738062222],[-1.42984766001615,54.6687508836024],[-1.42994934640262,54.6687953579719],[-1.43003578421099,54.6688245406544],[-1.43009367662726,54.6688967021228],[-1.43046676371832,54.6689388896244],[-1.43058117057718,54.6688504581083],[-1.43074369764396,54.6687586630506],[-1.43084815185738,54.6688301503095],[-1.43110373586279,54.6687369967811],[-1.43121154041899,54.6688983515441],[-1.43151012627056,54.6689455883391],[-1.43142747720828,54.6692022153131],[-1.4314285311465,54.6693496153276],[-1.43146160482208,54.6694234544269],[-1.4314920798922,54.669460425828],[-1.43153191601797,54.6694956823935],[-1.43170482764135,54.6695495171694],[-1.43191703031345,54.6696754161516],[-1.43209878354521,54.6697625400014],[-1.43230865345574,54.6698327149932],[-1.43320162096212,54.6700651571681],[-1.43397680269025,54.6702943380835],[-1.4342113460177,54.6703763310221],[-1.4345710994601,54.6704858423309],[-1.43480490097601,54.6705093953175],[-1.4348776118692,54.6705214393509],[-1.43497764049857,54.670574018549],[-1.43500024252402,54.6706226396166],[-1.43504762354123,54.6706704918055],[-1.43509546075491,54.6706878127756],[-1.43523136659575,54.6707270769511],[-1.43549259504802,54.6707858081391],[-1.43565786177267,54.6708341997082],[-1.43587329635415,54.6709493307083],[-1.43593311509867,54.6709981237889],[-1.43603604622515,54.6710660101142],[-1.43611501184387,54.6711858891086],[-1.43614859895042,54.6712256066432],[-1.43637368162199,54.6713174250741],[-1.43664767795283,54.6714624767163],[-1.43700865769654,54.6715980658764],[-1.43726034337874,54.6716747035191],[-1.43747413836666,54.6716873726064],[-1.43765531116246,54.6717053018827],[-1.4378493284192,54.6716900323276],[-1.43802494157528,54.6716620795941],[-1.43820149721395,54.671676388374],[-1.43827253090035,54.6716973859479],[-1.4384730443871,54.6717728907815],[-1.43856995815879,54.6718308454941],[-1.43873934375977,54.6719161073736],[-1.43879315229905,54.6719496225288],[-1.43887884811202,54.6720335955869],[-1.43907533324364,54.672065056589],[-1.43927785507043,54.6721091337885],[-1.43937825516247,54.6721365517818],[-1.43943278035775,54.6722311563514],[-1.43944691522299,54.6723300828792],[-1.43949535932981,54.6724165793454],[-1.4395848187449,54.6724511332922],[-1.43971314722856,54.6724787078984],[-1.43978032976121,54.6725535855902],[-1.43988898835028,54.6726583316504],[-1.43988287495463,54.6727634598156],[-1.43974723715765,54.6729299766287],[-1.43965376054165,54.6730742437177],[-1.43963926010461,54.6731137192269],[-1.43963043946552,54.6731927544856],[-1.43963759061494,54.6732350359242],[-1.43968434178179,54.6733305156975],[-1.43955508899005,54.673372157064],[-1.43943996166873,54.6736241394983],[-1.43933307359079,54.6737296843502],[-1.43922192607686,54.6738055604075],[-1.43919207412323,54.6738332776475],[-1.43915870783186,54.673892442058],[-1.43914880604223,54.6740487635117],[-1.43906108722334,54.6741112937212],[-1.43902802125549,54.6741497540663],[-1.43901844076632,54.6741685836796],[-1.43906578877288,54.6742218360163],[-1.43926366842136,54.6742658638717],[-1.43926951470917,54.6742910690075],[-1.43926605637832,54.6743162032704],[-1.43913964434141,54.6743749285117],[-1.43909288385654,54.6743908991767],[-1.43904466726635,54.674404167072],[-1.43889572180736,54.6744088701897],[-1.43884754418739,54.6744158160255],[-1.43880709250768,54.6744255403363],[-1.43875549170244,54.6744585318021],[-1.4387610775792,54.6745026087798],[-1.4387793734524,54.6745242552844],[-1.43884086429943,54.6745640822697],[-1.43893959410541,54.6746013854618],[-1.43891425998839,54.6747540192387],[-1.43884336069355,54.6748345897553],[-1.43876722727601,54.6749573655314],[-1.4388038689342,54.6749970685661],[-1.4388436656641,54.675035920764],[-1.43889313993183,54.675043300374],[-1.43900012828588,54.6750483137694],[-1.43905750083095,54.6750458642153],[-1.43917427433676,54.6750149497485],[-1.4392195061965,54.6749935979236],[-1.4392555025385,54.6749695073698],[-1.43931199893468,54.6749212159574],[-1.43938046484589,54.6749053733888],[-1.43941137311487,54.6749118105412],[-1.43948538907418,54.6749427047606],[-1.43952692271293,54.6749662702529],[-1.43949100799928,54.6752105297509],[-1.43949210535557,54.6752438018902],[-1.43950095319759,54.6752770720993],[-1.43955091253105,54.6753644957696],[-1.43962768911183,54.6754187582709],[-1.43983654651673,54.6754547846908],[-1.43989701785835,54.6754568487022],[-1.43995439519192,54.6754553288699],[-1.44007424572112,54.6754235173762],[-1.44031171897754,54.6754075331785],[-1.44043985678516,54.6754485691258],[-1.44065268052914,54.6756490497619],[-1.44097194860915,54.6760010039193],[-1.44130381827907,54.6761130723744],[-1.44147740785361,54.6762315987981],[-1.44170882714734,54.676318034446],[-1.44192574920848,54.6763316212622],[-1.44199994929251,54.6762357974721],[-1.44213981872129,54.6762148798682],[-1.44233160396375,54.6762526082175],[-1.44249842054448,54.6763001051069],[-1.44259043698953,54.6763760335504],[-1.44261308049797,54.676420143796],[-1.44262641370504,54.6764669441192],[-1.44260005428521,54.676578272757],[-1.44303336634652,54.6767581922022],[-1.44318695270606,54.6768676330835],[-1.44333617788989,54.6769545905385],[-1.44335776138182,54.6769636799046],[-1.4438398735747,54.6769766763069],[-1.44407354627167,54.6770127813087],[-1.44435653905883,54.6770725042303],[-1.44453361836455,54.6771631860739],[-1.44473322368481,54.6771973481298],[-1.44485355419836,54.6772446280551],[-1.44488054276449,54.677310355541],[-1.44485649989482,54.6773686627998],[-1.44485100577478,54.677431535725],[-1.44489972894221,54.6774964613051],[-1.44504668887037,54.6775240876113],[-1.4452182422941,54.6774529830632],[-1.44529738595437,54.6774497646974],[-1.44533691919576,54.6775074515081],[-1.4452786020926,54.6775754758319],[-1.44526738412304,54.6776015039977],[-1.44551605017219,54.6776763248638],[-1.44556319680513,54.6776298103133],[-1.44565342965281,54.677608661767],[-1.44571232148959,54.6776116089306],[-1.44583617752072,54.6776274603421],[-1.44589958664748,54.6776403386082],[-1.44604901615896,54.6777129103812],[-1.44618113999738,54.6776919338671],[-1.44626868074869,54.6777543481815],[-1.44621913094222,54.6778619833052],[-1.44633951276494,54.6779056466194],[-1.44660970613597,54.6779940633377],[-1.4472384439287,54.6781739558655],[-1.44755023000693,54.6782823361775],[-1.44783285786285,54.6783698766576],[-1.44797698190633,54.6783786215656],[-1.44812616245486,54.6783541321535],[-1.44834042208764,54.6783353404576],[-1.4484384122232,54.6783160278535],[-1.44861901368239,54.6782638155796],[-1.44870006218045,54.6782336318062],[-1.44884211654039,54.6781641737309],[-1.44908699050794,54.678291101074],[-1.44934434904339,54.678410888925],[-1.44947629482321,54.6785157508337],[-1.449621206577,54.6785802087246],[-1.44973428358803,54.6785915066851],[-1.44998688452658,54.678605241779],[-1.45034338213709,54.678618544005],[-1.45089628961629,54.6785590154744],[-1.45104886343872,54.678514770641],[-1.45117204820127,54.6784641163274],[-1.45134899767528,54.6784541408141],[-1.45185994534413,54.6785148581291],[-1.45228252022481,54.6785742918174],[-1.4525923669362,54.6785990460656],[-1.45294070589383,54.6786428380384],[-1.45312326820422,54.6786760349878],[-1.45329013165951,54.6787217045657],[-1.4534202271721,54.6787357906835],[-1.45348390598111,54.6787288810374],[-1.4537341924421,54.6786832783987],[-1.45468342881463,54.6784422049056],[-1.45477121678746,54.6783734063113],[-1.45505274489099,54.6783117545092],[-1.45518224234317,54.6783680475526],[-1.45552246683165,54.6783228730084],[-1.45591613876047,54.6782257783617],[-1.45605141060386,54.6781994401654],[-1.45631841016312,54.678179048385],[-1.4564439045788,54.6781903957509],[-1.45664709435812,54.6781868154193],[-1.45704403528004,54.6780753575138],[-1.45718034856108,54.6779708113483],[-1.45741527198146,54.6779143573114],[-1.45745951219074,54.677852539674],[-1.45753783267237,54.6777953848654],[-1.45783291204657,54.6777625537005],[-1.45793371297885,54.677763004199],[-1.45827926989648,54.6777842962255],[-1.45844953422048,54.6778084399214],[-1.45861843461878,54.677818194055],[-1.45873973572227,54.6778510812524],[-1.45886792172597,54.6778318770041],[-1.45907770377704,54.6778004946549],[-1.45922207562751,54.677789432278],[-1.45931049613794,54.6777871115506],[-1.45943597822312,54.6777993580304],[-1.45966485698817,54.6778462154088],[-1.45972681120589,54.6778518654207],[-1.45979353968572,54.6778495025418],[-1.45986502478454,54.6778381156807],[-1.45999113013094,54.6778009383408],[-1.4603061278236,54.6776693467803],[-1.46072943351527,54.6775588775396],[-1.46082913058808,54.6775251891913],[-1.46101456187098,54.6774568021104],[-1.46115962137328,54.6773936463145],[-1.46127680057775,54.6773276615263],[-1.46138325146958,54.677256254036],[-1.46144438951698,54.6772035011982],[-1.46147121199137,54.677168550538],[-1.46160067803674,54.6768770687884],[-1.46163534369018,54.6768349833045],[-1.46167760040143,54.6768073156316],[-1.46172427255796,54.6767940408858],[-1.46177086877783,54.676788854725],[-1.46193989637857,54.6767887212208],[-1.46202849986685,54.6767747219958],[-1.46214828074327,54.6767446920607],[-1.46226671647267,54.6767011930513],[-1.46235414380246,54.6766584488698],[-1.46242923653256,54.676609336797],[-1.4627739128648,54.6764607911367],[-1.46307061362919,54.676303944106],[-1.4636622138506,54.6767172450993],[-1.4638372068439,54.6768537270373],[-1.46403049984623,54.6770127329855],[-1.46415922855638,54.6771292428477],[-1.4645450141448,54.6775110968057],[-1.46479880120049,54.6777871939215],[-1.46560956104062,54.6787568348828],[-1.4659842763474,54.6792752269131],[-1.46655582308373,54.6800416132797],[-1.46671111713352,54.6802615698361],[-1.4669083625177,54.6807126634044],[-1.46746792771666,54.680974849345],[-1.46748774379713,54.6810018901458],[-1.46762897491535,54.6812316861739],[-1.46785874128002,54.6815687744082],[-1.46814543681005,54.6823006638211],[-1.46828844598288,54.682628407435],[-1.46871018376158,54.6834714082689],[-1.46879775348419,54.6837737402757],[-1.46920541944155,54.6842689194398],[-1.4695470776656,54.6848329638951],[-1.46972220600097,54.6850826627632],[-1.46976469923915,54.68515293393],[-1.46990634334662,54.6854725715928],[-1.47008194193211,54.6858049558356],[-1.47013047877348,54.6858905477162],[-1.47037693462373,54.6862609787813],[-1.47045584528476,54.68639521778],[-1.47063578596142,54.6867509944982],[-1.47081611157712,54.6870797900622],[-1.47136098910185,54.6880033049537],[-1.47154182417444,54.6882925412699],[-1.47182688479345,54.6886793250807],[-1.47196897148529,54.6888471040776],[-1.47219398225317,54.6890781424222],[-1.47250979237405,54.6893679922221],[-1.47273481709061,54.6896008053652],[-1.47293429542109,54.6897679501154],[-1.47313415582201,54.6899081046764],[-1.47360260699809,54.6902714047131],[-1.47423294884883,54.6907099805979],[-1.4749067997759,54.6911460454675],[-1.47554189205133,54.6915792699559],[-1.47597813843303,54.6919163510683],[-1.47644008731946,54.6923047709618],[-1.47677116845443,54.6926171554857],[-1.47704173905285,54.692931055833],[-1.47738316663201,54.6932821061695],[-1.47782564784936,54.6936201086466],[-1.47789315398779,54.6936779228917],[-1.47822609034652,54.6939687144976],[-1.47880691854369,54.6944052674554],[-1.47938736626025,54.6948750738159],[-1.47963357478141,54.6951538200722],[-1.47988505534296,54.6953858505063],[-1.4804035299698,54.6958499654064],[-1.48095603636486,54.696322349349],[-1.48124923613254,54.6965680362243],[-1.48214390353543,54.6972215987148],[-1.48251928069957,54.6974730440058],[-1.48278312348118,54.6977122986136],[-1.48387465047114,54.6986300125345],[-1.48423651051548,54.6989694426414],[-1.48441090935603,54.6991669765065],[-1.48475805901263,54.6993212369546],[-1.48527955382514,54.6997988346738],[-1.48554661419094,54.7000327396315],[-1.48631421458507,54.7006848032863],[-1.48680156337075,54.7011667764332],[-1.48827787876105,54.7025955909466],[-1.48877696570203,54.7031360033376],[-1.48954956635288,54.7038950251881],[-1.49018129178738,54.7046274078264],[-1.49053874096914,54.7050818290663],[-1.49068417192877,54.7052397077017],[-1.49095882947065,54.7054915768293],[-1.49124461061441,54.7057210396765],[-1.49143186331057,54.7058871806575],[-1.49165412302119,54.7061082964356],[-1.49190053656744,54.7063807044765],[-1.49211833987075,54.7065901315416],[-1.49218438908674,54.706643413866],[-1.49249051149509,54.7068612896065],[-1.49310487680519,54.707375174816],[-1.49331587850896,54.7075063514371],[-1.49355843197827,54.7077176737707],[-1.49381186854157,54.7080584074083],[-1.49365750176234,54.7079885897422],[-1.49349446497229,54.7077470565248],[-1.49345306942112,54.7077046546135],[-1.49341609918782,54.7076820283081],[-1.49336984001926,54.7076575685872],[-1.49295860404955,54.7075309298304],[-1.49274388133688,54.7074509573543],[-1.49265898210749,54.7074155509955],[-1.49213136698197,54.7071608322282],[-1.49155087580532,54.7069184511934],[-1.49140279641088,54.7068459142222],[-1.49119943994114,54.706725542165],[-1.49072667400962,54.706432407172],[-1.49008403967312,54.70607293443],[-1.48953460354847,54.7057057801913],[-1.48931751806554,54.7055673657694],[-1.48907564678095,54.7054234447383],[-1.48868428908083,54.7052025321354],[-1.48804755033138,54.704870027805],[-1.48728607230177,54.7044624254873],[-1.48689885403197,54.7042801563587],[-1.48659478503044,54.7041503693515],[-1.48646815124788,54.7041013002554],[-1.48583473818934,54.7038757655267],[-1.48519383576031,54.703632186412],[-1.48438106526397,54.7033546443275],[-1.48400725134612,54.7032227316593],[-1.48386209436722,54.7031664212772],[-1.48372634100474,54.7031029371328],[-1.48359073499557,54.7030277564193],[-1.48353383320913,54.7029888922615],[-1.48320656010074,54.7027313699571],[-1.48179983333017,54.7019444222873],[-1.48147453664059,54.7017776941867],[-1.47969403122683,54.7009810271086],[-1.47902806565468,54.7006420718836],[-1.47890002399056,54.7005831150264],[-1.47870708495281,54.7005022905742],[-1.47845696525323,54.7004050782034],[-1.47802593210319,54.7002585277532],[-1.4776146301976,54.7001471114196],[-1.47702974198645,54.7000196881173],[-1.47636560994366,54.69990180448],[-1.47576165766951,54.6998093174138],[-1.47551710934033,54.6997615308409],[-1.47382910562715,54.6992707497894],[-1.47356486432772,54.699183322609],[-1.47300420621695,54.6989831946322],[-1.47260406607353,54.6988511322381],[-1.47144330946225,54.6985045913846],[-1.47100570427531,54.6983903688653],[-1.46916831625196,54.698057004247],[-1.46761083788942,54.6977967480144],[-1.46716635288149,54.6977336928974],[-1.46684412472243,54.6976963244327],[-1.46617781072838,54.6976323087317],[-1.46573283489492,54.6976033874894],[-1.46544595652252,54.6975940170793],[-1.46528307391601,54.6975915227108],[-1.46419687004029,54.6975992926073],[-1.46259300337121,54.6975661480112],[-1.46183152880899,54.6975394174697],[-1.46138788779844,54.6975311537594],[-1.4609442334613,54.697523791527],[-1.46011574599547,54.6975210183009],[-1.45993079285335,54.6975462386012],[-1.45977834097059,54.6975743074231],[-1.45961494081686,54.697613140967],[-1.45918812687428,54.6977397416686],[-1.4588939436448,54.697810318131],[-1.45868400458537,54.697844434246],[-1.45847359571378,54.6978578686488],[-1.45803331271492,54.6978882584649],[-1.45750781908268,54.6979676825897],[-1.45716818709959,54.6979562800414],[-1.45694146511339,54.6979705509488],[-1.45654514545382,54.698020898326],[-1.4555461975635,54.6981179685032],[-1.45511434158872,54.6981546699176],[-1.45493086771612,54.6981853001134],[-1.45439081707253,54.6983069016047],[-1.45428493923069,54.6983351648546],[-1.4539608968676,54.6984334699334],[-1.45377901312234,54.6984614176255],[-1.4533176816636,54.6984943637019],[-1.45264077735,54.6985272658381],[-1.45251043714716,54.6985266777739],[-1.45174148937403,54.6984782892777],[-1.45148701646148,54.6984798171585],[-1.451323954508,54.6984916774031],[-1.45106434568958,54.6985264381722],[-1.45058568884162,54.6985808940186],[-1.45002651472524,54.6986277954814],[-1.4492939689931,54.6987565634848],[-1.44838610025799,54.6988845489829],[-1.44890451565196,54.6999033057088],[-1.44909221233032,54.7004792960315],[-1.44911444986587,54.7006699228479],[-1.44908689444327,54.7008719739196],[-1.44913104924946,54.7010492372791],[-1.44922069248632,54.7013030588962],[-1.44929313429833,54.7015693918103],[-1.44938024451408,54.7018978146382],[-1.44948504275504,54.7025219435994],[-1.44956333613657,54.7029303041232],[-1.4495902979512,54.7032323735907],[-1.44976109966301,54.7044858935196],[-1.44985030429705,54.7047729794183],[-1.45013994239626,54.7055031192385],[-1.45021916797046,54.7058422634548],[-1.45049014828152,54.7065759160185],[-1.45054459799229,54.7067990250064],[-1.4506724727107,54.7070970513189],[-1.45066193176679,54.7073010110433],[-1.45078627140957,54.7075172586272],[-1.45133950690464,54.7074613453639],[-1.45172358603007,54.7074055567748],[-1.45211526594014,54.7073624094682],[-1.4527331610207,54.7073454304899],[-1.45332347006736,54.7073022357787],[-1.45350846410259,54.7079716937395],[-1.45390248427705,54.7087948329127],[-1.45390402872485,54.7087957412251],[-1.45406643187802,54.7090669750205],[-1.45403983807919,54.7094308170777],[-1.45333695994859,54.7095309959558],[-1.45267975616674,54.7095837537323],[-1.45184358190791,54.7096707512621],[-1.45138347646096,54.7097234996555],[-1.45115948508542,54.7097611186104],[-1.45076103797138,54.7098446854772],[-1.45052582362696,54.709908303906],[-1.45044631818793,54.7099349155341],[-1.45014662074089,54.7100611855684],[-1.4500234033715,54.7101046510328],[-1.44919312613807,54.7103300602779],[-1.4490140962232,54.7103696731018],[-1.44837191172766,54.7104584203192],[-1.44796749068706,54.7105221936938],[-1.44786646907856,54.7105343046197],[-1.44782761192833,54.7105377260684],[-1.44662149030589,54.7105493018192],[-1.44535591721521,54.7105965476975],[-1.44448361714451,54.7106006462977],[-1.44401162909983,54.7106119565052],[-1.4434416180422,54.7106426102523],[-1.44315244536554,54.7106772275518],[-1.44301711408186,54.7107017664126],[-1.44269637331647,54.7107748785983],[-1.44219015194843,54.7109064557392],[-1.44182265157181,54.710994627099],[-1.44162008481305,54.7110530224207],[-1.44122221739814,54.7112030575461],[-1.44073732756715,54.7113625819519],[-1.43990876067631,54.7116831889964],[-1.43976185275426,54.7117561943233],[-1.4396444523642,54.7118284523492],[-1.43953310176885,54.7119115132214],[-1.43942623653118,54.712008068426],[-1.43933640413641,54.712107406325],[-1.43925579518798,54.7122130729548],[-1.43919223639551,54.7123179160687],[-1.43915360255164,54.7124201963239],[-1.43908147272223,54.7128098861448],[-1.43908005959766,54.7129123195435],[-1.43911712220823,54.7130392073715],[-1.43918054819325,54.7131653246524],[-1.43928096283232,54.7133131457715],[-1.43946708097673,54.7135485729258],[-1.43964739894313,54.7137551887018],[-1.43971848618464,54.7138930183283],[-1.43972687586134,54.7139577772371],[-1.43971553471971,54.7139918562325],[-1.43969017044578,54.7140330768858],[-1.43949328794671,54.7142370663404],[-1.43937880446313,54.7143255153743],[-1.43929110250536,54.71437815217],[-1.43914886499591,54.7144493657275],[-1.43908216088621,54.7145595961059],[-1.43825010699385,54.7146770618581],[-1.43731210458773,54.7148236893851],[-1.43613171133451,54.7149853713058],[-1.43480327219499,54.7151876703031],[-1.43491274827764,54.7154649677295],[-1.43493871658486,54.7156070815957],[-1.43498806032476,54.7159658802636],[-1.43500854173046,54.7160567382601],[-1.43512536543542,54.7163637301265],[-1.43519734064223,54.7169940293783],[-1.43519707532485,54.717233979151],[-1.435177652532,54.7175151675994],[-1.43503886672149,54.7184563170923],[-1.43350291837088,54.7185003856427],[-1.4333723666502,54.7185114722274],[-1.43326365382777,54.7185136326755],[-1.43313802651267,54.7185067704902],[-1.43302181196913,54.7184918434953],[-1.43292120941152,54.7184698126052],[-1.43280372499813,54.7184342119535],[-1.43266778909353,54.7183868467612],[-1.43247646957296,54.7183032694847],[-1.4320280279312,54.7180675236289],[-1.43195025124515,54.7186360203194],[-1.43192214691649,54.7190897112802],[-1.43109711737517,54.7192511933142],[-1.4303043971871,54.7194344019613],[-1.42884905111366,54.7198175830493],[-1.42827204528619,54.7196719626823],[-1.4279217468234,54.719633474487],[-1.42743834984398,54.719566474431],[-1.42684613489499,54.7195079954803],[-1.42673154027113,54.7194885704907],[-1.42636628952394,54.7194104560071],[-1.42619745896816,54.7193818117174],[-1.42572953214048,54.7193184852523],[-1.42463958500481,54.719220746014],[-1.42410597590928,54.7191912798641],[-1.42386720683853,54.7191712537831],[-1.42354493233556,54.7191256903959],[-1.42280168316317,54.7189954409083],[-1.42211597898831,54.7188520070222],[-1.42174784351859,54.7188682166576],[-1.42128155367521,54.7189073214783],[-1.41968971656198,54.7187361934482],[-1.41935957836276,54.7186986513507],[-1.41888697784774,54.7186388654052],[-1.41841283293632,54.7185781859305],[-1.41765404332358,54.7184469283978],[-1.41739828289787,54.7184196301208],[-1.41665098754149,54.7183540427678],[-1.41625986093331,54.7183485451354],[-1.41435018463914,54.7183672149543],[-1.41397426520628,54.7183851756171],[-1.41376615483018,54.7183904455027],[-1.41331295354734,54.71838377386],[-1.41301360172026,54.7183679417456],[-1.41241963219816,54.7183255241281],[-1.412202581072,54.7183083137415],[-1.4120273754023,54.7182948752864],[-1.4114350914044,54.7182416940979],[-1.41097595348627,54.7182169846409],[-1.4105987484715,54.7182151525615],[-1.41026640584157,54.7182261079384],[-1.40987325910431,54.7182547660083],[-1.40866070858661,54.7183719615702],[-1.40792027562928,54.7184734867379],[-1.40641715030205,54.7186108380821],[-1.40613117308647,54.7186328127474],[-1.40583441892429,54.7186502244512],[-1.40554241236436,54.7186604810508],[-1.40525365139162,54.7186617437355],[-1.40485954375993,54.7186490619973],[-1.40446550314398,54.7186318248681],[-1.40428709451813,54.7186201819938],[-1.40412754323558,54.7185996133726],[-1.40390915393433,54.7185652925301],[-1.40358405951361,54.7185034750788],[-1.40298359821433,54.7183765199773],[-1.40237123221659,54.7182162364279],[-1.40188838486814,54.7181158976762],[-1.40172599308357,54.7180746524478],[-1.40156989621475,54.7180280460581],[-1.40124870818797,54.7179141468207],[-1.40098417273454,54.7178490319826],[-1.40047056481311,54.7177287506317],[-1.40022917895937,54.7176763460456],[-1.39977400749983,54.7175950103514],[-1.39978138691912,54.7175150781572],[-1.3995542781519,54.7174411640874],[-1.3990931241443,54.7173453941866],[-1.3981394734003,54.7171690518088]]]}},{"type":"Feature","properties":{"ward":"West Auckland","boundary_ward":"West Auckland","date":"2022-04-14","display_date":"14 April 2022","winning_party":"Labour","winning_candidate":"George Smith","total_votes":1697,"turnout":25.73,"electorate":6612,"labour_votes":956,"labour_pct":56.3,"labour_candidate":"George Smith","conservative_votes":554,"conservative_pct":32.6,"conservative_candidate":"Lyndsey Fox","independent_votes":187,"independent_pct":11.0,"independent_candidate":"Nicholas Alan Brown"},"geometry":{"type":"Polygon","coordinates":[[[-1.71693686353,54.6720917783111],[-1.71638925373624,54.6718999874359],[-1.71587853649098,54.6717604117356],[-1.71533547771934,54.6715892861033],[-1.71490704121293,54.6714346133508],[-1.71437812034218,54.6712383665087],[-1.71365753227269,54.6709553857255],[-1.71302225833774,54.670670807226],[-1.71220934330227,54.6702887397255],[-1.71128391689343,54.6698147630017],[-1.71053939942378,54.6694148830735],[-1.71028283081329,54.6692974487565],[-1.7100246273556,54.6691961599033],[-1.70958983122908,54.6690693368789],[-1.70891159131354,54.6689508835668],[-1.70838015336857,54.6688947925361],[-1.70806723004268,54.668858098283],[-1.70756207898905,54.668816440871],[-1.70739779016781,54.6688070736468],[-1.70712500464335,54.6687974082571],[-1.70699789237795,54.6687935219565],[-1.70667237757825,54.6687819348288],[-1.70607592770221,54.6687149100396],[-1.70572605855277,54.6686412743208],[-1.70520322775687,54.6684710534148],[-1.70459821873322,54.668084947548],[-1.70406889978089,54.6677412887638],[-1.70332513652231,54.6672523973781],[-1.70272972652364,54.6668348611873],[-1.70204712908301,54.6662517603722],[-1.7020101378203,54.6662211178476],[-1.70186965666304,54.6661353941826],[-1.70049440811178,54.6652989478904],[-1.69952180463434,54.6647384735909],[-1.69933356874394,54.6646130867735],[-1.69914540349026,54.6644805311775],[-1.69846373239494,54.6639953800622],[-1.6981818485915,54.6637457209036],[-1.69801436627411,54.66354312069],[-1.69781968109218,54.6632424657183],[-1.69763623677903,54.6628879597309],[-1.69754566777573,54.6625606093337],[-1.69746444556127,54.6622207214386],[-1.69743365987787,54.6617659386375],[-1.69742401647594,54.6616050210386],[-1.69737900082416,54.6614018041876],[-1.6973204845078,54.6611392534246],[-1.69719191917451,54.6609133843733],[-1.69689998834061,54.6605621765152],[-1.69671519997791,54.6603972428955],[-1.69650706332851,54.6602430724786],[-1.69622159570439,54.6600671100499],[-1.69591091438052,54.6599440899609],[-1.69555675732006,54.6598317909954],[-1.69523813869333,54.6597393291332],[-1.69479851031548,54.6596591415014],[-1.69463747198615,54.6596407559122],[-1.69443740890552,54.6596492437632],[-1.69454998608655,54.6582647129001],[-1.69455180611231,54.6582251386417],[-1.69468720469772,54.6581563050446],[-1.69488741822692,54.6581226394419],[-1.69518261948332,54.6580263322793],[-1.69529944399245,54.657955619987],[-1.69532520288807,54.657826290812],[-1.69531004777096,54.6577813269895],[-1.6952483040532,54.6577452105886],[-1.69520849584811,54.6576795076895],[-1.69506733177681,54.6576917602878],[-1.69504445713456,54.6576431608637],[-1.69489894118607,54.6576176280349],[-1.69482618246808,54.657604866046],[-1.69478787277728,54.6575490502364],[-1.69478356895548,54.6575004973586],[-1.69477924357764,54.6574591768507],[-1.69477201868423,54.6573854667112],[-1.69477652146793,54.6571994452706],[-1.69474518792667,54.6570385197665],[-1.69467795927091,54.656906242431],[-1.69473275187456,54.6566259769977],[-1.69486786980801,54.6563881888056],[-1.69491946241277,54.6563253930739],[-1.6952419476026,54.6561042322586],[-1.69534361781755,54.6559813793798],[-1.69538586859401,54.6559302830874],[-1.69538897531718,54.6559266746558],[-1.69549201300186,54.655828984],[-1.69559335990555,54.6557492694404],[-1.69579300397558,54.6555817166332],[-1.69584165468621,54.6554982538334],[-1.69594446257007,54.6554311131128],[-1.69605513560289,54.6553478151621],[-1.69618558401658,54.655311313076],[-1.69627701363605,54.655314201484],[-1.69633759039472,54.6552999876537],[-1.69637809190567,54.655270420374],[-1.69645411667739,54.6552616379179],[-1.69650506052732,54.6552878172483],[-1.69656074823993,54.6553032406347],[-1.69667080646759,54.655302603944],[-1.69678419874487,54.6552696389415],[-1.69685117418659,54.6552248809378],[-1.69694474134757,54.6551451368866],[-1.69715154078043,54.6550602729382],[-1.69725897971001,54.6549931525351],[-1.69726207275188,54.6549913566218],[-1.69731974992507,54.6549483869173],[-1.69729694916911,54.6548898956258],[-1.69728325503001,54.6548530155341],[-1.69732069732757,54.6548207533324],[-1.69740908179489,54.654814679054],[-1.69744472780288,54.6548147677407],[-1.69752694183085,54.6548060000152],[-1.69757074612176,54.6547503614116],[-1.69763014532038,54.6546849338094],[-1.69770153045161,54.65467252283],[-1.69790006742209,54.6548626291717],[-1.69796975680022,54.6548690964869],[-1.69824462110177,54.6547996850364],[-1.69857591171532,54.6548517446469],[-1.69869069592824,54.6548385383859],[-1.69879048018419,54.6547587993486],[-1.69884959952395,54.6547266002536],[-1.69909043653102,54.6546481115299],[-1.69937495033751,54.654526599975],[-1.69954863052043,54.6545198515738],[-1.69960597451972,54.6545172783747],[-1.69971467312607,54.6544896910249],[-1.69994649292546,54.6543680480215],[-1.69943080925744,54.6541034696433],[-1.6987264735529,54.6537728087508],[-1.69792757097022,54.653450900804],[-1.69761238072928,54.6533180088361],[-1.69978865742763,54.6524391256706],[-1.7001943639841,54.6522756815223],[-1.70110371805248,54.651909479011],[-1.70126226870997,54.6518433542404],[-1.70176744408901,54.651639686808],[-1.70169226690646,54.6515379735479],[-1.70166778092632,54.6514965768877],[-1.70163721907957,54.651435380398],[-1.70161749200314,54.6513769253323],[-1.70160702300467,54.6513265719363],[-1.70160272746859,54.6512780381942],[-1.7015953518338,54.6512276923845],[-1.70158017950531,54.6511845059521],[-1.70155579672626,54.651126940801],[-1.70151744070805,54.65107471532],[-1.70144210079766,54.6509909557658],[-1.70134056745059,54.6508846868647],[-1.70119629800287,54.6506982987588],[-1.70105799602199,54.6505335136788],[-1.70101340543443,54.650487548947],[-1.70094600885366,54.6503813546443],[-1.70094138365575,54.6503759593882],[-1.70092142099257,54.6503453593954],[-1.70084332662509,54.6502265313949],[-1.70079432013185,54.650144629926],[-1.70072087035142,54.6500168317721],[-1.70070556894549,54.6499916353241],[-1.70066879748812,54.649934021808],[-1.70063659960292,54.649884535306],[-1.70049260149288,54.6496577228426],[-1.70041165667669,54.6495011499974],[-1.70027514323863,54.6493093880058],[-1.69999716887532,54.6489690110769],[-1.70000959864016,54.6489663637532],[-1.70109338800571,54.6486859538641],[-1.70102744949317,54.648587843557],[-1.70137993977649,54.6484943501219],[-1.70150993654217,54.6483077533515],[-1.70244352093769,54.6480026854678],[-1.70244069791802,54.6479658327462],[-1.70245191748223,54.6479227381506],[-1.7027592903273,54.647422924249],[-1.70277653133996,54.6473960318295],[-1.70192568337572,54.6472007032255],[-1.70061843425813,54.646902752557],[-1.69942886623015,54.6466194149596],[-1.69910427039626,54.6465081021165],[-1.69879832002418,54.6463905125402],[-1.69859445530868,54.6463001378035],[-1.69835373226476,54.6461647365685],[-1.69825511605184,54.6460898987],[-1.69813646858783,54.6459988603213],[-1.69767161260519,54.6455816155322],[-1.69656772221893,54.6446280868127],[-1.69600843924413,54.6441980298488],[-1.69538727924167,54.643762421288],[-1.69342192019255,54.6426098814994],[-1.69376122224761,54.6424076439636],[-1.69397920050661,54.6422689074175],[-1.69404455524946,54.6422331283739],[-1.69405866296742,54.6422098077585],[-1.69404174479961,54.6421935605311],[-1.69397852206078,54.6421529751071],[-1.69349589791543,54.6418426088288],[-1.69334163445734,54.6417514662448],[-1.69326914661908,54.6417063481082],[-1.69336708025309,54.6416634548817],[-1.693027572879,54.6414819735115],[-1.69299674531593,54.6414630307954],[-1.6928599356861,54.6413170856958],[-1.69256153787758,54.641230969179],[-1.69247506179602,54.641193895062],[-1.69244236327477,54.6412126869677],[-1.69223872706076,54.6410962306189],[-1.69181595598536,54.6408615197595],[-1.69140557030863,54.6406304191512],[-1.69108446551883,54.6404768169882],[-1.69114057092199,54.6404302298925],[-1.69082134475112,54.6402344196145],[-1.69064409691687,54.6401126446817],[-1.69049590117537,54.6400385845455],[-1.69035902222761,54.6399079208826],[-1.68878140708046,54.6403559083901],[-1.68836473269326,54.6401409680474],[-1.68769683853568,54.6397492291941],[-1.68732991933804,54.6395110388141],[-1.68711414190741,54.6393630891117],[-1.68694814099818,54.6391919208481],[-1.68688389941581,54.6390830209872],[-1.686677501939,54.6385208134671],[-1.6864917621624,54.6380952868726],[-1.68624987154228,54.6377181105965],[-1.68613679415955,54.6375155966219],[-1.68607397270137,54.6374246993673],[-1.68601423355803,54.637337352595],[-1.6858898429586,54.6371950378296],[-1.68558564502577,54.6368635642603],[-1.6853579911678,54.6366499768812],[-1.68517171751126,54.6364976273281],[-1.68464480869699,54.6361196989311],[-1.68477383542576,54.6360598324055],[-1.68482678498371,54.636027624186],[-1.6848456567273,54.6359917282773],[-1.68485830833692,54.6359558260972],[-1.68484080019369,54.6358155830196],[-1.68489090616125,54.6357491982348],[-1.68494528768604,54.6357286619009],[-1.6849841067701,54.6357143974],[-1.68524782710461,54.6356674410466],[-1.68546638218262,54.6356554367649],[-1.68560401898472,54.6356881299562],[-1.68566117277323,54.635707170611],[-1.68585584541269,54.6357804835497],[-1.68608016806886,54.6358187933202],[-1.6863157725319,54.6358032153365],[-1.68649119966453,54.6357533402601],[-1.68660651646478,54.6356646599087],[-1.68663484736502,54.6356072281594],[-1.68662444273648,54.6355532938165],[-1.68658283694693,54.6355217231792],[-1.68628713967509,54.6352944989089],[-1.68581890366315,54.6351423148274],[-1.6857292759372,54.635113306652],[-1.6857092779272,54.6350979883219],[-1.68569408372727,54.6350566120617],[-1.68570202610783,54.6350305622581],[-1.68572239457608,54.6350018944423],[-1.68574890766851,54.6349785707278],[-1.68582194295092,54.6349500023339],[-1.6860329990643,54.6349038183705],[-1.68628889368924,54.6348649374334],[-1.68638510801343,54.6348463211187],[-1.68651857631822,54.634814301115],[-1.68659155366684,54.6347911340035],[-1.68665533473246,54.6347589429581],[-1.68671142141956,54.6347186341308],[-1.68674577484986,54.6346782961749],[-1.68676154370771,54.6346450888311],[-1.68675427972312,54.6345830467208],[-1.68671939756098,54.6344859176577],[-1.68662685508107,54.6344317533942],[-1.68652660494213,54.6343730686314],[-1.68633048048937,54.6342934955555],[-1.68629961882374,54.6342799340121],[-1.68612669063625,54.6342039999198],[-1.68606840070584,54.6341310400395],[-1.68615938389457,54.6339839179093],[-1.68617357531577,54.6339497863242],[-1.68617546154166,54.6339066506323],[-1.68615875133829,54.6338643871135],[-1.68611265974398,54.6338139398602],[-1.68607572050337,54.6337823909792],[-1.68591344916904,54.6337298494912],[-1.68575456800064,54.6336449609049],[-1.68575086552132,54.6335245288743],[-1.68575633836361,54.6334149060473],[-1.68585793157246,54.6332974416072],[-1.68596233391265,54.6332150461462],[-1.6860867624333,54.6331524507487],[-1.68622192364872,54.6330970795448],[-1.68636776037121,54.6330686987095],[-1.68651348088326,54.6330555939751],[-1.68665739859767,54.6330730447585],[-1.68671908783655,54.6331109428939],[-1.68673734433836,54.6331550142904],[-1.68671297629764,54.6333059450144],[-1.68668820989728,54.6335044879886],[-1.68672932973618,54.6335989641283],[-1.68685119192993,54.6336648731506],[-1.68697636920703,54.6337038368399],[-1.68710626631299,54.6337356250129],[-1.6873260484177,54.6337586452679],[-1.68775376731967,54.6337399976468],[-1.68797692049722,54.6337288751024],[-1.68820034178793,54.6336827101737],[-1.6883104305711,54.6336704222369],[-1.68843300023767,54.6336482647005],[-1.688546275339,54.6336216015436],[-1.68872179105701,54.6335627332187],[-1.68887572836115,54.6334876495061],[-1.68895198355821,54.6334393112033],[-1.68900811577283,54.6333918233859],[-1.68905191047415,54.6333353037146],[-1.68917382175116,54.6331936412976],[-1.6891992078754,54.6331128254867],[-1.68913947925391,54.633022801457],[-1.68910884214231,54.632975100413],[-1.68909420449411,54.6328627383891],[-1.68909028392425,54.6327620632174],[-1.68912499204964,54.6326839682081],[-1.68915019527012,54.6326274278527],[-1.6893510359284,54.6324940283643],[-1.68942890882306,54.6324367033269],[-1.68952070618431,54.6323839135083],[-1.68962016944885,54.6323410538065],[-1.68972419013019,54.6323080623404],[-1.68982197536797,54.6322858308768],[-1.68992584719167,54.6322726321867],[-1.69004363039451,54.6322657371782],[-1.69016289469669,54.6322687285706],[-1.69028054969874,54.6322789303098],[-1.69037801868649,54.6322926509083],[-1.69045071985495,54.6323090142094],[-1.69050785983755,54.6323298195052],[-1.69055258715629,54.6323559950847],[-1.69058171069544,54.6323982989661],[-1.69058574230694,54.632482797339],[-1.69051616534369,54.632669540093],[-1.69032854558086,54.6329018367534],[-1.6901085548676,54.6331097574968],[-1.69008815453565,54.6331438461183],[-1.69008015863237,54.6331735035728],[-1.69008312344587,54.6331968668187],[-1.69009989746113,54.633231952583],[-1.69013675667225,54.6332751875652],[-1.69022613079154,54.6333383049114],[-1.6906089687118,54.6335154245103],[-1.69072020226324,54.6335570636659],[-1.69083148395138,54.6335923896991],[-1.69092268453333,54.6336168787074],[-1.69099847991552,54.6336314547832],[-1.69132029739273,54.6336835126128],[-1.69139934848515,54.6336765170032],[-1.69152513251704,54.6336381777086],[-1.69163434302041,54.6335342105258],[-1.6916984615871,54.6334544142903],[-1.69178622597951,54.633318928059],[-1.69195144603251,54.6331881487249],[-1.69200103947268,54.6331810689401],[-1.69214214259084,54.6331616594751],[-1.69232105289092,54.6330623679848],[-1.69238744199851,54.6326761163186],[-1.69232902879969,54.6326130421493],[-1.69196192103292,54.6324063263935],[-1.69190218133389,54.6323127053584],[-1.69190596929791,54.6322174517244],[-1.69193883263816,54.6321752955276],[-1.69198250924942,54.6321340690189],[-1.69212245230904,54.6320652402134],[-1.69224986471962,54.6320134408529],[-1.69266764028642,54.6318652988356],[-1.69306081514851,54.6316973366841],[-1.69327876583004,54.6315559216577],[-1.69345169690981,54.6314188545269],[-1.69356249790103,54.631304996871],[-1.69368142233022,54.6311435360415],[-1.69375168319129,54.6310718056438],[-1.6938265419172,54.6310045954535],[-1.69399616602936,54.6308980993317],[-1.69455332722792,54.6307530085931],[-1.69495562609853,54.6306012500534],[-1.69521475819644,54.6305434740474],[-1.69564530874368,54.6305526606871],[-1.69579385002568,54.6305728001172],[-1.69641742478529,54.6306660164049],[-1.69683212637767,54.6307254698437],[-1.69692522126759,54.6307059259008],[-1.69735485637097,54.6306279109614],[-1.69736576651079,54.6304068681129],[-1.69737870944056,54.6303332070532],[-1.69742915436686,54.6302111144559],[-1.69762549961621,54.6300534317629],[-1.69789763783395,54.6299121242453],[-1.69806417697942,54.6297956950412],[-1.69814199677779,54.6297473733745],[-1.69834322855233,54.6297631580003],[-1.69849910737357,54.6298426313133],[-1.69871385951511,54.6299186332996],[-1.69900005726089,54.6299678768254],[-1.69917353504273,54.6299701192283],[-1.69941669535437,54.6299743015416],[-1.69982130067872,54.6299294830609],[-1.70012050761559,54.6298951602258],[-1.70039950633953,54.6298697879591],[-1.70051215659591,54.6299266977191],[-1.70059205775242,54.630015863766],[-1.70061480928328,54.6300850946436],[-1.70055441311966,54.6302952497622],[-1.7005486823924,54.6304471031269],[-1.7006185894157,54.6306333034692],[-1.70070018220244,54.6307036085787],[-1.7008759546761,54.6308145815985],[-1.70105537677665,54.6308509686334],[-1.70124416460445,54.6308819845796],[-1.70157550074252,54.6309025663487],[-1.70220082981689,54.6307495327784],[-1.70236365998569,54.630723869226],[-1.70252148584843,54.6307503165227],[-1.70272225285266,54.6308316967598],[-1.7028270383526,54.630911019955],[-1.70279825104405,54.6310367654375],[-1.70276378766176,54.6310915096305],[-1.70270932638897,54.6311255174405],[-1.70264711970534,54.6311604175721],[-1.70244977072549,54.6312435125183],[-1.70238135116341,54.6312819866496],[-1.70236205152381,54.6313807921932],[-1.7023581728537,54.6314877334066],[-1.70240529281218,54.6316145665658],[-1.70245708981586,54.6317351167958],[-1.70256945655455,54.6318414127516],[-1.70277149862035,54.6319578381236],[-1.702946320376,54.6319906296597],[-1.70308534489432,54.6320448767594],[-1.70319983226495,54.6320613428199],[-1.70364316139258,54.6320201837739],[-1.70398975622085,54.6320776308238],[-1.70410721431047,54.6321156831828],[-1.7042647574643,54.6321780629125],[-1.70432964506663,54.632203379837],[-1.70443566205998,54.6323222571848],[-1.70462815033341,54.6324871902118],[-1.70475596392365,54.6325926561551],[-1.70494416291344,54.6327009373491],[-1.70516668784897,54.6327760808571],[-1.70536153916185,54.632825960796],[-1.70562018903854,54.6328310769752],[-1.70571796644906,54.6328043682506],[-1.70588249811385,54.6327589286912],[-1.70601795382221,54.632666687516],[-1.7061131492307,54.6325653874328],[-1.70621020349665,54.6324236180366],[-1.70633050261905,54.6322783161964],[-1.70643636921425,54.6322021820794],[-1.70662096641061,54.6321675928798],[-1.70689744815177,54.6322751823076],[-1.70699439647676,54.6323697677032],[-1.70699750448603,54.6323742847424],[-1.70706208825676,54.6324382407865],[-1.70720534268614,54.632552704683],[-1.70733182779838,54.6326294259114],[-1.70757316895408,54.6326731466273],[-1.70783668527207,54.6326495031055],[-1.70804944244073,54.6325718293019],[-1.70822976979986,54.6324815067425],[-1.70855289938401,54.6323492681327],[-1.7086290738186,54.6323126226088],[-1.7087087575781,54.6322148439348],[-1.7087495898488,54.6321376589524],[-1.70893950317146,54.6320077787195],[-1.70905425777621,54.6319865098214],[-1.7092774516466,54.6319690611696],[-1.70951123681147,54.6319839933389],[-1.70968923490253,54.6320032917694],[-1.70961925546491,54.6318215795853],[-1.70955841927874,54.6316614861686],[-1.7092451803723,54.6306074719777],[-1.70885406064778,54.6293933222012],[-1.70936272774681,54.6293082829878],[-1.70926296461869,54.6282952316413],[-1.7091594555753,54.627594916354],[-1.71014430488408,54.6276268964001],[-1.71090762443452,54.6276709683165],[-1.71158753565856,54.6276761597411],[-1.71172379525028,54.6276827955485],[-1.71234557968939,54.627587197712],[-1.71316409966828,54.627479481377],[-1.71329923757895,54.6276505689868],[-1.71342009896618,54.6276454613613],[-1.71342941238017,54.6276427863432],[-1.71368123438194,54.6268417805348],[-1.71400635706918,54.625738930263],[-1.71516978815592,54.6256985335279],[-1.71509658098892,54.6259841265974],[-1.7168374074952,54.6259935880764],[-1.71904550470573,54.6260732862318],[-1.71926961745472,54.6250016894282],[-1.72079486092187,54.6250456294541],[-1.72078859828081,54.6255174236605],[-1.72267830668281,54.6254929909605],[-1.72359178963344,54.6255426791073],[-1.72393392758468,54.6255650165894],[-1.72388903614623,54.6267215246836],[-1.7239337419664,54.6279132416719],[-1.72491932817873,54.6278417865285],[-1.72622828829853,54.6278168960801],[-1.72767422225894,54.6276978898477],[-1.72895842893084,54.6276738159969],[-1.73000099227074,54.6276455773058],[-1.73115943971391,54.6276625028653],[-1.73141524416281,54.628579731033],[-1.7314195446291,54.6291090549402],[-1.73199438881356,54.6290842583052],[-1.73205255060747,54.6291895428304],[-1.73207564757342,54.6299255951145],[-1.73203504788156,54.6302157779711],[-1.73200945996068,54.6312950295781],[-1.73107448740493,54.6311977161552],[-1.73012994052231,54.6320916157404],[-1.7293021740313,54.6328922791045],[-1.72939171349422,54.6329392170207],[-1.72922994748393,54.6332731453252],[-1.7292044928758,54.6333764687932],[-1.72861007832911,54.6333095252917],[-1.72781181405947,54.6331487004488],[-1.72759840722584,54.6330942980206],[-1.72749009538243,54.6330751910333],[-1.72737710330073,54.6330587506393],[-1.72693734715425,54.6330317150107],[-1.72670800659861,54.6330410660024],[-1.7256045338091,54.6331275846774],[-1.72539671754331,54.6331585615231],[-1.72514683617782,54.633227183092],[-1.72504280709,54.6332655889242],[-1.7246482350237,54.6334327536371],[-1.72444927668171,54.6335329697604],[-1.72447953686573,54.6336372729846],[-1.72474151477113,54.6338418724294],[-1.72500360874401,54.6340293824684],[-1.7251094702057,54.6341814971412],[-1.72545582372875,54.6345075992341],[-1.72595553414472,54.6350721752662],[-1.72610796068884,54.6352127064824],[-1.72641007167402,54.6354389532558],[-1.72678630862501,54.6357022116843],[-1.72686081342524,54.6356772194467],[-1.72702267237839,54.6357980035007],[-1.72696981316762,54.6358266425715],[-1.72715079903501,54.6358674553898],[-1.72721245981745,54.6359080837583],[-1.72727263184843,54.6359531356084],[-1.72740510941888,54.6360648631504],[-1.72759459022866,54.6362261437748],[-1.72793176175959,54.6365405219786],[-1.72833598492929,54.6367921606681],[-1.72985071668975,54.6377903650771],[-1.73006955161432,54.6379678756397],[-1.73099690457284,54.6387715431472],[-1.73122756487212,54.639038957087],[-1.73123199620786,54.6390695179826],[-1.73120512161089,54.6391512402754],[-1.73112214832549,54.6392813355389],[-1.73073416338183,54.6396165959143],[-1.73044023080624,54.6397822146373],[-1.72964895689553,54.6401866558483],[-1.72901750166201,54.6405519137671],[-1.72838304673666,54.640899188332],[-1.72801941189838,54.6410601372744],[-1.72645417391175,54.6418070241553],[-1.7256308322761,54.6421232887756],[-1.72584199552305,54.6422891379406],[-1.72658811411361,54.6428479746799],[-1.72725292070302,54.6432943023408],[-1.72789896447326,54.6437675281927],[-1.72870855973272,54.6443480822405],[-1.72884215242019,54.6445289931453],[-1.72889271438629,54.6446126990036],[-1.72953486024095,54.6449825661045],[-1.73015933203186,54.6454440730216],[-1.73121609345988,54.6461527563822],[-1.73203818896053,54.6467297088684],[-1.73362639553202,54.6479284009337],[-1.73429699173259,54.648460982752],[-1.73503579403304,54.6489963699591],[-1.73543204795155,54.649306390147],[-1.73579320926987,54.649528239098],[-1.73629588422285,54.6501565923751],[-1.73691455851613,54.650829227808],[-1.73655897591392,54.6509380973292],[-1.73650310269563,54.650949663762],[-1.7362349346168,54.650954494981],[-1.73464671729515,54.651144261473],[-1.7342605270293,54.6511901398982],[-1.73397669599635,54.6512263669027],[-1.73358723531472,54.6512965026475],[-1.73324584100549,54.6513622526089],[-1.73272903726592,54.6514734525288],[-1.73275825109802,54.6515103626874],[-1.73286425186005,54.6516525964689],[-1.73326618702924,54.652279841599],[-1.73364659846669,54.6528854677607],[-1.73394396816806,54.65339385494],[-1.7341202447452,54.6536934990477],[-1.73394799052672,54.6537264078178],[-1.73406604884194,54.6539243489672],[-1.73412347707261,54.6539136894117],[-1.7342874219703,54.6542016192534],[-1.73432099285123,54.6542816609023],[-1.73437899934301,54.6544210918489],[-1.73444415986065,54.6544122427321],[-1.73447360811684,54.6544087095503],[-1.73455648462035,54.6545311146051],[-1.73458009843155,54.6547171632864],[-1.73457383945301,54.6549670014153],[-1.73452075898416,54.6552607432768],[-1.73454331354858,54.6553704293255],[-1.73461231519028,54.6554838228708],[-1.73504552579105,54.6560841584538],[-1.73514683656129,54.6562335755101],[-1.73534628368064,54.656552150599],[-1.73555205172089,54.6568509361247],[-1.73567966514926,54.6570129703894],[-1.73620319456859,54.6575496884915],[-1.73597452195436,54.6576840163597],[-1.7359904968884,54.65784489815],[-1.736063906395,54.6579951284094],[-1.73615527033705,54.6580097092524],[-1.73619957215814,54.6581104320007],[-1.73620802288525,54.6582371851285],[-1.73632048518202,54.6583524572525],[-1.73642227723083,54.6584290654966],[-1.73670177007898,54.6585977224249],[-1.73685683688836,54.658833507518],[-1.73698850499687,54.65908990225],[-1.73720908301113,54.6595028724293],[-1.73726492646992,54.6594975998887],[-1.73936973551021,54.6592990215693],[-1.73949641675355,54.6596138188728],[-1.74009267640188,54.661171583112],[-1.74127768979439,54.661068957703],[-1.74117611343885,54.6624311193147],[-1.74072656870105,54.662427468216],[-1.74047234678778,54.6624233291027],[-1.74059115130992,54.6632557573148],[-1.74068560770122,54.6640126196235],[-1.740759631388,54.6648130298515],[-1.74075031202757,54.6660473365528],[-1.74069944132303,54.6669863347808],[-1.74058300281343,54.6670067464976],[-1.73938024882464,54.66695027383],[-1.73841593888404,54.6669446102204],[-1.73768688496379,54.6669987545997],[-1.73781837011129,54.6672884139681],[-1.73815865604128,54.6681491860024],[-1.73862637879039,54.6692061115995],[-1.73810613435093,54.669337978335],[-1.7374509451518,54.6694722930889],[-1.73645528157035,54.6697550117086],[-1.73657390434903,54.6698711896308],[-1.73715843805286,54.6703604419926],[-1.73724012032228,54.6704388010776],[-1.73735254681927,54.6705612411776],[-1.73762474571371,54.6709114144287],[-1.73781739528155,54.6710978634726],[-1.73818301769737,54.6713898116115],[-1.73827394593595,54.6714780734066],[-1.73839096842554,54.6716077459186],[-1.73844477617256,54.6716806424959],[-1.73855987371664,54.6718687086494],[-1.73858119244267,54.6719271622076],[-1.73858085008335,54.6719810867485],[-1.73856501120214,54.6720349690517],[-1.73853523248734,54.6720834474231],[-1.73851494153149,54.672105857913],[-1.73843576072651,54.6721227580873],[-1.73837202906386,54.6721495937707],[-1.73831250702724,54.6722411207467],[-1.73825622231564,54.67231290649],[-1.7378577998264,54.6722985591318],[-1.73740666034786,54.672284106739],[-1.73681727722006,54.6723106899739],[-1.73579181200509,54.6723866532738],[-1.73544575575514,54.6724290336633],[-1.73489472333631,54.6725186260163],[-1.73403311442501,54.6726739973734],[-1.73303978527045,54.6728174058148],[-1.73238594674821,54.6729732394021],[-1.73165046526432,54.6730542951751],[-1.73134936341294,54.6730904777245],[-1.7310266312397,54.673122130138],[-1.7304696801218,54.6731649230214],[-1.72995666924783,54.6731269408845],[-1.7296702515729,54.6730544260598],[-1.72937953085267,54.672936046671],[-1.72904569351459,54.6727681531633],[-1.72878007875667,54.6725995191537],[-1.72868296997385,54.6725121109496],[-1.72862484787977,54.6723951767398],[-1.72856087989786,54.6722161866073],[-1.72857113891549,54.6718351875767],[-1.72860962873541,54.6716420524515],[-1.72884835856226,54.6709443210629],[-1.72920097128591,54.6703744598529],[-1.72926847088911,54.6702505906044],[-1.72936405037814,54.6700962407939],[-1.72948511709396,54.6698421750869],[-1.72949787420907,54.6697900727911],[-1.7294983049171,54.6697244793345],[-1.72948647428878,54.6696354942753],[-1.72945761955653,54.6695419619105],[-1.72941632962921,54.6694565006821],[-1.72938401866363,54.6694177971249],[-1.72921134319116,54.6692700198743],[-1.72917580206976,54.6692519594912],[-1.72914176878721,54.6692410989552],[-1.7290720095738,54.6692355788081],[-1.72903013414565,54.6692390650532],[-1.7288129837816,54.6692511523734],[-1.72826190805461,54.6693496869264],[-1.72775727160805,54.6694599910245],[-1.72715192453035,54.6695556843689],[-1.7265929713156,54.6696748530881],[-1.72632735963372,54.6697443695651],[-1.72607579045559,54.6698031034079],[-1.72552125809277,54.6699582398803],[-1.72525693688771,54.6700645653164],[-1.72482607217891,54.6702666972312],[-1.72425013356197,54.6706033043468],[-1.72343910892059,54.6710804376533],[-1.7233890897745,54.6711378475849],[-1.72330311979274,54.6712382982462],[-1.72313642049615,54.6713583225194],[-1.72258887948342,54.6716141253367],[-1.72219419915281,54.6717390397532],[-1.72170975506221,54.6718385618751],[-1.72071464537504,54.6720115328477],[-1.72039027307302,54.6720557147029],[-1.71991566764138,54.6720708110479],[-1.71958211744117,54.6720961048754],[-1.71920644849598,54.6721599495515],[-1.71890060187261,54.672211357643],[-1.71858859234004,54.6722627677989],[-1.71838999458849,54.6722802721993],[-1.71813081766183,54.6723147329995],[-1.71789969170179,54.6723294639877],[-1.71764555966182,54.6723045990341],[-1.71738081440608,54.6722437829983],[-1.71693686353,54.6720917783111]]]}},{"type":"Feature","properties":{"ward":"Wingate","boundary_ward":"Wingate","date":"2019-03-14","display_date":"14 March 2019","winning_party":"Labour","winning_candidate":"John Robert Higgins","total_votes":715,"turnout":24.17,"electorate":2966,"labour_votes":458,"labour_pct":64.1,"labour_candidate":"John Robert Higgins","liberal_democrats_votes":163,"liberal_democrats_pct":22.8,"liberal_democrats_candidate":"Edwin Herbert Simpson","other_votes":94,"other_pct":13.1,"other_candidate":"Stephen Joseph Miles"},"geometry":{"type":"Polygon","coordinates":[[[-1.31377917341874,54.7542324993756],[-1.31380976302116,54.7541679606548],[-1.31382068161889,54.754073651959],[-1.31378096920135,54.7538496620276],[-1.31380466950116,54.7538255389874],[-1.31392835034429,54.7537714097339],[-1.31394272870315,54.7537472421046],[-1.31393985428756,54.7537346462681],[-1.31387391791306,54.753682133792],[-1.31386647340398,54.7536632268275],[-1.31386842676878,54.7536398634208],[-1.31388436279624,54.7536139009648],[-1.31402013884361,54.7534879696528],[-1.31434291568624,54.7532363491837],[-1.31439829290534,54.7531773621319],[-1.31452291320723,54.7530212475769],[-1.31462446447002,54.7529404901704],[-1.31466864220755,54.752902080489],[-1.31475082196306,54.7528198881378],[-1.31485573449811,54.752678468634],[-1.31488446231354,54.7525411476411],[-1.31485654508918,54.7524475391844],[-1.31477676275204,54.7523877704321],[-1.31459357497188,54.7522860718966],[-1.31440604577375,54.7521664218327],[-1.31416591606555,54.7520356345258],[-1.3137957092678,54.7519670275284],[-1.3135607488218,54.7517113814271],[-1.31339329273194,54.7515999049801],[-1.31323866189707,54.751189228518],[-1.3131529994689,54.75092634584],[-1.31296438491569,54.7506862188465],[-1.31312552802792,54.7506224282569],[-1.3129454552298,54.7501531995766],[-1.31284562308043,54.7498102520819],[-1.31281219190484,54.7494901339007],[-1.31269607050909,54.749100345585],[-1.3126595904693,54.748868286576],[-1.31259165991718,54.7485695525604],[-1.31256844806428,54.7483788857584],[-1.31256045184724,54.7479322138598],[-1.31183421967743,54.7468766557295],[-1.31174158448703,54.7467521107434],[-1.31153420222236,54.7465217868826],[-1.31139003505234,54.7462297881831],[-1.31119840868066,54.7458962010031],[-1.31106673594134,54.7454155598619],[-1.31093835234934,54.7445575032035],[-1.31085493041646,54.7441661136445],[-1.31075573969744,54.743787195112],[-1.31064356669833,54.7429831554064],[-1.31053818605121,54.7424182032891],[-1.31038335491027,54.7419311361297],[-1.31033206247099,54.741841884597],[-1.31028295645085,54.7418074740917],[-1.31020007027275,54.7417485679772],[-1.31018029861163,54.7417232964801],[-1.31017297978194,54.7416972033945],[-1.3101779443051,54.7416783479104],[-1.31019380252879,54.7416604754873],[-1.31023147964962,54.7416373153113],[-1.3102893229012,54.7416151809948],[-1.3104607763035,54.7415793001166],[-1.31053388393748,54.7415734392249],[-1.31080422028546,54.7415695829106],[-1.31091929712376,54.7415630399101],[-1.31109972002504,54.7415487788874],[-1.31124912402102,54.7415289863795],[-1.31139717397679,54.7415028360179],[-1.31155152910213,54.7414686790703],[-1.31171691497057,54.7414255654648],[-1.31183247919819,54.7413884723569],[-1.31199370619082,54.7413148196283],[-1.31213655315459,54.7412275537251],[-1.31234285577343,54.741058884679],[-1.31279404136399,54.7407406001044],[-1.31284578663908,54.7407121456542],[-1.31298184825235,54.7406572049539],[-1.31331112787527,54.7405664925167],[-1.31385375952034,54.7404419530054],[-1.31395036012306,54.7404236163865],[-1.3142087714786,54.7403927304413],[-1.31444357454903,54.7403751923839],[-1.3148804154188,54.7403534018449],[-1.31528727031539,54.7403592596928],[-1.31579678936228,54.7403549560081],[-1.31605145905291,54.7403591065607],[-1.31666624847726,54.740376944365],[-1.31688538000653,54.7403700982397],[-1.31782895085463,54.7402334052297],[-1.31822933811063,54.7401601592686],[-1.31848615098861,54.7401292463346],[-1.31889169328423,54.7401198551716],[-1.31929690441211,54.7401302179998],[-1.31940258012831,54.740128113896],[-1.31987090418106,54.7400795104531],[-1.32036199886538,54.7400633973596],[-1.32078656945435,54.7400307231118],[-1.32099198536577,54.7400067226943],[-1.3211881565956,54.7399781517103],[-1.32173034508554,54.7398796450905],[-1.32181436732946,54.7398693208471],[-1.32221407863593,54.7398374040181],[-1.32235121712826,54.7398103238812],[-1.3227179067955,54.7397099123509],[-1.32341016626566,54.7395502115633],[-1.32401066765626,54.7393989868278],[-1.32463557359731,54.7392739733903],[-1.32510973651614,54.7391543865841],[-1.32569955764343,54.7389905136325],[-1.32599521934862,54.7389561934578],[-1.32586171287887,54.7385789289336],[-1.32573764513134,54.7381927156325],[-1.32554618009787,54.7378447505085],[-1.32536714962163,54.7374950865171],[-1.32502740228038,54.736911746369],[-1.32498267885075,54.7368908380959],[-1.3248854629004,54.7368552276093],[-1.32477414562959,54.7368240651626],[-1.32462705534925,54.7367980874206],[-1.32436784059488,54.7367876531461],[-1.32414136092752,54.7367711252627],[-1.32407460278696,54.7367707533919],[-1.32393143882594,54.7367879192576],[-1.32381925767125,54.7368106676002],[-1.32361112710614,54.7367160209244],[-1.32357812178283,54.7366466628652],[-1.32355295029425,54.7365728299675],[-1.32357023418714,54.736281754305],[-1.32354690309664,54.7360057286601],[-1.32352351002983,54.7357297116391],[-1.32349540363358,54.7356450765405],[-1.32348480773207,54.7355335960981],[-1.32349676228248,54.7354698528218],[-1.32353243122498,54.7353792799171],[-1.32355812495423,54.7353317919536],[-1.32378323795675,54.7350535708363],[-1.32381918863376,54.7349459193246],[-1.3238166579575,54.7349126571944],[-1.32380017761434,54.7348766213187],[-1.32376660271693,54.7348395879062],[-1.32371433312358,54.734807842296],[-1.32365262671173,54.7347832316089],[-1.32359689670143,54.7347721270408],[-1.32346801640599,54.7347723098702],[-1.32322387068883,54.7347916266866],[-1.3231633015365,54.7347904054407],[-1.3231075443269,54.7347828978648],[-1.32303173908752,54.7347644934927],[-1.32296687004765,54.7347425608152],[-1.32289609994595,54.734702623605],[-1.32284580939456,54.7346457394319],[-1.32282927018014,54.7346132914756],[-1.32281920276852,54.7345647018107],[-1.32281689473058,54.7345161743229],[-1.32282519428318,54.7344847582672],[-1.32285705898479,54.7344363936358],[-1.32291356706369,54.734400773035],[-1.32305742732952,54.7343413559745],[-1.32312344848951,54.7342941020675],[-1.32319912819348,54.7342244388868],[-1.32322765179799,54.7341904297196],[-1.32325499152305,54.7341339786878],[-1.32330927901874,54.7339527549554],[-1.32349253023768,54.733579038403],[-1.3236723669056,54.7332268455772],[-1.3240333089996,54.7333726527868],[-1.32419767431018,54.733386138936],[-1.32430297416503,54.7334055992037],[-1.32438953137938,54.7334294456617],[-1.32452666614465,54.7334949294531],[-1.32515259031253,54.733864160514],[-1.3252003660203,54.7338868983267],[-1.32536704436052,54.7339489292423],[-1.32578901416923,54.7340690002468],[-1.32588498158301,54.7340875149163],[-1.3259920222966,54.7340961796093],[-1.32649699484624,54.7340828067218],[-1.32648303441272,54.7337987626329],[-1.32659357521085,54.7337823050798],[-1.32666222872567,54.7337620176138],[-1.32672014088502,54.7337344748692],[-1.3267704720413,54.7336961132032],[-1.32680691541026,54.7336522815558],[-1.32682162287785,54.7336092225824],[-1.3268191466443,54.7335705688017],[-1.32680255936502,54.7335399247448],[-1.32677343561554,54.7335173000412],[-1.32673336218809,54.733499998495],[-1.32655573045078,54.7334405956899],[-1.32626175490117,54.7332817049192],[-1.32607536069649,54.733190799412],[-1.32601846230657,54.7331563241104],[-1.32591435622245,54.7330667866632],[-1.32589314145551,54.7330343041799],[-1.32588128884806,54.7330010172776],[-1.32587773324162,54.732933600136],[-1.32590370526577,54.7328672205484],[-1.3259258586297,54.7328412633854],[-1.32609259491642,54.7327137070389],[-1.32627563749547,54.7325385900414],[-1.32640845548977,54.7323964239919],[-1.32644781963809,54.7323624922393],[-1.32670628940189,54.7322282198455],[-1.32698070969878,54.7320688852542],[-1.32719319069051,54.7319892024201],[-1.3273387294855,54.7319217096937],[-1.32744216092017,54.7318656427157],[-1.32763053614185,54.7317444696928],[-1.32775636851484,54.7316472354807],[-1.32817743261317,54.7312577313063],[-1.3283797824717,54.7310431757061],[-1.32844946794258,54.7309581726732],[-1.32850211127195,54.7308748977835],[-1.32860392477136,54.7306346163624],[-1.32873507985596,54.7304026049624],[-1.32884056784162,54.7302198503276],[-1.32892584869205,54.7301340408975],[-1.32906909353224,54.7300171255119],[-1.32958812056783,54.7296182834359],[-1.32985316498778,54.7294597828582],[-1.33014393578412,54.729528786799],[-1.33067369385744,54.7293259269519],[-1.33078700640856,54.7291405168551],[-1.33127323162068,54.7290335609931],[-1.33177557433977,54.7287972783137],[-1.33202068598014,54.728716865324],[-1.33223727038981,54.7286713006706],[-1.33227320116007,54.7286580345604],[-1.33233272117214,54.7286278109662],[-1.33240532136786,54.7285563304523],[-1.33257908429524,54.7282813718285],[-1.33262874764721,54.7281890875454],[-1.3326675657846,54.7280949399655],[-1.33269553707466,54.7279989380769],[-1.33271171129434,54.7278642222675],[-1.33278645737167,54.7277567993901],[-1.33315363662776,54.7276186292494],[-1.33364702701156,54.7274515014244],[-1.33401361157784,54.7273492604671],[-1.33433932687409,54.7272764439629],[-1.33452890783716,54.727172355842],[-1.33462119165786,54.7271315070166],[-1.33471499285909,54.7270951750609],[-1.33498649366829,54.7270130782846],[-1.33506456454726,54.7269847668091],[-1.33521514157521,54.7268930166104],[-1.33554569544958,54.7265236873303],[-1.33575409089822,54.7263127409866],[-1.33588937943321,54.7262047463743],[-1.33610826515433,54.7261124856023],[-1.33622486325279,54.726009772252],[-1.33656069551147,54.7258867051822],[-1.33671990486003,54.7258345516273],[-1.3384809841834,54.7268605411085],[-1.33808478906657,54.7270677805442],[-1.33871899869609,54.727405552029],[-1.33880653860289,54.7274644543049],[-1.33909798122369,54.7273024613942],[-1.33919344249596,54.7273533095437],[-1.33931657322522,54.7274186816121],[-1.33939675128337,54.7274541797873],[-1.339437810969,54.7275065252322],[-1.33944776457941,54.7275631919398],[-1.33942061365379,54.7276097739539],[-1.33934932576215,54.727699247194],[-1.3392427828777,54.7278505517634],[-1.33983010732136,54.7280181957096],[-1.34003343945983,54.7280219980409],[-1.34066476202595,54.7278735550551],[-1.34105650600558,54.7278442391273],[-1.34125068239624,54.7278380881603],[-1.3415456508015,54.7278406007621],[-1.34184202017743,54.7278547795678],[-1.34336768826571,54.727896295095],[-1.34375756681954,54.7278858341727],[-1.34399359624012,54.7278853071005],[-1.34434746392994,54.7278953000421],[-1.34462661158928,54.7279166024547],[-1.34490862967767,54.7279531683237],[-1.34499995912089,54.7279689370215],[-1.34533891388996,54.7280381559428],[-1.3457541476053,54.7280943214622],[-1.34589964882785,54.728122980041],[-1.34627542179197,54.7282184553184],[-1.34641936684531,54.7282470869124],[-1.34752215777143,54.7284201744653],[-1.34794257209592,54.7285401702481],[-1.34810663937075,54.7285733977306],[-1.34821973398301,54.7285874872094],[-1.34833453756082,54.7285962018435],[-1.34953858410538,54.728651178153],[-1.34964879858187,54.7286535636804],[-1.35015198874967,54.7286490734918],[-1.35040030842041,54.7286557954054],[-1.35085303573706,54.7286986722616],[-1.351489984337,54.7287775480279],[-1.35169020665976,54.7287813321352],[-1.35184400405612,54.7287767618904],[-1.35204142695746,54.728762531025],[-1.35224520858061,54.7287384511418],[-1.35252864354387,54.7286869310569],[-1.35266749635982,54.7286463351058],[-1.35297065095506,54.7285266465375],[-1.35334534790752,54.7283974460402],[-1.35355816270674,54.7282952100632],[-1.35371817456041,54.728192720299],[-1.35381734438934,54.7281087711061],[-1.35397244028028,54.7279244913593],[-1.35401660772408,54.7278806747621],[-1.3542417309439,54.7276859826205],[-1.35432500643224,54.7276235101431],[-1.35437992156734,54.7275887498727],[-1.35445342098309,54.7275540992528],[-1.35460178769033,54.72750275694],[-1.35495255158182,54.727413850764],[-1.3555437533967,54.7272426629692],[-1.35601598426649,54.7271319358411],[-1.35651508710565,54.726990806415],[-1.35680014448658,54.726932097487],[-1.35682662464968,54.726928640513],[-1.35704289539509,54.7268992349186],[-1.35719209833514,54.7268901510263],[-1.35733651594408,54.7268891035449],[-1.35748081786926,54.7268952697796],[-1.3576001887896,54.7269075792219],[-1.35770546988192,54.7269261181006],[-1.35779670677642,54.7269499664584],[-1.3579834396814,54.7270219414319],[-1.35803291025716,54.7270365863929],[-1.35813980612251,54.727051526186],[-1.3582888378542,54.7270523145912],[-1.35862008026962,54.7270208092943],[-1.35873215738252,54.72700164458],[-1.35912792259554,54.726915659355],[-1.35928039590058,54.7268957962808],[-1.3596285653763,54.7268715741615],[-1.35984021004428,54.7268430405329],[-1.3602999619844,54.7267331332091],[-1.3610579485735,54.726618500095],[-1.36114856238349,54.7265830333252],[-1.36121585226519,54.7265474248067],[-1.36141505802669,54.7264199803733],[-1.36178311156109,54.7262188122002],[-1.36231175474719,54.7259744542937],[-1.3624291070363,54.7259166640492],[-1.3625932090108,54.7258474321722],[-1.36275540344982,54.7258024657417],[-1.36353735961561,54.7256420967618],[-1.36390171172816,54.7255766095664],[-1.36408096582066,54.7255335164751],[-1.36426346881816,54.7254778507248],[-1.36443993916122,54.7254113780834],[-1.36465581021416,54.7253100680399],[-1.36507978516719,54.7252035437187],[-1.36505737166436,54.7248493568656],[-1.36670518574657,54.7244194223556],[-1.36731965516332,54.7242446915089],[-1.3674431432387,54.7241914100333],[-1.36781549326713,54.7240082362813],[-1.36797155681687,54.7239569186621],[-1.36811798216926,54.723926218197],[-1.36820349003124,54.7239176822749],[-1.36829357303029,54.7239154544928],[-1.36858516501682,54.7239349637485],[-1.36879288920239,54.7239558018694],[-1.3696310659929,54.724068903948],[-1.37051346771948,54.724237048388],[-1.370680455754,54.7242819386093],[-1.37101866804367,54.7243978106559],[-1.37120576028158,54.7244473228714],[-1.37147339980179,54.7245089302842],[-1.37168708055209,54.7245477667284],[-1.37187617783493,54.7245685219491],[-1.37246891085648,54.7245913643938],[-1.37254810789323,54.7245899613914],[-1.37272064332806,54.7245773906384],[-1.37355331613062,54.7244459951063],[-1.37461577638996,54.7243148763101],[-1.37508318887311,54.7242067460403],[-1.3759849057454,54.724028950714],[-1.37630546783081,54.7239802719312],[-1.37647178686793,54.723968556273],[-1.37677591217405,54.7239818060737],[-1.37686132227864,54.7239795299133],[-1.37695774331514,54.7239683469361],[-1.37711807859753,54.7239404227627],[-1.37739998667049,54.7238825514742],[-1.37790805842396,54.7237566555553],[-1.37816815202917,54.7237049648932],[-1.37836920193823,54.7236520698004],[-1.37844581033407,54.723619214329],[-1.3784598960673,54.7236129733581],[-1.37849291102909,54.7235853053909],[-1.37851984949896,54.7235494994157],[-1.37853448138488,54.7235055316112],[-1.37854656449529,54.7234265180249],[-1.37854523610443,54.7232099334383],[-1.37858767201106,54.7230735516604],[-1.37858986314656,54.7230322170231],[-1.37858470744161,54.722963900029],[-1.37856841759049,54.722912586293],[-1.37853953223915,54.7228720127059],[-1.37842315563448,54.7227662617153],[-1.37838651197904,54.7227256204817],[-1.37834249885757,54.7226607116194],[-1.37831842296994,54.7226102422369],[-1.37830098733561,54.7225319787588],[-1.3783109772469,54.7224879961735],[-1.37834284582104,54.7224333318102],[-1.37839027654831,54.7223778736716],[-1.37855085057211,54.7222340163298],[-1.37859984845303,54.7221758422779],[-1.37861584740694,54.7221462924807],[-1.37862770703123,54.7220798204204],[-1.37861627047644,54.7220168452752],[-1.37857516229268,54.7219636196583],[-1.37854133001821,54.7219419035125],[-1.37847969311232,54.7219119200678],[-1.37831451400272,54.721851773398],[-1.37827157283781,54.7218155904871],[-1.37825962620294,54.7217858795432],[-1.37825553472715,54.7217499136929],[-1.37826841652191,54.7217185263659],[-1.37834746372292,54.721623669147],[-1.37837456618983,54.72157706925],[-1.37838768662246,54.7215331215655],[-1.37838064461825,54.7214863467107],[-1.3783457667472,54.7214322515682],[-1.37830606524588,54.7213880053507],[-1.37819403763685,54.7213047484489],[-1.37817119951911,54.7212731771449],[-1.37815940552971,54.7212336112881],[-1.37817465303874,54.721148281921],[-1.37824048112483,54.7210093331061],[-1.37840357667516,54.7207980726623],[-1.37842918156533,54.7207496713365],[-1.37847169732179,54.7206079240213],[-1.37853090430057,54.7204931979461],[-1.37858788056016,54.7204224843212],[-1.37864767830554,54.7203688651886],[-1.37871653349264,54.7203332729449],[-1.37878835137608,54.7203075802733],[-1.37885843192075,54.7202926536832],[-1.37893310232526,54.7202831524387],[-1.3790387179632,54.7202792114369],[-1.37945080681746,54.7201321503069],[-1.37993508522269,54.7200357560804],[-1.38055910852849,54.7198852746411],[-1.38091366208479,54.719796321839],[-1.38168652636666,54.7196088725499],[-1.38234277422852,54.7194333583759],[-1.38262014868905,54.7193637747088],[-1.38284289034422,54.7193136786662],[-1.38311521241423,54.7192710299729],[-1.38337947571779,54.7192480977979],[-1.38350994966216,54.719244279263],[-1.38405786816902,54.7192488660779],[-1.3842441860939,54.7192462145654],[-1.38525468238038,54.7190500380962],[-1.38527805453349,54.7189405191915],[-1.38545171593073,54.7188506274445],[-1.38563883729866,54.7187967655644],[-1.38624982363951,54.7186353663574],[-1.3869772243083,54.7184710557102],[-1.38777383933399,54.7182503850711],[-1.38790176336585,54.7182087735097],[-1.38797361021501,54.7181794863015],[-1.38810196637308,54.7181091562202],[-1.38819143931324,54.7180431106577],[-1.38863268375999,54.7176058863018],[-1.38890034477809,54.7173582934855],[-1.38913246928402,54.7170952536799],[-1.38958645370507,54.7166338143025],[-1.38975810340374,54.7163686842125],[-1.39028602110272,54.7164621014536],[-1.39030020981391,54.7164487098405],[-1.39044891946629,54.7162607353462],[-1.39051747250407,54.7161433355679],[-1.39061000604296,54.7158706102128],[-1.39066954900977,54.7157307208742],[-1.39068831746217,54.7156175894064],[-1.39066869993036,54.7153739413377],[-1.39065089464841,54.7153190430977],[-1.39062225884716,54.7152613845612],[-1.39058130558077,54.7151982712358],[-1.39049582176011,54.7151007937965],[-1.39044469264673,54.7148875303278],[-1.39041056471146,54.7146788797509],[-1.38974710114895,54.7144131114504],[-1.38955410439333,54.7143456533759],[-1.38934090423834,54.7142771910244],[-1.38903946370219,54.7141956863741],[-1.38820664446471,54.7139425652387],[-1.38633791520061,54.7134190727567],[-1.38571588084054,54.7131894636662],[-1.38476784182962,54.7128584542897],[-1.38427975139918,54.7126978068235],[-1.38385726585833,54.7125168230737],[-1.38341567185244,54.7123636056999],[-1.38303132539491,54.7122232754244],[-1.38259942029165,54.7120458187325],[-1.38224211644431,54.7118624830185],[-1.38184865342521,54.711707691489],[-1.3811471332167,54.7114012650895],[-1.38101576942549,54.7113628372702],[-1.3806905477566,54.7112632367774],[-1.38007711411623,54.7110345348068],[-1.3798825879773,54.7109652318014],[-1.3796850471696,54.7108914305071],[-1.37921148437435,54.7107002955207],[-1.37901537908821,54.7106345893859],[-1.37892879774858,54.7106134866104],[-1.37884827284191,54.7105995834648],[-1.37855543630957,54.710567532383],[-1.37843938852715,54.7105444467998],[-1.37830329303821,54.7105123139069],[-1.37777013121161,54.71036130245],[-1.37727753076633,54.7101978984465],[-1.37681529897811,54.7100796115394],[-1.37627290419858,54.7099240553732],[-1.3754081558954,54.709638316871],[-1.37492411107214,54.7095243731735],[-1.37446223460726,54.7093818222063],[-1.37423335996017,54.7093294121237],[-1.37338976782547,54.709181260112],[-1.37304571622694,54.7091507436974],[-1.37296825553706,54.7091404417515],[-1.37282136937062,54.7091037283821],[-1.37250479579259,54.709002346879],[-1.3721879551057,54.7089162477224],[-1.37204859104743,54.7088948299472],[-1.37173397756948,54.7088662658296],[-1.37164568991469,54.7088532190353],[-1.37141521131353,54.7088061971997],[-1.37128844036969,54.7087740867415],[-1.37110304591299,54.7087191991864],[-1.3701511391755,54.7085525011995],[-1.36932341306466,54.7083855293247],[-1.36932031245586,54.7083846118373],[-1.36862173469872,54.7082974011909],[-1.36808279091746,54.7081238536687],[-1.36709621195373,54.7077942891318],[-1.36675417647241,54.7076334411937],[-1.36642515761828,54.7074349116608],[-1.36615994709062,54.7072232517187],[-1.36593806241521,54.7070216913652],[-1.36571998177819,54.7068758437396],[-1.36562999100273,54.706774745467],[-1.36567662054855,54.7066707175991],[-1.36555063124088,54.7064894341103],[-1.36542419940808,54.706238955989],[-1.36519645976251,54.7060139990724],[-1.36508330850917,54.7058067028607],[-1.36508673979084,54.7052899982317],[-1.36506928103417,54.7052153028561],[-1.36502547527954,54.7051386847863],[-1.36495669198006,54.705070935203],[-1.3648646051364,54.7050057325987],[-1.36476324833167,54.7049378132207],[-1.3645004030803,54.7047746675965],[-1.36443295869726,54.704724004846],[-1.36424454885535,54.7045639357144],[-1.36413862338918,54.7044905989363],[-1.36400483477804,54.7044126154185],[-1.36387851947008,54.7043526344641],[-1.36376743087376,54.7043107147436],[-1.36365933030044,54.7042768905407],[-1.36343673787741,54.7042218148442],[-1.36281475227831,54.7041035189775],[-1.3625390694845,54.7040697056191],[-1.36241508201704,54.7040600815654],[-1.36212030980893,54.7040540220827],[-1.36182981318671,54.7040731534384],[-1.36166538592913,54.7040705024925],[-1.36151969094566,54.7040589506532],[-1.36112781576334,54.7040110683575],[-1.36104257427717,54.7040052263926],[-1.36071973047941,54.7040098014516],[-1.36021908114758,54.7039712174143],[-1.35999916660865,54.7039422010668],[-1.35976872680639,54.7038933535166],[-1.35967761542002,54.7038668110831],[-1.359589652224,54.7038340008016],[-1.35950950566594,54.703799418218],[-1.35926641480335,54.7036660341634],[-1.35907919385112,54.7035329349855],[-1.35878351681239,54.7031925769157],[-1.35853555374457,54.7029746788849],[-1.35843185306009,54.7028600018901],[-1.35831637811864,54.702703935339],[-1.35803741850253,54.7021902167658],[-1.35795016913295,54.7020181033942],[-1.35791371761164,54.7019657973959],[-1.35784806458242,54.7018971400302],[-1.35748390868477,54.7015707992665],[-1.35733291418222,54.7014046231168],[-1.35731314748943,54.7013784667988],[-1.35723357093378,54.701211785561],[-1.35717710858841,54.7010524134524],[-1.35763603730856,54.7009775638576],[-1.35793182272529,54.7009180259117],[-1.35835386061821,54.7008205151147],[-1.35922347612838,54.7005815712157],[-1.36062336492377,54.700171079275],[-1.36108054977591,54.7000099341553],[-1.36141718250274,54.6999164345323],[-1.36203186787331,54.6998010602662],[-1.36294473682553,54.6995730940858],[-1.3637232885802,54.6992994891695],[-1.36422378968105,54.6991448456619],[-1.36446503573062,54.6990966930907],[-1.36472525196532,54.6990261672438],[-1.36486563162995,54.6989801725039],[-1.36494216067331,54.6989491197796],[-1.3650517220603,54.6988885712276],[-1.36518548181031,54.6987679283994],[-1.36525683286775,54.6986694588298],[-1.36534998923795,54.6984668592832],[-1.36553280543969,54.698185634016],[-1.36560947120038,54.6980458450785],[-1.36569000755986,54.697857525627],[-1.36574747630315,54.6976547480807],[-1.36576514220742,54.6976161805343],[-1.36581136782915,54.6975373374105],[-1.36591275148573,54.6974057853371],[-1.36643838661322,54.6966293755291],[-1.36673904743544,54.6961519423745],[-1.36682904771951,54.6958531781018],[-1.36694581091117,54.6956273170835],[-1.36716035842935,54.6953004262655],[-1.36732461326919,54.6950127881772],[-1.36747053925636,54.694810461304],[-1.36755660913105,54.6946617307222],[-1.36761165941055,54.6945155244554],[-1.36762546108299,54.6944248521671],[-1.36762176826637,54.6942639563228],[-1.36769078205081,54.6939165302701],[-1.36769904663082,54.693583179661],[-1.36775242424185,54.6931439967112],[-1.36819157166537,54.6931390987359],[-1.36826619040011,54.6931278002423],[-1.36831297254546,54.693112759316],[-1.36835207090426,54.6930931957748],[-1.36839445943795,54.6930601683815],[-1.36847827281631,54.6929581544731],[-1.36858631190222,54.6926954088838],[-1.36863652291098,54.692657921582],[-1.36877099779404,54.6925894292409],[-1.36887459134823,54.6925126772178],[-1.36891400956653,54.6924724475041],[-1.36894578443476,54.6924231957815],[-1.36896995072103,54.6923666809375],[-1.36898352553729,54.6922903806404],[-1.36926381704153,54.6923232922098],[-1.3693363837498,54.6922454950274],[-1.36996169593947,54.6923395083021],[-1.37016534006571,54.6923117905928],[-1.37044965173743,54.6922863129198],[-1.37075853723855,54.6922762475908],[-1.3713107191087,54.6922835929686],[-1.37168784557745,54.6922738691191],[-1.37218168707895,54.6922404824135],[-1.37238060777111,54.6922181285606],[-1.37260452016347,54.6921842532894],[-1.37334520027241,54.6920434028408],[-1.3735942230485,54.6919880577051],[-1.3741610913764,54.6918481080327],[-1.37519127793936,54.6913339808978],[-1.37511619868542,54.69097232596],[-1.37490667788557,54.6908786883517],[-1.37497124525919,54.6908161041701],[-1.37361939639931,54.6903535089274],[-1.37419596732951,54.6898828841036],[-1.3743859057744,54.6897382817855],[-1.37455836548933,54.6896187482685],[-1.37478697728784,54.6894806210843],[-1.37527829920443,54.6892054613081],[-1.37538165058399,54.6891430946439],[-1.37562300415024,54.688981675893],[-1.37654106110569,54.688292629792],[-1.37729292012232,54.6877168414145],[-1.37736422510125,54.6877199134191],[-1.3775082003394,54.6877386151761],[-1.37758552017806,54.6877533952791],[-1.37798392293601,54.6878722640738],[-1.37804267171932,54.6878842337436],[-1.37808757025141,54.6878898847875],[-1.37814187194124,54.6878892609681],[-1.3782102466194,54.6878824158716],[-1.37827250663236,54.6878683509055],[-1.37847226691902,54.6877893974192],[-1.37863976311212,54.6876887065592],[-1.3787568863893,54.6876371934378],[-1.37893461908293,54.6875796873095],[-1.3791385378171,54.6875330990538],[-1.37920245917432,54.6875109450717],[-1.37926036810509,54.6874780112555],[-1.37930907764157,54.687437806797],[-1.37933911393585,54.6873993292646],[-1.37935222088496,54.687354424052],[-1.37935137617079,54.6873077085073],[-1.37933332397835,54.6872707696327],[-1.3793058264808,54.687242791611],[-1.37927505537009,54.6872264472239],[-1.37916065285167,54.687200729343],[-1.37913764824354,54.6871844067053],[-1.37912718220682,54.6871583005962],[-1.37913542656762,54.6871259869811],[-1.37917827143795,54.6870641915873],[-1.37920649520593,54.687044559865],[-1.37933319647383,54.6869751136625],[-1.37940391789387,54.6869143712057],[-1.37943864999179,54.6868741050514],[-1.37946248247797,54.6868382818745],[-1.37947864167417,54.6867952147706],[-1.37948766640352,54.686711712214],[-1.37948035458153,54.6866829082794],[-1.37945300854485,54.6866450195982],[-1.37942536077894,54.686626915451],[-1.37925898568972,54.686551459753],[-1.37919440010349,54.6865151849361],[-1.37916225215902,54.6864880664683],[-1.37914708875395,54.6864637309611],[-1.37915087371595,54.686419707269],[-1.37916523054543,54.6863928088897],[-1.37921413219883,54.6863400348074],[-1.37927072885751,54.6862909262363],[-1.37933022813472,54.6862534730062],[-1.3792565291096,54.6862054643356],[-1.37939702193081,54.6861459812421],[-1.37948154002329,54.6860969777047],[-1.37954745273824,54.6860451838036],[-1.37968003965487,54.685895789026],[-1.37984717035336,54.6856162550483],[-1.37993912614417,54.6854855081635],[-1.38004034729793,54.6853575324494],[-1.38012873891316,54.6852564171219],[-1.38019011291118,54.6852010283396],[-1.38023248697584,54.685168880076],[-1.38037627348642,54.685094146011],[-1.38040780140835,54.685062853525],[-1.38041185836023,54.6850008684928],[-1.38037465049151,54.6848982179606],[-1.38036609399875,54.6848478467423],[-1.38035832084794,54.6847471601114],[-1.38036875488863,54.6845719811126],[-1.38050122486876,54.6846310473645],[-1.38054505581046,54.6846043173432],[-1.38062822063458,54.6845427264551],[-1.38069114103127,54.6844837569087],[-1.38075140744652,54.6843977740356],[-1.38068533852277,54.6842545691675],[-1.38110284631144,54.6841838908948],[-1.38144001410781,54.684095758102],[-1.3817464218791,54.6840415910904],[-1.3818554082909,54.6840124967112],[-1.38198477139633,54.6839718188264],[-1.38207213008975,54.6839380946086],[-1.38222848453586,54.6838562168076],[-1.38227528971363,54.6838384925362],[-1.38232976481468,54.6838261813774],[-1.38240746078181,54.6838158001728],[-1.38257192097614,54.6838130671353],[-1.38304365875144,54.6839017036729],[-1.38311175071699,54.683911059251],[-1.38317374270825,54.6839140526119],[-1.38336157979759,54.6839051341026],[-1.38337870497815,54.6839007305045],[-1.38349148203993,54.6838266995884],[-1.38373054459645,54.683814432727],[-1.38396245759963,54.6836574399639],[-1.38443964813444,54.6835915808608],[-1.38500674418973,54.6835270600724],[-1.38590923018947,54.6834381723344],[-1.38603835655377,54.6834127644672],[-1.3860898918251,54.6833887494353],[-1.38612916165041,54.6833566022133],[-1.38614496134341,54.6833368969674],[-1.38619629967713,54.6832248315057],[-1.38622323110414,54.6831872198839],[-1.38633374647089,54.6830583834869],[-1.386484852105,54.6829108513929],[-1.38657569638329,54.6828519732095],[-1.38664437322226,54.6828245020597],[-1.38672997849369,54.6828033550602],[-1.38682014597653,54.6827894644919],[-1.38700171130353,54.6827831667844],[-1.38707765113984,54.6827880322397],[-1.38716896306167,54.6827992795144],[-1.38721688887602,54.6828103156246],[-1.38724061309545,54.6828823249108],[-1.38745136895774,54.6828950767029],[-1.38755066659029,54.6828928722245],[-1.38764068015701,54.6828870413749],[-1.38773552182252,54.6828749315303],[-1.38781015571411,54.6828609429419],[-1.3879957131323,54.6827962851307],[-1.38803462989108,54.6827874812658],[-1.38813564069591,54.6827727151989],[-1.3882459103632,54.6827642801738],[-1.38836844689186,54.6827639967695],[-1.38837758726937,54.6826714938164],[-1.38872549914089,54.6827415388112],[-1.38987079322196,54.6825936338495],[-1.38962098500191,54.6829123085155],[-1.38958680598656,54.6830181755399],[-1.38967102164338,54.6831956452717],[-1.38970484516485,54.6833189158052],[-1.38970699333755,54.6833800490162],[-1.38967109825994,54.683603634533],[-1.38966661104936,54.683695268556],[-1.38967517707552,54.6837456580397],[-1.38969779737124,54.6837888938029],[-1.38973438503813,54.683829531675],[-1.38978803412249,54.6838720410343],[-1.38986184145948,54.6839155351681],[-1.38993575501123,54.6839518511879],[-1.389971222647,54.6839655204565],[-1.39026469048582,54.6840469743854],[-1.3906978485601,54.6842270793989],[-1.39098285679906,54.6843561295613],[-1.39105846228372,54.6843834630613],[-1.39113567237839,54.6844045291328],[-1.39122074852251,54.6844220354486],[-1.39151166035121,54.6844666270195],[-1.39165854151062,54.6844988083577],[-1.39211426440049,54.6846215162617],[-1.39253008459132,54.6847170588218],[-1.3928916346161,54.6848114458338],[-1.39311081198093,54.6848844311407],[-1.39326344833973,54.6849462991402],[-1.39348687585076,54.6850453854221],[-1.39384113513645,54.6852115946479],[-1.39420426865405,54.6854093366654],[-1.39435633208757,54.6855098415726],[-1.39489507726695,54.6859960066873],[-1.39512667359786,54.6861724129758],[-1.39527109105124,54.6862683870268],[-1.39549415327245,54.6863907955245],[-1.39596866449543,54.6866088733367],[-1.39617933498679,54.6867339247623],[-1.39626834087619,54.6867964014128],[-1.3963861395962,54.6869075082891],[-1.39651728896814,54.6870609307867],[-1.39670056056788,54.6872514759613],[-1.39679501677644,54.6873687426607],[-1.39686852963277,54.687432936466],[-1.39690702266789,54.6874528941751],[-1.3969533196002,54.6874693022701],[-1.3971435271676,54.6875070942712],[-1.39720510537524,54.6875406485114],[-1.39724307492112,54.6875938714844],[-1.39727365644573,54.6877297122741],[-1.3972872294261,54.6877549488502],[-1.39735900445442,54.6878325778653],[-1.39755097358602,54.6879629637491],[-1.3976350809412,54.6880433588552],[-1.39767613828033,54.6880983728002],[-1.39780900852786,54.6883443782989],[-1.39790463587934,54.6885910902619],[-1.3980668649353,54.6889486550389],[-1.39821629992493,54.689335841958],[-1.39826754691717,54.6895418805529],[-1.39835495119831,54.6901345447516],[-1.39840267350687,54.6902632745513],[-1.3984390957073,54.6903182921897],[-1.39847878923009,54.6903625320843],[-1.39860294599745,54.69046377569],[-1.39874900298859,54.6905534782358],[-1.39893397966237,54.6906325786203],[-1.39898462717221,54.690668773792],[-1.39900135527014,54.6906913288822],[-1.39902926974804,54.6907974970612],[-1.39907034713872,54.6908525195968],[-1.39947375393791,54.6911627612625],[-1.39958098751038,54.6912549665943],[-1.39965259666384,54.6913433972283],[-1.39965918528351,54.6917388294942],[-1.39963961848627,54.6919085995939],[-1.39967306789528,54.6920597401729],[-1.39967345849712,54.6921388269981],[-1.39962413621551,54.6924324430661],[-1.3996018094967,54.6924727682763],[-1.39958448338428,54.6924906640301],[-1.39951719660694,54.6925289621296],[-1.39930524987388,54.692595320231],[-1.39908256420871,54.6926508308163],[-1.39901232671497,54.6926801506675],[-1.39895260852762,54.6927319777076],[-1.39889844966189,54.6928278464994],[-1.3988589567994,54.6928761934143],[-1.39874250339866,54.6929852532273],[-1.39863434322981,54.693061981204],[-1.39838709610934,54.6932054627948],[-1.39817364210629,54.6933733406325],[-1.39812322545882,54.6934243390029],[-1.39807576467443,54.6934861001298],[-1.39796428822771,54.6936805450791],[-1.39781979132184,54.6939054068775],[-1.39774154106504,54.6940551090577],[-1.39770884164764,54.6941681639949],[-1.39770455935217,54.6942481388509],[-1.39771374903558,54.694361382908],[-1.39776132670236,54.6946051788107],[-1.39761017313081,54.6951741758539],[-1.39760128955153,54.6952505394482],[-1.39759130091041,54.6955066021107],[-1.39735341191879,54.6956456005184],[-1.397434799184,54.6957026543817],[-1.39715531847098,54.6959250122921],[-1.39757827380816,54.6960709108982],[-1.39781562042085,54.6961790115308],[-1.39807619990523,54.6962890584808],[-1.39829987635544,54.6963764406611],[-1.39841874490139,54.6964174569707],[-1.39858877270224,54.696460538552],[-1.39892778938815,54.6965116638607],[-1.39924021244952,54.6965778952716],[-1.39934064775045,54.696606266742],[-1.39942243837587,54.6966363215884],[-1.39947481049137,54.6966617499626],[-1.3995270367991,54.6966970602756],[-1.39958522535801,54.6967503725972],[-1.39967957993283,54.69687216377],[-1.39992822579744,54.6973739483459],[-1.39996535985444,54.6974846712442],[-1.39996498736595,54.6977210233947],[-1.39997984346825,54.6977651119775],[-1.40000416000937,54.6978011772917],[-1.40006084161903,54.6978490889971],[-1.40022388712618,54.6979460602652],[-1.40038637573172,54.6980807583473],[-1.40043376704794,54.6981295262154],[-1.4005746379885,54.6983620857592],[-1.40064841774369,54.6985134332885],[-1.40070488092972,54.6985783958806],[-1.40076173661463,54.6986146217989],[-1.40094682457778,54.6986910414349],[-1.40098523161262,54.6987154889234],[-1.40106176813024,54.6987877739884],[-1.40127781598591,54.6990772985396],[-1.40148320819931,54.6992490712446],[-1.40151654699013,54.6993049380328],[-1.40159293039699,54.6994913414598],[-1.40172945790772,54.6997023072959],[-1.40175502636217,54.6997572432893],[-1.40176665645369,54.6998112262538],[-1.40175823296728,54.6998579326496],[-1.40173276478323,54.6999009297548],[-1.40168560598345,54.6999420252374],[-1.40157620660836,54.6999963224913],[-1.40060970812394,54.7002970784551],[-1.40045683800728,54.7003520530588],[-1.40033663690946,54.7004026884418],[-1.40022878214077,54.7004542771322],[-1.40015679002469,54.7004961604092],[-1.40008777926249,54.7005470396925],[-1.4000279673134,54.7006033474671],[-1.39998212442225,54.7006606445499],[-1.39994712088611,54.7007197719065],[-1.39991630662772,54.7008095079946],[-1.39988707269789,54.7011086149402],[-1.39985652210491,54.7011803528595],[-1.3998155344271,54.7012250853326],[-1.39965558257725,54.7013375288377],[-1.39939298351731,54.7015725645586],[-1.39919200037228,54.7017324364473],[-1.39876541189545,54.7020385744307],[-1.39859326024964,54.7021374840917],[-1.39839802781665,54.7022218679719],[-1.39825767772009,54.7022697143168],[-1.39808719809629,54.7022544852639],[-1.39789677900447,54.7022229881369],[-1.3976448921632,54.702154321165],[-1.39753809814908,54.7021349259179],[-1.39721578677431,54.7021027725636],[-1.3969310453096,54.7020510479032],[-1.39680088953356,54.7020404982831],[-1.39663012740678,54.7020432562381],[-1.39657122132165,54.702040249225],[-1.39651393338475,54.7020309919005],[-1.39643511352568,54.7020099213424],[-1.39634247356997,54.7019780069096],[-1.39612961317541,54.7018924697653],[-1.395689284164,54.7017635599355],[-1.3956414403053,54.701745349075],[-1.39558453108923,54.7017127466654],[-1.3953583414282,54.7014788271389],[-1.39532613492167,54.7014562223222],[-1.39525509279907,54.7014315825086],[-1.39505231177786,54.7013973232699],[-1.39496111021831,54.7013735038767],[-1.39488703088405,54.7013479841773],[-1.39482231216609,54.701317109233],[-1.3947654539961,54.7012790778295],[-1.39471809711061,54.7012303079807],[-1.39466641343707,54.7011563663562],[-1.39439924530127,54.7011757111423],[-1.3943595494029,54.7012357148137],[-1.39443989619321,54.7012585880904],[-1.394529352186,54.7012949697511],[-1.39458005489125,54.701330265547],[-1.39462601853687,54.7013700561797],[-1.39465928583923,54.7014259145499],[-1.39465694446208,54.7014807217009],[-1.39459814547553,54.7015730226497],[-1.39456540421168,54.7016887812947],[-1.39457231464478,54.7017454283643],[-1.3945889778325,54.7017724752105],[-1.39462872763809,54.7018113047023],[-1.3946947371263,54.7018601676648],[-1.39475325188776,54.7018937077267],[-1.39491984576542,54.7019574556233],[-1.39494597981506,54.7019737449621],[-1.39497180759619,54.7020107201363],[-1.39497347729319,54.7021077955389],[-1.39497936552935,54.7021284844188],[-1.39500371584632,54.7021600593011],[-1.39502817888157,54.7021862517112],[-1.39524439478176,54.7023580707832],[-1.39534424200542,54.7024268593348],[-1.39561510809514,54.7025782816601],[-1.39572274821528,54.7026444396795],[-1.39576411115728,54.7026796884443],[-1.39578383636991,54.7027103387623],[-1.39578495177657,54.7027400129856],[-1.39573860654519,54.7028305360296],[-1.39573514498587,54.7028538922736],[-1.39574558581826,54.702882674742],[-1.3957730110263,54.702916979664],[-1.39581752686963,54.7029495561952],[-1.39586529223389,54.7029731505197],[-1.39599828853135,54.7030034716331],[-1.39605530455222,54.7030289245621],[-1.39610429398879,54.7030750140841],[-1.39612554945423,54.703107457619],[-1.39614950067028,54.7031660020387],[-1.39616556510741,54.703233471417],[-1.39615862026583,54.7032837641163],[-1.39614097664435,54.7033205226164],[-1.39611730015122,54.7033482607924],[-1.39608118593828,54.7033768384039],[-1.3960358549581,54.7033990848202],[-1.39599226742822,54.7034087414581],[-1.39584007375992,54.7034169746853],[-1.39581047556436,54.7034240238003],[-1.3957808121863,54.7034355623344],[-1.39571974526845,54.7034729788634],[-1.39567560961876,54.7035194978624],[-1.3956597014266,54.7035463723871],[-1.39559923059422,54.7037509712416],[-1.39559394533875,54.7037922908742],[-1.3956011514022,54.7038291731129],[-1.39562215282979,54.7038787036591],[-1.39565410412318,54.7039228967438],[-1.39569094529529,54.7039491318133],[-1.39573260530929,54.7039655261873],[-1.39585339260049,54.7039813944483],[-1.39588276223766,54.7039896485198],[-1.39593672483605,54.7040132727792],[-1.39598742767459,54.7040467823181],[-1.39602108282479,54.7040810912405],[-1.3960481698707,54.7041360350412],[-1.39605221433359,54.7041783123955],[-1.39661139730167,54.7048748624187],[-1.39708407595009,54.7054415661347],[-1.39745423303213,54.7059098182015],[-1.39768242633595,54.7061140578884],[-1.39819347321546,54.7067124109859],[-1.39850363505712,54.707147095167],[-1.39874797732925,54.7074143196957],[-1.4001167816972,54.707416606345],[-1.40028439238093,54.7077301862174],[-1.40035863674292,54.7079587998131],[-1.40042302232199,54.708222444148],[-1.40044311798574,54.708542896234],[-1.40050430843853,54.7093398924715],[-1.40051415124742,54.7097263563703],[-1.40052888008331,54.7103051564736],[-1.40051262816387,54.7108811154969],[-1.40098553377084,54.7108088758803],[-1.40121026605287,54.7114624509727],[-1.40074720138589,54.7122356733403],[-1.40030054435669,54.7129470254063],[-1.39984802348634,54.7137401002792],[-1.39962367578153,54.7141110498041],[-1.39940251913448,54.7144765948423],[-1.39916262479449,54.7148492620509],[-1.39932536002167,54.7148662358944],[-1.3989847568418,54.7153309702574],[-1.39886312353696,54.7155783887335],[-1.39854395586369,54.716271473149],[-1.39831847915991,54.716717000284],[-1.3981394734003,54.7171690518088],[-1.3964763092603,54.7175256158839],[-1.39615078247997,54.7179113220086],[-1.39571789097877,54.7182111326658],[-1.3950081703248,54.7186479273559],[-1.39461303982757,54.7189110752712],[-1.3951928559133,54.7190685298817],[-1.39661453301096,54.7195061037316],[-1.39688335523963,54.7195954891092],[-1.3972536294889,54.7197492048499],[-1.39787820521039,54.7200308973966],[-1.39847836690752,54.7202827889975],[-1.39884463951954,54.7204993964786],[-1.39904806315431,54.7206001481576],[-1.39919308413996,54.7206619703368],[-1.39932435632379,54.7207075644589],[-1.39947283879139,54.7207460570033],[-1.39970661764333,54.7207894342355],[-1.39971120586087,54.7207930641831],[-1.39915793477615,54.7214670096846],[-1.39848095893611,54.7222032746794],[-1.39813935306466,54.7228360077249],[-1.39778698068192,54.7234606522564],[-1.39797164659718,54.7239899858019],[-1.39805119134013,54.7241763781586],[-1.39813224542202,54.7243628049035],[-1.39852955147709,54.7252131296197],[-1.39865873615667,54.7255058335895],[-1.39850823266872,54.7262339123431],[-1.39834939921643,54.7267876201478],[-1.39829977480938,54.7269949423571],[-1.39824339061543,54.7272355058894],[-1.39811358459671,54.7277183519503],[-1.39778845880987,54.7287007624758],[-1.39771437446189,54.7288801349203],[-1.39779882995458,54.729363142621],[-1.39785329746411,54.7299834746478],[-1.39773189263042,54.7301068922953],[-1.39752827726125,54.7301211658716],[-1.39752057704365,54.7303251344325],[-1.39769776491848,54.7303152194067],[-1.39777505305029,54.7304432125599],[-1.39766780428486,54.7307635097775],[-1.39815987508897,54.7307767275427],[-1.39966003905198,54.7307688931892],[-1.39958610845185,54.731043501651],[-1.39954718984718,54.7311547767096],[-1.3991648225786,54.7320191631459],[-1.39900996670618,54.7323032818101],[-1.39876562384877,54.7326552382838],[-1.39898356643842,54.7330382513126],[-1.39928250350369,54.7336157880433],[-1.39949293850338,54.7340877304645],[-1.39983074285318,54.7349781802628],[-1.40001567226109,54.7358103577474],[-1.40009746264467,54.7362654858675],[-1.40014624864082,54.7364337789152],[-1.4001965615762,54.7366020803841],[-1.40033521278333,54.7369936707619],[-1.40056628473954,54.7377523928121],[-1.40067985676414,54.738054909129],[-1.40086750026562,54.7384961762012],[-1.39903845550625,54.7384556961219],[-1.39759476848104,54.7384089674896],[-1.39708551205548,54.7383965456931],[-1.39527928559212,54.7383920660994],[-1.39461318350982,54.7383797544051],[-1.3941334971415,54.7383638784705],[-1.39287012882065,54.7383072277863],[-1.39240325291465,54.7382644554808],[-1.39242525918792,54.738764233412],[-1.39268840107622,54.739966166888],[-1.39277853057735,54.7402757509421],[-1.39289787832691,54.740603453463],[-1.39099769406654,54.7411600859614],[-1.39115928517574,54.7413640100203],[-1.39048261444866,54.741639203985],[-1.39025584049748,54.7417405051099],[-1.38993514543997,54.74189256199],[-1.38969566843897,54.7420144755831],[-1.38956089645122,54.7420919805028],[-1.38945429067044,54.7421579497594],[-1.38897071034477,54.7425015137056],[-1.38880851056027,54.7426489457672],[-1.38875831136942,54.7426828609982],[-1.38831479988237,54.7429421470878],[-1.38826349977586,54.7429454768452],[-1.38813776210845,54.7429403432976],[-1.38798297961644,54.7431103114874],[-1.3880396689414,54.7431609342229],[-1.3878804447951,54.74331737117],[-1.38766131272647,54.7433243634399],[-1.38723889603009,54.7435235137313],[-1.38692775907037,54.7435570206182],[-1.38638603930119,54.743635153229],[-1.38630278591308,54.74369406826],[-1.38609932963372,54.7435878658588],[-1.38586481475648,54.7434824351469],[-1.3857134751011,54.7434241456746],[-1.38549403955341,54.7433502626672],[-1.38519395863849,54.7432660692195],[-1.38462723298294,54.7431481766525],[-1.38413662626831,54.7430288462093],[-1.38374648461895,54.7429450934606],[-1.38352687464003,54.7428810625624],[-1.3833893278724,54.7428345264849],[-1.38316542826605,54.7427471258493],[-1.38226875088232,54.7424693573188],[-1.38172900715769,54.7423147334307],[-1.38102651635069,54.7421386177051],[-1.3806011419268,54.7420205078661],[-1.38022316204268,54.7419017722908],[-1.37993158229499,54.7418247868414],[-1.37966967597319,54.7417856917767],[-1.37897310506254,54.7417300153348],[-1.37822287839556,54.7416282155086],[-1.37794843194285,54.7415980696518],[-1.3777001901255,54.7415788154702],[-1.37747668412984,54.7415686788168],[-1.37682764361454,54.741554561626],[-1.37642568343571,54.7415318381896],[-1.3762299165486,54.7415362240038],[-1.37611013782093,54.7415472953583],[-1.37593267881112,54.7415733176032],[-1.3757866376569,54.7415752813056],[-1.37565447835505,54.7415826722976],[-1.37509710027575,54.7416687619934],[-1.37416415269267,54.7418338284689],[-1.3734568334532,54.7419721611006],[-1.37301870950194,54.7420786329336],[-1.3721057192479,54.7422581518369],[-1.37161093120133,54.7424119563828],[-1.37150895826414,54.7424788263],[-1.37142452305716,54.7425143148561],[-1.37134025275931,54.7425390462977],[-1.3712608120339,54.7425539200934],[-1.3711908438207,54.742558931555],[-1.37113496461332,54.7425559828318],[-1.37093657661954,54.7425279820325],[-1.37086670751939,54.742526699576],[-1.37079823754496,54.7425335590434],[-1.37069702625291,54.7425491939843],[-1.37057859481809,54.7425746589784],[-1.37051776288453,54.7425904933253],[-1.37029917379925,54.7426630604592],[-1.37021034203109,54.742682384447],[-1.36992387293591,54.742725805383],[-1.36980538339612,54.7427539473415],[-1.36919360113006,54.7430392515359],[-1.36909674154429,54.7430755941203],[-1.36887669964639,54.7431409645241],[-1.3686663833946,54.7431803058907],[-1.36838793455432,54.7432066939055],[-1.36826681452448,54.7432033853928],[-1.36821259261321,54.7431941119621],[-1.36816780160943,54.7431777108793],[-1.36812317883653,54.7431505060141],[-1.36802817871505,54.7430673467474],[-1.36799895446955,54.7430483028207],[-1.36790954251651,54.7430047146957],[-1.36777983054931,54.7429546133126],[-1.36763914558988,54.7429125344991],[-1.36752147998257,54.7428876636097],[-1.36744238739273,54.7428800638188],[-1.36738180864282,54.7428806412876],[-1.36724647324935,54.7428934075388],[-1.36723836574056,54.7431144510918],[-1.36721671238214,54.7433066487659],[-1.3672178286151,54.7435349458925],[-1.3671282799459,54.744097918056],[-1.36707279398598,54.7442674573376],[-1.36694906842186,54.7444330890928],[-1.36674818459558,54.7446665896146],[-1.36651425770052,54.7450194279594],[-1.36635596659786,54.7453079965349],[-1.36593356890931,54.7458979774683],[-1.36587770275512,54.745994733178],[-1.36567866373159,54.7464043922675],[-1.36566538622802,54.7464600615986],[-1.36561484492867,54.746809365997],[-1.36555003295582,54.7469806782643],[-1.36549109026981,54.7470756320537],[-1.3654198740101,54.7471579241612],[-1.36533636126758,54.747232992261],[-1.36523735391939,54.7473061666497],[-1.36512445054519,54.7473747587624],[-1.36493346490367,54.747468111046],[-1.36485062746282,54.7475000329985],[-1.36465395568583,54.7475583035951],[-1.36457421963436,54.7475911519432],[-1.3644518249726,54.7476704974685],[-1.36432563072878,54.747791150721],[-1.36430029160368,54.7478224900916],[-1.3640072031614,54.7482855429289],[-1.36379591563355,54.7485837039322],[-1.36353383747312,54.7490487118952],[-1.36314535607395,54.7496487910358],[-1.36208807868988,54.7495048526741],[-1.36184786965726,54.749465842266],[-1.36154438167231,54.7494022318595],[-1.3613335159736,54.749375944416],[-1.36118604359667,54.7493688919268],[-1.36070441446875,54.7493699538705],[-1.36037174773167,54.7493834673989],[-1.36002319708135,54.749417574504],[-1.35970553117391,54.7494653334129],[-1.3584485694624,54.749571027757],[-1.35694254253969,54.7497095297638],[-1.35573007512548,54.7498504922038],[-1.35550727165597,54.7498897346181],[-1.35526568549465,54.7499396994449],[-1.3545204148801,54.7501064675876],[-1.35415680089139,54.7502087772515],[-1.35393657064511,54.7502822086031],[-1.35364433879595,54.7503893873961],[-1.35334106995803,54.750508192918],[-1.3530501368283,54.7506315639614],[-1.35272147009105,54.7507825799946],[-1.35255710976195,54.7508616709611],[-1.35230165436841,54.7509987112606],[-1.35191409951645,54.7512365840299],[-1.35137799044757,54.7515356479991],[-1.3512901134652,54.751590023831],[-1.35109853532499,54.7517183939307],[-1.35079981394398,54.7519378823338],[-1.35019343185527,54.7523561038088],[-1.34892125164551,54.7532106603985],[-1.34838007663166,54.7535308313381],[-1.34792241324621,54.7538752362897],[-1.34576834352439,54.7552628852635],[-1.34503964889195,54.7557451325578],[-1.34410236222704,54.7563412675222],[-1.34353742722849,54.7566842025747],[-1.34322464462323,54.756905371978],[-1.34277635511611,54.7572426485311],[-1.34266743252998,54.7573463028467],[-1.34259433495373,54.7574465349066],[-1.34236227873249,54.7578631828885],[-1.34231237315175,54.7579716473026],[-1.34218444087201,54.7582908813211],[-1.34205076020391,54.7587727368076],[-1.34296974549623,54.758926886197],[-1.34337752913078,54.7589830186134],[-1.34405140818045,54.7591115936514],[-1.34456385995693,54.7592293827213],[-1.34513778240284,54.7593897395697],[-1.34556907153494,54.7595322553592],[-1.34595663866187,54.7596844157272],[-1.34648624870061,54.759895766632],[-1.34683638522839,54.7600585182919],[-1.34724784241611,54.7602755232583],[-1.34810244382024,54.7607644827927],[-1.3488567960649,54.7612088826426],[-1.34971072185595,54.7617445748431],[-1.35079905631336,54.7623911514964],[-1.35042757084051,54.7625922686013],[-1.34993024498078,54.7628843565489],[-1.34969045871753,54.763011591956],[-1.3494810235795,54.7631812008241],[-1.34929025345936,54.7633518476122],[-1.34882680557103,54.7633718060409],[-1.348696073414,54.7633845863123],[-1.34838928374743,54.7634242853354],[-1.34799783473579,54.7635093661548],[-1.34740804064331,54.763655356733],[-1.34691809950495,54.7637767416347],[-1.34644377423087,54.7638928148581],[-1.34609116318865,54.7639789730677],[-1.3457229132961,54.7640695545498],[-1.34550135323853,54.7641249911318],[-1.34539837372847,54.7641495857943],[-1.34526296746241,54.7639682136035],[-1.34509575369013,54.7637381542287],[-1.34500144213964,54.7636100454549],[-1.34495737601449,54.7635477843786],[-1.34466716517281,54.7636190176841],[-1.34456571603452,54.7636454226292],[-1.34446429707722,54.7636700438001],[-1.34444247308299,54.7636753188114],[-1.34440661711592,54.7636823207436],[-1.34435981933741,54.76369284384],[-1.34431771111811,54.7637007142297],[-1.34428657604804,54.7637050465322],[-1.34424298302094,54.7637092926411],[-1.34419943531221,54.7637126555904],[-1.34415588321305,54.76371330363],[-1.34411081935428,54.7637130600949],[-1.34409374293531,54.763712084417],[-1.34373968964746,54.7636930813673],[-1.34319470027285,54.7636631794372],[-1.34280808670744,54.763642212697],[-1.34270401106094,54.7636380687812],[-1.3426900262271,54.7636388952993],[-1.34259835154484,54.7636374964825],[-1.34250664768939,54.7636379019601],[-1.34241491511352,54.763640082977],[-1.34234181707518,54.7636432752552],[-1.34225158711624,54.7636499827848],[-1.34216129796915,54.7636593859249],[-1.34213795616868,54.7636610540352],[-1.34208033199553,54.7636679193063],[-1.34202423680449,54.7636766243213],[-1.34196814218573,54.7636852924681],[-1.34192762572479,54.7636940729198],[-1.34188704739263,54.7637028341503],[-1.34184648520406,54.7637133811046],[-1.34180589288685,54.7637239638285],[-1.3417683890697,54.763736339953],[-1.3417339767129,54.7637505184837],[-1.34170271038295,54.7637629374066],[-1.34167448812856,54.7637780697311],[-1.34164784095138,54.7637922903592],[-1.34162267737406,54.7638092330017],[-1.3416179873104,54.7638119035568],[-1.34159120769602,54.7638342033613],[-1.34156748617466,54.7638583503342],[-1.34154688704411,54.7638843088793],[-1.34152937208849,54.7639084895183],[-1.34151981755273,54.7639245965938],[-1.34150865539922,54.763941607092],[-1.34150062796658,54.7639577503104],[-1.34149412824417,54.7639738928309],[-1.34149401139919,54.7639811066886],[-1.34149519363443,54.764004450564],[-1.34137662144339,54.7640325644532],[-1.34106814466268,54.7640794224386],[-1.34078761151631,54.7641282269619],[-1.34038872429817,54.7641916811294],[-1.34002540401892,54.7635013069515],[-1.33980649719732,54.7631990703143],[-1.33927871532969,54.7625886870671],[-1.33891712716929,54.7622695039846],[-1.33857672763219,54.7619863522874],[-1.3379189841766,54.7615334334012],[-1.33751878794459,54.7612976015553],[-1.33678662375887,54.7609287484495],[-1.33654560463202,54.7608429537153],[-1.33588645327474,54.7606676968233],[-1.33636918366991,54.7602273091782],[-1.33664624700639,54.7600095222757],[-1.33685354048109,54.7598758686302],[-1.33705417417462,54.7597700243385],[-1.33742535096478,54.7595914094674],[-1.33776821986421,54.7594368958064],[-1.33747228055843,54.759192670169],[-1.33732040192682,54.7590723110466],[-1.33724400814968,54.7589892201138],[-1.33718022713323,54.7589016983932],[-1.33714704412616,54.7588386185568],[-1.33712022673963,54.7587656818535],[-1.33710214827991,54.7586379652059],[-1.3371487083996,54.757975899375],[-1.33721989326677,54.7578972128196],[-1.3372906558727,54.7578463789401],[-1.33738316768045,54.7577956637717],[-1.33754285471173,54.7577237454788],[-1.33783008026398,54.7576426115554],[-1.33796469064613,54.7575822421205],[-1.33851408363842,54.7572428563972],[-1.33859735657504,54.7571866880679],[-1.33868872982477,54.7571098954221],[-1.33872363694594,54.7570651694509],[-1.33875407289738,54.7570096054692],[-1.33877364104567,54.7569530907902],[-1.33879369318236,54.7568669461583],[-1.33880842973808,54.7567241054285],[-1.33879625258275,54.756518256426],[-1.33879917173103,54.7564346964614],[-1.33884298887226,54.7562237605275],[-1.33887715788417,54.7561304971676],[-1.33892695358332,54.7560292111634],[-1.3390338182106,54.7558617311454],[-1.33905637052513,54.7558124552384],[-1.33905072140082,54.7557782473296],[-1.33900526028762,54.7557052096279],[-1.33879996206574,54.7555243788457],[-1.33854499921238,54.7553450437956],[-1.33809899936013,54.7550631279785],[-1.33800236969942,54.7549862125358],[-1.3379873098914,54.7549555595799],[-1.33797302638383,54.7548791022805],[-1.33800666380685,54.7545315201813],[-1.33797127845175,54.7544144853453],[-1.33792761511913,54.7543288864898],[-1.3378581886933,54.7542035859921],[-1.33781868752603,54.7541476684656],[-1.33778502963671,54.7541169328684],[-1.33775120756284,54.7540942672819],[-1.33755547445769,54.753997034568],[-1.33746471577122,54.7539398989035],[-1.33740194276045,54.753885648818],[-1.33736391271606,54.753833328442],[-1.33733537185315,54.7537756490038],[-1.33732232450655,54.7537162775023],[-1.3373286577708,54.7536147646557],[-1.33710497457759,54.7532280198726],[-1.33705892599604,54.7531464381689],[-1.33685236823774,54.7529992593197],[-1.33678483258403,54.7529494645229],[-1.33661260182692,54.7528398061313],[-1.33658504596919,54.7528144784686],[-1.33656085738752,54.7527739107602],[-1.33654171038518,54.7527091048333],[-1.33653796094037,54.7526542567273],[-1.33656776263872,54.7525421052875],[-1.33656096856793,54.7524827499022],[-1.33654780646669,54.7524314485935],[-1.33651735467922,54.7523944359033],[-1.3364787415652,54.7523798596094],[-1.33611791398981,54.7524030452287],[-1.33607287607801,54.7524018974707],[-1.33595826157864,54.7523805920515],[-1.33589493224395,54.7523577833413],[-1.33583170548919,54.7523287069639],[-1.33577324247852,54.7522924061906],[-1.33571353076174,54.7522390832111],[-1.33566627241423,54.7521830676749],[-1.33563912857694,54.7521326189409],[-1.33563207146629,54.7520894299576],[-1.33564186460092,54.7520607262585],[-1.33566084639419,54.7520401716402],[-1.33574408463764,54.751985799681],[-1.33577260783787,54.7519518235722],[-1.33577291680947,54.7519329335057],[-1.33575190446168,54.7518870000032],[-1.33566775701778,54.7518083464406],[-1.33563543772397,54.7517884123335],[-1.3354302658809,54.7516992223289],[-1.33531281364479,54.7516608314884],[-1.33521216926451,54.751639602774],[-1.33511758158979,54.7516283086636],[-1.33501974703517,54.751626870332],[-1.33490933871815,54.751632550541],[-1.33480973741227,54.75164278951],[-1.33474270318576,54.7516559038328],[-1.33459736097225,54.7517099345932],[-1.33455365962652,54.7517204708656],[-1.33451015283532,54.7517211246592],[-1.3344683645049,54.7517101105941],[-1.33443292964063,54.7516919528159],[-1.33440534802809,54.7516702227674],[-1.33438577790326,54.7516314745803],[-1.33438907074849,54.7516189220995],[-1.33443975561406,54.7515608020715],[-1.33444625696607,54.7515446320816],[-1.33445168250796,54.7514970307342],[-1.33444422879402,54.7514781250544],[-1.33443045125419,54.751464558714],[-1.33438873817228,54.7514508670082],[-1.33437159563327,54.751454352368],[-1.33426490401374,54.7515167024942],[-1.33423831946997,54.7515273235679],[-1.33411364872864,54.7515509152028],[-1.33404533814089,54.7515487268387],[-1.33401443072969,54.751537781315],[-1.3339913622865,54.7515232814452],[-1.33397920265052,54.7515070369211],[-1.33393167132585,54.7513728541127],[-1.33391739817627,54.7512964053193],[-1.33372394927096,54.7512512916309],[-1.33329394591644,54.7513235336264],[-1.3328774864217,54.7509518993397],[-1.33223045120065,54.7511837920333],[-1.33200575105337,54.7512436592637],[-1.33168625812902,54.7513039054284],[-1.33160375549576,54.7513133336694],[-1.3314514604544,54.7513169952618],[-1.33129796085487,54.7512990793387],[-1.33115554498407,54.7512650366353],[-1.33102288542658,54.7512085943712],[-1.33097979069344,54.7511822864843],[-1.33069764843479,54.7509569663586],[-1.33063923734846,54.7509197988621],[-1.33050810621291,54.7508624532123],[-1.33030247616952,54.7508020092936],[-1.3301430408102,54.7507669701062],[-1.32970607252491,54.7506962577052],[-1.32907439037251,54.7505633724048],[-1.32879251288936,54.7505114865063],[-1.32815097956761,54.7504108696255],[-1.32688035629065,54.7503040843319],[-1.32622152850188,54.7501224822035],[-1.32611657315837,54.750079679193],[-1.32601367160788,54.7500090135831],[-1.32573553320925,54.749730680299],[-1.32558601060668,54.7496606566259],[-1.32550254084656,54.7497284832171],[-1.32543044382326,54.7497667232902],[-1.32535374390463,54.7498004470976],[-1.32521323521615,54.7498436986803],[-1.32499197658966,54.7498810999729],[-1.32485140447498,54.7499261633935],[-1.32463388161751,54.7500220007931],[-1.32437695662279,54.7501499839106],[-1.32413141980613,54.7502474681493],[-1.32407498230716,54.7502777048726],[-1.32399801125663,54.7503276041415],[-1.32382796240996,54.750464158116],[-1.32356925188692,54.75069904223],[-1.32343166165566,54.7508465794421],[-1.32336864287205,54.7508974394865],[-1.32332786228323,54.750919693135],[-1.32324964564295,54.7509507013005],[-1.32302968411757,54.751006105679],[-1.32286874242018,54.751061812043],[-1.32269502794701,54.7511372589066],[-1.32253815922482,54.7512271180211],[-1.32245635940164,54.7512877832345],[-1.32238377712157,54.7513547761502],[-1.32234081053621,54.751416532525],[-1.32227087795851,54.7516030601167],[-1.32224070677505,54.7516415504447],[-1.32218706731481,54.7516906676195],[-1.32210846138651,54.7517477333027],[-1.32200333802893,54.7518073665521],[-1.32187808933874,54.7518650737399],[-1.32177954840807,54.7519049765109],[-1.32162652788555,54.751950841962],[-1.32148322013152,54.7519733962005],[-1.32121598112206,54.7519728030329],[-1.32095316429611,54.7519875104531],[-1.3208986556738,54.7519953033076],[-1.32084092428683,54.7520093454008],[-1.32079560143142,54.7520252785153],[-1.32077051256092,54.7520395032724],[-1.32074366967784,54.752065423337],[-1.32068442010018,54.7521720500571],[-1.3206606328187,54.7521997539862],[-1.32061509918081,54.7522282662846],[-1.32024751737,54.7522837314478],[-1.3200136803111,54.7523291511258],[-1.31995918645902,54.7523360234068],[-1.31985201215822,54.752334539372],[-1.31980245047227,54.7523261538087],[-1.31975603564239,54.7523142064768],[-1.31953213177689,54.7522320909399],[-1.31927218164955,54.7521686268103],[-1.31916052839197,54.7521563141686],[-1.31911695877803,54.7521596491008],[-1.31906860929341,54.7521701627041],[-1.31901387239706,54.7521914352257],[-1.31855059819097,54.7524844877521],[-1.31843242907437,54.75258447026],[-1.31836280213668,54.7526586819741],[-1.31831976601048,54.7527240347906],[-1.31829678145527,54.7527967147294],[-1.31822895637529,54.7530421102123],[-1.31815240739789,54.753159856885],[-1.31703477832886,54.7535597593193],[-1.31641635505938,54.7536533471693],[-1.3161559885477,54.7537066903936],[-1.3159499966189,54.7537585635707],[-1.31575640102712,54.7538149879229],[-1.31553294192873,54.7538874215555],[-1.31514692690663,54.7540227475369],[-1.3149876517746,54.754068579343],[-1.31456339094435,54.7541659402044],[-1.31426048945738,54.7542540823956],[-1.31418404374256,54.7542716323216],[-1.31412953010243,54.7542794044831],[-1.31401450753844,54.7542805586085],[-1.31387192896043,54.7542590848066],[-1.31377917341874,54.7542324993756]]]}}]}