{"type": "FeatureCollection", "features": [{"type": "Feature", "id": 6717, "geometry": {"type": "Polygon", "coordinates": [[[-1.67613368547146, 54.9055427830817], [-1.67627778255675, 54.905340674591], [-1.69750138232643, 54.8900400809095], [-1.70351936579972, 54.8801110253114], [-1.71356175611615, 54.8758016528012], [-1.72798725351968, 54.8715836427054], [-1.7211825638374, 54.8659713610391], [-1.73405386449115, 54.8599769095975], [-1.72846652716115, 54.8580182251391], [-1.73216928697711, 54.8558993785437], [-1.73054317278455, 54.8460437192423], [-1.72098511414356, 54.8407922286954], [-1.71803268039601, 54.83657797478], [-1.73798203935892, 54.834820375877], [-1.74726126991753, 54.8297262675121], [-1.75791812666152, 54.8324324083139], [-1.75571712522262, 54.8292504248643], [-1.76519282225155, 54.8293314276372], [-1.7906453606495, 54.8358265946531], [-1.77591702078314, 54.8471162271611], [-1.77428077019589, 54.8567798817571], [-1.75961875303443, 54.8740773508365], [-1.75035180199893, 54.8719738896121], [-1.74391519961832, 54.8881448927137], [-1.73363052801588, 54.8877965580925], [-1.72865768185728, 54.8945433034075], [-1.7122442355844, 54.898766871019], [-1.70707597206172, 54.9040266602318], [-1.70960098663963, 54.9072570315187], [-1.69758765973529, 54.9062432719218], [-1.69057275188007, 54.9026657372878], [-1.68765496565448, 54.9079170228558], [-1.67483760279461, 54.9093023847221], [-1.6753520827779, 54.9071965626117], [-1.67551074621185, 54.9065941753458], [-1.67559194969956, 54.906411150672], [-1.67613368547146, 54.9055427830817]]]}, "properties": {"FID": 6717, "WD25CD": "E05016152", "WD25NM": "Annfield Plain & Tanfield", "WD25NMW": " ", "LAD25CD": "E06000047", "LAD25NM": "County Durham", "BNG_E": 417248, "BNG_N": 553437, "LONG": -1.732746, "LAT": 54.87541, "GlobalID": "e872377c-8419-4220-b1c3-9e23ce1a4325", "winning_party": "Reform UK", "total_votes": 4252, "reform_uk_votes": 2768, "labour_votes": 1091, "libdem_votes": 80, "conservative_votes": 191, "green_votes": 122, "independent_votes": 0, "other_votes": 0, "reform_uk_pct": 65.1, "labour_pct": 25.7, "libdem_pct": 1.9, "conservative_pct": 4.5, "green_pct": 2.9, "independent_pct": 0.0, "turnout_pct": 36.39}}, {"type": "Feature", "id": 6718, "geometry": {"type": "Polygon", "coordinates": [[[-1.55954617789959, 54.6405930101123], [-1.55743232020841, 54.6342028861544], [-1.56156903241875, 54.6289670088177], [-1.57417194882208, 54.6255241035674], [-1.57990942218622, 54.6281789786156], [-1.59966255806851, 54.6164261297942], [-1.60812502908444, 54.6186986115446], [-1.61212577322266, 54.6181273795209], [-1.6185054416542, 54.6191675582644], [-1.61262133360587, 54.6391419359056], [-1.60600597720578, 54.6387746763492], [-1.60484059585885, 54.6418407974992], [-1.58309375495883, 54.638053814609], [-1.57157099140897, 54.6463695601769], [-1.55954617789959, 54.6405930101123]]]}, "properties": {"FID": 6718, "WD25CD": "E05016153", "WD25NM": "Aycliffe North & Middridge", "WD25NMW": " ", "LAD25CD": "E06000047", "LAD25NM": "County Durham", "BNG_E": 426679, "BNG_N": 526330, "LONG": -1.588254, "LAT": 54.63141, "GlobalID": "1b9e605d-a257-43c8-bf9f-99916b7c2483", "winning_party": "Reform UK", "total_votes": 5643, "reform_uk_votes": 1886, "labour_votes": 857, "libdem_votes": 1808, "conservative_votes": 810, "green_votes": 82, "independent_votes": 200, "other_votes": 0, "reform_uk_pct": 33.4, "labour_pct": 15.2, "libdem_pct": 32.0, "conservative_pct": 14.4, "green_pct": 1.5, "independent_pct": 3.5, "turnout_pct": 34.19}}, {"type": "Feature", "id": 6719, "geometry": {"type": "Polygon", "coordinates": [[[-1.55864448318351, 54.5921168474943], [-1.56226193084395, 54.5859713472101], [-1.55282400409124, 54.5823421860065], [-1.58331530532364, 54.5809085878837], [-1.58286471991038, 54.5894750443351], [-1.59086084906521, 54.5902140128492], [-1.59340930184247, 54.5950771631711], [-1.58987560498012, 54.5977487410361], [-1.59294859022387, 54.6045494002019], [-1.58407232425286, 54.6072683980439], [-1.58419280946254, 54.6104860456919], [-1.60621813900068, 54.6034402415366], [-1.60675849257841, 54.6173949073707], [-1.60676411917432, 54.6175403651472], [-1.61212577322266, 54.6181273795209], [-1.60812502908444, 54.6186986115446], [-1.59966255806851, 54.6164261297942], [-1.57990942218622, 54.6281789786156], [-1.57417194882208, 54.6255241035674], [-1.56156903241875, 54.6289670088177], [-1.55743232020841, 54.6342028861544], [-1.54945025705445, 54.6386201221372], [-1.54424362888758, 54.6356485682849], [-1.54255023264328, 54.6385620375031], [-1.54025391423939, 54.6309954679223], [-1.5236970343517, 54.6227168022399], [-1.51981763517048, 54.6146764153525], [-1.52646553909452, 54.6116766513798], [-1.54008948049514, 54.6120489733343], [-1.55007619090171, 54.6078221486135], [-1.55782331521345, 54.6006521861281], [-1.55864448318351, 54.5921168474943]]]}, "properties": {"FID": 6719, "WD25CD": "E05016154", "WD25NM": "Aycliffe South", "WD25NMW": " ", "LAD25CD": "E06000047", "LAD25NM": "County Durham", "BNG_E": 428128, "BNG_N": 523296, "LONG": -1.566098, "LAT": 54.60407, "GlobalID": "64a1424a-e67e-4490-bd02-ed564d1b5400", "winning_party": "Reform UK", "total_votes": 8793, "reform_uk_votes": 4081, "labour_votes": 1619, "libdem_votes": 903, "conservative_votes": 589, "green_votes": 156, "independent_votes": 1445, "other_votes": 0, "reform_uk_pct": 46.4, "labour_pct": 18.4, "libdem_pct": 10.3, "conservative_pct": 6.7, "green_pct": 1.8, "independent_pct": 16.4, "turnout_pct": 29.01}}, {"type": "Feature", "id": 6720, "geometry": {"type": "Polygon", "coordinates": [[[-1.92979689339415, 54.5453113186163], [-1.92472694351572, 54.5528724289834], [-1.91841784599791, 54.5542289282254], [-1.91007899176238, 54.5509168784534], [-1.91002896589802, 54.5404993187559], [-1.90466936221686, 54.5409500157563], [-1.90816603488092, 54.5351274425815], [-1.90274403652232, 54.5328145558045], [-1.92654781317647, 54.5390941408304], [-1.92979689339415, 54.5453113186163]]]}, "properties": {"FID": 6720, "WD25CD": "E05016155", "WD25NM": "Barnard Castle", "WD25NMW": " ", "LAD25CD": "E06000047", "LAD25NM": "County Durham", "BNG_E": 405465, "BNG_N": 516561, "LONG": -1.917046, "LAT": 54.54429, "GlobalID": "133b12d7-69c8-4979-b736-cae21c349925", "winning_party": "Labour Party", "total_votes": 1473, "reform_uk_votes": 436, "labour_votes": 456, "libdem_votes": 63, "conservative_votes": 421, "green_votes": 97, "independent_votes": 0, "other_votes": 0, "reform_uk_pct": 29.6, "labour_pct": 31.0, "libdem_pct": 4.3, "conservative_pct": 28.6, "green_pct": 6.6, "independent_pct": 0.0, "turnout_pct": 35.59}}, {"type": "Feature", "id": 6721, "geometry": {"type": "Polygon", "coordinates": [[[-1.5145495607822, 54.8010480023962], [-1.50893058008342, 54.7983762362595], [-1.51784503556962, 54.7898308091311], [-1.51419613121299, 54.7829811214225], [-1.52650953568108, 54.7802421550357], [-1.52798694448303, 54.7749782108498], [-1.53277166148749, 54.7749895352838], [-1.54501494000535, 54.776518840101], [-1.54611583679032, 54.7802454121839], [-1.56108654180356, 54.7802327498048], [-1.55717341908058, 54.7842202417298], [-1.56382942796335, 54.7835281357437], [-1.56459239735802, 54.7867686691628], [-1.55812814323434, 54.7898016390931], [-1.54511724879089, 54.790870651402], [-1.54718077365461, 54.7968867000188], [-1.53870774270312, 54.7975188938321], [-1.53660464817358, 54.8028686036087], [-1.52545871992221, 54.806022460719], [-1.5145495607822, 54.8010480023962]]]}, "properties": {"FID": 6721, "WD25CD": "E05016156", "WD25NM": "Belmont", "WD25NMW": " ", "LAD25CD": "E06000047", "LAD25NM": "County Durham", "BNG_E": 429880, "BNG_N": 543871, "LONG": -1.536879, "LAT": 54.78886, "GlobalID": "d1c80ac9-1398-42b2-8e94-6c631ab1dcf0", "winning_party": "Liberal Democrats", "total_votes": 6350, "reform_uk_votes": 1879, "labour_votes": 1455, "libdem_votes": 2552, "conservative_votes": 158, "green_votes": 306, "independent_votes": 0, "other_votes": 0, "reform_uk_pct": 29.6, "labour_pct": 22.9, "libdem_pct": 40.2, "conservative_pct": 2.5, "green_pct": 4.8, "independent_pct": 0.0, "turnout_pct": 39.49}}, {"type": "Feature", "id": 6722, "geometry": {"type": "Polygon", "coordinates": [[[-1.83645149474242, 54.8648124106314], [-1.8358930391333, 54.8599618540003], [-1.84239071431477, 54.8573116020517], [-1.8479240140742, 54.8553602355798], [-1.85897496262448, 54.8561246025337], [-1.86006280744081, 54.852773106637], [-1.86660055632529, 54.8553855627597], [-1.8696710885084, 54.8615578065974], [-1.86127804135857, 54.866430750434], [-1.86004929900233, 54.8780342306841], [-1.85096380208336, 54.8846885504055], [-1.83993559367551, 54.882735301231], [-1.84083080047899, 54.8674831655782], [-1.83645149474242, 54.8648124106314]]]}, "properties": {"FID": 6722, "WD25CD": "E05016157", "WD25NM": "Benfieldside", "WD25NMW": " ", "LAD25CD": "E06000047", "LAD25NM": "County Durham", "BNG_E": 409521, "BNG_N": 552645, "LONG": -1.853187, "LAT": 54.8685, "GlobalID": "cd42bd3b-6a6a-4e60-bcee-f4f4dbfe6ce4", "winning_party": "Reform UK", "total_votes": 6063, "reform_uk_votes": 2071, "labour_votes": 1492, "libdem_votes": 640, "conservative_votes": 431, "green_votes": 0, "independent_votes": 1429, "other_votes": 0, "reform_uk_pct": 34.2, "labour_pct": 24.6, "libdem_pct": 10.6, "conservative_pct": 7.1, "green_pct": 0.0, "independent_pct": 23.6, "turnout_pct": 39.64}}, {"type": "Feature", "id": 6723, "geometry": {"type": "Polygon", "coordinates": [[[-1.68234430738366, 54.6735430682266], [-1.67066048912345, 54.6738796332731], [-1.66501765205246, 54.6691444293919], [-1.66663691868306, 54.6639527393485], [-1.65611976252261, 54.6644824518644], [-1.6546428430332, 54.6612434616677], [-1.65805420285917, 54.6560089707655], [-1.66576946411104, 54.6555055721824], [-1.66145928815588, 54.6485478613514], [-1.67130139801098, 54.6491085978948], [-1.68082823890662, 54.6401690113891], [-1.67970473999379, 54.6356682413776], [-1.68464479787345, 54.6361196953171], [-1.70277646948765, 54.6473960128155], [-1.69443743368662, 54.6596492456318], [-1.70520319366074, 54.6684710506454], [-1.71693689888383, 54.672091822437], [-1.70657905170168, 54.6723080611017], [-1.70509301271529, 54.6747596355163], [-1.68234430738366, 54.6735430682266]]]}, "properties": {"FID": 6723, "WD25CD": "E05016158", "WD25NM": "Bishop Auckland", "WD25NMW": " ", "LAD25CD": "E06000047", "LAD25NM": "County Durham", "BNG_E": 420365, "BNG_N": 528968, "LONG": -1.685876, "LAT": 54.65541, "GlobalID": "49de5903-2831-4778-a634-11d1951b0e9a", "winning_party": "Reform UK", "total_votes": 11169, "reform_uk_votes": 5291, "labour_votes": 2828, "libdem_votes": 316, "conservative_votes": 1051, "green_votes": 245, "independent_votes": 1438, "other_votes": 0, "reform_uk_pct": 47.4, "labour_pct": 25.3, "libdem_pct": 2.8, "conservative_pct": 9.4, "green_pct": 2.2, "independent_pct": 12.9, "turnout_pct": 32.57}}, {"type": "Feature", "id": 6724, "geometry": {"type": "Polygon", "coordinates": [[[-1.24238146780254, 54.7230620625089], [-1.24340100091707, 54.722692414477], [-1.24592128460714, 54.7234405281221], [-1.24368865966194, 54.7225881164585], [-1.25186499193155, 54.7196229889565], [-1.25856139746239, 54.7260554511218], [-1.27117527789217, 54.7264993380383], [-1.27181084255478, 54.7260304003502], [-1.27334278267313, 54.7253673744695], [-1.29999293191699, 54.7268961854497], [-1.30851425333034, 54.731553453917], [-1.32368091855273, 54.7332303270639], [-1.32597936841929, 54.7389011168483], [-1.31017019621753, 54.7417056215776], [-1.31381277607159, 54.7542421108813], [-1.29131243072651, 54.7600915449722], [-1.29101432178711, 54.7598885295709], [-1.28168647269031, 54.7528308279003], [-1.24238146780254, 54.7230620625089]]]}, "properties": {"FID": 6724, "WD25CD": "E05016159", "WD25NM": "Blackhalls & Hesledens", "WD25NMW": " ", "LAD25CD": "E06000047", "LAD25NM": "County Durham", "BNG_E": 445635, "BNG_N": 538551, "LONG": -1.292732, "LAT": 54.73988, "GlobalID": "bb16fb21-fa51-4e95-bd9e-746210344747", "winning_party": "Labour Party", "total_votes": 1413, "reform_uk_votes": 621, "labour_votes": 629, "libdem_votes": 114, "conservative_votes": 49, "green_votes": 0, "independent_votes": 0, "other_votes": 0, "reform_uk_pct": 43.9, "labour_pct": 44.5, "libdem_pct": 8.1, "conservative_pct": 3.5, "green_pct": 0.0, "independent_pct": 0.0, "turnout_pct": 32.57}}, {"type": "Feature", "id": 6725, "geometry": {"type": "Polygon", "coordinates": [[[-1.4565611993302, 54.74698022262], [-1.45827102856552, 54.7391012250395], [-1.46544634032946, 54.7374704458428], [-1.46268930925113, 54.7344433171395], [-1.43211200378578, 54.7326091611871], [-1.42884905394043, 54.7198176019443], [-1.43503887482004, 54.7184562919771], [-1.43990876349561, 54.7116832087897], [-1.45403980427475, 54.7094307908739], [-1.44838605972363, 54.6988845622881], [-1.47100573230751, 54.6983903600103], [-1.49381183624226, 54.7080583830192], [-1.48283162963824, 54.6971957853487], [-1.50660013077916, 54.6914156470605], [-1.50524094447822, 54.6873418453242], [-1.52168265080305, 54.6863694590997], [-1.53037022575728, 54.6824399064307], [-1.5348930990418, 54.7095204505747], [-1.56505264645222, 54.7055116818906], [-1.57532557165924, 54.7194695287484], [-1.58175051117258, 54.7180647652977], [-1.59857349181905, 54.7273697552628], [-1.59604796103824, 54.7302244440935], [-1.57933587492313, 54.740566305733], [-1.58182833844837, 54.7504068184421], [-1.56503421854286, 54.7466877716808], [-1.56187381735361, 54.7422794436387], [-1.55701111257539, 54.7454418824553], [-1.54980919272397, 54.7413345980453], [-1.54217664422266, 54.7432534267372], [-1.5370287408858, 54.7371553856941], [-1.53158749387902, 54.7439507924811], [-1.5145114821741, 54.7443573347576], [-1.51364787247271, 54.7507046916067], [-1.50747388481331, 54.7504470236547], [-1.50616872468305, 54.747532780112], [-1.49979214072239, 54.7491341287977], [-1.4979941197374, 54.7547154749948], [-1.49051314521428, 54.7564267449223], [-1.47439862066775, 54.7522170346235], [-1.47432965432802, 54.7496259264381], [-1.4565611993302, 54.74698022262]]]}, "properties": {"FID": 6725, "WD25CD": "E05016160", "WD25NM": "Bowburn & Coxhoe", "WD25NMW": " ", "LAD25CD": "E06000047", "LAD25NM": "County Durham", "BNG_E": 431850, "BNG_N": 536157, "LONG": -1.507088, "LAT": 54.71942, "GlobalID": "8d56bbee-f4d1-49be-aff0-738bd70ad13f", "winning_party": "Reform UK", "total_votes": 9158, "reform_uk_votes": 4124, "labour_votes": 2236, "libdem_votes": 568, "conservative_votes": 427, "green_votes": 384, "independent_votes": 1419, "other_votes": 0, "reform_uk_pct": 45.0, "labour_pct": 24.4, "libdem_pct": 6.2, "conservative_pct": 4.7, "green_pct": 4.2, "independent_pct": 15.5, "turnout_pct": 31.57}}, {"type": "Feature", "id": 6726, "geometry": {"type": "Polygon", "coordinates": [[[-1.60034010626715, 54.7730388379727], [-1.6029840179893, 54.7690907208038], [-1.59821496138934, 54.7656593667662], [-1.60513414698666, 54.7634335404341], [-1.59981030312238, 54.7606797996569], [-1.60483265572225, 54.7575114211395], [-1.59172204524176, 54.7457998560472], [-1.59908074000672, 54.7456482720436], [-1.60177298050214, 54.7383492664909], [-1.58828005617033, 54.7365671404423], [-1.57933587492313, 54.740566305733], [-1.59604796103824, 54.7302244440935], [-1.60546564778295, 54.7289035219552], [-1.61989013277863, 54.7358554280698], [-1.61908088025387, 54.7418481077689], [-1.63479588773638, 54.7415179290003], [-1.63630683418033, 54.7438701988667], [-1.63988717799177, 54.7421027794579], [-1.66613938504053, 54.755855497577], [-1.67809920421874, 54.7551555776359], [-1.68267971704972, 54.7549749200931], [-1.68771816253975, 54.7623433836741], [-1.68133265353138, 54.7727105690634], [-1.68769957694883, 54.7743446643839], [-1.67257408834646, 54.7791924421808], [-1.66390750928883, 54.7792325222101], [-1.65709494756713, 54.7746303024008], [-1.62951553564784, 54.7692462446024], [-1.62256535509818, 54.7650921791393], [-1.61035186305712, 54.7656502717375], [-1.60034010626715, 54.7730388379727]]]}, "properties": {"FID": 6726, "WD25CD": "E05016161", "WD25NM": "Brandon", "WD25NMW": " ", "LAD25CD": "E06000047", "LAD25NM": "County Durham", "BNG_E": 423827, "BNG_N": 539974, "LONG": -1.631323, "LAT": 54.75416, "GlobalID": "7f9bc22b-26f2-493e-a3e8-06aada0402da", "winning_party": "The Green Party", "total_votes": 5485, "reform_uk_votes": 1486, "labour_votes": 960, "libdem_votes": 113, "conservative_votes": 71, "green_votes": 1917, "independent_votes": 938, "other_votes": 0, "reform_uk_pct": 27.1, "labour_pct": 17.5, "libdem_pct": 2.1, "conservative_pct": 1.3, "green_pct": 34.9, "independent_pct": 17.1, "turnout_pct": 36.17}}, {"type": "Feature", "id": 6727, "geometry": {"type": "Polygon", "coordinates": [[[-1.31381277607159, 54.7542421108813], [-1.31017019621753, 54.7417056215776], [-1.32597936841929, 54.7389011168483], [-1.32368091855273, 54.7332303270639], [-1.30851425333034, 54.731553453917], [-1.29999293191699, 54.7268961854497], [-1.27334278267313, 54.7253673744695], [-1.29030145716217, 54.7183978452972], [-1.30374259333585, 54.7184748960354], [-1.30132484271011, 54.7080916518783], [-1.31387919174122, 54.7011971607502], [-1.3134958536303, 54.6970865370104], [-1.31936389932285, 54.6912974487955], [-1.34460276908376, 54.690826265503], [-1.36903682216788, 54.6922966341125], [-1.36512158190866, 54.6988853413854], [-1.35717709458155, 54.701052415185], [-1.35963137240404, 54.7038453574214], [-1.35172406185044, 54.721125117769], [-1.35361026672198, 54.7261237799696], [-1.36507982846883, 54.7252035538405], [-1.36660601388716, 54.7330685649164], [-1.37593260546835, 54.7415733388039], [-1.36724649204165, 54.7428933968628], [-1.3631453061241, 54.7496488051623], [-1.35415498565622, 54.7502285589145], [-1.33880118671249, 54.7567896945986], [-1.33552740820859, 54.7518363164846], [-1.32549101117061, 54.7496781298019], [-1.31381277607159, 54.7542421108813]]]}, "properties": {"FID": 6727, "WD25CD": "E05016162", "WD25NM": "Castle Eden & Passfield", "WD25NMW": " ", "LAD25CD": "E06000047", "LAD25NM": "County Durham", "BNG_E": 443588, "BNG_N": 535651, "LONG": -1.324956, "LAT": 54.714, "GlobalID": "60b88bbc-4323-4f4e-8622-d4179f13827f", "winning_party": "Reform UK", "total_votes": 1398, "reform_uk_votes": 804, "labour_votes": 337, "libdem_votes": 46, "conservative_votes": 87, "green_votes": 0, "independent_votes": 124, "other_votes": 0, "reform_uk_pct": 57.5, "labour_pct": 24.1, "libdem_pct": 3.3, "conservative_pct": 6.2, "green_pct": 0.0, "independent_pct": 8.9, "turnout_pct": 34.5}}, {"type": "Feature", "id": 6728, "geometry": {"type": "Polygon", "coordinates": [[[-1.5648080529976, 54.8627198044816], [-1.5656169401297, 54.8567494964455], [-1.55602931991531, 54.8465495408692], [-1.56079370862966, 54.840743635831], [-1.56453985899725, 54.8469909756554], [-1.56992998691841, 54.8456361793484], [-1.57070259810603, 54.8342481980831], [-1.57497738001416, 54.8326936919971], [-1.58194972866483, 54.8351486967728], [-1.57749679533472, 54.8521894175766], [-1.58759151558531, 54.8500955941379], [-1.58563832053329, 54.8597964500586], [-1.5953339760149, 54.8603683604199], [-1.59498143472456, 54.8712738492776], [-1.57780981819581, 54.8679093749632], [-1.57566565916495, 54.8601886705055], [-1.5648080529976, 54.8627198044816]]]}, "properties": {"FID": 6728, "WD25CD": "E05016163", "WD25NM": "Chester-le-Street North", "WD25NMW": " ", "LAD25CD": "E06000047", "LAD25NM": "County Durham", "BNG_E": 427264, "BNG_N": 549742, "LONG": -1.577009, "LAT": 54.84177, "GlobalID": "bddcb240-117d-4305-a328-747ee368cae0", "winning_party": "Labour Party", "total_votes": 5379, "reform_uk_votes": 1904, "labour_votes": 2026, "libdem_votes": 160, "conservative_votes": 199, "green_votes": 230, "independent_votes": 860, "other_votes": 0, "reform_uk_pct": 35.4, "labour_pct": 37.7, "libdem_pct": 3.0, "conservative_pct": 3.7, "green_pct": 4.3, "independent_pct": 16.0, "turnout_pct": 40.01}}, {"type": "Feature", "id": 6729, "geometry": {"type": "Polygon", "coordinates": [[[-1.58194972866483, 54.8351486967728], [-1.59881309087049, 54.8356620453563], [-1.59704274751473, 54.8338112768701], [-1.60685793116474, 54.8319194232602], [-1.61800070725408, 54.8395385228592], [-1.62351131747102, 54.8368121389792], [-1.62361463418937, 54.8434569686065], [-1.61170584207139, 54.8478039910174], [-1.5953339760149, 54.8603683604199], [-1.58563832053329, 54.8597964500586], [-1.58759151558531, 54.8500955941379], [-1.57749679533472, 54.8521894175766], [-1.58194972866483, 54.8351486967728]]]}, "properties": {"FID": 6729, "WD25CD": "E05016164", "WD25NM": "Chester-le-Street South", "WD25NMW": " ", "LAD25CD": "E06000047", "LAD25NM": "County Durham", "BNG_E": 425939, "BNG_N": 550280, "LONG": -1.597592, "LAT": 54.84667, "GlobalID": "20890da9-bf44-42e7-8f65-379b49f67d70", "winning_party": "Independent", "total_votes": 6284, "reform_uk_votes": 1617, "labour_votes": 902, "libdem_votes": 143, "conservative_votes": 377, "green_votes": 151, "independent_votes": 3094, "other_votes": 0, "reform_uk_pct": 25.7, "labour_pct": 14.4, "libdem_pct": 2.3, "conservative_pct": 6.0, "green_pct": 2.4, "independent_pct": 49.2, "turnout_pct": 41.46}}, {"type": "Feature", "id": 6730, "geometry": {"type": "Polygon", "coordinates": [[[-1.52107151037916, 54.6615932885426], [-1.5402883844562, 54.6499816427861], [-1.54255023264328, 54.6385620375031], [-1.54424362888758, 54.6356485682849], [-1.54945025705445, 54.6386201221372], [-1.55743232020841, 54.6342028861544], [-1.55954617789959, 54.6405930101123], [-1.57157099140897, 54.6463695601769], [-1.58309375495883, 54.638053814609], [-1.60484059585885, 54.6418407974992], [-1.61143636339648, 54.6436576562472], [-1.60948249097045, 54.6580588843018], [-1.59299541571528, 54.6557742152385], [-1.57127668265929, 54.657274793666], [-1.57888438591876, 54.6637241725207], [-1.57570290928685, 54.669568840772], [-1.54754604370926, 54.6794979423756], [-1.53891174897467, 54.6651254995218], [-1.52100079030161, 54.6637467622626], [-1.52107151037916, 54.6615932885426]]]}, "properties": {"FID": 6730, "WD25CD": "E05016165", "WD25NM": "Chilton", "WD25NMW": " ", "LAD25CD": "E06000047", "LAD25NM": "County Durham", "BNG_E": 428085, "BNG_N": 529373, "LONG": -1.566184, "LAT": 54.65868, "GlobalID": "a0fa211d-2136-40ec-b487-0b01526941f4", "winning_party": "Reform UK", "total_votes": 1114, "reform_uk_votes": 523, "labour_votes": 135, "libdem_votes": 28, "conservative_votes": 65, "green_votes": 0, "independent_votes": 363, "other_votes": 0, "reform_uk_pct": 46.9, "labour_pct": 12.1, "libdem_pct": 2.5, "conservative_pct": 5.8, "green_pct": 0.0, "independent_pct": 32.6, "turnout_pct": 30.42}}, {"type": "Feature", "id": 6731, "geometry": {"type": "Polygon", "coordinates": [[[-1.81833751173706, 54.8578744358052], [-1.83772019535669, 54.8484653477626], [-1.84341535089718, 54.8529218590453], [-1.84239071431477, 54.8573116020517], [-1.8358930391333, 54.8599618540003], [-1.83645149474242, 54.8648124106314], [-1.82960428357721, 54.8642420342887], [-1.8258794061073, 54.8674825301901], [-1.8190996527629, 54.8662119276758], [-1.81457646605308, 54.8588284986025], [-1.81833751173706, 54.8578744358052]]]}, "properties": {"FID": 6731, "WD25CD": "E05016166", "WD25NM": "Consett North", "WD25NMW": " ", "LAD25CD": "E06000047", "LAD25NM": "County Durham", "BNG_E": 410966, "BNG_N": 551477, "LONG": -1.830716, "LAT": 54.85798, "GlobalID": "2829bc1f-272a-42f9-8d82-b9d63443962c", "winning_party": "Liberal Democrats", "total_votes": 1593, "reform_uk_votes": 537, "labour_votes": 238, "libdem_votes": 772, "conservative_votes": 46, "green_votes": 0, "independent_votes": 0, "other_votes": 0, "reform_uk_pct": 33.7, "labour_pct": 14.9, "libdem_pct": 48.5, "conservative_pct": 2.9, "green_pct": 0.0, "independent_pct": 0.0, "turnout_pct": 38.37}}, {"type": "Feature", "id": 6732, "geometry": {"type": "Polygon", "coordinates": [[[-1.8479240140742, 54.8553602355798], [-1.85382584601105, 54.8504663430542], [-1.85003784137197, 54.8407078435972], [-1.84037027953179, 54.8367918977573], [-1.82449896251454, 54.8376102594181], [-1.81656315948252, 54.8338646676172], [-1.81469441842555, 54.8285813914235], [-1.81857034584004, 54.8157591907574], [-1.84611751123514, 54.8204957234324], [-1.84493907980448, 54.8171517706923], [-1.85678418541536, 54.818503480758], [-1.86349377109344, 54.8145761034942], [-1.86990408220188, 54.8150883374516], [-1.87301745479497, 54.8227821905376], [-1.89297558306409, 54.8177244378942], [-1.89794629065263, 54.8204248968165], [-1.89876683882609, 54.8156796857944], [-1.90294700701791, 54.8178536654207], [-1.90011113685991, 54.8214608468925], [-1.90336400283136, 54.8206043733236], [-1.9078634687474, 54.8340322500627], [-1.90505150985845, 54.8415691576507], [-1.89739340063624, 54.8457481788593], [-1.88706834414353, 54.8437282332414], [-1.87040972077853, 54.8506728631693], [-1.86660055632529, 54.8553855627597], [-1.86006280744081, 54.852773106637], [-1.85897496262448, 54.8561246025337], [-1.8479240140742, 54.8553602355798]]]}, "properties": {"FID": 6732, "WD25CD": "E05016167", "WD25NM": "Consett South", "WD25NMW": " ", "LAD25CD": "E06000047", "LAD25NM": "County Durham", "BNG_E": 408878, "BNG_N": 548986, "LONG": -1.863317, "LAT": 54.83563, "GlobalID": "9613d90a-eff9-4ef0-b322-1ffda2611507", "winning_party": "Liberal Democrats", "total_votes": 1344, "reform_uk_votes": 421, "labour_votes": 139, "libdem_votes": 740, "conservative_votes": 44, "green_votes": 0, "independent_votes": 0, "other_votes": 0, "reform_uk_pct": 31.3, "labour_pct": 10.3, "libdem_pct": 55.1, "conservative_pct": 3.3, "green_pct": 0.0, "independent_pct": 0.0, "turnout_pct": 35.41}}, {"type": "Feature", "id": 6733, "geometry": {"type": "Polygon", "coordinates": [[[-1.66986788619398, 54.8568902040185], [-1.66689989483532, 54.8546993323531], [-1.65568537145209, 54.8566927035906], [-1.65381906606067, 54.8488944369045], [-1.66161309794651, 54.8429889523296], [-1.67422321757056, 54.8450695993798], [-1.67563327646323, 54.8476928549317], [-1.68945643791842, 54.847855661422], [-1.70015171684825, 54.8439275297718], [-1.70007523661583, 54.8410103981357], [-1.70498536309997, 54.8404759862233], [-1.70696245708535, 54.8437697154956], [-1.72098511414356, 54.8407922286954], [-1.73054317278455, 54.8460437192423], [-1.73216928697711, 54.8558993785437], [-1.72846652716115, 54.8580182251391], [-1.73405386449115, 54.8599769095975], [-1.7211825638374, 54.8659713610391], [-1.72798725351968, 54.8715836427054], [-1.71356175611615, 54.8758016528012], [-1.70569969518846, 54.8666602732632], [-1.69991616453301, 54.8656244395051], [-1.70309370797505, 54.8625472052914], [-1.6918009576797, 54.8621176980135], [-1.68687379525405, 54.8677429758097], [-1.67715464818856, 54.8656848082775], [-1.66986788619398, 54.8568902040185]]]}, "properties": {"FID": 6733, "WD25CD": "E05016168", "WD25NM": "Craghead & South Moor", "WD25NMW": " ", "LAD25CD": "E06000047", "LAD25NM": "County Durham", "BNG_E": 419384, "BNG_N": 551536, "LONG": -1.699586, "LAT": 54.85825, "GlobalID": "e15b990f-e5a2-4609-b892-3cc599c461d0", "winning_party": "Reform UK", "total_votes": 4016, "reform_uk_votes": 2465, "labour_votes": 1200, "libdem_votes": 229, "conservative_votes": 122, "green_votes": 0, "independent_votes": 0, "other_votes": 0, "reform_uk_pct": 61.4, "labour_pct": 29.9, "libdem_pct": 5.7, "conservative_pct": 3.0, "green_pct": 0.0, "independent_pct": 0.0, "turnout_pct": 27.89}}, {"type": "Feature", "id": 6734, "geometry": {"type": "Polygon", "coordinates": [[[-1.73105696407111, 54.7501117560446], [-1.74034821165091, 54.7428869192191], [-1.73474356865704, 54.7310522242523], [-1.72687316624238, 54.7290480194448], [-1.73658712601512, 54.7273987557036], [-1.7295592490021, 54.7122015254916], [-1.73806300509683, 54.7043872413419], [-1.72044660813982, 54.693578847717], [-1.72547114650084, 54.68580514916], [-1.70509301271529, 54.6747596355163], [-1.70657905170168, 54.6723080611017], [-1.71693689888383, 54.672091822437], [-1.72907196336107, 54.669235531984], [-1.72967024726902, 54.6730543721396], [-1.73825621622178, 54.6723128885127], [-1.74180188132685, 54.6768496936054], [-1.75309317784099, 54.6734950835466], [-1.76324483976033, 54.6767809890273], [-1.76974983705804, 54.6718804071257], [-1.78284335150306, 54.670796630829], [-1.79368455461407, 54.6749474011222], [-1.79042136291268, 54.6820081122729], [-1.79386288917099, 54.684808858176], [-1.78766978306795, 54.6877377248851], [-1.783813105811, 54.7039824607591], [-1.79865875496239, 54.7141385299236], [-1.78593052961197, 54.7283197953751], [-1.78899480106146, 54.7416421403497], [-1.79509534223242, 54.7472806656301], [-1.79193762220085, 54.7502299740214], [-1.77405521674406, 54.7512325829058], [-1.74346692964696, 54.759494302957], [-1.72776238647344, 54.7582037197344], [-1.73105696407111, 54.7501117560446]]]}, "properties": {"FID": 6734, "WD25CD": "E05016169", "WD25NM": "Crook", "WD25NMW": " ", "LAD25CD": "E06000047", "LAD25NM": "County Durham", "BNG_E": 416093, "BNG_N": 535698, "LONG": -1.751723, "LAT": 54.71604, "GlobalID": "a2f9ab6c-712a-49e1-888e-ca6c61c49678", "winning_party": "Reform UK", "total_votes": 10846, "reform_uk_votes": 5596, "labour_votes": 1959, "libdem_votes": 255, "conservative_votes": 1094, "green_votes": 615, "independent_votes": 1327, "other_votes": 0, "reform_uk_pct": 51.6, "labour_pct": 18.1, "libdem_pct": 2.4, "conservative_pct": 10.1, "green_pct": 5.7, "independent_pct": 12.2, "turnout_pct": 36.64}}, {"type": "Feature", "id": 6735, "geometry": {"type": "Polygon", "coordinates": [[[-1.32563141071227, 54.8325555413162], [-1.3258845585346, 54.8322940295435], [-1.3226714203242, 54.8275689707769], [-1.31973456044748, 54.8223723506996], [-1.32033596984019, 54.8215081587998], [-1.34042435978472, 54.8175144431571], [-1.35095577331372, 54.819610368219], [-1.36217407445005, 54.8143113090049], [-1.36574996955538, 54.8196721183262], [-1.36883254873396, 54.8172364568093], [-1.36833414385148, 54.8227441829272], [-1.39848035704288, 54.8249982119237], [-1.40013517051755, 54.830344340874], [-1.39546659928139, 54.8323286501455], [-1.36640448997521, 54.8320617342015], [-1.36750983841935, 54.8380335429197], [-1.34674072690816, 54.838914990248], [-1.32563141071227, 54.8325555413162]]]}, "properties": {"FID": 6735, "WD25CD": "E05016170", "WD25NM": "Dalton & Dawdon", "WD25NMW": " ", "LAD25CD": "E06000047", "LAD25NM": "County Durham", "BNG_E": 441169, "BNG_N": 548165, "LONG": -1.360732, "LAT": 54.82665, "GlobalID": "60499c14-83e6-4766-8c79-a5f3f93fd696", "winning_party": "Reform UK", "total_votes": 4654, "reform_uk_votes": 1821, "labour_votes": 1173, "libdem_votes": 61, "conservative_votes": 64, "green_votes": 0, "independent_votes": 0, "other_votes": 1535, "reform_uk_pct": 39.1, "labour_pct": 25.2, "libdem_pct": 1.3, "conservative_pct": 1.4, "green_pct": 0.0, "independent_pct": 0.0, "turnout_pct": 30.36}}, {"type": "Feature", "id": 6736, "geometry": {"type": "Polygon", "coordinates": [[[-1.60455518625264, 54.7920086046125], [-1.5998440036708, 54.7891957970373], [-1.60585306489434, 54.7887040608094], [-1.59803367223685, 54.7813392672771], [-1.60478481494083, 54.7749216582588], [-1.60034010626715, 54.7730388379727], [-1.61035186305712, 54.7656502717375], [-1.62256535509818, 54.7650921791393], [-1.62951553564784, 54.7692462446024], [-1.65709494756713, 54.7746303024008], [-1.66390750928883, 54.7792325222101], [-1.67257408834646, 54.7791924421808], [-1.68769957694883, 54.7743446643839], [-1.68133265353138, 54.7727105690634], [-1.68771816253975, 54.7623433836741], [-1.68267971704972, 54.7549749200931], [-1.67809920421874, 54.7551555776359], [-1.67662407062158, 54.7501709782709], [-1.68152536031436, 54.7467833871006], [-1.70009009150105, 54.7472727996929], [-1.70281962053394, 54.7525680434707], [-1.70104330375274, 54.7473416170327], [-1.71835268620021, 54.7490488622481], [-1.72064291028666, 54.7521598543246], [-1.73105696407111, 54.7501117560446], [-1.72776238647344, 54.7582037197344], [-1.74346692964696, 54.759494302957], [-1.77405521674406, 54.7512325829058], [-1.79193762220085, 54.7502299740214], [-1.79509534223242, 54.7472806656301], [-1.80662233573443, 54.7466131458774], [-1.810017703651, 54.7514478227608], [-1.76622822525121, 54.7682182718929], [-1.76811875045057, 54.7716066168618], [-1.75064827002854, 54.7810062160351], [-1.74087811461969, 54.7772631751722], [-1.73535362432662, 54.7823784136393], [-1.71768896612658, 54.7813350729735], [-1.7021436667142, 54.7730174532456], [-1.66969752497919, 54.7818389746328], [-1.66759244377733, 54.7859451658786], [-1.64754356745403, 54.7831310541866], [-1.6567765587758, 54.7924682548614], [-1.64606004540939, 54.7952817352607], [-1.64209188497969, 54.7923459642372], [-1.63903304962528, 54.795645768123], [-1.63409115609667, 54.7938094307713], [-1.62528712405699, 54.7968038942415], [-1.60852239482609, 54.790563000594], [-1.60455518625264, 54.7920086046125]]]}, "properties": {"FID": 6736, "WD25CD": "E05016171", "WD25NM": "Deerness", "WD25NMW": " ", "LAD25CD": "E06000047", "LAD25NM": "County Durham", "BNG_E": 417816, "BNG_N": 541902, "LONG": -1.724599, "LAT": 54.77174, "GlobalID": "6f771827-232a-4738-a5c3-64f797241776", "winning_party": "Reform UK", "total_votes": 6080, "reform_uk_votes": 2364, "labour_votes": 1570, "libdem_votes": 1547, "conservative_votes": 184, "green_votes": 415, "independent_votes": 0, "other_votes": 0, "reform_uk_pct": 38.9, "labour_pct": 25.8, "libdem_pct": 25.4, "conservative_pct": 3.0, "green_pct": 6.8, "independent_pct": 0.0, "turnout_pct": 37.1}}, {"type": "Feature", "id": 6737, "geometry": {"type": "Polygon", "coordinates": [[[-1.80019501128339, 54.8414021975943], [-1.80916042536206, 54.8280424786695], [-1.81469441842555, 54.8285813914235], [-1.81656315948252, 54.8338646676172], [-1.82449896251454, 54.8376102594181], [-1.84037027953179, 54.8367918977573], [-1.85003784137197, 54.8407078435972], [-1.85382584601105, 54.8504663430542], [-1.8479240140742, 54.8553602355798], [-1.84239071431477, 54.8573116020517], [-1.84341535089718, 54.8529218590453], [-1.83772019535669, 54.8484653477626], [-1.81833751173706, 54.8578744358052], [-1.80383849565705, 54.8536562051256], [-1.80652022298242, 54.8517886492853], [-1.8015117125814, 54.8479164675099], [-1.80617907033403, 54.8439951813468], [-1.80019501128339, 54.8414021975943]]]}, "properties": {"FID": 6737, "WD25CD": "E05016172", "WD25NM": "Delves Lane", "WD25NMW": " ", "LAD25CD": "E06000047", "LAD25NM": "County Durham", "BNG_E": 411167, "BNG_N": 549809, "LONG": -1.827649, "LAT": 54.84298, "GlobalID": "b988ff3d-dda8-4fda-bb4c-36c73933c8a5", "winning_party": "Reform UK", "total_votes": 4658, "reform_uk_votes": 2317, "labour_votes": 1081, "libdem_votes": 495, "conservative_votes": 765, "green_votes": 0, "independent_votes": 0, "other_votes": 0, "reform_uk_pct": 49.7, "labour_pct": 23.2, "libdem_pct": 10.6, "conservative_pct": 16.4, "green_pct": 0.0, "independent_pct": 0.0, "turnout_pct": 32.88}}, {"type": "Feature", "id": 6738, "geometry": {"type": "Polygon", "coordinates": [[[-1.69758765973529, 54.9062432719218], [-1.70960098663963, 54.9072570315187], [-1.70707597206172, 54.9040266602318], [-1.7122442355844, 54.898766871019], [-1.72865768185728, 54.8945433034075], [-1.73363052801588, 54.8877965580925], [-1.74391519961832, 54.8881448927137], [-1.75035180199893, 54.8719738896121], [-1.75961875303443, 54.8740773508365], [-1.77428077019589, 54.8567798817571], [-1.77591702078314, 54.8471162271611], [-1.7906453606495, 54.8358265946531], [-1.80019501128339, 54.8414021975943], [-1.80617907033403, 54.8439951813468], [-1.8015117125814, 54.8479164675099], [-1.80652022298242, 54.8517886492853], [-1.80383849565705, 54.8536562051256], [-1.81833751173706, 54.8578744358052], [-1.81457646605308, 54.8588284986025], [-1.8190996527629, 54.8662119276758], [-1.8258794061073, 54.8674825301901], [-1.82960428357721, 54.8642420342887], [-1.83645149474242, 54.8648124106314], [-1.84083080047899, 54.8674831655782], [-1.83993559367551, 54.882735301231], [-1.85096380208336, 54.8846885504055], [-1.85443666752614, 54.8911845463918], [-1.84747485420255, 54.8897821666625], [-1.84544907440161, 54.8969031160933], [-1.83468655496164, 54.8990259303547], [-1.82769671162814, 54.9054935524834], [-1.82063707341034, 54.9057710861713], [-1.80740599764171, 54.9072499028312], [-1.79452230430584, 54.9035741234168], [-1.79118285724646, 54.9086975217419], [-1.78163702129734, 54.9115565985377], [-1.7687448779223, 54.9067261179705], [-1.7672668659333, 54.9096294346768], [-1.7607176811252, 54.9085661809013], [-1.75078298754071, 54.9173436962882], [-1.7376067087798, 54.9186889774254], [-1.73728921990429, 54.9184925109017], [-1.73719734726837, 54.9184662524126], [-1.7370540462359, 54.9184317950602], [-1.7359591665929, 54.9185320436611], [-1.73588921324111, 54.9185296900722], [-1.73570822929821, 54.9184845904992], [-1.73558930608988, 54.9184559805002], [-1.73555850056968, 54.918419384709], [-1.73077358374324, 54.9160430029645], [-1.73072384538371, 54.9160159342672], [-1.73068062849096, 54.9159466449442], [-1.73067992547527, 54.9158181409932], [-1.73065360439977, 54.915788428284], [-1.73053674448343, 54.9157679504213], [-1.73053238546342, 54.9157198646882], [-1.73061060365253, 54.915686789158], [-1.73013805633709, 54.9152022845637], [-1.73011976377769, 54.9151384420619], [-1.73015120805829, 54.9151016685112], [-1.72972167875994, 54.9149506451119], [-1.72974537187563, 54.9149066654861], [-1.72978289509146, 54.9148501080821], [-1.72982573812675, 54.914785530638], [-1.72910322723398, 54.9143606736075], [-1.72894634318922, 54.9142614759043], [-1.72863188589713, 54.9138177555017], [-1.72769235176507, 54.9127332686008], [-1.7276503506593, 54.9126006282594], [-1.7277334989742, 54.9125298236271], [-1.72755664500033, 54.9123865470458], [-1.72786467836925, 54.9120439646063], [-1.7279056504823, 54.9119820516201], [-1.72772959179078, 54.9117210579912], [-1.72783747044911, 54.9116835575603], [-1.72803229058467, 54.9115144268772], [-1.72802795362136, 54.9114702922934], [-1.72799737777571, 54.9114129818649], [-1.72776415986606, 54.9107347214463], [-1.72777143424039, 54.9106968160156], [-1.72767072540268, 54.9104578273898], [-1.72762137641774, 54.9104206038659], [-1.72667045981083, 54.9101119506099], [-1.72663635901332, 54.9100804222655], [-1.72637334939536, 54.9099940124368], [-1.72597570734944, 54.9097739435553], [-1.72592860519801, 54.9097507428606], [-1.72578040466906, 54.9096168738445], [-1.7257738428704, 54.9095610547915], [-1.72577897020444, 54.9095065201726], [-1.72542447450161, 54.9091584036761], [-1.7252147315133, 54.9090384133945], [-1.72315011308854, 54.9101156665882], [-1.72310334641057, 54.9101119655984], [-1.72125048400189, 54.9082889256745], [-1.72114547850082, 54.9082750761636], [-1.7209731164153, 54.9082523445891], [-1.7166944050984, 54.9078865951304], [-1.71647245726485, 54.9077324138047], [-1.71634418992545, 54.9077860317175], [-1.71408771690707, 54.9086200558379], [-1.71393455274306, 54.9086646264855], [-1.71262780509246, 54.9088466600343], [-1.71250760883713, 54.9088607537482], [-1.71178820721196, 54.9089147646797], [-1.71169770181063, 54.9089208404061], [-1.71100953637202, 54.9089686304687], [-1.71090344050506, 54.9089737699202], [-1.7104977083675, 54.9090033574159], [-1.71050187214185, 54.9090752569035], [-1.70896001197131, 54.909197381998], [-1.70885548787676, 54.9092007261859], [-1.70875564278921, 54.9092040814942], [-1.70714016533913, 54.9091525735081], [-1.70656311718562, 54.9091684354576], [-1.70519645434241, 54.9091971196898], [-1.70349468547049, 54.9092379621005], [-1.70331980256841, 54.9092421579148], [-1.70272707940862, 54.909184517399], [-1.70239088497482, 54.9091518225429], [-1.70141419833542, 54.9091943587337], [-1.70099747940617, 54.909231975751], [-1.70064897164546, 54.9092835081075], [-1.70015055582117, 54.9092325868076], [-1.69998231115304, 54.909205213357], [-1.69963928979617, 54.909189988899], [-1.6991344576543, 54.9091213447824], [-1.69900359264127, 54.909101251388], [-1.69873391721367, 54.9090808141331], [-1.69848150976366, 54.909045501998], [-1.69855525273665, 54.9089869150401], [-1.69852158034638, 54.9086920843016], [-1.69855991737056, 54.9085708656391], [-1.69855397302268, 54.9081740564898], [-1.69852885793205, 54.9081349582246], [-1.6984531940089, 54.9080332266937], [-1.69817355358808, 54.9076775785032], [-1.69718486385553, 54.9069328616521], [-1.69672808972725, 54.9066994305836], [-1.69671201441848, 54.9066594019393], [-1.69758765973529, 54.9062432719218]]]}, "properties": {"FID": 6738, "WD25CD": "E05016173", "WD25NM": "Derwent & Pont Valley", "WD25NMW": " ", "LAD25CD": "E06000047", "LAD25NM": "County Durham", "BNG_E": 414464, "BNG_N": 553909, "LONG": -1.776107, "LAT": 54.87974, "GlobalID": "16a35438-6efc-4410-8d9b-bb42cd93058e", "winning_party": "Reform UK", "total_votes": 13094, "reform_uk_votes": 5532, "labour_votes": 3598, "libdem_votes": 497, "conservative_votes": 276, "green_votes": 384, "independent_votes": 0, "other_votes": 2807, "reform_uk_pct": 42.2, "labour_pct": 27.5, "libdem_pct": 3.8, "conservative_pct": 2.1, "green_pct": 2.9, "independent_pct": 0.0, "turnout_pct": 37.47}}, {"type": "Feature", "id": 6739, "geometry": {"type": "Polygon", "coordinates": [[[-1.31261061150015, 54.8066221998798], [-1.31055884030022, 54.7975151250418], [-1.30874822971959, 54.7850808603816], [-1.32839336033974, 54.780548211437], [-1.33990620434331, 54.7740217310033], [-1.34306037182359, 54.7755303026301], [-1.35840669082773, 54.7717183930188], [-1.35656335734026, 54.7628639887113], [-1.3631453061241, 54.7496488051623], [-1.36724649204165, 54.7428933968628], [-1.37593260546835, 54.7415733388039], [-1.38630279157814, 54.7436940008989], [-1.38984579480996, 54.7517675141682], [-1.41645116807349, 54.7518282888598], [-1.43419993829114, 54.7563022998229], [-1.4565611993302, 54.74698022262], [-1.47432965432802, 54.7496259264381], [-1.47439862066775, 54.7522170346235], [-1.49051314521428, 54.7564267449223], [-1.49025777329332, 54.7580575855397], [-1.49105396152719, 54.7659349291834], [-1.49983541393504, 54.7686328842142], [-1.48059084564567, 54.7795203971054], [-1.4722565619298, 54.7783859659229], [-1.46844266314124, 54.7906302447055], [-1.44877002256051, 54.7888010183467], [-1.44555897106085, 54.791063573056], [-1.42543784235156, 54.7962730276604], [-1.41053030488041, 54.7906847641208], [-1.40382448973284, 54.7913286990572], [-1.40135518668655, 54.7859344901976], [-1.38072607680618, 54.7963496951246], [-1.35525372251178, 54.7973384890828], [-1.33006572579404, 54.801730990598], [-1.319950645775, 54.8069524086422], [-1.31261061150015, 54.8066221998798]]]}, "properties": {"FID": 6739, "WD25CD": "E05016174", "WD25NM": "Easington & Shotton", "WD25NMW": " ", "LAD25CD": "E06000047", "LAD25NM": "County Durham", "BNG_E": 437777, "BNG_N": 542342, "LONG": -1.414282, "LAT": 54.77459, "GlobalID": "11faeae7-ba88-4e3b-8843-448947f16c0e", "winning_party": "Reform UK", "total_votes": 9772, "reform_uk_votes": 5330, "labour_votes": 1841, "libdem_votes": 156, "conservative_votes": 267, "green_votes": 0, "independent_votes": 2178, "other_votes": 0, "reform_uk_pct": 54.5, "labour_pct": 18.8, "libdem_pct": 1.6, "conservative_pct": 2.7, "green_pct": 0.0, "independent_pct": 22.3, "turnout_pct": 29.77}}, {"type": "Feature", "id": 6740, "geometry": {"type": "Polygon", "coordinates": [[[-1.55812814323434, 54.7898016390931], [-1.56459239735802, 54.7867686691628], [-1.56382942796335, 54.7835281357437], [-1.55717341908058, 54.7842202417298], [-1.56108654180356, 54.7802327498048], [-1.54611583679032, 54.7802454121839], [-1.54501494000535, 54.776518840101], [-1.53277166148749, 54.7749895352838], [-1.53159180833666, 54.7679860260585], [-1.51878289293424, 54.7719821938913], [-1.51450237721449, 54.7697303825967], [-1.51858633872528, 54.7648690374887], [-1.49025777329332, 54.7580575855397], [-1.49051314521428, 54.7564267449223], [-1.4979941197374, 54.7547154749948], [-1.49979214072239, 54.7491341287977], [-1.50616872468305, 54.747532780112], [-1.50747388481331, 54.7504470236547], [-1.51364787247271, 54.7507046916067], [-1.5145114821741, 54.7443573347576], [-1.53158749387902, 54.7439507924811], [-1.5370287408858, 54.7371553856941], [-1.54217664422266, 54.7432534267372], [-1.54980919272397, 54.7413345980453], [-1.55701111257539, 54.7454418824553], [-1.56079693494826, 54.7515640953189], [-1.55469026896945, 54.7556098067511], [-1.55838765439635, 54.7591350840461], [-1.55385252317007, 54.7653490530077], [-1.55964042802235, 54.7691858311142], [-1.58076278442189, 54.7674660249472], [-1.585226777827, 54.7721830770295], [-1.58302019107157, 54.7818233369089], [-1.58053470271352, 54.7806969187225], [-1.56946873515672, 54.7926542329253], [-1.55812814323434, 54.7898016390931]]]}, "properties": {"FID": 6740, "WD25CD": "E05016175", "WD25NM": "Elvet, Gilesgate & Shincliffe", "WD25NMW": " ", "LAD25CD": "E06000047", "LAD25NM": "County Durham", "BNG_E": 429840, "BNG_N": 540293, "LONG": -1.537867, "LAT": 54.75671, "GlobalID": "ebe11629-4469-41b6-9f82-1bcf370f8af4", "winning_party": "Liberal Democrats", "total_votes": 4598, "reform_uk_votes": 784, "labour_votes": 1273, "libdem_votes": 1775, "conservative_votes": 195, "green_votes": 571, "independent_votes": 0, "other_votes": 0, "reform_uk_pct": 17.1, "labour_pct": 27.7, "libdem_pct": 38.6, "conservative_pct": 4.2, "green_pct": 12.4, "independent_pct": 0.0, "turnout_pct": 28.97}}, {"type": "Feature", "id": 6741, "geometry": {"type": "Polygon", "coordinates": [[[-1.79042136291268, 54.6820081122729], [-1.79368455461407, 54.6749474011222], [-1.78284335150306, 54.670796630829], [-1.76974983705804, 54.6718804071257], [-1.76324483976033, 54.6767809890273], [-1.75309317784099, 54.6734950835466], [-1.74180188132685, 54.6768496936054], [-1.73825621622178, 54.6723128885127], [-1.74127774726961, 54.6610689380634], [-1.7484456120675, 54.6600864324911], [-1.74402205669816, 54.6532814949903], [-1.76922169717649, 54.6519020473353], [-1.77221140945576, 54.6471510436321], [-1.76715555797623, 54.6454007428311], [-1.75805305501578, 54.6480467220036], [-1.75245629644152, 54.6464214182794], [-1.75733034421045, 54.6421769403183], [-1.74442085926175, 54.641167619714], [-1.74531334217407, 54.6450322279811], [-1.73452406400379, 54.6426340514086], [-1.72887532192716, 54.6445839085869], [-1.72563080586298, 54.6421232986103], [-1.73122759905701, 54.6390389409951], [-1.72444920527245, 54.6335329911758], [-1.72920453018315, 54.6333764482153], [-1.73205259545057, 54.6291895537218], [-1.72079492108575, 54.6250456637501], [-1.70915944929782, 54.6275949271319], [-1.7078366449587, 54.632649507511], [-1.69814192847338, 54.6297473929843], [-1.68477388959906, 54.636059837947], [-1.68242215879617, 54.6177711325625], [-1.68060997664438, 54.5978329630371], [-1.69803725920495, 54.6040011355302], [-1.71481858807921, 54.6056610187846], [-1.71631150750095, 54.6033450886515], [-1.73509505166059, 54.6059422995659], [-1.75600170241655, 54.6026222506074], [-1.79050976096406, 54.6140908404217], [-1.79391619984206, 54.6206114897403], [-1.82074301546792, 54.6259616486437], [-1.83143895353001, 54.6161389902654], [-1.84191810052704, 54.6138191137919], [-1.87666631668919, 54.6220307184604], [-1.88696047861813, 54.6170729371249], [-1.90533692500993, 54.6203482335123], [-1.91419786460857, 54.6175572229433], [-1.94803718762895, 54.6190410952085], [-1.95964301182205, 54.6164859600743], [-1.96408206207183, 54.6223152292577], [-1.96068962690212, 54.6377496914381], [-1.94248462106212, 54.6362390585383], [-1.97161135038759, 54.6454551713756], [-1.98054046007885, 54.6576435857348], [-1.97705533814922, 54.6725410746494], [-1.94789895424373, 54.6705408536151], [-1.94692558300396, 54.6774276913086], [-1.92201045464143, 54.6799343305921], [-1.91626747073967, 54.6844992764951], [-1.88536284546631, 54.6926384549217], [-1.87046842637946, 54.7002547885686], [-1.82243009517806, 54.7088239661739], [-1.80486324448805, 54.6873612230057], [-1.79042136291268, 54.6820081122729]]]}, "properties": {"FID": 6741, "WD25CD": "E05016176", "WD25NM": "Evenwood", "WD25NMW": " ", "LAD25CD": "E06000047", "LAD25NM": "County Durham", "BNG_E": 409082, "BNG_N": 528722, "LONG": -1.860765, "LAT": 54.65352, "GlobalID": "0aabb9c6-73ea-42df-ad32-c72edc4a8532", "winning_party": "Reform UK", "total_votes": 1504, "reform_uk_votes": 732, "labour_votes": 352, "libdem_votes": 69, "conservative_votes": 275, "green_votes": 76, "independent_votes": 0, "other_votes": 0, "reform_uk_pct": 48.7, "labour_pct": 23.4, "libdem_pct": 4.6, "conservative_pct": 18.3, "green_pct": 5.1, "independent_pct": 0.0, "turnout_pct": 39.36}}, {"type": "Feature", "id": 6742, "geometry": {"type": "Polygon", "coordinates": [[[-1.52168265080305, 54.6863694590997], [-1.51680121969235, 54.680267585987], [-1.52629152662149, 54.6749936958722], [-1.51000518603965, 54.6684614847482], [-1.50711791908367, 54.663745787016], [-1.52107151037916, 54.6615932885426], [-1.52100079030161, 54.6637467622626], [-1.53891174897467, 54.6651254995218], [-1.54754604370926, 54.6794979423756], [-1.57570290928685, 54.669568840772], [-1.57888438591876, 54.6637241725207], [-1.57127668265929, 54.657274793666], [-1.59299541571528, 54.6557742152385], [-1.60948249097045, 54.6580588843018], [-1.60184877269107, 54.6659414476462], [-1.60622905721192, 54.6755103508561], [-1.60325357507929, 54.6778516198842], [-1.60501429340088, 54.6798811211149], [-1.61174540683629, 54.6785548669521], [-1.61219287828829, 54.68366414823], [-1.60132949530407, 54.6877755261086], [-1.59819699001035, 54.693179722711], [-1.58798790097197, 54.6906618651661], [-1.58206197003398, 54.6969975443343], [-1.56232894725927, 54.696623309953], [-1.56505264645222, 54.7055116818906], [-1.5348930990418, 54.7095204505747], [-1.53037022575728, 54.6824399064307], [-1.52168265080305, 54.6863694590997]]]}, "properties": {"FID": 6742, "WD25CD": "E05016177", "WD25NM": "Ferryhill", "WD25NMW": " ", "LAD25CD": "E06000047", "LAD25NM": "County Durham", "BNG_E": 427763, "BNG_N": 532042, "LONG": -1.570923, "LAT": 54.68268, "GlobalID": "c3d7ee64-1123-4313-8f6f-5f9dd1b8a703", "winning_party": "Reform UK", "total_votes": 5044, "reform_uk_votes": 2100, "labour_votes": 1486, "libdem_votes": 141, "conservative_votes": 276, "green_votes": 107, "independent_votes": 934, "other_votes": 0, "reform_uk_pct": 41.6, "labour_pct": 29.5, "libdem_pct": 2.8, "conservative_pct": 5.5, "green_pct": 2.1, "independent_pct": 18.5, "turnout_pct": 35.46}}, {"type": "Feature", "id": 6743, "geometry": {"type": "Polygon", "coordinates": [[[-1.52545871992221, 54.806022460719], [-1.53660464817358, 54.8028686036087], [-1.53870774270312, 54.7975188938321], [-1.54718077365461, 54.7968867000188], [-1.54511724879089, 54.790870651402], [-1.55812814323434, 54.7898016390931], [-1.56946873515672, 54.7926542329253], [-1.58053470271352, 54.7806969187225], [-1.58302019107157, 54.7818233369089], [-1.5998440036708, 54.7891957970373], [-1.60455518625264, 54.7920086046125], [-1.5988332776819, 54.7923404136793], [-1.60208521597372, 54.8018991446648], [-1.58849138612563, 54.8086072509178], [-1.59249544271589, 54.8170526069784], [-1.58965435190568, 54.8213533269391], [-1.57761231798627, 54.822772935031], [-1.57300439088929, 54.8200953406092], [-1.5703195228142, 54.8244312651805], [-1.55694797143992, 54.8257610925191], [-1.539949182687, 54.8251209662985], [-1.53466782088242, 54.8281203190312], [-1.52861949689209, 54.8186046599691], [-1.54046015938666, 54.8146296848704], [-1.52545871992221, 54.806022460719]]]}, "properties": {"FID": 6743, "WD25CD": "E05016178", "WD25NM": "Framwellgate & Newton Hall", "WD25NMW": " ", "LAD25CD": "E06000047", "LAD25NM": "County Durham", "BNG_E": 428094, "BNG_N": 545593, "LONG": -1.564486, "LAT": 54.80444, "GlobalID": "25c86a4a-72b3-4aec-8e88-73e1ac3a2bc3", "winning_party": "Liberal Democrats", "total_votes": 12748, "reform_uk_votes": 2156, "labour_votes": 2287, "libdem_votes": 6938, "conservative_votes": 629, "green_votes": 432, "independent_votes": 306, "other_votes": 0, "reform_uk_pct": 16.9, "labour_pct": 17.9, "libdem_pct": 54.4, "conservative_pct": 4.9, "green_pct": 3.4, "independent_pct": 2.4, "turnout_pct": 42.86}}, {"type": "Feature", "id": 6744, "geometry": {"type": "Polygon", "coordinates": [[[-1.29131243072651, 54.7600915449722], [-1.31381277607159, 54.7542421108813], [-1.32549101117061, 54.7496781298019], [-1.33552740820859, 54.7518363164846], [-1.33880118671249, 54.7567896945986], [-1.33512370380335, 54.7611443655475], [-1.32173139455062, 54.7631569259079], [-1.32973731921099, 54.7737482288012], [-1.33990620434331, 54.7740217310033], [-1.32839336033974, 54.780548211437], [-1.30874822971959, 54.7850808603816], [-1.3081470275332, 54.7841983422002], [-1.30830589695799, 54.7832366472278], [-1.30885408500751, 54.7809728344549], [-1.29354275447679, 54.7627478336313], [-1.29235785057135, 54.761006367849], [-1.29136963530012, 54.7601596797277], [-1.29131243072651, 54.7600915449722]]]}, "properties": {"FID": 6744, "WD25CD": "E05016179", "WD25NM": "Horden & Dene House", "WD25NMW": " ", "LAD25CD": "E06000047", "LAD25NM": "County Durham", "BNG_E": 444116, "BNG_N": 541773, "LONG": -1.315835, "LAT": 54.76896, "GlobalID": "51afd38f-b96b-4b72-856a-351b2250e072", "winning_party": "Reform UK", "total_votes": 4361, "reform_uk_votes": 2459, "labour_votes": 1428, "libdem_votes": 85, "conservative_votes": 57, "green_votes": 0, "independent_votes": 332, "other_votes": 0, "reform_uk_pct": 56.4, "labour_pct": 32.7, "libdem_pct": 1.9, "conservative_pct": 1.3, "green_pct": 0.0, "independent_pct": 7.6, "turnout_pct": 30.29}}, {"type": "Feature", "id": 6745, "geometry": {"type": "Polygon", "coordinates": [[[-1.65466473540716, 54.8065269470337], [-1.68996943935406, 54.8074924811286], [-1.68966572142182, 54.803959508007], [-1.6953961932747, 54.8033061915205], [-1.70648020233433, 54.8051288794349], [-1.70705116068489, 54.8000874386118], [-1.71750398576562, 54.7953964934122], [-1.73700546318198, 54.7983819992047], [-1.74092329974916, 54.7963071325723], [-1.73810949241492, 54.7906189834987], [-1.74659388762451, 54.7942945367828], [-1.75865745379429, 54.7921857988275], [-1.7786336999599, 54.7993390526108], [-1.78738274463903, 54.7877176764862], [-1.7995621441298, 54.7896392134001], [-1.80371544973355, 54.7939120003946], [-1.79147792293259, 54.8013819873264], [-1.80058156609288, 54.7999899411897], [-1.80585311888702, 54.804237551802], [-1.82113267448053, 54.8020952590152], [-1.82244387054931, 54.8046287242194], [-1.83073451130496, 54.8041381930423], [-1.83930614319378, 54.8005345722034], [-1.83994305914341, 54.8027596072104], [-1.84759389884638, 54.8009523489063], [-1.84650379187418, 54.7983862255611], [-1.86477457234072, 54.7916187629909], [-1.86813637238943, 54.7937073722089], [-1.88134165677688, 54.7784243957976], [-1.91605687690107, 54.7965341119485], [-1.89942818322587, 54.7992399123714], [-1.89004251269624, 54.7963920553078], [-1.89821339299106, 54.8004745353387], [-1.89221885319789, 54.8061847017248], [-1.87148428150229, 54.807165577257], [-1.86990408220188, 54.8150883374516], [-1.86349377109344, 54.8145761034942], [-1.85678418541536, 54.818503480758], [-1.84493907980448, 54.8171517706923], [-1.84611751123514, 54.8204957234324], [-1.81857034584004, 54.8157591907574], [-1.81469441842555, 54.8285813914235], [-1.80916042536206, 54.8280424786695], [-1.80019501128339, 54.8414021975943], [-1.7906453606495, 54.8358265946531], [-1.76519282225155, 54.8293314276372], [-1.75571712522262, 54.8292504248643], [-1.75791812666152, 54.8324324083139], [-1.74726126991753, 54.8297262675121], [-1.73798203935892, 54.834820375877], [-1.71803268039601, 54.83657797478], [-1.72098511414356, 54.8407922286954], [-1.70696245708535, 54.8437697154956], [-1.70498536309997, 54.8404759862233], [-1.70007523661583, 54.8410103981357], [-1.70015171684825, 54.8439275297718], [-1.68945643791842, 54.847855661422], [-1.67563327646323, 54.8476928549317], [-1.67422321757056, 54.8450695993798], [-1.66161309794651, 54.8429889523296], [-1.65381906606067, 54.8488944369045], [-1.66157473078765, 54.8417557658155], [-1.66017268501238, 54.8356934332006], [-1.66664368826312, 54.826409500164], [-1.65521444937457, 54.8155993942288], [-1.65466473540716, 54.8065269470337]]]}, "properties": {"FID": 6745, "WD25CD": "E05016180", "WD25NM": "Lanchester & Burnhope", "WD25NMW": " ", "LAD25CD": "E06000047", "LAD25NM": "County Durham", "BNG_E": 415327, "BNG_N": 546563, "LONG": -1.763044, "LAT": 54.8137, "GlobalID": "723ed50e-c85a-4039-8bc9-e6f63e162dd5", "winning_party": "Labour Party", "total_votes": 2107, "reform_uk_votes": 563, "labour_votes": 755, "libdem_votes": 79, "conservative_votes": 710, "green_votes": 0, "independent_votes": 0, "other_votes": 0, "reform_uk_pct": 26.7, "labour_pct": 35.8, "libdem_pct": 3.7, "conservative_pct": 33.7, "green_pct": 0.0, "independent_pct": 0.0, "turnout_pct": 47.39}}, {"type": "Feature", "id": 6746, "geometry": {"type": "Polygon", "coordinates": [[[-1.65466473540716, 54.8065269470337], [-1.65146439026038, 54.8000323776623], [-1.65650808263873, 54.8037912863924], [-1.66624967597045, 54.8013085940754], [-1.6567765587758, 54.7924682548614], [-1.64754356745403, 54.7831310541866], [-1.66759244377733, 54.7859451658786], [-1.66969752497919, 54.7818389746328], [-1.7021436667142, 54.7730174532456], [-1.71768896612658, 54.7813350729735], [-1.73535362432662, 54.7823784136393], [-1.74087811461969, 54.7772631751722], [-1.75064827002854, 54.7810062160351], [-1.76811875045057, 54.7716066168618], [-1.76622822525121, 54.7682182718929], [-1.810017703651, 54.7514478227608], [-1.84062677910579, 54.7570042474187], [-1.8587531623536, 54.7710572676123], [-1.88134165677688, 54.7784243957976], [-1.86813637238943, 54.7937073722089], [-1.86477457234072, 54.7916187629909], [-1.84650379187418, 54.7983862255611], [-1.84759389884638, 54.8009523489063], [-1.83994305914341, 54.8027596072104], [-1.83930614319378, 54.8005345722034], [-1.83073451130496, 54.8041381930423], [-1.82244387054931, 54.8046287242194], [-1.82113267448053, 54.8020952590152], [-1.80585311888702, 54.804237551802], [-1.80058156609288, 54.7999899411897], [-1.79147792293259, 54.8013819873264], [-1.80371544973355, 54.7939120003946], [-1.7995621441298, 54.7896392134001], [-1.78738274463903, 54.7877176764862], [-1.7786336999599, 54.7993390526108], [-1.75865745379429, 54.7921857988275], [-1.74659388762451, 54.7942945367828], [-1.73810949241492, 54.7906189834987], [-1.74092329974916, 54.7963071325723], [-1.73700546318198, 54.7983819992047], [-1.71750398576562, 54.7953964934122], [-1.70705116068489, 54.8000874386118], [-1.70648020233433, 54.8051288794349], [-1.6953961932747, 54.8033061915205], [-1.68966572142182, 54.803959508007], [-1.68996943935406, 54.8074924811286], [-1.65466473540716, 54.8065269470337]]]}, "properties": {"FID": 6746, "WD25CD": "E05016181", "WD25NM": "Langley & Esh", "WD25NMW": " ", "LAD25CD": "E06000047", "LAD25NM": "County Durham", "BNG_E": 411889, "BNG_N": 542758, "LONG": -1.816693, "LAT": 54.7796, "GlobalID": "579f36ac-9a34-4ae8-a046-a325d952a55c", "winning_party": "Liberal Democrats", "total_votes": 1620, "reform_uk_votes": 534, "labour_votes": 187, "libdem_votes": 777, "conservative_votes": 54, "green_votes": 68, "independent_votes": 0, "other_votes": 0, "reform_uk_pct": 33.0, "labour_pct": 11.5, "libdem_pct": 48.0, "conservative_pct": 3.3, "green_pct": 4.2, "independent_pct": 0.0, "turnout_pct": 37.42}}, {"type": "Feature", "id": 6747, "geometry": {"type": "Polygon", "coordinates": [[[-1.68060997664438, 54.5978329630371], [-1.67931169574512, 54.5859733286911], [-1.69402783337592, 54.5868938495826], [-1.70898440615518, 54.5741416864746], [-1.70448030144746, 54.5721617403151], [-1.70928210885412, 54.5631794613267], [-1.70331121845393, 54.5586958181777], [-1.69120671271364, 54.5562446281157], [-1.69756254217517, 54.5557124290846], [-1.70527424961459, 54.5491719558136], [-1.7037713077725, 54.5449364602449], [-1.69834011381076, 54.5442094562889], [-1.69692636355207, 54.5360064288161], [-1.7213108898176, 54.5423017243929], [-1.72730498994653, 54.5304851191883], [-1.73309136190533, 54.5277364123393], [-1.76121346135505, 54.5289515279661], [-1.76972396932688, 54.5328449077499], [-1.77969652861129, 54.5318729939184], [-1.77613231485782, 54.5067285041672], [-1.7821752755751, 54.5070126931078], [-1.78717719757631, 54.5010389912324], [-1.79297648414091, 54.4844924287088], [-1.82244344250921, 54.495177706224], [-1.83647273431681, 54.508021632157], [-1.85780051144888, 54.503539794396], [-1.86202485265998, 54.5037450191016], [-1.86202701168603, 54.5067960736028], [-1.85420619204832, 54.5248055647207], [-1.88484015451693, 54.525560065219], [-1.89329447947283, 54.5220108406492], [-1.91278493244081, 54.5206190042869], [-1.93230435994606, 54.5242450612055], [-1.93369912525393, 54.5274316301054], [-1.9431106989134, 54.5271685674739], [-1.94158753663886, 54.5291925286504], [-1.95254437240809, 54.52787085158], [-1.95821074284828, 54.5305474268442], [-1.96035293359437, 54.5350064592855], [-1.95320631069055, 54.5424881278857], [-1.92979689339415, 54.5453113186163], [-1.92654781317647, 54.5390941408304], [-1.90274403652232, 54.5328145558045], [-1.90816603488092, 54.5351274425815], [-1.90466936221686, 54.5409500157563], [-1.91002896589802, 54.5404993187559], [-1.91007899176238, 54.5509168784534], [-1.91841784599791, 54.5542289282254], [-1.92472694351572, 54.5528724289834], [-1.92367455558469, 54.5559668205541], [-1.91403582111755, 54.5573308410643], [-1.90553859120707, 54.5664236085921], [-1.90982705935939, 54.5679123933533], [-1.9032649842707, 54.5658152118076], [-1.90161368278773, 54.5675762198073], [-1.90653312240441, 54.5711540872013], [-1.8970928093455, 54.5775225271777], [-1.88738563271441, 54.5931498260689], [-1.88326091435632, 54.5921636916323], [-1.88452914041757, 54.5962592339138], [-1.91287303268936, 54.5990508458434], [-1.95312556529595, 54.5960911521838], [-1.96263575415268, 54.6015233241231], [-1.95635414559859, 54.6120643057881], [-1.95964301182205, 54.6164859600743], [-1.94803718762895, 54.6190410952085], [-1.91419786460857, 54.6175572229433], [-1.90533692500993, 54.6203482335123], [-1.88696047861813, 54.6170729371249], [-1.87666631668919, 54.6220307184604], [-1.84191810052704, 54.6138191137919], [-1.83143895353001, 54.6161389902654], [-1.82074301546792, 54.6259616486437], [-1.79391619984206, 54.6206114897403], [-1.79050976096406, 54.6140908404217], [-1.75600170241655, 54.6026222506074], [-1.73509505166059, 54.6059422995659], [-1.71631150750095, 54.6033450886515], [-1.71481858807921, 54.6056610187846], [-1.69803725920495, 54.6040011355302], [-1.68060997664438, 54.5978329630371]]]}, "properties": {"FID": 6747, "WD25CD": "E05016182", "WD25NM": "Lower Teesdale", "WD25NMW": " ", "LAD25CD": "E06000047", "LAD25NM": "County Durham", "BNG_E": 412289, "BNG_N": 517792, "LONG": -1.811515, "LAT": 54.55523, "GlobalID": "13918a07-4f9a-4a3a-8f6a-d85566515f75", "winning_party": "Reform UK", "total_votes": 5518, "reform_uk_votes": 2083, "labour_votes": 736, "libdem_votes": 116, "conservative_votes": 1302, "green_votes": 1281, "independent_votes": 0, "other_votes": 0, "reform_uk_pct": 37.7, "labour_pct": 13.3, "libdem_pct": 2.1, "conservative_pct": 23.6, "green_pct": 23.2, "independent_pct": 0.0, "turnout_pct": 42.41}}, {"type": "Feature", "id": 6748, "geometry": {"type": "Polygon", "coordinates": [[[-1.50653070203232, 54.8710801008353], [-1.51026177268073, 54.860107048975], [-1.50331836895351, 54.8366303016249], [-1.50427968057368, 54.8312298098103], [-1.49750874509547, 54.8226279836685], [-1.49373957553885, 54.8234723746389], [-1.49028995528196, 54.8201815353829], [-1.4943057956704, 54.8160123531518], [-1.48185556201966, 54.8096514136466], [-1.49353107371013, 54.8000518244235], [-1.50358547619097, 54.8024900622338], [-1.5145495607822, 54.8010480023962], [-1.52545871992221, 54.806022460719], [-1.54046015938666, 54.8146296848704], [-1.52861949689209, 54.8186046599691], [-1.53466782088242, 54.8281203190312], [-1.539949182687, 54.8251209662985], [-1.55694797143992, 54.8257610925191], [-1.5584781598195, 54.8304356820882], [-1.57070259810603, 54.8342481980831], [-1.56992998691841, 54.8456361793484], [-1.56453985899725, 54.8469909756554], [-1.56079370862966, 54.840743635831], [-1.55602931991531, 54.8465495408692], [-1.5656169401297, 54.8567494964455], [-1.5648080529976, 54.8627198044816], [-1.5580086067743, 54.8620824092769], [-1.56042036238497, 54.8709345581737], [-1.53837166974044, 54.8656192913141], [-1.51894305240147, 54.8722962171759], [-1.51956137978405, 54.8759416871352], [-1.50653070203232, 54.8710801008353]]]}, "properties": {"FID": 6748, "WD25CD": "E05016183", "WD25NM": "Lumley & West Rainton", "WD25NMW": " ", "LAD25CD": "E06000047", "LAD25NM": "County Durham", "BNG_E": 430472, "BNG_N": 549481, "LONG": -1.527087, "LAT": 54.83924, "GlobalID": "ca5e9fab-5a77-406a-ba90-e46237c63a9b", "winning_party": "Independent", "total_votes": 5530, "reform_uk_votes": 1563, "labour_votes": 626, "libdem_votes": 152, "conservative_votes": 140, "green_votes": 115, "independent_votes": 2934, "other_votes": 0, "reform_uk_pct": 28.3, "labour_pct": 11.3, "libdem_pct": 2.7, "conservative_pct": 2.5, "green_pct": 2.1, "independent_pct": 53.1, "turnout_pct": 37.97}}, {"type": "Feature", "id": 6749, "geometry": {"type": "Polygon", "coordinates": [[[-1.32033596984019, 54.8215081587998], [-1.31261061150015, 54.8066221998798], [-1.319950645775, 54.8069524086422], [-1.33006572579404, 54.801730990598], [-1.35525372251178, 54.7973384890828], [-1.38072607680618, 54.7963496951246], [-1.40135518668655, 54.7859344901976], [-1.40382448973284, 54.7913286990572], [-1.41053030488041, 54.7906847641208], [-1.42543784235156, 54.7962730276604], [-1.44555897106085, 54.791063573056], [-1.43764920477779, 54.7942238029033], [-1.43753071909599, 54.8005273194979], [-1.42254301700506, 54.8031753536975], [-1.42163932753175, 54.8131640459789], [-1.41305942345934, 54.8233292317727], [-1.413121966701, 54.8245589763599], [-1.39848035704288, 54.8249982119237], [-1.36833414385148, 54.8227441829272], [-1.36883254873396, 54.8172364568093], [-1.36574996955538, 54.8196721183262], [-1.36217407445005, 54.8143113090049], [-1.35095577331372, 54.819610368219], [-1.34042435978472, 54.8175144431571], [-1.32033596984019, 54.8215081587998]]]}, "properties": {"FID": 6749, "WD25CD": "E05016184", "WD25NM": "Murton", "WD25NMW": " ", "LAD25CD": "E06000047", "LAD25NM": "County Durham", "BNG_E": 440288, "BNG_N": 545796, "LONG": -1.374773, "LAT": 54.80543, "GlobalID": "49c864eb-2971-4479-aecb-9a942cdf409b", "winning_party": "Reform UK", "total_votes": 4300, "reform_uk_votes": 1983, "labour_votes": 1463, "libdem_votes": 99, "conservative_votes": 121, "green_votes": 0, "independent_votes": 634, "other_votes": 0, "reform_uk_pct": 46.1, "labour_pct": 34.0, "libdem_pct": 2.3, "conservative_pct": 2.8, "green_pct": 0.0, "independent_pct": 14.7, "turnout_pct": 29.1}}, {"type": "Feature", "id": 6750, "geometry": {"type": "Polygon", "coordinates": [[[-1.58302019107157, 54.7818233369089], [-1.585226777827, 54.7721830770295], [-1.58076278442189, 54.7674660249472], [-1.55964042802235, 54.7691858311142], [-1.55385252317007, 54.7653490530077], [-1.55838765439635, 54.7591350840461], [-1.55469026896945, 54.7556098067511], [-1.56079693494826, 54.7515640953189], [-1.55701111257539, 54.7454418824553], [-1.56187381735361, 54.7422794436387], [-1.56503421854286, 54.7466877716808], [-1.58182833844837, 54.7504068184421], [-1.57933587492313, 54.740566305733], [-1.58828005617033, 54.7365671404423], [-1.60177298050214, 54.7383492664909], [-1.59908074000672, 54.7456482720436], [-1.59172204524176, 54.7457998560472], [-1.60483265572225, 54.7575114211395], [-1.59981030312238, 54.7606797996569], [-1.60513414698666, 54.7634335404341], [-1.59821496138934, 54.7656593667662], [-1.6029840179893, 54.7690907208038], [-1.60034010626715, 54.7730388379727], [-1.60478481494083, 54.7749216582588], [-1.59803367223685, 54.7813392672771], [-1.60585306489434, 54.7887040608094], [-1.5998440036708, 54.7891957970373], [-1.58302019107157, 54.7818233369089]]]}, "properties": {"FID": 6750, "WD25CD": "E05016185", "WD25NM": "Neville's Cross", "WD25NMW": " ", "LAD25CD": "E06000047", "LAD25NM": "County Durham", "BNG_E": 427073, "BNG_N": 540956, "LONG": -1.580798, "LAT": 54.76283, "GlobalID": "4f4454c8-330c-46fa-b1c3-a5f5dca73e25", "winning_party": "Liberal Democrats", "total_votes": 5086, "reform_uk_votes": 696, "labour_votes": 1074, "libdem_votes": 2668, "conservative_votes": 172, "green_votes": 476, "independent_votes": 0, "other_votes": 0, "reform_uk_pct": 13.7, "labour_pct": 21.1, "libdem_pct": 52.5, "conservative_pct": 3.4, "green_pct": 9.4, "independent_pct": 0.0, "turnout_pct": 31.32}}, {"type": "Feature", "id": 6751, "geometry": {"type": "Polygon", "coordinates": [[[-1.56242801213133, 54.8777597240735], [-1.56180965217131, 54.875716756072], [-1.55311575024997, 54.8759417738525], [-1.5527651504577, 54.8758212836259], [-1.54156842930237, 54.8734593658604], [-1.53294198397137, 54.8770578466728], [-1.51956137978405, 54.8759416871352], [-1.51894305240147, 54.8722962171759], [-1.53837166974044, 54.8656192913141], [-1.56042036238497, 54.8709345581737], [-1.5580086067743, 54.8620824092769], [-1.5648080529976, 54.8627198044816], [-1.57566565916495, 54.8601886705055], [-1.57780981819581, 54.8679093749632], [-1.59498143472456, 54.8712738492776], [-1.59614574791652, 54.8760673847412], [-1.58071218336433, 54.8810582582131], [-1.57990946563576, 54.8777701479023], [-1.56116720245109, 54.8812614337033], [-1.55944653994753, 54.8819990206617], [-1.55985128259232, 54.8809585119622], [-1.56242801213133, 54.8777597240735]]]}, "properties": {"FID": 6751, "WD25CD": "E05016186", "WD25NM": "North Lodge", "WD25NMW": " ", "LAD25CD": "E06000047", "LAD25NM": "County Durham", "BNG_E": 428258, "BNG_N": 553012, "LONG": -1.561213, "LAT": 54.87109, "GlobalID": "8b6bf609-ddb0-43d2-9399-ae4ccf5682a3", "winning_party": "Liberal Democrats", "total_votes": 1716, "reform_uk_votes": 432, "labour_votes": 212, "libdem_votes": 999, "conservative_votes": 37, "green_votes": 36, "independent_votes": 0, "other_votes": 0, "reform_uk_pct": 25.2, "labour_pct": 12.4, "libdem_pct": 58.2, "conservative_pct": 2.2, "green_pct": 2.1, "independent_pct": 0.0, "turnout_pct": 44.37}}, {"type": "Feature", "id": 6752, "geometry": {"type": "Polygon", "coordinates": [[[-1.58756210206553, 54.8943410063212], [-1.58071218336433, 54.8810582582131], [-1.59614574791652, 54.8760673847412], [-1.59498143472456, 54.8712738492776], [-1.5953339760149, 54.8603683604199], [-1.61170584207139, 54.8478039910174], [-1.61588155141201, 54.8549307650813], [-1.62871080087114, 54.8548736330801], [-1.63830700997277, 54.8583775980339], [-1.64206971528999, 54.8704210383577], [-1.64186962484314, 54.8671392318727], [-1.6517948742034, 54.8654936223184], [-1.65649602805898, 54.8695219695812], [-1.66283952255372, 54.8692326604634], [-1.66408481304531, 54.8729445779928], [-1.65778674388935, 54.8756381338507], [-1.66525060868152, 54.8766851967872], [-1.66560112891999, 54.8859177518299], [-1.65995094724449, 54.8906648253327], [-1.65001165365389, 54.8936264368072], [-1.64634587211327, 54.8813953266087], [-1.65098204958232, 54.8796671353005], [-1.64368946248493, 54.8788040415358], [-1.62741064299423, 54.8864472941231], [-1.61874349646244, 54.8870586502247], [-1.61193269923008, 54.8952478666675], [-1.59751726455936, 54.9015846968789], [-1.58756210206553, 54.8943410063212]]]}, "properties": {"FID": 6752, "WD25CD": "E05016187", "WD25NM": "Pelton", "WD25NMW": " ", "LAD25CD": "E06000047", "LAD25NM": "County Durham", "BNG_E": 423996, "BNG_N": 553420, "LONG": -1.627589, "LAT": 54.87498, "GlobalID": "588c0b21-0c0b-44e9-a3f5-2928a1ae81e9", "winning_party": "Reform UK", "total_votes": 10252, "reform_uk_votes": 5145, "labour_votes": 3949, "libdem_votes": 640, "conservative_votes": 255, "green_votes": 263, "independent_votes": 0, "other_votes": 0, "reform_uk_pct": 50.2, "labour_pct": 38.5, "libdem_pct": 6.2, "conservative_pct": 2.5, "green_pct": 2.6, "independent_pct": 0.0, "turnout_pct": 31.09}}, {"type": "Feature", "id": 6753, "geometry": {"type": "Polygon", "coordinates": [[[-1.33990620434331, 54.7740217310033], [-1.32973731921099, 54.7737482288012], [-1.32173139455062, 54.7631569259079], [-1.33512370380335, 54.7611443655475], [-1.33880118671249, 54.7567896945986], [-1.35415498565622, 54.7502285589145], [-1.3631453061241, 54.7496488051623], [-1.35656335734026, 54.7628639887113], [-1.35840669082773, 54.7717183930188], [-1.34306037182359, 54.7755303026301], [-1.33990620434331, 54.7740217310033]]]}, "properties": {"FID": 6753, "WD25CD": "E05016188", "WD25NM": "Peterlee", "WD25NMW": " ", "LAD25CD": "E06000047", "LAD25NM": "County Durham", "BNG_E": 442417, "BNG_N": 541419, "LONG": -1.342292, "LAT": 54.76593, "GlobalID": "ca6bcbd0-d984-4acd-b2c6-f49f8e7c2f39", "winning_party": "Reform UK", "total_votes": 3333, "reform_uk_votes": 1963, "labour_votes": 809, "libdem_votes": 57, "conservative_votes": 82, "green_votes": 0, "independent_votes": 422, "other_votes": 0, "reform_uk_pct": 58.9, "labour_pct": 24.3, "libdem_pct": 1.7, "conservative_pct": 2.5, "green_pct": 0.0, "independent_pct": 12.7, "turnout_pct": 24.24}}, {"type": "Feature", "id": 6754, "geometry": {"type": "Polygon", "coordinates": [[[-1.43753071909599, 54.8005273194979], [-1.43764920477779, 54.7942238029033], [-1.44555897106085, 54.791063573056], [-1.44877002256051, 54.7888010183467], [-1.46844266314124, 54.7906302447055], [-1.4722565619298, 54.7783859659229], [-1.48059084564567, 54.7795203971054], [-1.49983541393504, 54.7686328842142], [-1.49105396152719, 54.7659349291834], [-1.49025777329332, 54.7580575855397], [-1.51858633872528, 54.7648690374887], [-1.51450237721449, 54.7697303825967], [-1.51878289293424, 54.7719821938913], [-1.53159180833666, 54.7679860260585], [-1.53277166148749, 54.7749895352838], [-1.52798694448303, 54.7749782108498], [-1.52650953568108, 54.7802421550357], [-1.51419613121299, 54.7829811214225], [-1.51784503556962, 54.7898308091311], [-1.50893058008342, 54.7983762362595], [-1.5145495607822, 54.8010480023962], [-1.50358547619097, 54.8024900622338], [-1.49353107371013, 54.8000518244235], [-1.49301290657042, 54.7998178780187], [-1.49281437850526, 54.7997658397349], [-1.49205383087746, 54.7996341027442], [-1.45460147505553, 54.800021897681], [-1.4440216233418, 54.8024704233296], [-1.43753071909599, 54.8005273194979]]]}, "properties": {"FID": 6754, "WD25CD": "E05016189", "WD25NM": "Pittington & Sherburn", "WD25NMW": " ", "LAD25CD": "E06000047", "LAD25NM": "County Durham", "BNG_E": 432459, "BNG_N": 542947, "LONG": -1.496879, "LAT": 54.7804, "GlobalID": "5c33ea73-fc51-4f3a-93ae-869933dd6d8b", "winning_party": "Reform UK", "total_votes": 1424, "reform_uk_votes": 508, "labour_votes": 356, "libdem_votes": 443, "conservative_votes": 63, "green_votes": 54, "independent_votes": 0, "other_votes": 0, "reform_uk_pct": 35.7, "labour_pct": 25.0, "libdem_pct": 31.1, "conservative_pct": 4.4, "green_pct": 3.8, "independent_pct": 0.0, "turnout_pct": 38.48}}, {"type": "Feature", "id": 6755, "geometry": {"type": "Polygon", "coordinates": [[[-1.61170584207139, 54.8478039910174], [-1.62361463418937, 54.8434569686065], [-1.62351131747102, 54.8368121389792], [-1.61800070725408, 54.8395385228592], [-1.60685793116474, 54.8319194232602], [-1.59704274751473, 54.8338112768701], [-1.59881309087049, 54.8356620453563], [-1.58194972866483, 54.8351486967728], [-1.57497738001416, 54.8326936919971], [-1.57070259810603, 54.8342481980831], [-1.5584781598195, 54.8304356820882], [-1.55694797143992, 54.8257610925191], [-1.5703195228142, 54.8244312651805], [-1.57300439088929, 54.8200953406092], [-1.57761231798627, 54.822772935031], [-1.58965435190568, 54.8213533269391], [-1.59249544271589, 54.8170526069784], [-1.58849138612563, 54.8086072509178], [-1.60208521597372, 54.8018991446648], [-1.5988332776819, 54.7923404136793], [-1.60455518625264, 54.7920086046125], [-1.60852239482609, 54.790563000594], [-1.62528712405699, 54.7968038942415], [-1.63409115609667, 54.7938094307713], [-1.63903304962528, 54.795645768123], [-1.64209188497969, 54.7923459642372], [-1.64606004540939, 54.7952817352607], [-1.6567765587758, 54.7924682548614], [-1.66624967597045, 54.8013085940754], [-1.65650808263873, 54.8037912863924], [-1.65146439026038, 54.8000323776623], [-1.65466473540716, 54.8065269470337], [-1.65521444937457, 54.8155993942288], [-1.66664368826312, 54.826409500164], [-1.66017268501238, 54.8356934332006], [-1.66157473078765, 54.8417557658155], [-1.65381906606067, 54.8488944369045], [-1.65568537145209, 54.8566927035906], [-1.66689989483532, 54.8546993323531], [-1.66986788619398, 54.8568902040185], [-1.6617861001557, 54.8640336353657], [-1.66283952255372, 54.8692326604634], [-1.65649602805898, 54.8695219695812], [-1.6517948742034, 54.8654936223184], [-1.64186962484314, 54.8671392318727], [-1.64206971528999, 54.8704210383577], [-1.63830700997277, 54.8583775980339], [-1.62871080087114, 54.8548736330801], [-1.61588155141201, 54.8549307650813], [-1.61170584207139, 54.8478039910174]]]}, "properties": {"FID": 6755, "WD25CD": "E05016190", "WD25NM": "Sacriston & Witton Gilbert", "WD25NMW": " ", "LAD25CD": "E06000047", "LAD25NM": "County Durham", "BNG_E": 425011, "BNG_N": 548470, "LONG": -1.612199, "LAT": 54.83045, "GlobalID": "2aed3128-0c9b-4bef-8740-70d841827f96", "winning_party": "Reform UK", "total_votes": 4857, "reform_uk_votes": 2111, "labour_votes": 1053, "libdem_votes": 1516, "conservative_votes": 0, "green_votes": 177, "independent_votes": 0, "other_votes": 0, "reform_uk_pct": 43.5, "labour_pct": 21.7, "libdem_pct": 31.2, "conservative_pct": 0.0, "green_pct": 3.6, "independent_pct": 0.0, "turnout_pct": 32.71}}, {"type": "Feature", "id": 6756, "geometry": {"type": "Polygon", "coordinates": [[[-1.32563141071227, 54.8325555413162], [-1.34674072690816, 54.838914990248], [-1.36750983841935, 54.8380335429197], [-1.36640448997521, 54.8320617342015], [-1.39546659928139, 54.8323286501455], [-1.40013517051755, 54.830344340874], [-1.39848035704288, 54.8249982119237], [-1.413121966701, 54.8245589763599], [-1.42163118258217, 54.8384707526125], [-1.41201332727798, 54.841895710557], [-1.41354692818055, 54.8448776512901], [-1.38166346329554, 54.8471597016359], [-1.3689605473239, 54.8576550398063], [-1.34742279717278, 54.8605935117639], [-1.33593835822925, 54.8441614797239], [-1.3354851666986, 54.8437743320829], [-1.3298236838879, 54.8389371537502], [-1.32140203144164, 54.8376640787983], [-1.32089098427849, 54.8375634503815], [-1.32934628775083, 54.8379612984564], [-1.3246087849872, 54.8348598696603], [-1.32155330945532, 54.8367678496258], [-1.32563141071227, 54.8325555413162]]]}, "properties": {"FID": 6756, "WD25CD": "E05016191", "WD25NM": "Seaham", "WD25NMW": " ", "LAD25CD": "E06000047", "LAD25NM": "County Durham", "BNG_E": 440436, "BNG_N": 549849, "LONG": -1.371905, "LAT": 54.84184, "GlobalID": "854a4e6a-e7d0-4eab-a64b-8ec86e32589b", "winning_party": "Reform UK", "total_votes": 5739, "reform_uk_votes": 2364, "labour_votes": 1438, "libdem_votes": 87, "conservative_votes": 266, "green_votes": 151, "independent_votes": 0, "other_votes": 1433, "reform_uk_pct": 41.2, "labour_pct": 25.1, "libdem_pct": 1.5, "conservative_pct": 4.6, "green_pct": 2.6, "independent_pct": 0.0, "turnout_pct": 34.26}}, {"type": "Feature", "id": 6757, "geometry": {"type": "Polygon", "coordinates": [[[-1.44838605972363, 54.6988845622881], [-1.43003199149127, 54.692390304923], [-1.42869443693149, 54.6887084507817], [-1.3994349057186, 54.6813712671336], [-1.38070780553024, 54.6842051526242], [-1.37516033920157, 54.6913510733251], [-1.36903682216788, 54.6922966341125], [-1.34460276908376, 54.690826265503], [-1.33449018998271, 54.6890177013234], [-1.33094416840882, 54.6821617184272], [-1.33306463906303, 54.6726135520118], [-1.34354391967703, 54.6686115404067], [-1.34787134473742, 54.6624292314929], [-1.34122267082448, 54.6502432606996], [-1.38376395297565, 54.6462430013827], [-1.38084708286666, 54.6438022238506], [-1.39044825228655, 54.6391350522173], [-1.38827125280429, 54.6316031240965], [-1.39550976562977, 54.6310975399563], [-1.39423518707524, 54.6288822524917], [-1.40159877406217, 54.6263593079762], [-1.39915808958827, 54.624129326371], [-1.40477977900409, 54.6240456380954], [-1.41253632830273, 54.6168008789531], [-1.4261707721545, 54.6115187465554], [-1.42996989703098, 54.615322786888], [-1.44219322725007, 54.6102505059691], [-1.45089749591544, 54.6105583859287], [-1.45078576373183, 54.6046985262307], [-1.43835548898022, 54.5950796110357], [-1.44340117937859, 54.5906238611258], [-1.45170547077754, 54.5908279798708], [-1.45612279802525, 54.5992909399044], [-1.46019687184838, 54.5968256281525], [-1.46889627286383, 54.6005275120293], [-1.51402995067574, 54.5953554691059], [-1.52640318080818, 54.5964860447416], [-1.55864448318351, 54.5921168474943], [-1.55782331521345, 54.6006521861281], [-1.55007619090171, 54.6078221486135], [-1.54008948049514, 54.6120489733343], [-1.52646553909452, 54.6116766513798], [-1.51981763517048, 54.6146764153525], [-1.5236970343517, 54.6227168022399], [-1.54025391423939, 54.6309954679223], [-1.54255023264328, 54.6385620375031], [-1.5402883844562, 54.6499816427861], [-1.52107151037916, 54.6615932885426], [-1.50711791908367, 54.663745787016], [-1.51000518603965, 54.6684614847482], [-1.52629152662149, 54.6749936958722], [-1.51680121969235, 54.680267585987], [-1.52168265080305, 54.6863694590997], [-1.50524094447822, 54.6873418453242], [-1.50660013077916, 54.6914156470605], [-1.48283162963824, 54.6971957853487], [-1.49381183624226, 54.7080583830192], [-1.47100573230751, 54.6983903600103], [-1.44838605972363, 54.6988845622881]]]}, "properties": {"FID": 6757, "WD25CD": "E05016192", "WD25NM": "Sedgefield", "WD25NMW": " ", "LAD25CD": "E06000047", "LAD25NM": "County Durham", "BNG_E": 435377, "BNG_N": 528369, "LONG": -1.453279, "LAT": 54.6492, "GlobalID": "fcc3446d-f9c2-489e-8229-79cd40722f63", "winning_party": "Reform UK", "total_votes": 5629, "reform_uk_votes": 2041, "labour_votes": 1030, "libdem_votes": 222, "conservative_votes": 624, "green_votes": 340, "independent_votes": 1372, "other_votes": 0, "reform_uk_pct": 36.3, "labour_pct": 18.3, "libdem_pct": 3.9, "conservative_pct": 11.1, "green_pct": 6.0, "independent_pct": 24.4, "turnout_pct": 39.38}}, {"type": "Feature", "id": 6758, "geometry": {"type": "Polygon", "coordinates": [[[-1.60948249097045, 54.6580588843018], [-1.61143636339648, 54.6436576562472], [-1.60484059585885, 54.6418407974992], [-1.60600597720578, 54.6387746763492], [-1.61262133360587, 54.6391419359056], [-1.6185054416542, 54.6191675582644], [-1.63139600491925, 54.618456957195], [-1.63323944560457, 54.6161278330146], [-1.64162851146495, 54.6193656800215], [-1.65703966337823, 54.6154732853849], [-1.68242215879617, 54.6177711325625], [-1.68477388959906, 54.636059837947], [-1.68464479787345, 54.6361196953171], [-1.67970473999379, 54.6356682413776], [-1.68082823890662, 54.6401690113891], [-1.67130139801098, 54.6491085978948], [-1.66145928815588, 54.6485478613514], [-1.66576946411104, 54.6555055721824], [-1.65805420285917, 54.6560089707655], [-1.6546428430332, 54.6612434616677], [-1.63744480599634, 54.6796569832212], [-1.63592744393295, 54.6768980074719], [-1.62612472394547, 54.6764009640803], [-1.61174540683629, 54.6785548669521], [-1.60501429340088, 54.6798811211149], [-1.60325357507929, 54.6778516198842], [-1.60622905721192, 54.6755103508561], [-1.60184877269107, 54.6659414476462], [-1.60948249097045, 54.6580588843018]]]}, "properties": {"FID": 6758, "WD25CD": "E05016193", "WD25NM": "Shildon & Dene Valley", "WD25NMW": " ", "LAD25CD": "E06000047", "LAD25NM": "County Durham", "BNG_E": 423113, "BNG_N": 528039, "LONG": -1.643357, "LAT": 54.64694, "GlobalID": "781a5b62-b74f-4cc5-b33b-203669e1c90a", "winning_party": "Reform UK", "total_votes": 10710, "reform_uk_votes": 6435, "labour_votes": 2422, "libdem_votes": 725, "conservative_votes": 503, "green_votes": 0, "independent_votes": 625, "other_votes": 0, "reform_uk_pct": 60.1, "labour_pct": 22.6, "libdem_pct": 6.8, "conservative_pct": 4.7, "green_pct": 0.0, "independent_pct": 5.8, "turnout_pct": 32.26}}, {"type": "Feature", "id": 6759, "geometry": {"type": "Polygon", "coordinates": [[[-1.59819699001035, 54.693179722711], [-1.60132949530407, 54.6877755261086], [-1.61219287828829, 54.68366414823], [-1.61174540683629, 54.6785548669521], [-1.62612472394547, 54.6764009640803], [-1.63592744393295, 54.6768980074719], [-1.63744480599634, 54.6796569832212], [-1.6546428430332, 54.6612434616677], [-1.65611976252261, 54.6644824518644], [-1.66663691868306, 54.6639527393485], [-1.66501765205246, 54.6691444293919], [-1.67066048912345, 54.6738796332731], [-1.68234430738366, 54.6735430682266], [-1.68535023304142, 54.6794829874458], [-1.67610816684182, 54.6918127552022], [-1.69295418288029, 54.6914465641408], [-1.68905466175581, 54.7033475524999], [-1.64828812619208, 54.7078853477211], [-1.64387773872958, 54.7130191307086], [-1.62590749002049, 54.7174287976734], [-1.61517050145661, 54.7122647454439], [-1.60845868293416, 54.7132687344613], [-1.6038915641319, 54.7048730306888], [-1.60807847554314, 54.699099141684], [-1.59819699001035, 54.693179722711]]]}, "properties": {"FID": 6759, "WD25CD": "E05016194", "WD25NM": "Spennymoor", "WD25NMW": " ", "LAD25CD": "E06000047", "LAD25NM": "County Durham", "BNG_E": 423440, "BNG_N": 532757, "LONG": -1.637914, "LAT": 54.68933, "GlobalID": "624c48f2-593e-462a-b32c-4c4fc337de57", "winning_party": "Independent", "total_votes": 5914, "reform_uk_votes": 1801, "labour_votes": 768, "libdem_votes": 1010, "conservative_votes": 167, "green_votes": 0, "independent_votes": 2168, "other_votes": 0, "reform_uk_pct": 30.5, "labour_pct": 13.0, "libdem_pct": 17.1, "conservative_pct": 2.8, "green_pct": 0.0, "independent_pct": 36.7, "turnout_pct": 34.47}}, {"type": "Feature", "id": 6760, "geometry": {"type": "Polygon", "coordinates": [[[-1.67634414850584, 54.9050335216825], [-1.67813374056093, 54.899845098913], [-1.66303591772849, 54.8959393843326], [-1.65995094724449, 54.8906648253327], [-1.66560112891999, 54.8859177518299], [-1.66525060868152, 54.8766851967872], [-1.65778674388935, 54.8756381338507], [-1.66408481304531, 54.8729445779928], [-1.66283952255372, 54.8692326604634], [-1.6617861001557, 54.8640336353657], [-1.66986788619398, 54.8568902040185], [-1.67715464818856, 54.8656848082775], [-1.68687379525405, 54.8677429758097], [-1.6918009576797, 54.8621176980135], [-1.70309370797505, 54.8625472052914], [-1.69991616453301, 54.8656244395051], [-1.70569969518846, 54.8666602732632], [-1.71356175611615, 54.8758016528012], [-1.70351936579972, 54.8801110253114], [-1.69750138232643, 54.8900400809095], [-1.67627778255675, 54.905340674591], [-1.67634414850584, 54.9050335216825]]]}, "properties": {"FID": 6760, "WD25CD": "E05016195", "WD25NM": "Stanley", "WD25NMW": " ", "LAD25CD": "E06000047", "LAD25NM": "County Durham", "BNG_E": 420255, "BNG_N": 554228, "LONG": -1.685831, "LAT": 54.88241, "GlobalID": "b1eec097-2bd6-479f-acec-500eecc99454", "winning_party": "Reform UK", "total_votes": 4484, "reform_uk_votes": 2702, "labour_votes": 1241, "libdem_votes": 154, "conservative_votes": 117, "green_votes": 0, "independent_votes": 270, "other_votes": 0, "reform_uk_pct": 60.3, "labour_pct": 27.7, "libdem_pct": 3.4, "conservative_pct": 2.6, "green_pct": 0.0, "independent_pct": 6.0, "turnout_pct": 30.86}}, {"type": "Feature", "id": 6761, "geometry": {"type": "Polygon", "coordinates": [[[-1.38630279157814, 54.7436940008989], [-1.39240327773598, 54.7382644565136], [-1.40086746730728, 54.7384961985149], [-1.39915790744485, 54.7214669673217], [-1.40611593842917, 54.7224376397646], [-1.40560677364392, 54.7255050054002], [-1.41453494206865, 54.7297811722405], [-1.42547450309988, 54.7295584617601], [-1.43202813614536, 54.7353829540998], [-1.43211200378578, 54.7326091611871], [-1.46268930925113, 54.7344433171395], [-1.46544634032946, 54.7374704458428], [-1.45827102856552, 54.7391012250395], [-1.4565611993302, 54.74698022262], [-1.43419993829114, 54.7563022998229], [-1.41645116807349, 54.7518282888598], [-1.38984579480996, 54.7517675141682], [-1.38630279157814, 54.7436940008989]]]}, "properties": {"FID": 6761, "WD25CD": "E05016196", "WD25NM": "Thornley & Wheatley Hill", "WD25NMW": " ", "LAD25CD": "E06000047", "LAD25NM": "County Durham", "BNG_E": 437097, "BNG_N": 538370, "LONG": -1.425357, "LAT": 54.73895, "GlobalID": "bb589ce0-d611-49ff-be85-9438fd4a4efc", "winning_party": "Reform UK", "total_votes": 1414, "reform_uk_votes": 921, "labour_votes": 375, "libdem_votes": 65, "conservative_votes": 53, "green_votes": 0, "independent_votes": 0, "other_votes": 0, "reform_uk_pct": 65.1, "labour_pct": 26.5, "libdem_pct": 4.6, "conservative_pct": 3.7, "green_pct": 0.0, "independent_pct": 0.0, "turnout_pct": 32.51}}, {"type": "Feature", "id": 6762, "geometry": {"type": "Polygon", "coordinates": [[[-1.37593260546835, 54.7415733388039], [-1.36660601388716, 54.7330685649164], [-1.36507982846883, 54.7252035538405], [-1.35361026672198, 54.7261237799696], [-1.35172406185044, 54.721125117769], [-1.35963137240404, 54.7038453574214], [-1.35717709458155, 54.701052415185], [-1.36512158190866, 54.6988853413854], [-1.36903682216788, 54.6922966341125], [-1.37516033920157, 54.6913510733251], [-1.38070780553024, 54.6842051526242], [-1.3994349057186, 54.6813712671336], [-1.42869443693149, 54.6887084507817], [-1.43003199149127, 54.692390304923], [-1.44838605972363, 54.6988845622881], [-1.45403980427475, 54.7094307908739], [-1.43990876349561, 54.7116832087897], [-1.43503887482004, 54.7184562919771], [-1.42884905394043, 54.7198176019443], [-1.43211200378578, 54.7326091611871], [-1.43202813614536, 54.7353829540998], [-1.42547450309988, 54.7295584617601], [-1.41453494206865, 54.7297811722405], [-1.40560677364392, 54.7255050054002], [-1.40611593842917, 54.7224376397646], [-1.39915790744485, 54.7214669673217], [-1.40086746730728, 54.7384961985149], [-1.39240327773598, 54.7382644565136], [-1.38630279157814, 54.7436940008989], [-1.37593260546835, 54.7415733388039]]]}, "properties": {"FID": 6762, "WD25CD": "E05016197", "WD25NM": "Trimdon & Wingate", "WD25NMW": " ", "LAD25CD": "E06000047", "LAD25NM": "County Durham", "BNG_E": 438963, "BNG_N": 535448, "LONG": -1.396768, "LAT": 54.71255, "GlobalID": "4686bda5-8259-47a2-b41f-c9b56acf8ed5", "winning_party": "Reform UK", "total_votes": 4809, "reform_uk_votes": 2532, "labour_votes": 1457, "libdem_votes": 186, "conservative_votes": 120, "green_votes": 0, "independent_votes": 0, "other_votes": 514, "reform_uk_pct": 52.7, "labour_pct": 30.3, "libdem_pct": 3.9, "conservative_pct": 2.5, "green_pct": 0.0, "independent_pct": 0.0, "turnout_pct": 31.43}}, {"type": "Feature", "id": 6763, "geometry": {"type": "Polygon", "coordinates": [[[-1.56505264645222, 54.7055116818906], [-1.56232894725927, 54.696623309953], [-1.58206197003398, 54.6969975443343], [-1.58798790097197, 54.6906618651661], [-1.59819699001035, 54.693179722711], [-1.60807847554314, 54.699099141684], [-1.6038915641319, 54.7048730306888], [-1.60845868293416, 54.7132687344613], [-1.61517050145661, 54.7122647454439], [-1.62590749002049, 54.7174287976734], [-1.6178354781565, 54.7247014824946], [-1.60546564778295, 54.7289035219552], [-1.59604796103824, 54.7302244440935], [-1.59857349181905, 54.7273697552628], [-1.58175051117258, 54.7180647652977], [-1.57532557165924, 54.7194695287484], [-1.56505264645222, 54.7055116818906]]]}, "properties": {"FID": 6763, "WD25CD": "E05016198", "WD25NM": "Tudhoe", "WD25NMW": " ", "LAD25CD": "E06000047", "LAD25NM": "County Durham", "BNG_E": 426250, "BNG_N": 535011, "LONG": -1.594122, "LAT": 54.70944, "GlobalID": "d5f3f483-15f7-4523-b904-df0d3871e3d3", "winning_party": "Independent", "total_votes": 4597, "reform_uk_votes": 1573, "labour_votes": 891, "libdem_votes": 269, "conservative_votes": 171, "green_votes": 0, "independent_votes": 1693, "other_votes": 0, "reform_uk_pct": 34.2, "labour_pct": 19.4, "libdem_pct": 5.9, "conservative_pct": 3.7, "green_pct": 0.0, "independent_pct": 36.8, "turnout_pct": 31.23}}, {"type": "Feature", "id": 6764, "geometry": {"type": "Polygon", "coordinates": [[[-1.97705533814922, 54.6725410746494], [-1.98054046007885, 54.6576435857348], [-1.97161135038759, 54.6454551713756], [-1.94248462106212, 54.6362390585383], [-1.96068962690212, 54.6377496914381], [-1.96408206207183, 54.6223152292577], [-1.95964301182205, 54.6164859600743], [-1.95635414559859, 54.6120643057881], [-1.96263575415268, 54.6015233241231], [-1.95312556529595, 54.5960911521838], [-1.91287303268936, 54.5990508458434], [-1.88452914041757, 54.5962592339138], [-1.88326091435632, 54.5921636916323], [-1.88738563271441, 54.5931498260689], [-1.8970928093455, 54.5775225271777], [-1.90653312240441, 54.5711540872013], [-1.90161368278773, 54.5675762198073], [-1.9032649842707, 54.5658152118076], [-1.90982705935939, 54.5679123933533], [-1.90553859120707, 54.5664236085921], [-1.91403582111755, 54.5573308410643], [-1.92367455558469, 54.5559668205541], [-1.92472694351572, 54.5528724289834], [-1.92979689339415, 54.5453113186163], [-1.95320631069055, 54.5424881278857], [-1.96035293359437, 54.5350064592855], [-1.95821074284828, 54.5305474268442], [-1.95254437240809, 54.52787085158], [-1.94158753663886, 54.5291925286504], [-1.9431106989134, 54.5271685674739], [-1.93369912525393, 54.5274316301054], [-1.93230435994606, 54.5242450612055], [-1.91278493244081, 54.5206190042869], [-1.89329447947283, 54.5220108406492], [-1.88484015451693, 54.525560065219], [-1.85420619204832, 54.5248055647207], [-1.86202701168603, 54.5067960736028], [-1.86202485265998, 54.5037450191016], [-1.85780051144888, 54.503539794396], [-1.85912998438283, 54.4818579024252], [-1.86725507782232, 54.4821169159422], [-1.87760324451019, 54.4780495566969], [-1.89343027732002, 54.4668982622119], [-1.94254323627035, 54.4533953541015], [-1.97005959181258, 54.4515215410208], [-1.97612526417875, 54.4597287832746], [-1.98553943940134, 54.4599252873807], [-1.99676437249469, 54.4669034483454], [-2.04472952149334, 54.4751862733078], [-2.04319843418637, 54.4835994475386], [-2.06128930394723, 54.4805575869358], [-2.08639658819696, 54.4683928867806], [-2.11659617374357, 54.4622634779758], [-2.15012069733666, 54.4599634777538], [-2.15926758918667, 54.4554834833023], [-2.17021302340634, 54.4581987846828], [-2.15938983654751, 54.4710919554519], [-2.16647021230166, 54.4899079300345], [-2.16239333141251, 54.5039428001019], [-2.16870453079298, 54.5196520986942], [-2.17449248079035, 54.5217270436993], [-2.17239803091537, 54.5324441152957], [-2.18228608321106, 54.5358553612135], [-2.19753056810017, 54.5327039650371], [-2.21014254095128, 54.5436582505962], [-2.20948818801938, 54.5517133723259], [-2.24596214870616, 54.565062685696], [-2.27093649252133, 54.5821991445047], [-2.30451453732035, 54.5961978451873], [-2.3087580280871, 54.6118832747256], [-2.32493776754246, 54.6316502361691], [-2.28797868797798, 54.6504801032182], [-2.29287495116333, 54.6638852911182], [-2.30339697405212, 54.6668241107937], [-2.30331719424786, 54.6696299330074], [-2.32756945568455, 54.6708733962367], [-2.32710665556777, 54.6736667959364], [-2.33561634592756, 54.6753275680513], [-2.35159375318484, 54.6857364060566], [-2.3554731400299, 54.6971977531255], [-2.34438205187696, 54.7017721122644], [-2.34209502710379, 54.7161480286359], [-2.32574674351607, 54.7266292296878], [-2.32113984944987, 54.7223180825862], [-2.30546112139676, 54.7262497704075], [-2.27925980129558, 54.7181244631786], [-2.26638463482594, 54.7178865587827], [-2.2584644706575, 54.708157790037], [-2.22876345266047, 54.7167476208637], [-2.20303165713215, 54.7042230874029], [-2.19462618663424, 54.705966870494], [-2.19217210069226, 54.6950871026054], [-2.15916182588996, 54.6936072939628], [-2.14617357470825, 54.6957912648648], [-2.11472460376139, 54.6875917397646], [-2.08080965579866, 54.6945722292637], [-2.04708902298645, 54.6851480669881], [-2.02580472798507, 54.6846046200897], [-2.00548371365919, 54.6804529093045], [-1.98957971001458, 54.6843321803921], [-1.97705533814922, 54.6725410746494]]]}, "properties": {"FID": 6764, "WD25CD": "E05016199", "WD25NM": "Upper Teesdale", "WD25NMW": " ", "LAD25CD": "E06000047", "LAD25NM": "County Durham", "BNG_E": 394425, "BNG_N": 521564, "LONG": -2.087792, "LAT": 54.58924, "GlobalID": "c2c53fc5-3092-4ead-ba9b-73af4c180ab0", "winning_party": "The Conservative Party", "total_votes": 1770, "reform_uk_votes": 522, "labour_votes": 253, "libdem_votes": 84, "conservative_votes": 808, "green_votes": 103, "independent_votes": 0, "other_votes": 0, "reform_uk_pct": 29.5, "labour_pct": 14.3, "libdem_pct": 4.7, "conservative_pct": 45.6, "green_pct": 5.8, "independent_pct": 0.0, "turnout_pct": 48.13}}, {"type": "Feature", "id": 6765, "geometry": {"type": "Polygon", "coordinates": [[[-1.90505150985845, 54.8415691576507], [-1.9078634687474, 54.8340322500627], [-1.90336400283136, 54.8206043733236], [-1.90011113685991, 54.8214608468925], [-1.90294700701791, 54.8178536654207], [-1.89876683882609, 54.8156796857944], [-1.89794629065263, 54.8204248968165], [-1.89297558306409, 54.8177244378942], [-1.87301745479497, 54.8227821905376], [-1.86990408220188, 54.8150883374516], [-1.87148428150229, 54.807165577257], [-1.89221885319789, 54.8061847017248], [-1.89821339299106, 54.8004745353387], [-1.89004251269624, 54.7963920553078], [-1.89942818322587, 54.7992399123714], [-1.91605687690107, 54.7965341119485], [-1.88134165677688, 54.7784243957976], [-1.8587531623536, 54.7710572676123], [-1.84062677910579, 54.7570042474187], [-1.810017703651, 54.7514478227608], [-1.80662233573443, 54.7466131458774], [-1.79509534223242, 54.7472806656301], [-1.78899480106146, 54.7416421403497], [-1.78593052961197, 54.7283197953751], [-1.79865875496239, 54.7141385299236], [-1.783813105811, 54.7039824607591], [-1.78766978306795, 54.6877377248851], [-1.79386288917099, 54.684808858176], [-1.79042136291268, 54.6820081122729], [-1.80486324448805, 54.6873612230057], [-1.82243009517806, 54.7088239661739], [-1.87046842637946, 54.7002547885686], [-1.88536284546631, 54.6926384549217], [-1.91626747073967, 54.6844992764951], [-1.92201045464143, 54.6799343305921], [-1.94692558300396, 54.6774276913086], [-1.94789895424373, 54.6705408536151], [-1.97705533814922, 54.6725410746494], [-1.98957971001458, 54.6843321803921], [-2.00548371365919, 54.6804529093045], [-2.02580472798507, 54.6846046200897], [-2.04708902298645, 54.6851480669881], [-2.08080965579866, 54.6945722292637], [-2.11472460376139, 54.6875917397646], [-2.14617357470825, 54.6957912648648], [-2.15916182588996, 54.6936072939628], [-2.19217210069226, 54.6950871026054], [-2.19462618663424, 54.705966870494], [-2.20303165713215, 54.7042230874029], [-2.22876345266047, 54.7167476208637], [-2.2584644706575, 54.708157790037], [-2.26638463482594, 54.7178865587827], [-2.27925980129558, 54.7181244631786], [-2.30546112139676, 54.7262497704075], [-2.32113984944987, 54.7223180825862], [-2.32574674351607, 54.7266292296878], [-2.33230578332374, 54.7319961446206], [-2.32082249854183, 54.7550039074844], [-2.32247866430232, 54.7639707182398], [-2.3084868101346, 54.7735427971225], [-2.31392402962035, 54.7811134309462], [-2.31208952139602, 54.7910150459368], [-2.29298604799158, 54.793165505442], [-2.28267781083991, 54.7982520758217], [-2.24866276990877, 54.7879598588522], [-2.23552068865403, 54.7867972942421], [-2.23406406973811, 54.7841652205937], [-2.21890675191817, 54.7823773828398], [-2.19860065839177, 54.8067362773851], [-2.17741628749138, 54.8068211376792], [-2.16947003967283, 54.8036099733555], [-2.16426480622105, 54.8158278498117], [-2.14313048753368, 54.8269592158224], [-2.13978896462199, 54.8418707198511], [-2.10381573208454, 54.840208600365], [-2.09745115418501, 54.8367802226876], [-2.08257516389669, 54.8381692430876], [-2.06804471005933, 54.8447769748421], [-2.03965493918131, 54.8482409855982], [-2.02640688379386, 54.8586835454217], [-2.00096698452765, 54.8696677119594], [-1.98023634067633, 54.8681834567993], [-1.97069318131533, 54.8634889406369], [-1.97476636329544, 54.8620637558529], [-1.97246515964282, 54.8602426280666], [-1.94930606160323, 54.8529789453875], [-1.93765528051469, 54.8518297818395], [-1.93261549256872, 54.8541608355202], [-1.93184039464775, 54.8508453281475], [-1.92186086879236, 54.8492657146745], [-1.92098661260565, 54.8424519754545], [-1.92713424142272, 54.8411655450627], [-1.91811262088859, 54.8407513260475], [-1.92086882110867, 54.8379995714201], [-1.91587156669457, 54.8340504460227], [-1.91101296312049, 54.8366102443995], [-1.91410884778751, 54.8394797166976], [-1.90505150985845, 54.8415691576507]]]}, "properties": {"FID": 6765, "WD25CD": "E05016200", "WD25NM": "Weardale", "WD25NMW": " ", "LAD25CD": "E06000047", "LAD25NM": "County Durham", "BNG_E": 394534, "BNG_N": 541714, "LONG": -2.086492, "LAT": 54.77032, "GlobalID": "c24fc2ee-b7f4-4d95-9ed7-56cf15b51035", "winning_party": "Independent", "total_votes": 6751, "reform_uk_votes": 2068, "labour_votes": 483, "libdem_votes": 135, "conservative_votes": 1252, "green_votes": 267, "independent_votes": 2546, "other_votes": 0, "reform_uk_pct": 30.6, "labour_pct": 7.2, "libdem_pct": 2.0, "conservative_pct": 18.5, "green_pct": 4.0, "independent_pct": 37.7, "turnout_pct": 47.45}}, {"type": "Feature", "id": 6766, "geometry": {"type": "Polygon", "coordinates": [[[-1.71693689888383, 54.672091822437], [-1.70520319366074, 54.6684710506454], [-1.69443743368662, 54.6596492456318], [-1.70277646948765, 54.6473960128155], [-1.68464479787345, 54.6361196953171], [-1.68477388959906, 54.636059837947], [-1.69814192847338, 54.6297473929843], [-1.7078366449587, 54.632649507511], [-1.70915944929782, 54.6275949271319], [-1.72079492108575, 54.6250456637501], [-1.73205259545057, 54.6291895537218], [-1.72920453018315, 54.6333764482153], [-1.72444920527245, 54.6335329911758], [-1.73122759905701, 54.6390389409951], [-1.72563080586298, 54.6421232986103], [-1.72887532192716, 54.6445839085869], [-1.73452406400379, 54.6426340514086], [-1.74531334217407, 54.6450322279811], [-1.74442085926175, 54.641167619714], [-1.75733034421045, 54.6421769403183], [-1.75245629644152, 54.6464214182794], [-1.75805305501578, 54.6480467220036], [-1.76715555797623, 54.6454007428311], [-1.77221140945576, 54.6471510436321], [-1.76922169717649, 54.6519020473353], [-1.74402205669816, 54.6532814949903], [-1.7484456120675, 54.6600864324911], [-1.74127774726961, 54.6610689380634], [-1.73825621622178, 54.6723128885127], [-1.72967024726902, 54.6730543721396], [-1.72907196336107, 54.669235531984], [-1.71693689888383, 54.672091822437]]]}, "properties": {"FID": 6766, "WD25CD": "E05016201", "WD25NM": "West Auckland", "WD25NMW": " ", "LAD25CD": "E06000047", "LAD25NM": "County Durham", "BNG_E": 417156, "BNG_N": 528254, "LONG": -1.735655, "LAT": 54.64911, "GlobalID": "13409a87-5ccb-4409-82d4-0f1525fc52c1", "winning_party": "Reform UK", "total_votes": 5270, "reform_uk_votes": 2740, "labour_votes": 1780, "libdem_votes": 167, "conservative_votes": 230, "green_votes": 118, "independent_votes": 235, "other_votes": 0, "reform_uk_pct": 52.0, "labour_pct": 33.8, "libdem_pct": 3.2, "conservative_pct": 4.4, "green_pct": 2.2, "independent_pct": 4.5, "turnout_pct": 34.23}}, {"type": "Feature", "id": 6767, "geometry": {"type": "Polygon", "coordinates": [[[-1.60546564778295, 54.7289035219552], [-1.6178354781565, 54.7247014824946], [-1.62590749002049, 54.7174287976734], [-1.64387773872958, 54.7130191307086], [-1.64828812619208, 54.7078853477211], [-1.68905466175581, 54.7033475524999], [-1.69295418288029, 54.6914465641408], [-1.67610816684182, 54.6918127552022], [-1.68535023304142, 54.6794829874458], [-1.68234430738366, 54.6735430682266], [-1.70509301271529, 54.6747596355163], [-1.72547114650084, 54.68580514916], [-1.72044660813982, 54.693578847717], [-1.73806300509683, 54.7043872413419], [-1.7295592490021, 54.7122015254916], [-1.73658712601512, 54.7273987557036], [-1.72687316624238, 54.7290480194448], [-1.73474356865704, 54.7310522242523], [-1.74034821165091, 54.7428869192191], [-1.73105696407111, 54.7501117560446], [-1.72064291028666, 54.7521598543246], [-1.71835268620021, 54.7490488622481], [-1.70104330375274, 54.7473416170327], [-1.70281962053394, 54.7525680434707], [-1.70009009150105, 54.7472727996929], [-1.68152536031436, 54.7467833871006], [-1.67662407062158, 54.7501709782709], [-1.67809920421874, 54.7551555776359], [-1.66613938504053, 54.755855497577], [-1.63988717799177, 54.7421027794579], [-1.63630683418033, 54.7438701988667], [-1.63479588773638, 54.7415179290003], [-1.61908088025387, 54.7418481077689], [-1.61989013277863, 54.7358554280698], [-1.60546564778295, 54.7289035219552]]]}, "properties": {"FID": 6767, "WD25CD": "E05016202", "WD25NM": "Willington & Hunwick", "WD25NMW": " ", "LAD25CD": "E06000047", "LAD25NM": "County Durham", "BNG_E": 420467, "BNG_N": 535531, "LONG": -1.683839, "LAT": 54.71438, "GlobalID": "986cd443-bcc7-47e0-a758-9aaba3ba6c33", "winning_party": "Reform UK", "total_votes": 4952, "reform_uk_votes": 2617, "labour_votes": 1373, "libdem_votes": 308, "conservative_votes": 474, "green_votes": 180, "independent_votes": 0, "other_votes": 0, "reform_uk_pct": 52.8, "labour_pct": 27.7, "libdem_pct": 6.2, "conservative_pct": 9.6, "green_pct": 3.6, "independent_pct": 0.0, "turnout_pct": 38.01}}]}