{"type":"FeatureCollection","features":[{"type":"Feature","properties":{"name":"Easington","label":"146","results":{"1997":{"winning_party":"Lab","con_votes":3588,"lab_votes":33600,"lib_votes":3025,"ruk_votes":0,"grn_votes":0,"oth_votes":1682,"con_pct":8.6,"lab_pct":80.2,"lib_pct":7.2,"ruk_pct":0.0,"grn_pct":0.0,"oth_pct":4.0,"total_votes":41895,"turnout":0.67,"mp_name":"nan"},"2001":{"winning_party":"Lab","con_votes":3411,"lab_votes":25360,"lib_votes":3408,"ruk_votes":0,"grn_votes":0,"oth_votes":831,"con_pct":10.3,"lab_pct":76.8,"lib_pct":10.3,"ruk_pct":0.0,"grn_pct":0.0,"oth_pct":2.5,"total_votes":33010,"turnout":0.536,"mp_name":"nan"},"2005":{"winning_party":"Lab","con_votes":3400,"lab_votes":22733,"lib_votes":4097,"ruk_votes":0,"grn_votes":0,"oth_votes":1625,"con_pct":10.7,"lab_pct":71.4,"lib_pct":12.9,"ruk_pct":0.0,"grn_pct":0.0,"oth_pct":5.1,"total_votes":31855,"turnout":0.519,"mp_name":"nan"}}},"geometry":{"type":"Polygon","coordinates":[[[-1.34986,54.741874],[-1.350533,54.742064],[-1.35119,54.742212],[-1.351428,54.74232],[-1.351537,54.742353],[-1.351984,54.742359],[-1.352558,54.742215],[-1.352835,54.742055],[-1.352766,54.74161],[-1.352905,54.741298],[-1.353023,54.741713],[-1.353216,54.741844],[-1.353431,54.741899],[-1.354001,54.741935],[-1.354433,54.741935],[-1.354814,54.741987],[-1.355145,54.742109],[-1.355463,54.742464],[-1.355712,54.742807],[-1.356227,54.742794],[-1.356132,54.742547],[-1.356432,54.742504],[-1.356653,54.742622],[-1.357055,54.742838],[-1.357201,54.74281],[-1.357386,54.74279],[-1.357563,54.742802],[-1.357831,54.74294],[-1.358042,54.7431],[-1.358191,54.743171],[-1.35864,54.743311],[-1.358855,54.743427],[-1.359048,54.743449],[-1.359383,54.743436],[-1.359563,54.743385],[-1.35969,54.743285],[-1.359831,54.743162],[-1.359764,54.743073],[-1.359392,54.742938],[-1.3592,54.742833],[-1.35916,54.742731],[-1.359292,54.742638],[-1.359606,54.742637],[-1.359988,54.742648],[-1.360217,54.74261],[-1.360411,54.742548],[-1.360598,54.74249],[-1.361075,54.74247],[-1.361575,54.742554],[-1.362966,54.74253],[-1.363339,54.742461],[-1.363756,54.74252],[-1.363899,54.742543],[-1.364404,54.74259],[-1.364831,54.742702],[-1.365309,54.742748],[-1.365624,54.742771],[-1.365829,54.742758],[-1.366026,54.742791],[-1.366369,54.742918],[-1.36651,54.743029],[-1.366615,54.743075],[-1.366854,54.743077],[-1.36743,54.742969],[-1.36831,54.742604],[-1.368904,54.742468],[-1.369084,54.742426],[-1.369253,54.742405],[-1.369578,54.742437],[-1.369727,54.742417],[-1.369998,54.74229],[-1.371567,54.741917],[-1.373207,54.741596],[-1.37432,54.741451],[-1.374813,54.741409],[-1.375865,54.741447],[-1.376393,54.741482],[-1.377363,54.741608],[-1.37832,54.741702],[-1.379258,54.741973],[-1.379917,54.742142],[-1.381554,54.742625],[-1.381961,54.742773],[-1.382551,54.742914],[-1.383018,54.743025],[-1.383873,54.743226],[-1.384255,54.74336],[-1.384916,54.74364],[-1.385703,54.743829],[-1.386467,54.74402],[-1.387877,54.744271],[-1.388051,54.744348],[-1.38809,54.744437],[-1.388067,54.744662],[-1.387729,54.746665],[-1.38752,54.746955],[-1.387459,54.747229],[-1.387465,54.747596],[-1.387576,54.748026],[-1.387616,54.748494],[-1.387608,54.749222],[-1.387677,54.750212],[-1.387848,54.750947],[-1.388176,54.751434],[-1.388238,54.751646],[-1.388578,54.751587],[-1.388712,54.751593],[-1.389055,54.751597],[-1.389638,54.751438],[-1.389806,54.751414],[-1.389912,54.751337],[-1.389904,54.751152],[-1.39004,54.75095],[-1.391013,54.750722],[-1.391512,54.750843],[-1.391782,54.750758],[-1.392006,54.750625],[-1.392245,54.750568],[-1.392561,54.750602],[-1.392754,54.750624],[-1.393139,54.750472],[-1.393491,54.750461],[-1.395207,54.750635],[-1.398345,54.751392],[-1.399869,54.751761],[-1.400566,54.75192],[-1.402882,54.752454],[-1.404044,54.752716],[-1.404914,54.752796],[-1.406698,54.752913],[-1.407189,54.752897],[-1.408853,54.752667],[-1.410075,54.753411],[-1.409528,54.753899],[-1.409485,54.754255],[-1.409456,54.755351],[-1.409651,54.756009],[-1.409449,54.756227],[-1.409683,54.75655],[-1.409837,54.75666],[-1.409842,54.756756],[-1.40951,54.757162],[-1.409339,54.757372],[-1.409004,54.757673],[-1.408068,54.758194],[-1.407535,54.758322],[-1.407057,54.758468],[-1.406591,54.758521],[-1.406301,54.758576],[-1.405213,54.758823],[-1.40533,54.759032],[-1.405566,54.759312],[-1.402741,54.759646],[-1.402246,54.759719],[-1.401909,54.759804],[-1.40179,54.759849],[-1.401697,54.75991],[-1.402004,54.760154],[-1.402882,54.760588],[-1.402993,54.760693],[-1.403166,54.76094],[-1.403585,54.76131],[-1.404372,54.761894],[-1.405117,54.762413],[-1.405569,54.762652],[-1.405744,54.762798],[-1.405973,54.76326],[-1.405946,54.763368],[-1.405848,54.763525],[-1.405857,54.763667],[-1.405948,54.763815],[-1.406157,54.764067],[-1.406196,54.764203],[-1.405905,54.764723],[-1.40583,54.764924],[-1.40584,54.765149],[-1.406286,54.765575],[-1.406591,54.765778],[-1.406709,54.765916],[-1.406801,54.76652],[-1.406647,54.766887],[-1.406481,54.767093],[-1.406267,54.767164],[-1.405929,54.767458],[-1.40581,54.767534],[-1.405394,54.767664],[-1.404732,54.767763],[-1.404479,54.767908],[-1.404384,54.768016],[-1.404339,54.768178],[-1.405724,54.768589],[-1.40664,54.768658],[-1.408351,54.768707],[-1.409036,54.768767],[-1.409739,54.768929],[-1.410662,54.769207],[-1.41242,54.769526],[-1.413862,54.769757],[-1.414585,54.769929],[-1.418149,54.77071],[-1.419642,54.770838],[-1.420833,54.770924],[-1.422272,54.771028],[-1.423235,54.771082],[-1.424292,54.771186],[-1.424943,54.771273],[-1.42612,54.771369],[-1.426611,54.771376],[-1.427955,54.771431],[-1.42842,54.77145],[-1.429362,54.771527],[-1.429892,54.771613],[-1.430651,54.771658],[-1.431632,54.77175],[-1.432036,54.771835],[-1.432608,54.771979],[-1.433797,54.772165],[-1.434538,54.77224],[-1.434808,54.772243],[-1.43502,54.772209],[-1.435207,54.772135],[-1.435351,54.771992],[-1.435505,54.771876],[-1.435727,54.771845],[-1.43609,54.771737],[-1.436647,54.77137],[-1.436927,54.771351],[-1.437197,54.77129],[-1.438256,54.770907],[-1.43879,54.77077],[-1.439772,54.770668],[-1.440504,54.770664],[-1.441306,54.7707],[-1.442139,54.770583],[-1.442372,54.770521],[-1.442802,54.770335],[-1.44296,54.770177],[-1.443669,54.769701],[-1.444042,54.769442],[-1.444511,54.769495],[-1.444853,54.769462],[-1.446205,54.769092],[-1.448366,54.768287],[-1.449055,54.768868],[-1.449807,54.769516],[-1.450443,54.769895],[-1.45107,54.770266],[-1.450876,54.771069],[-1.451175,54.771503],[-1.452533,54.771973],[-1.452802,54.772004],[-1.45331,54.77199],[-1.455391,54.771797],[-1.456163,54.772172],[-1.45693,54.772626],[-1.458586,54.773669],[-1.459017,54.773973],[-1.460738,54.775019],[-1.462407,54.776066],[-1.463835,54.77692],[-1.466273,54.778493],[-1.468055,54.778687],[-1.468425,54.778677],[-1.469391,54.778621],[-1.469823,54.778913],[-1.469192,54.779383],[-1.468733,54.779834],[-1.468512,54.780202],[-1.468172,54.781071],[-1.467876,54.781581],[-1.467805,54.781618],[-1.467391,54.782118],[-1.467891,54.783231],[-1.467764,54.783554],[-1.467751,54.783723],[-1.467733,54.783811],[-1.467316,54.784421],[-1.467071,54.784791],[-1.466782,54.785263],[-1.466222,54.785757],[-1.465982,54.786639],[-1.46594,54.787119],[-1.465942,54.787681],[-1.465807,54.788129],[-1.465933,54.788723],[-1.466916,54.789075],[-1.467297,54.789771],[-1.467124,54.790263],[-1.466866,54.79048],[-1.466296,54.790608],[-1.465228,54.790806],[-1.464193,54.790908],[-1.4625,54.791182],[-1.458679,54.790924],[-1.458212,54.790441],[-1.457852,54.7903],[-1.454777,54.790041],[-1.45444,54.790061],[-1.454325,54.789922],[-1.453729,54.79003],[-1.453287,54.790066],[-1.453118,54.790066],[-1.452675,54.790025],[-1.452391,54.789963],[-1.451904,54.789756],[-1.451754,54.789728],[-1.451526,54.789758],[-1.45139,54.789721],[-1.451032,54.789512],[-1.450891,54.789491],[-1.450354,54.789493],[-1.450015,54.789479],[-1.44988,54.789423],[-1.449683,54.789273],[-1.449372,54.789147],[-1.449118,54.78911],[-1.448465,54.789151],[-1.448086,54.789092],[-1.447923,54.788924],[-1.447866,54.788897],[-1.447575,54.788859],[-1.447279,54.788712],[-1.447166,54.788685],[-1.446735,54.78875],[-1.446419,54.788993],[-1.446242,54.789216],[-1.445994,54.789479],[-1.445952,54.789655],[-1.445888,54.789695],[-1.445563,54.789783],[-1.445366,54.789868],[-1.445318,54.789943],[-1.4452,54.790233],[-1.444921,54.790413],[-1.44452,54.790523],[-1.444272,54.790791],[-1.444228,54.79083],[-1.444058,54.790915],[-1.444069,54.791032],[-1.443865,54.791097],[-1.442735,54.791574],[-1.441032,54.792035],[-1.440499,54.7922],[-1.439687,54.792601],[-1.439276,54.792847],[-1.438715,54.793254],[-1.438208,54.793752],[-1.437825,54.793874],[-1.437238,54.793965],[-1.436046,54.794109],[-1.436139,54.795128],[-1.436106,54.795456],[-1.435539,54.795706],[-1.435198,54.795933],[-1.435028,54.796149],[-1.434978,54.796443],[-1.434899,54.797142],[-1.434896,54.797509],[-1.435117,54.798468],[-1.435593,54.799732],[-1.435925,54.800413],[-1.435506,54.800518],[-1.435057,54.800575],[-1.434288,54.800695],[-1.432891,54.800758],[-1.432251,54.800838],[-1.430656,54.800985],[-1.429555,54.801203],[-1.428613,54.80144],[-1.428125,54.801132],[-1.427534,54.800983],[-1.426712,54.801257],[-1.425671,54.8016],[-1.425057,54.801846],[-1.424201,54.802205],[-1.422984,54.802866],[-1.4223,54.803087],[-1.421803,54.803123],[-1.421418,54.803113],[-1.420977,54.803064],[-1.420875,54.803125],[-1.420827,54.803199],[-1.420842,54.803418],[-1.420949,54.803661],[-1.421045,54.80386],[-1.421126,54.803985],[-1.421569,54.804408],[-1.421898,54.804832],[-1.422166,54.805081],[-1.422267,54.805237],[-1.422285,54.805395],[-1.422106,54.805803],[-1.422003,54.806417],[-1.421646,54.807017],[-1.421326,54.807875],[-1.421295,54.808217],[-1.421193,54.808616],[-1.421094,54.808942],[-1.420696,54.809728],[-1.420525,54.810048],[-1.420369,54.810446],[-1.420328,54.810982],[-1.419954,54.812013],[-1.420042,54.812726],[-1.420097,54.813076],[-1.419737,54.813202],[-1.418721,54.8136],[-1.41807,54.813807],[-1.417808,54.81392],[-1.417652,54.814043],[-1.417447,54.81444],[-1.416857,54.815971],[-1.416509,54.81734],[-1.416259,54.818064],[-1.41618,54.818068],[-1.415989,54.818197],[-1.41447,54.818302],[-1.414109,54.81838],[-1.413284,54.818822],[-1.412915,54.819106],[-1.412597,54.819517],[-1.412567,54.8198],[-1.412624,54.819981],[-1.412814,54.820914],[-1.412758,54.821122],[-1.411986,54.821767],[-1.41154,54.822465],[-1.411402,54.823195],[-1.411485,54.82415],[-1.412054,54.825091],[-1.412602,54.82579],[-1.413987,54.826531],[-1.413857,54.826821],[-1.41386,54.827234],[-1.414098,54.827569],[-1.414323,54.827831],[-1.414838,54.828393],[-1.41499,54.828532],[-1.415211,54.828634],[-1.414668,54.828962],[-1.41444,54.829319],[-1.414705,54.829982],[-1.414792,54.830348],[-1.414885,54.830527],[-1.415288,54.83087],[-1.416303,54.831481],[-1.418089,54.83275],[-1.418268,54.832875],[-1.419092,54.833559],[-1.419377,54.834395],[-1.41964,54.835384],[-1.419899,54.836593],[-1.419961,54.837683],[-1.419986,54.838836],[-1.419405,54.839408],[-1.419009,54.839376],[-1.418539,54.839392],[-1.41821,54.839493],[-1.417474,54.839733],[-1.416889,54.840005],[-1.416715,54.840323],[-1.416596,54.840443],[-1.41596,54.840829],[-1.41556,54.840916],[-1.415372,54.84083],[-1.415166,54.840811],[-1.414884,54.840863],[-1.414596,54.840998],[-1.414277,54.841055],[-1.4141,54.841143],[-1.413991,54.841177],[-1.413416,54.841205],[-1.413034,54.841221],[-1.412788,54.841324],[-1.412635,54.841371],[-1.412446,54.841334],[-1.412325,54.841314],[-1.41224,54.841407],[-1.412303,54.841512],[-1.41228,54.841599],[-1.412164,54.841661],[-1.411987,54.841687],[-1.41091,54.841727],[-1.410313,54.841984],[-1.410194,54.842531],[-1.410265,54.842939],[-1.410567,54.843291],[-1.410829,54.843607],[-1.410956,54.843832],[-1.411473,54.844102],[-1.411933,54.844386],[-1.411977,54.844516],[-1.411968,54.844753],[-1.411565,54.844905],[-1.410984,54.845],[-1.410466,54.845018],[-1.410173,54.845017],[-1.409862,54.845022],[-1.409016,54.845077],[-1.408577,54.845087],[-1.407574,54.84508],[-1.407154,54.845208],[-1.406539,54.845481],[-1.405896,54.845621],[-1.405003,54.845649],[-1.403678,54.845405],[-1.403353,54.845373],[-1.402221,54.845569],[-1.401732,54.845687],[-1.401042,54.846001],[-1.400126,54.846126],[-1.399668,54.846233],[-1.398647,54.846487],[-1.398264,54.846498],[-1.398013,54.846306],[-1.39742,54.846321],[-1.397262,54.846335],[-1.396597,54.84634],[-1.395786,54.846338],[-1.395395,54.846239],[-1.395176,54.846032],[-1.395049,54.845837],[-1.394849,54.845757],[-1.394007,54.84583],[-1.393194,54.845944],[-1.392848,54.845964],[-1.392463,54.846028],[-1.391876,54.846121],[-1.391752,54.846094],[-1.391159,54.845722],[-1.390996,54.845575],[-1.390921,54.845577],[-1.389419,54.845964],[-1.388543,54.846115],[-1.385542,54.84645],[-1.384211,54.847054],[-1.384085,54.847129],[-1.38413,54.84721],[-1.383695,54.847464],[-1.383224,54.847683],[-1.38252,54.847965],[-1.382201,54.848005],[-1.381519,54.847756],[-1.380416,54.847139],[-1.380104,54.847087],[-1.379833,54.847211],[-1.379714,54.847192],[-1.379131,54.847695],[-1.378624,54.848214],[-1.37813,54.848753],[-1.377002,54.849755],[-1.376762,54.849984],[-1.376012,54.850576],[-1.375277,54.850991],[-1.375081,54.851188],[-1.374778,54.851546],[-1.374252,54.852072],[-1.373411,54.852741],[-1.372783,54.853316],[-1.371991,54.854002],[-1.370375,54.855228],[-1.36816,54.856954],[-1.367065,54.857596],[-1.366052,54.857708],[-1.365341,54.857716],[-1.364668,54.857765],[-1.363955,54.857658],[-1.363719,54.857578],[-1.363353,54.857642],[-1.362882,54.858034],[-1.362325,54.85798],[-1.362184,54.858099],[-1.361823,54.858044],[-1.361073,54.8581],[-1.360627,54.857926],[-1.360313,54.857876],[-1.35968,54.857845],[-1.359126,54.857818],[-1.35869,54.857858],[-1.358334,54.857897],[-1.358073,54.857999],[-1.357903,54.858147],[-1.35726,54.858165],[-1.356619,54.858302],[-1.356061,54.858308],[-1.355304,54.858473],[-1.355303,54.858654],[-1.354636,54.858919],[-1.354286,54.8589],[-1.354074,54.858938],[-1.353957,54.859095],[-1.35369,54.859325],[-1.353415,54.859418],[-1.353054,54.859607],[-1.352642,54.859899],[-1.352503,54.860153],[-1.352211,54.860212],[-1.351683,54.860328],[-1.350952,54.860469],[-1.350387,54.860481],[-1.349571,54.860271],[-1.349128,54.860259],[-1.348446,54.860094],[-1.347819,54.859966],[-1.347622,54.86007],[-1.34752,54.860319],[-1.3468,54.860449],[-1.346157,54.860501],[-1.344647,54.86052],[-1.344457,54.860147],[-1.34443,54.859927],[-1.344171,54.859517],[-1.344179,54.859097],[-1.344131,54.858595],[-1.344491,54.858413],[-1.344715,54.858445],[-1.344914,54.858489],[-1.344489,54.858296],[-1.34429,54.858191],[-1.344272,54.858063],[-1.344507,54.857955],[-1.344272,54.857884],[-1.344046,54.857808],[-1.343823,54.857343],[-1.343522,54.856905],[-1.343207,54.856034],[-1.342928,54.854907],[-1.342605,54.854142],[-1.342114,54.853978],[-1.341458,54.853255],[-1.341433,54.853111],[-1.341722,54.853016],[-1.34207,54.853172],[-1.341774,54.852844],[-1.341425,54.852915],[-1.34105,54.852743],[-1.340515,54.852199],[-1.340151,54.85178],[-1.339896,54.851072],[-1.339928,54.850833],[-1.339746,54.850473],[-1.339192,54.850069],[-1.338712,54.849639],[-1.338858,54.849382],[-1.338585,54.849242],[-1.338426,54.849178],[-1.338194,54.848897],[-1.337532,54.848589],[-1.336712,54.8481],[-1.336286,54.847736],[-1.336109,54.847335],[-1.336217,54.847181],[-1.336197,54.846793],[-1.335846,54.846815],[-1.335589,54.846837],[-1.335148,54.846408],[-1.334858,54.846139],[-1.33444,54.84587],[-1.33421,54.845447],[-1.333725,54.844976],[-1.333525,54.844686],[-1.333522,54.844621],[-1.333733,54.844497],[-1.333949,54.84452],[-1.334113,54.844439],[-1.333949,54.844396],[-1.333763,54.844383],[-1.333279,54.844322],[-1.333124,54.844053],[-1.33284,54.843911],[-1.332789,54.84372],[-1.332749,54.843597],[-1.332301,54.843248],[-1.331274,54.842882],[-1.330573,54.842764],[-1.330294,54.842659],[-1.329795,54.842532],[-1.329629,54.842401],[-1.32957,54.842378],[-1.32943,54.842381],[-1.329293,54.842426],[-1.329228,54.842417],[-1.32918,54.842331],[-1.329246,54.842284],[-1.329336,54.842206],[-1.329309,54.842181],[-1.329267,54.84216],[-1.3292,54.842153],[-1.329116,54.842194],[-1.329005,54.842228],[-1.328882,54.842229],[-1.328786,54.842116],[-1.328857,54.842058],[-1.329143,54.841997],[-1.329286,54.841918],[-1.329008,54.841719],[-1.32896,54.841664],[-1.328879,54.841409],[-1.328824,54.841346],[-1.328808,54.841338],[-1.328614,54.841285],[-1.328626,54.841124],[-1.328629,54.840983],[-1.328535,54.840926],[-1.328526,54.840925],[-1.32845,54.84096],[-1.328466,54.841138],[-1.328412,54.84118],[-1.328272,54.841121],[-1.328152,54.840957],[-1.327932,54.840908],[-1.327878,54.84079],[-1.327827,54.840126],[-1.327969,54.840057],[-1.328044,54.840075],[-1.328085,54.840103],[-1.328087,54.840138],[-1.328071,54.840331],[-1.32829,54.840175],[-1.328309,54.840106],[-1.328277,54.840076],[-1.328041,54.839862],[-1.327977,54.839714],[-1.328099,54.839611],[-1.328178,54.839612],[-1.328295,54.839716],[-1.328287,54.839782],[-1.328349,54.839845],[-1.328532,54.839804],[-1.328644,54.839721],[-1.328646,54.839643],[-1.328335,54.83929],[-1.328141,54.839213],[-1.327983,54.839189],[-1.327396,54.839202],[-1.327136,54.839082],[-1.326974,54.839044],[-1.326817,54.839071],[-1.32688,54.839118],[-1.326983,54.83916],[-1.326993,54.839195],[-1.326934,54.839246],[-1.326734,54.839215],[-1.326455,54.839188],[-1.32512,54.839203],[-1.323919,54.839152],[-1.323146,54.839083],[-1.322474,54.838951],[-1.321858,54.838755],[-1.321005,54.838502],[-1.320564,54.838324],[-1.319043,54.837443],[-1.319156,54.837289],[-1.319357,54.837273],[-1.320379,54.836192],[-1.320999,54.835659],[-1.322024,54.834947],[-1.323219,54.834154],[-1.323675,54.833754],[-1.324094,54.833135],[-1.324098,54.832737],[-1.323841,54.832452],[-1.323737,54.832262],[-1.323417,54.832052],[-1.32223,54.83129],[-1.321466,54.830844],[-1.321289,54.830687],[-1.320856,54.829931],[-1.320188,54.828924],[-1.319831,54.828517],[-1.319359,54.827729],[-1.318772,54.826495],[-1.317865,54.825183],[-1.317137,54.824197],[-1.316863,54.82322],[-1.316701,54.822895],[-1.316489,54.822534],[-1.316469,54.822223],[-1.31659,54.821218],[-1.316519,54.820692],[-1.315962,54.819407],[-1.314725,54.817361],[-1.313149,54.814693],[-1.312967,54.814428],[-1.311533,54.812979],[-1.310798,54.812281],[-1.310692,54.812089],[-1.310633,54.811739],[-1.310644,54.81129],[-1.310615,54.811014],[-1.310842,54.810686],[-1.310816,54.810593],[-1.310652,54.810403],[-1.310673,54.810198],[-1.310624,54.809844],[-1.31057,54.809778],[-1.310373,54.809707],[-1.310246,54.808887],[-1.310234,54.808423],[-1.310003,54.808147],[-1.309989,54.808042],[-1.310131,54.807643],[-1.310175,54.80738],[-1.310127,54.807169],[-1.309938,54.806511],[-1.309884,54.805483],[-1.30992,54.805094],[-1.310011,54.804579],[-1.309545,54.804579],[-1.309757,54.804389],[-1.309859,54.804248],[-1.309978,54.80387],[-1.309718,54.803293],[-1.309545,54.802556],[-1.309231,54.802245],[-1.309227,54.802128],[-1.309426,54.801851],[-1.30952,54.801596],[-1.309629,54.80141],[-1.309333,54.800262],[-1.309002,54.79977],[-1.308281,54.799644],[-1.308122,54.799512],[-1.308639,54.799433],[-1.308316,54.799135],[-1.308198,54.798934],[-1.30791,54.798485],[-1.307682,54.798122],[-1.30796,54.798035],[-1.307822,54.7979],[-1.307916,54.797802],[-1.307752,54.797765],[-1.307807,54.797705],[-1.30789,54.797662],[-1.308056,54.797738],[-1.308132,54.797535],[-1.308057,54.797456],[-1.308018,54.797317],[-1.307678,54.797214],[-1.307544,54.797125],[-1.307581,54.797077],[-1.307747,54.797018],[-1.308128,54.797037],[-1.308169,54.79701],[-1.308178,54.796984],[-1.308201,54.796868],[-1.30844,54.796893],[-1.308575,54.796742],[-1.308724,54.796681],[-1.308865,54.796688],[-1.308836,54.796573],[-1.30899,54.796575],[-1.309186,54.796487],[-1.309242,54.796398],[-1.309192,54.796127],[-1.309097,54.795833],[-1.309242,54.795871],[-1.30936,54.795658],[-1.3095,54.795196],[-1.30952,54.794969],[-1.309272,54.794987],[-1.30906,54.794975],[-1.309034,54.794888],[-1.309126,54.794816],[-1.309328,54.794735],[-1.309423,54.794796],[-1.309492,54.794604],[-1.309391,54.793943],[-1.308792,54.792547],[-1.308477,54.792512],[-1.308317,54.792497],[-1.308101,54.792397],[-1.308061,54.792349],[-1.308051,54.792301],[-1.308087,54.792229],[-1.308168,54.792163],[-1.308291,54.792118],[-1.308611,54.791994],[-1.308775,54.791699],[-1.308804,54.791411],[-1.308604,54.790607],[-1.308265,54.789564],[-1.307909,54.788626],[-1.30784,54.788497],[-1.307666,54.788214],[-1.306981,54.787346],[-1.306733,54.787019],[-1.305899,54.786227],[-1.306209,54.785994],[-1.306113,54.785454],[-1.306315,54.785098],[-1.30639,54.784987],[-1.306571,54.784597],[-1.306382,54.784611],[-1.30598,54.78466],[-1.305588,54.784588],[-1.305952,54.784563],[-1.306286,54.784419],[-1.306757,54.784346],[-1.306889,54.784269],[-1.3071,54.78411],[-1.307265,54.783937],[-1.307645,54.783255],[-1.307823,54.782936],[-1.307849,54.782554],[-1.307618,54.781816],[-1.307376,54.781438],[-1.306903,54.780784],[-1.306209,54.779927],[-1.305927,54.779618],[-1.304542,54.778372],[-1.303932,54.77777],[-1.30354,54.777213],[-1.302608,54.776091],[-1.302411,54.775772],[-1.301657,54.774645],[-1.301096,54.773982],[-1.30063,54.773521],[-1.300165,54.773157],[-1.299508,54.772527],[-1.29942,54.772448],[-1.299382,54.772385],[-1.29927,54.771918],[-1.298936,54.77084],[-1.298224,54.769806],[-1.297455,54.76883],[-1.297284,54.768488],[-1.297087,54.768289],[-1.2967,54.767579],[-1.294664,54.765212],[-1.292747,54.763203],[-1.292065,54.762651],[-1.291347,54.761848],[-1.290384,54.761014],[-1.288376,54.759517],[-1.286799,54.758297],[-1.286056,54.757862],[-1.285186,54.757409],[-1.284283,54.756734],[-1.283888,54.756495],[-1.283537,54.756249],[-1.282752,54.755775],[-1.281296,54.755037],[-1.279622,54.754123],[-1.279167,54.754073],[-1.278721,54.754211],[-1.278555,54.754213],[-1.278057,54.754056],[-1.277673,54.753975],[-1.277575,54.753905],[-1.277514,54.753733],[-1.27718,54.753556],[-1.277229,54.753339],[-1.277208,54.753298],[-1.277076,54.75329],[-1.276906,54.753414],[-1.276758,54.753341],[-1.276816,54.753221],[-1.277059,54.753094],[-1.277086,54.752963],[-1.276626,54.752317],[-1.275083,54.750799],[-1.274398,54.750374],[-1.274063,54.750072],[-1.272794,54.749193],[-1.270822,54.747994],[-1.269463,54.74728],[-1.269268,54.747206],[-1.269148,54.747206],[-1.268802,54.747533],[-1.268687,54.747579],[-1.268243,54.747461],[-1.268024,54.747377],[-1.267956,54.747432],[-1.267707,54.747363],[-1.267398,54.747155],[-1.267301,54.747046],[-1.267164,54.746972],[-1.267041,54.746821],[-1.267024,54.746732],[-1.267076,54.746654],[-1.267058,54.746551],[-1.267217,54.746422],[-1.267381,54.746298],[-1.267506,54.746168],[-1.267498,54.746059],[-1.267625,54.745962],[-1.26762,54.745841],[-1.267619,54.745767],[-1.266963,54.745281],[-1.26667,54.74506],[-1.266556,54.745076],[-1.266352,54.744911],[-1.266016,54.744695],[-1.265819,54.744608],[-1.265392,54.744257],[-1.265119,54.744013],[-1.264864,54.743907],[-1.264669,54.743842],[-1.264581,54.74376],[-1.264609,54.74363],[-1.264492,54.743507],[-1.264489,54.74343],[-1.264509,54.743295],[-1.264037,54.743268],[-1.263997,54.743177],[-1.263719,54.743223],[-1.263568,54.743237],[-1.263484,54.743149],[-1.263579,54.742921],[-1.263549,54.742744],[-1.263501,54.742679],[-1.263292,54.742585],[-1.263345,54.742429],[-1.263438,54.742366],[-1.263661,54.742367],[-1.263876,54.742117],[-1.263647,54.741908],[-1.263439,54.741664],[-1.263196,54.741477],[-1.262866,54.741268],[-1.262094,54.740588],[-1.261687,54.740091],[-1.261162,54.739657],[-1.260944,54.739479],[-1.260466,54.739122],[-1.260137,54.738771],[-1.259807,54.738561],[-1.258968,54.737881],[-1.258683,54.737555],[-1.258097,54.737189],[-1.256352,54.736283],[-1.254718,54.735013],[-1.254365,54.734871],[-1.253933,54.734195],[-1.252803,54.733365],[-1.252404,54.732723],[-1.251883,54.732747],[-1.251648,54.732718],[-1.251633,54.732609],[-1.251738,54.732473],[-1.251078,54.731904],[-1.249678,54.73085],[-1.249337,54.730468],[-1.248987,54.730262],[-1.248045,54.72984],[-1.247401,54.729455],[-1.24704,54.729125],[-1.246356,54.728426],[-1.246421,54.728355],[-1.246572,54.72835],[-1.246864,54.728414],[-1.24694,54.728348],[-1.246943,54.728186],[-1.246869,54.728071],[-1.246745,54.728026],[-1.246471,54.727907],[-1.24532,54.727358],[-1.244651,54.727089],[-1.244175,54.726872],[-1.24304,54.726354],[-1.241606,54.725724],[-1.240137,54.724914],[-1.239317,54.724362],[-1.238183,54.723782],[-1.240306,54.722597],[-1.241211,54.722137],[-1.242179,54.721518],[-1.243195,54.721931],[-1.245986,54.722283],[-1.247938,54.720307],[-1.249736,54.719629],[-1.250238,54.719496],[-1.251508,54.719971],[-1.25198,54.720192],[-1.253429,54.721147],[-1.253654,54.721321],[-1.254038,54.721718],[-1.254477,54.722308],[-1.254807,54.722883],[-1.255133,54.723516],[-1.255474,54.72442],[-1.257166,54.725299],[-1.256935,54.725929],[-1.257514,54.725826],[-1.259177,54.725642],[-1.259443,54.72567],[-1.260382,54.72587],[-1.261095,54.726114],[-1.261429,54.726333],[-1.262079,54.726281],[-1.26226,54.726132],[-1.262394,54.725962],[-1.262617,54.725872],[-1.262848,54.725846],[-1.263134,54.725864],[-1.263294,54.725905],[-1.264072,54.726394],[-1.264557,54.726572],[-1.265645,54.726734],[-1.265964,54.72671],[-1.266116,54.726639],[-1.266329,54.726135],[-1.266599,54.725964],[-1.267071,54.726042],[-1.267385,54.726208],[-1.267772,54.726631],[-1.268226,54.726883],[-1.268537,54.72704],[-1.268642,54.727041],[-1.268786,54.72701],[-1.269063,54.726855],[-1.270185,54.725905],[-1.270676,54.725482],[-1.271501,54.725315],[-1.272128,54.725459],[-1.272627,54.725588],[-1.273703,54.725703],[-1.274907,54.726039],[-1.275785,54.726075],[-1.276731,54.725962],[-1.278029,54.725734],[-1.278306,54.72573],[-1.278942,54.725935],[-1.279278,54.726089],[-1.279626,54.726139],[-1.279928,54.726105],[-1.280575,54.725682],[-1.281357,54.72532],[-1.282116,54.725148],[-1.282394,54.72517],[-1.283218,54.725602],[-1.283738,54.725686],[-1.284019,54.725794],[-1.284257,54.72591],[-1.284682,54.726115],[-1.284992,54.726205],[-1.285599,54.726304],[-1.286248,54.726281],[-1.286905,54.726318],[-1.287395,54.72652],[-1.288021,54.726776],[-1.288487,54.726677],[-1.289244,54.726627],[-1.289513,54.726223],[-1.290293,54.726238],[-1.291141,54.726507],[-1.292121,54.726158],[-1.293573,54.726048],[-1.294048,54.726216],[-1.29442,54.726478],[-1.294802,54.726891],[-1.29522,54.72704],[-1.295701,54.726899],[-1.296727,54.72686],[-1.297493,54.726734],[-1.298511,54.726827],[-1.298839,54.727036],[-1.299073,54.727224],[-1.299627,54.727528],[-1.300033,54.727857],[-1.300865,54.728064],[-1.301323,54.72814],[-1.302117,54.728303],[-1.30234,54.728416],[-1.303192,54.728897],[-1.303578,54.728946],[-1.304873,54.72914],[-1.305197,54.729995],[-1.305224,54.730514],[-1.305314,54.730713],[-1.305447,54.730816],[-1.306049,54.730874],[-1.306425,54.73079],[-1.306502,54.73072],[-1.306502,54.730621],[-1.306741,54.730649],[-1.306893,54.730828],[-1.306893,54.731146],[-1.306841,54.731378],[-1.30762,54.731529],[-1.308265,54.731537],[-1.308459,54.731461],[-1.308968,54.731435],[-1.309291,54.731555],[-1.309484,54.731696],[-1.309763,54.732082],[-1.310099,54.732056],[-1.310725,54.732007],[-1.311286,54.732267],[-1.311596,54.732526],[-1.311732,54.732673],[-1.312322,54.7327],[-1.312855,54.732784],[-1.313316,54.732771],[-1.314232,54.732885],[-1.315389,54.733059],[-1.31611,54.732975],[-1.316433,54.733033],[-1.316538,54.733117],[-1.316752,54.733508],[-1.316923,54.733576],[-1.317269,54.733508],[-1.317453,54.733418],[-1.317666,54.733168],[-1.317873,54.733042],[-1.317883,54.732891],[-1.317978,54.732525],[-1.318086,54.73242],[-1.318315,54.732349],[-1.318523,54.732359],[-1.318695,54.732468],[-1.31892,54.732576],[-1.319115,54.732596],[-1.3202,54.732582],[-1.320659,54.732602],[-1.321113,54.732673],[-1.321485,54.732789],[-1.321847,54.732968],[-1.322053,54.733103],[-1.321636,54.73401],[-1.321504,54.73417],[-1.321237,54.734313],[-1.3212,54.734441],[-1.321226,54.734522],[-1.321377,54.734629],[-1.321545,54.734667],[-1.321977,54.734648],[-1.322103,54.734689],[-1.322197,54.734789],[-1.322057,54.735062],[-1.321913,54.735256],[-1.321866,54.73541],[-1.321905,54.735621],[-1.321949,54.736133],[-1.321934,54.736449],[-1.322001,54.736596],[-1.322262,54.736674],[-1.322652,54.736657],[-1.323155,54.736701],[-1.323392,54.73678],[-1.323863,54.737597],[-1.324242,54.738455],[-1.32408,54.738867],[-1.323016,54.739151],[-1.32179,54.739427],[-1.320642,54.739705],[-1.320195,54.739746],[-1.319568,54.739855],[-1.319156,54.739908],[-1.318734,54.73994],[-1.317406,54.74],[-1.316261,54.740101],[-1.315807,54.740168],[-1.315046,54.740254],[-1.314176,54.740232],[-1.31326,54.74023],[-1.312604,54.740268],[-1.312295,54.740307],[-1.311225,54.740589],[-1.310516,54.741104],[-1.310096,54.741302],[-1.309628,54.741406],[-1.309046,54.741448],[-1.3087,54.741485],[-1.308596,54.741523],[-1.308553,54.741568],[-1.308579,54.741625],[-1.308749,54.741784],[-1.309016,54.742826],[-1.309234,54.744043],[-1.309577,54.745774],[-1.31012,54.74663],[-1.310972,54.748447],[-1.311209,54.749544],[-1.311324,54.750031],[-1.311504,54.7505],[-1.311532,54.750804],[-1.311772,54.751478],[-1.312544,54.751914],[-1.313237,54.752326],[-1.313129,54.752698],[-1.312981,54.752836],[-1.312722,54.753115],[-1.312248,54.753516],[-1.312249,54.753551],[-1.31232,54.753619],[-1.312213,54.753691],[-1.312193,54.754005],[-1.312158,54.754111],[-1.312508,54.754158],[-1.312897,54.754057],[-1.313487,54.753912],[-1.314135,54.753692],[-1.314536,54.753585],[-1.31614,54.753177],[-1.316609,54.752921],[-1.316701,54.752602],[-1.316839,54.752439],[-1.317395,54.752069],[-1.317614,54.752043],[-1.31803,54.752153],[-1.318231,54.752213],[-1.318393,54.752207],[-1.31904,54.752078],[-1.319123,54.751944],[-1.319164,54.75191],[-1.319333,54.751866],[-1.319817,54.751852],[-1.320006,54.751829],[-1.320258,54.751743],[-1.320524,54.7516],[-1.320649,54.751484],[-1.320764,54.751233],[-1.320838,54.751165],[-1.321164,54.750977],[-1.321655,54.750819],[-1.321797,54.750737],[-1.321949,54.750577],[-1.32238,54.750205],[-1.322757,54.750028],[-1.323014,54.7499],[-1.323372,54.749759],[-1.323749,54.749672],[-1.323889,54.749602],[-1.324414,54.749221],[-1.324916,54.748871],[-1.325124,54.748793],[-1.325519,54.748607],[-1.325527,54.748231],[-1.325762,54.748149],[-1.325946,54.748145],[-1.32636,54.748064],[-1.32684,54.747851],[-1.327132,54.747743],[-1.327736,54.747661],[-1.328185,54.747609],[-1.328731,54.747427],[-1.329089,54.747308],[-1.329452,54.747207],[-1.329866,54.746927],[-1.330033,54.746871],[-1.330526,54.746818],[-1.331309,54.746778],[-1.332059,54.746783],[-1.332493,54.746909],[-1.33259,54.746896],[-1.33265,54.746836],[-1.332614,54.746446],[-1.332658,54.746237],[-1.332725,54.746147],[-1.332906,54.746005],[-1.333027,54.745834],[-1.33343,54.745574],[-1.333494,54.745377],[-1.333509,54.745336],[-1.33364,54.745195],[-1.333781,54.745146],[-1.334331,54.745018],[-1.334609,54.744929],[-1.334727,54.744738],[-1.334765,54.744672],[-1.334904,54.744635],[-1.335194,54.744651],[-1.335389,54.74466],[-1.33548,54.744602],[-1.335667,54.744301],[-1.335804,54.744224],[-1.336057,54.744277],[-1.336244,54.744245],[-1.336436,54.744108],[-1.336605,54.743934],[-1.336781,54.743831],[-1.337038,54.743787],[-1.337897,54.74369],[-1.338896,54.743605],[-1.339062,54.743577],[-1.339117,54.743577],[-1.339185,54.743604],[-1.339217,54.743682],[-1.339343,54.743829],[-1.339642,54.74384],[-1.340012,54.743928],[-1.340205,54.743903],[-1.340276,54.743833],[-1.340422,54.743529],[-1.340834,54.74309],[-1.341088,54.742892],[-1.341554,54.742652],[-1.341669,54.742518],[-1.341592,54.742318],[-1.341508,54.742108],[-1.341541,54.742085],[-1.341644,54.742075],[-1.34186,54.742128],[-1.342046,54.742236],[-1.342246,54.742352],[-1.342254,54.742368],[-1.342336,54.742556],[-1.342466,54.742624],[-1.342801,54.742599],[-1.343121,54.742505],[-1.343493,54.742423],[-1.344004,54.742325],[-1.344082,54.742192],[-1.344137,54.742167],[-1.344445,54.74214],[-1.345316,54.742102],[-1.345381,54.74207],[-1.345472,54.741969],[-1.345523,54.741664],[-1.345628,54.741573],[-1.345851,54.741499],[-1.346667,54.741533],[-1.347283,54.74161],[-1.347703,54.741651],[-1.348247,54.741916],[-1.348443,54.741974],[-1.348577,54.741976],[-1.348999,54.741908],[-1.349802,54.741861],[-1.34986,54.741874]]]}},{"type":"Feature","properties":{"name":"Bishop Auckland","label":"042","results":{"1997":{"winning_party":"Lab","con_votes":9295,"lab_votes":30359,"lib_votes":4293,"ruk_votes":0,"grn_votes":0,"oth_votes":2104,"con_pct":20.2,"lab_pct":65.9,"lib_pct":9.3,"ruk_pct":0.0,"grn_pct":0.0,"oth_pct":4.6,"total_votes":46051,"turnout":0.684,"mp_name":"nan"},"2001":{"winning_party":"Lab","con_votes":8754,"lab_votes":22680,"lib_votes":6073,"ruk_votes":0,"grn_votes":0,"oth_votes":1052,"con_pct":22.7,"lab_pct":58.8,"lib_pct":15.7,"ruk_pct":0.0,"grn_pct":0.0,"oth_pct":2.7,"total_votes":38559,"turnout":0.572,"mp_name":"nan"},"2005":{"winning_party":"Lab","con_votes":8736,"lab_votes":19065,"lib_votes":9018,"ruk_votes":0,"grn_votes":0,"oth_votes":1309,"con_pct":22.9,"lab_pct":50.0,"lib_pct":23.7,"ruk_pct":0.0,"grn_pct":0.0,"oth_pct":3.4,"total_votes":38128,"turnout":0.563,"mp_name":"nan"}}},"geometry":{"type":"Polygon","coordinates":[[[-1.565672,54.708473],[-1.565393,54.707809],[-1.564977,54.706382],[-1.564636,54.705333],[-1.563482,54.705428],[-1.564439,54.70465],[-1.564232,54.703108],[-1.564108,54.702516],[-1.563428,54.701323],[-1.561072,54.697609],[-1.560797,54.696662],[-1.561351,54.696492],[-1.563087,54.696386],[-1.565794,54.696361],[-1.57057,54.696505],[-1.574498,54.696806],[-1.576861,54.69679],[-1.578177,54.696771],[-1.580491,54.696483],[-1.581086,54.696386],[-1.581059,54.696271],[-1.580588,54.695313],[-1.579799,54.693064],[-1.579563,54.69189],[-1.579675,54.690561],[-1.579699,54.690163],[-1.579748,54.689802],[-1.579906,54.688967],[-1.579992,54.68855],[-1.580061,54.68785],[-1.580258,54.686657],[-1.579873,54.685631],[-1.579904,54.685017],[-1.580207,54.684457],[-1.580549,54.684082],[-1.580572,54.683992],[-1.580785,54.683727],[-1.580646,54.683382],[-1.577868,54.682431],[-1.577063,54.682122],[-1.576489,54.6819],[-1.573515,54.680116],[-1.572735,54.679504],[-1.571153,54.678066],[-1.570297,54.677376],[-1.569201,54.676303],[-1.5711,54.676621],[-1.571752,54.676634],[-1.571553,54.6765],[-1.571024,54.675864],[-1.570904,54.675716],[-1.570265,54.675031],[-1.568958,54.67371],[-1.56804,54.67274],[-1.567644,54.672349],[-1.567294,54.67209],[-1.568118,54.67184],[-1.56905,54.671406],[-1.570636,54.670831],[-1.573255,54.669829],[-1.574143,54.66936],[-1.574284,54.66873],[-1.574327,54.66785],[-1.575092,54.666948],[-1.575245,54.666672],[-1.575534,54.666282],[-1.575848,54.666166],[-1.57612,54.666073],[-1.576701,54.665695],[-1.576745,54.66536],[-1.57661,54.6651],[-1.57665,54.665017],[-1.576838,54.664786],[-1.57701,54.664681],[-1.577097,54.664552],[-1.577182,54.664478],[-1.57715,54.664169],[-1.577113,54.664062],[-1.576989,54.664002],[-1.576972,54.663909],[-1.577301,54.663697],[-1.577305,54.663596],[-1.577164,54.663426],[-1.576933,54.663431],[-1.576756,54.663341],[-1.576433,54.66304],[-1.575828,54.662875],[-1.575495,54.662921],[-1.575381,54.662815],[-1.575454,54.662666],[-1.57548,54.66264],[-1.575508,54.662581],[-1.575109,54.662356],[-1.574875,54.662288],[-1.574721,54.662099],[-1.574633,54.662027],[-1.574349,54.661891],[-1.574269,54.661801],[-1.574047,54.661635],[-1.573721,54.660916],[-1.573145,54.660795],[-1.572757,54.660696],[-1.572505,54.660766],[-1.572276,54.660725],[-1.572095,54.660587],[-1.572034,54.660447],[-1.572112,54.660322],[-1.572055,54.660263],[-1.571827,54.660304],[-1.571748,54.660308],[-1.571119,54.660098],[-1.570516,54.659747],[-1.570393,54.659638],[-1.570147,54.659419],[-1.569726,54.659091],[-1.569675,54.658953],[-1.569573,54.658862],[-1.569451,54.658814],[-1.569127,54.658757],[-1.569094,54.658631],[-1.569117,54.658353],[-1.568972,54.658282],[-1.569009,54.658137],[-1.569207,54.657972],[-1.569489,54.65756],[-1.569516,54.657227],[-1.569695,54.657146],[-1.569953,54.657165],[-1.570439,54.657395],[-1.570965,54.657417],[-1.571218,54.657439],[-1.571715,54.657498],[-1.572259,54.657635],[-1.572334,54.657711],[-1.572484,54.657798],[-1.572686,54.657803],[-1.572875,54.657823],[-1.573418,54.658044],[-1.5745,54.658004],[-1.574953,54.657866],[-1.575117,54.657838],[-1.575666,54.657862],[-1.576258,54.657969],[-1.57755,54.657984],[-1.577753,54.657944],[-1.578159,54.657691],[-1.578517,54.657417],[-1.578601,54.657336],[-1.578769,54.657102],[-1.578831,54.656662],[-1.578715,54.656382],[-1.578965,54.656187],[-1.579158,54.656143],[-1.580046,54.656079],[-1.580712,54.656072],[-1.581099,54.656262],[-1.581417,54.656396],[-1.581812,54.656465],[-1.582002,54.656454],[-1.582235,54.65639],[-1.582669,54.656172],[-1.583295,54.656143],[-1.584796,54.65612],[-1.585341,54.656098],[-1.586032,54.656086],[-1.586813,54.656266],[-1.587281,54.656451],[-1.587385,54.65647],[-1.587926,54.65649],[-1.588195,54.656472],[-1.588574,54.656363],[-1.588702,54.656313],[-1.589098,54.65617],[-1.589526,54.655952],[-1.590634,54.655699],[-1.590907,54.655657],[-1.591417,54.655645],[-1.592032,54.655749],[-1.591604,54.655977],[-1.591785,54.656303],[-1.59176,54.656489],[-1.592153,54.656479],[-1.593179,54.656803],[-1.594443,54.65708],[-1.595595,54.656851],[-1.596565,54.65703],[-1.597716,54.657312],[-1.599363,54.657358],[-1.601124,54.657285],[-1.602631,54.657205],[-1.603839,54.657083],[-1.60444,54.657045],[-1.605033,54.657136],[-1.605689,54.65727],[-1.606449,54.657527],[-1.607439,54.657743],[-1.607692,54.657825],[-1.607985,54.657707],[-1.608126,54.657112],[-1.6082,54.65658],[-1.608316,54.655731],[-1.608359,54.655617],[-1.608653,54.654931],[-1.608735,54.65474],[-1.608564,54.654005],[-1.60841,54.652876],[-1.608508,54.652523],[-1.608434,54.652314],[-1.608531,54.651364],[-1.608495,54.650984],[-1.608509,54.650655],[-1.608666,54.650434],[-1.60873,54.650169],[-1.608826,54.649702],[-1.608784,54.649483],[-1.609217,54.648184],[-1.609089,54.647578],[-1.609141,54.647245],[-1.609216,54.646609],[-1.609516,54.64559],[-1.609679,54.644421],[-1.609861,54.643528],[-1.605846,54.64333],[-1.605355,54.643313],[-1.603568,54.642836],[-1.60332,54.641857],[-1.603351,54.641393],[-1.603398,54.641043],[-1.603635,54.640859],[-1.603852,54.640484],[-1.604027,54.640004],[-1.604333,54.639089],[-1.604422,54.638688],[-1.605153,54.63872],[-1.605297,54.638726],[-1.606568,54.638725],[-1.608977,54.638738],[-1.61018,54.638834],[-1.610717,54.63893],[-1.611046,54.639011],[-1.61122,54.638476],[-1.611715,54.636572],[-1.61179,54.636061],[-1.611975,54.635165],[-1.612102,54.634735],[-1.612252,54.634432],[-1.612619,54.634075],[-1.612714,54.633921],[-1.612852,54.633705],[-1.613083,54.633683],[-1.613402,54.633245],[-1.614186,54.633111],[-1.614368,54.632507],[-1.614509,54.631997],[-1.614624,54.631664],[-1.614768,54.631302],[-1.615067,54.630028],[-1.615089,54.629694],[-1.61514,54.629504],[-1.615351,54.62896],[-1.61539,54.628701],[-1.61544,54.628294],[-1.615596,54.627921],[-1.615597,54.627541],[-1.615893,54.626977],[-1.616096,54.62646],[-1.616554,54.625533],[-1.616907,54.624794],[-1.617011,54.624584],[-1.617315,54.623785],[-1.617513,54.623047],[-1.617578,54.622889],[-1.617689,54.622491],[-1.617759,54.621986],[-1.617797,54.620697],[-1.617844,54.620517],[-1.617813,54.620289],[-1.617842,54.620087],[-1.61763,54.619945],[-1.617604,54.619886],[-1.617556,54.619721],[-1.61748,54.619663],[-1.617206,54.619513],[-1.617136,54.619202],[-1.616932,54.619035],[-1.621374,54.618841],[-1.622289,54.61849],[-1.624303,54.618439],[-1.627639,54.6183],[-1.629824,54.618321],[-1.629929,54.616],[-1.631668,54.615995],[-1.633548,54.616181],[-1.636104,54.616773],[-1.636308,54.617046],[-1.636985,54.617113],[-1.639387,54.617666],[-1.63972,54.618376],[-1.640059,54.619233],[-1.643212,54.618814],[-1.643696,54.618739],[-1.644456,54.618534],[-1.646703,54.618065],[-1.648172,54.617825],[-1.649193,54.617238],[-1.650823,54.616787],[-1.652674,54.616422],[-1.655406,54.615363],[-1.656776,54.615326],[-1.658337,54.615543],[-1.659291,54.615558],[-1.660108,54.615705],[-1.660881,54.61572],[-1.661366,54.615465],[-1.662125,54.615481],[-1.66238,54.615542],[-1.663762,54.615728],[-1.664438,54.615945],[-1.664851,54.615998],[-1.665548,54.615996],[-1.66704,54.616375],[-1.669539,54.616916],[-1.67063,54.616953],[-1.671629,54.617295],[-1.672802,54.617369],[-1.675574,54.617588],[-1.677182,54.617699],[-1.678652,54.617641],[-1.680858,54.617639],[-1.680593,54.616067],[-1.680323,54.614648],[-1.680163,54.613755],[-1.680004,54.612205],[-1.679625,54.61019],[-1.679511,54.608273],[-1.680055,54.608074],[-1.680164,54.607598],[-1.679518,54.606761],[-1.679257,54.60655],[-1.679094,54.606195],[-1.678989,54.603695],[-1.678986,54.602279],[-1.679033,54.599947],[-1.67917,54.598027],[-1.679056,54.597798],[-1.67907,54.597098],[-1.679023,54.595345],[-1.678802,54.59298],[-1.678326,54.589731],[-1.67802,54.587583],[-1.677833,54.586478],[-1.67913,54.585728],[-1.681175,54.585819],[-1.682348,54.585819],[-1.68596,54.586126],[-1.690488,54.586599],[-1.69212,54.586736],[-1.69222,54.58634],[-1.692136,54.585836],[-1.692119,54.58532],[-1.692555,54.584938],[-1.693322,54.584859],[-1.695017,54.584573],[-1.696616,54.584391],[-1.697972,54.584349],[-1.698556,54.583952],[-1.698697,54.583318],[-1.698609,54.582113],[-1.699857,54.581711],[-1.701288,54.581437],[-1.701661,54.579839],[-1.701632,54.579799],[-1.701958,54.578918],[-1.702677,54.577979],[-1.704127,54.578217],[-1.704291,54.578039],[-1.704731,54.57744],[-1.705506,54.576432],[-1.705987,54.575781],[-1.707276,54.574182],[-1.707084,54.573972],[-1.706009,54.573766],[-1.705293,54.573746],[-1.704794,54.57373],[-1.704373,54.573646],[-1.704172,54.573644],[-1.703908,54.573629],[-1.703813,54.573459],[-1.703715,54.573341],[-1.703332,54.572996],[-1.702921,54.572025],[-1.70426,54.571001],[-1.705093,54.570274],[-1.706696,54.568927],[-1.706464,54.567973],[-1.706854,54.567327],[-1.70785,54.566176],[-1.708109,54.565677],[-1.708145,54.564656],[-1.707897,54.563645],[-1.707723,54.563041],[-1.706676,54.563055],[-1.705864,54.563001],[-1.705497,54.562583],[-1.705055,54.56261],[-1.704762,54.562516],[-1.703995,54.561707],[-1.704071,54.561353],[-1.704239,54.561066],[-1.704367,54.560665],[-1.703862,54.560121],[-1.701846,54.558609],[-1.701143,54.558486],[-1.70102,54.558418],[-1.700808,54.55835],[-1.700548,54.558249],[-1.700103,54.558114],[-1.699699,54.558099],[-1.699266,54.558064],[-1.69881,54.557982],[-1.698616,54.558057],[-1.69837,54.558022],[-1.696435,54.557913],[-1.696206,54.557885],[-1.695652,54.557767],[-1.694757,54.557579],[-1.694595,54.557472],[-1.694372,54.557132],[-1.694217,54.556994],[-1.693672,54.556841],[-1.693461,54.556711],[-1.693134,54.556498],[-1.69157,54.556239],[-1.690274,54.556156],[-1.689767,54.555172],[-1.691501,54.555221],[-1.692563,54.555159],[-1.694358,54.555435],[-1.69678,54.554778],[-1.698926,54.553922],[-1.699646,54.552809],[-1.698487,54.552439],[-1.697834,54.551903],[-1.69932,54.550128],[-1.70029,54.54997],[-1.701262,54.550259],[-1.70284,54.550066],[-1.703042,54.548237],[-1.703011,54.54692],[-1.702899,54.545955],[-1.702503,54.545614],[-1.702212,54.544796],[-1.699312,54.544211],[-1.697972,54.544186],[-1.697023,54.543671],[-1.696882,54.542086],[-1.696458,54.540605],[-1.696863,54.540492],[-1.696218,54.539271],[-1.696056,54.538833],[-1.695604,54.536843],[-1.696188,54.535942],[-1.697057,54.535953],[-1.701861,54.536408],[-1.704441,54.536998],[-1.705272,54.537199],[-1.707365,54.537764],[-1.709097,54.538196],[-1.710554,54.538693],[-1.71232,54.539115],[-1.713689,54.539569],[-1.714303,54.53982],[-1.716092,54.540686],[-1.716796,54.541135],[-1.717479,54.54158],[-1.717638,54.541969],[-1.717762,54.542055],[-1.718117,54.542169],[-1.718966,54.542197],[-1.720325,54.54212],[-1.721903,54.541596],[-1.722207,54.541397],[-1.721754,54.540985],[-1.7213,54.540838],[-1.72125,54.540647],[-1.721222,54.540235],[-1.721188,54.539897],[-1.721322,54.539467],[-1.72156,54.539175],[-1.722004,54.538679],[-1.722293,54.538377],[-1.722922,54.537633],[-1.723101,54.536957],[-1.723143,54.536543],[-1.723301,54.535709],[-1.723957,54.534369],[-1.724287,54.53383],[-1.724415,54.533624],[-1.724672,54.533072],[-1.725156,54.532245],[-1.725489,54.53126],[-1.725684,54.530668],[-1.72575,54.530343],[-1.726085,54.530322],[-1.728676,54.530466],[-1.729092,54.530487],[-1.730012,54.53041],[-1.730347,54.530134],[-1.730813,54.529482],[-1.731004,54.529317],[-1.731313,54.528537],[-1.731501,54.527809],[-1.732176,54.527549],[-1.733494,54.527647],[-1.733645,54.52768],[-1.734203,54.527875],[-1.735415,54.528052],[-1.735822,54.528101],[-1.736446,54.528172],[-1.737092,54.528227],[-1.737866,54.528391],[-1.738315,54.528482],[-1.73855,54.528578],[-1.739681,54.529165],[-1.740821,54.529439],[-1.741574,54.529617],[-1.741956,54.529635],[-1.74255,54.52948],[-1.74297,54.529393],[-1.74345,54.529463],[-1.745985,54.529149],[-1.746669,54.529195],[-1.748136,54.529416],[-1.749279,54.529489],[-1.749377,54.529957],[-1.749714,54.530014],[-1.750165,54.530031],[-1.750781,54.529578],[-1.751444,54.529146],[-1.753751,54.528546],[-1.755501,54.528629],[-1.757391,54.528716],[-1.759033,54.528795],[-1.759693,54.528815],[-1.761118,54.529065],[-1.762111,54.52937],[-1.762781,54.529584],[-1.764481,54.530903],[-1.765655,54.532145],[-1.76636,54.532468],[-1.767655,54.532645],[-1.768876,54.532737],[-1.770253,54.532748],[-1.771741,54.532683],[-1.773698,54.532467],[-1.775144,54.532328],[-1.778311,54.530962],[-1.778729,54.528894],[-1.779335,54.527887],[-1.779332,54.526416],[-1.777281,54.525816],[-1.77525,54.524298],[-1.775166,54.522239],[-1.774802,54.518967],[-1.775845,54.51901],[-1.775956,54.51842],[-1.775996,54.517559],[-1.776015,54.515714],[-1.776022,54.515084],[-1.775592,54.513224],[-1.775096,54.511112],[-1.775033,54.510566],[-1.774777,54.509118],[-1.77463,54.50752],[-1.774584,54.506583],[-1.775033,54.506566],[-1.775862,54.506338],[-1.776331,54.506261],[-1.777688,54.506457],[-1.777807,54.506431],[-1.778099,54.506358],[-1.77838,54.506506],[-1.779025,54.506589],[-1.779396,54.506764],[-1.780386,54.506872],[-1.780969,54.505648],[-1.781424,54.505369],[-1.782342,54.504915],[-1.782402,54.504736],[-1.782468,54.503698],[-1.782388,54.503232],[-1.782954,54.503131],[-1.783284,54.502827],[-1.783579,54.502669],[-1.783571,54.502382],[-1.783536,54.501912],[-1.783511,54.50124],[-1.78563,54.500893],[-1.785496,54.499034],[-1.785827,54.498238],[-1.786136,54.497694],[-1.786136,54.497284],[-1.786833,54.495799],[-1.787673,54.494468],[-1.788104,54.493702],[-1.788685,54.492807],[-1.78785,54.492068],[-1.787476,54.491778],[-1.787477,54.491647],[-1.7881,54.490928],[-1.788443,54.490529],[-1.789331,54.489583],[-1.789669,54.488968],[-1.790232,54.487516],[-1.790747,54.486177],[-1.791052,54.485246],[-1.791398,54.484233],[-1.793107,54.484927],[-1.79336,54.485061],[-1.797733,54.486739],[-1.800026,54.487531],[-1.800551,54.487487],[-1.804292,54.488795],[-1.806799,54.489701],[-1.807516,54.489927],[-1.809724,54.490634],[-1.811537,54.491266],[-1.813079,54.491937],[-1.814316,54.492599],[-1.815904,54.493461],[-1.816107,54.493546],[-1.816519,54.49364],[-1.818575,54.494077],[-1.819807,54.494552],[-1.820843,54.495224],[-1.82118,54.496218],[-1.821713,54.496793],[-1.822325,54.497089],[-1.822816,54.497526],[-1.822953,54.498444],[-1.822862,54.499257],[-1.822847,54.50001],[-1.823283,54.500087],[-1.824695,54.500448],[-1.825005,54.500633],[-1.825465,54.501149],[-1.825864,54.501562],[-1.825854,54.501754],[-1.825975,54.502016],[-1.826133,54.502473],[-1.826246,54.502786],[-1.827628,54.502561],[-1.830311,54.502817],[-1.83008,54.503501],[-1.830092,54.503571],[-1.830496,54.504341],[-1.831154,54.505126],[-1.831873,54.505503],[-1.834173,54.507178],[-1.834901,54.507814],[-1.835554,54.508027],[-1.836148,54.508085],[-1.83753,54.508216],[-1.838893,54.50749],[-1.839332,54.507175],[-1.839781,54.506836],[-1.840233,54.50645],[-1.841136,54.505917],[-1.841665,54.505634],[-1.841989,54.505534],[-1.84247,54.505278],[-1.843257,54.504852],[-1.843775,54.504758],[-1.844435,54.504572],[-1.845809,54.503985],[-1.846232,54.503759],[-1.846679,54.50352],[-1.847149,54.503459],[-1.847713,54.503406],[-1.848344,54.503425],[-1.849304,54.50342],[-1.850407,54.503679],[-1.851135,54.503842],[-1.851514,54.503789],[-1.852579,54.503619],[-1.853308,54.503467],[-1.854031,54.503357],[-1.855844,54.503413],[-1.85626,54.502629],[-1.856366,54.501807],[-1.856764,54.500477],[-1.857057,54.499522],[-1.857134,54.498884],[-1.857056,54.497649],[-1.857066,54.496502],[-1.85671,54.495408],[-1.856615,54.494879],[-1.85623,54.493392],[-1.856799,54.493333],[-1.857479,54.492967],[-1.857657,54.492738],[-1.857722,54.492202],[-1.857832,54.491779],[-1.857587,54.489912],[-1.857681,54.488938],[-1.858077,54.487803],[-1.859296,54.486233],[-1.85854,54.484801],[-1.858167,54.484134],[-1.857586,54.483168],[-1.857595,54.481712],[-1.859192,54.481854],[-1.862787,54.481934],[-1.867339,54.481289],[-1.870146,54.480156],[-1.874258,54.478655],[-1.876057,54.477908],[-1.878861,54.476078],[-1.883938,54.472756],[-1.887404,54.469994],[-1.889181,54.468551],[-1.891253,54.467175],[-1.905119,54.463486],[-1.910483,54.46215],[-1.916079,54.460218],[-1.921076,54.458409],[-1.924539,54.457128],[-1.930456,54.456872],[-1.939037,54.454167],[-1.941152,54.453253],[-1.941409,54.453199],[-1.941729,54.453222],[-1.941829,54.453307],[-1.94243,54.453391],[-1.9433,54.453588],[-1.943949,54.453807],[-1.944271,54.453842],[-1.944348,54.453886],[-1.94473,54.454003],[-1.945178,54.45399],[-1.946192,54.454096],[-1.946679,54.454029],[-1.946901,54.453984],[-1.947437,54.454051],[-1.947578,54.45407],[-1.947725,54.454045],[-1.948413,54.453752],[-1.948708,54.453708],[-1.949584,54.453544],[-1.949879,54.453355],[-1.949963,54.453294],[-1.950599,54.453327],[-1.951626,54.453458],[-1.951709,54.453494],[-1.951777,54.453475],[-1.952125,54.453302],[-1.952261,54.453314],[-1.952436,54.453479],[-1.95286,54.453574],[-1.953968,54.453653],[-1.954244,54.453447],[-1.954337,54.453424],[-1.954532,54.453366],[-1.954608,54.453315],[-1.954955,54.453141],[-1.955065,54.453054],[-1.955247,54.453087],[-1.955451,54.453026],[-1.955664,54.453007],[-1.956195,54.452953],[-1.956764,54.452748],[-1.956994,54.45284],[-1.957349,54.452646],[-1.957946,54.452453],[-1.958047,54.452482],[-1.958221,54.452398],[-1.958227,54.452389],[-1.958242,54.452319],[-1.958311,54.452281],[-1.958571,54.452227],[-1.959023,54.451986],[-1.959299,54.452035],[-1.959535,54.451947],[-1.960409,54.451937],[-1.960664,54.451887],[-1.961232,54.451698],[-1.962051,54.451609],[-1.963337,54.451812],[-1.963399,54.451846],[-1.963546,54.451878],[-1.963713,54.451852],[-1.964216,54.451604],[-1.964443,54.451479],[-1.964908,54.451584],[-1.96538,54.451562],[-1.966168,54.451615],[-1.966917,54.451626],[-1.967343,54.451492],[-1.967829,54.451358],[-1.967975,54.451339],[-1.96854,54.451373],[-1.970232,54.453818],[-1.970147,54.45403],[-1.969588,54.454557],[-1.969597,54.454672],[-1.971226,54.455961],[-1.971825,54.456638],[-1.973028,54.458132],[-1.974655,54.459607],[-1.975061,54.459714],[-1.977464,54.46003],[-1.981023,54.459964],[-1.983372,54.459738],[-1.983735,54.459718],[-1.983951,54.459756],[-1.98475,54.460179],[-1.984702,54.461099],[-1.984951,54.461366],[-1.988641,54.463418],[-1.990957,54.464605],[-1.994956,54.466612],[-1.995253,54.46676],[-2.0,54.467943],[-2.00218,54.468477],[-2.006109,54.46955],[-2.011458,54.470953],[-2.014606,54.471541],[-2.016634,54.471742],[-2.019801,54.472034],[-2.022928,54.472328],[-2.026238,54.472627],[-2.029888,54.473133],[-2.033784,54.47384],[-2.036072,54.474229],[-2.040923,54.474824],[-2.043115,54.475662],[-2.042607,54.478358],[-2.042428,54.479414],[-2.042307,54.480053],[-2.041683,54.483312],[-2.042867,54.483194],[-2.044315,54.482964],[-2.047084,54.482303],[-2.04803,54.481625],[-2.048959,54.48116],[-2.052627,54.480587],[-2.057023,54.480863],[-2.059739,54.480391],[-2.061631,54.478843],[-2.062706,54.478429],[-2.063076,54.478294],[-2.063226,54.478206],[-2.063465,54.477995],[-2.066197,54.476908],[-2.068411,54.475521],[-2.070308,54.473952],[-2.074869,54.472677],[-2.077159,54.471542],[-2.080184,54.469712],[-2.083284,54.46872],[-2.086114,54.468062],[-2.093249,54.467155],[-2.095445,54.466575],[-2.098066,54.465977],[-2.10025,54.465228],[-2.104834,54.464498],[-2.107088,54.464231],[-2.107946,54.46419],[-2.116119,54.46194],[-2.117718,54.461707],[-2.12144,54.46138],[-2.122107,54.461377],[-2.122725,54.461454],[-2.124038,54.461838],[-2.124574,54.461933],[-2.125101,54.461956],[-2.126329,54.461863],[-2.128098,54.461699],[-2.133534,54.46136],[-2.135559,54.461283],[-2.136614,54.461365],[-2.136995,54.461476],[-2.137273,54.461513],[-2.137583,54.461477],[-2.13799,54.461369],[-2.138707,54.461099],[-2.139346,54.460893],[-2.140333,54.460744],[-2.141889,54.460553],[-2.148624,54.45982],[-2.149747,54.459395],[-2.151172,54.458507],[-2.152248,54.457823],[-2.152994,54.457357],[-2.153991,54.456812],[-2.155194,54.456368],[-2.155848,54.455962],[-2.156542,54.455648],[-2.15784,54.455397],[-2.158428,54.456341],[-2.163223,54.456354],[-2.164046,54.456684],[-2.16806,54.457924],[-2.168718,54.458055],[-2.162879,54.462569],[-2.160004,54.464964],[-2.15944,54.466519],[-2.15801,54.470766],[-2.157812,54.471281],[-2.158718,54.474451],[-2.160061,54.477762],[-2.161303,54.48096],[-2.163097,54.485102],[-2.163338,54.485677],[-2.165025,54.48984],[-2.163603,54.494413],[-2.162641,54.49756],[-2.161242,54.502153],[-2.160954,54.503224],[-2.16097,54.503849],[-2.162042,54.506552],[-2.163057,54.50904],[-2.164745,54.513352],[-2.16647,54.517648],[-2.170453,54.52068],[-2.172996,54.521592],[-2.172502,54.524314],[-2.170509,54.527524],[-2.169665,54.528811],[-2.17061,54.531147],[-2.172853,54.532943],[-2.178994,54.53501],[-2.183999,54.535048],[-2.188962,54.534099],[-2.193254,54.533149],[-2.197227,54.533569],[-2.201561,54.537414],[-2.204505,54.53998],[-2.207213,54.542329],[-2.208658,54.543558],[-2.208323,54.54751],[-2.207995,54.551582],[-2.214281,54.553902],[-2.222647,54.556912],[-2.233338,54.560888],[-2.239327,54.563085],[-2.245479,54.565573],[-2.258049,54.5726],[-2.259784,54.573586],[-2.260891,54.574249],[-2.264276,54.577435],[-2.266104,54.579092],[-2.269394,54.582073],[-2.271225,54.582828],[-2.277157,54.585341],[-2.281131,54.587004],[-2.285696,54.588905],[-2.291583,54.591357],[-2.299195,54.594512],[-2.303015,54.596115],[-2.303058,54.596299],[-2.303698,54.598637],[-2.304224,54.600544],[-2.305712,54.606196],[-2.306214,54.608076],[-2.306689,54.609871],[-2.307441,54.611995],[-2.308186,54.612847],[-2.311177,54.616409],[-2.313769,54.619585],[-2.317308,54.62388],[-2.319812,54.626911],[-2.323518,54.63148],[-2.322636,54.631738],[-2.322051,54.632052],[-2.321178,54.632691],[-2.320428,54.633216],[-2.319907,54.633433],[-2.319565,54.633632],[-2.318642,54.634239],[-2.318112,54.634468],[-2.317072,54.634689],[-2.316916,54.634729],[-2.316332,54.634983],[-2.315483,54.635341],[-2.314903,54.635648],[-2.314,54.636073],[-2.312755,54.636817],[-2.312425,54.636945],[-2.312228,54.636972],[-2.311261,54.636993],[-2.310719,54.637072],[-2.309651,54.637515],[-2.309552,54.637618],[-2.308986,54.63816],[-2.308541,54.638553],[-2.307859,54.63904],[-2.307797,54.639368],[-2.307766,54.639454],[-2.307401,54.639646],[-2.307315,54.639728],[-2.307198,54.639891],[-2.306852,54.639924],[-2.306767,54.640168],[-2.306876,54.640671],[-2.30676,54.640791],[-2.306394,54.641073],[-2.306247,54.641268],[-2.305727,54.641937],[-2.305281,54.642289],[-2.304758,54.642509],[-2.304068,54.642681],[-2.303621,54.642694],[-2.302634,54.64269],[-2.3022,54.642594],[-2.301541,54.642615],[-2.301315,54.642697],[-2.301096,54.643027],[-2.300705,54.643615],[-2.300449,54.643754],[-2.300254,54.643806],[-2.299604,54.643839],[-2.299428,54.64392],[-2.29938,54.644017],[-2.299154,54.644344],[-2.29877,54.644444],[-2.298547,54.644475],[-2.298416,54.644594],[-2.298327,54.644725],[-2.298173,54.644807],[-2.29807,54.644859],[-2.297984,54.645034],[-2.297557,54.645454],[-2.297179,54.645687],[-2.296746,54.645899],[-2.296265,54.646144],[-2.29538,54.646694],[-2.29517,54.647005],[-2.294751,54.64741],[-2.294404,54.647719],[-2.294091,54.648034],[-2.293721,54.648397],[-2.293486,54.648627],[-2.292982,54.649052],[-2.292604,54.649272],[-2.292148,54.649482],[-2.290982,54.649806],[-2.289783,54.649944],[-2.289302,54.650005],[-2.288284,54.650109],[-2.287515,54.650295],[-2.286988,54.650369],[-2.286491,54.650363],[-2.28733,54.650838],[-2.287562,54.651081],[-2.287807,54.651501],[-2.287841,54.651648],[-2.287699,54.651866],[-2.28764,54.651962],[-2.287659,54.652263],[-2.287748,54.652617],[-2.287762,54.653],[-2.287741,54.653051],[-2.287853,54.653114],[-2.288203,54.653151],[-2.288261,54.653171],[-2.288327,54.653446],[-2.288316,54.654529],[-2.288555,54.65495],[-2.288737,54.655149],[-2.289059,54.655329],[-2.289417,54.655385],[-2.290403,54.655527],[-2.290543,54.655667],[-2.290441,54.656766],[-2.290208,54.6572],[-2.289862,54.657785],[-2.289872,54.658386],[-2.28996,54.658765],[-2.290366,54.6595],[-2.290853,54.660155],[-2.291242,54.660938],[-2.291342,54.661443],[-2.291395,54.662227],[-2.291338,54.66365],[-2.291399,54.663786],[-2.291574,54.663963],[-2.291842,54.664068],[-2.294033,54.664563],[-2.294922,54.664817],[-2.296715,54.665404],[-2.298266,54.665756],[-2.299422,54.665899],[-2.300729,54.666136],[-2.302062,54.666827],[-2.302272,54.667094],[-2.302317,54.66719],[-2.302348,54.667384],[-2.302315,54.667465],[-2.301799,54.668046],[-2.301266,54.668949],[-2.301361,54.669195],[-2.30161,54.669444],[-2.301751,54.669499],[-2.302356,54.669564],[-2.303061,54.669615],[-2.303691,54.669755],[-2.304623,54.670039],[-2.305013,54.670021],[-2.305552,54.669931],[-2.306094,54.669758],[-2.306326,54.669603],[-2.306688,54.669418],[-2.306981,54.669375],[-2.308154,54.669305],[-2.309052,54.66935],[-2.30949,54.66938],[-2.310402,54.669369],[-2.312672,54.669156],[-2.313354,54.668999],[-2.314654,54.668658],[-2.314976,54.668623],[-2.315229,54.668653],[-2.316133,54.668965],[-2.317382,54.669296],[-2.31869,54.669257],[-2.319465,54.669105],[-2.320623,54.668908],[-2.321015,54.668902],[-2.321568,54.66902],[-2.322616,54.669517],[-2.323902,54.670167],[-2.325331,54.670427],[-2.325632,54.670475],[-2.325759,54.670527],[-2.325981,54.670642],[-2.326274,54.670887],[-2.326337,54.670972],[-2.326432,54.671282],[-2.326384,54.671418],[-2.326269,54.671543],[-2.326046,54.671696],[-2.325208,54.672116],[-2.324889,54.672419],[-2.324903,54.672778],[-2.324959,54.672961],[-2.325057,54.673083],[-2.325532,54.673472],[-2.32652,54.674034],[-2.327629,54.674541],[-2.327852,54.674572],[-2.328474,54.674487],[-2.329492,54.674493],[-2.329931,54.674564],[-2.331547,54.67475],[-2.332061,54.674798],[-2.33385,54.675057],[-2.334157,54.675171],[-2.334844,54.675563],[-2.335896,54.676333],[-2.336326,54.676679],[-2.337224,54.677261],[-2.337828,54.677565],[-2.338246,54.677966],[-2.33854,54.678094],[-2.339675,54.678429],[-2.34018,54.678696],[-2.340452,54.678985],[-2.340935,54.679741],[-2.34142,54.680524],[-2.341668,54.681132],[-2.342028,54.682105],[-2.34227,54.682241],[-2.342946,54.682453],[-2.34354,54.682837],[-2.344436,54.683489],[-2.345667,54.683905],[-2.345881,54.683929],[-2.346399,54.683884],[-2.346792,54.683783],[-2.347072,54.683749],[-2.347322,54.68376],[-2.347567,54.683816],[-2.347766,54.683912],[-2.348243,54.684426],[-2.348359,54.684707],[-2.348413,54.685481],[-2.348496,54.68552],[-2.349792,54.685552],[-2.350062,54.685586],[-2.35028,54.685654],[-2.350413,54.685743],[-2.350458,54.685827],[-2.350391,54.687199],[-2.350341,54.687352],[-2.349935,54.688129],[-2.349516,54.6887],[-2.348981,54.68938],[-2.348957,54.68966],[-2.349146,54.690159],[-2.349256,54.690364],[-2.349691,54.690607],[-2.350367,54.690828],[-2.351769,54.691139],[-2.352725,54.691591],[-2.352848,54.69215],[-2.352799,54.692546],[-2.352553,54.692809],[-2.351737,54.693249],[-2.350724,54.693849],[-2.350709,54.693886],[-2.350722,54.693966],[-2.35102,54.694622],[-2.35174,54.69533],[-2.351984,54.695481],[-2.352422,54.695671],[-2.35263,54.695887],[-2.352701,54.696148],[-2.352769,54.696464],[-2.352815,54.696565],[-2.353262,54.696856],[-2.353857,54.697007],[-2.354031,54.697222],[-2.354174,54.697372],[-2.354267,54.697562],[-2.35421,54.697686],[-2.354054,54.697776],[-2.353898,54.697805],[-2.353127,54.697893],[-2.352869,54.697859],[-2.352599,54.697749],[-2.352288,54.697685],[-2.352187,54.697695],[-2.352046,54.697758],[-2.351742,54.698097],[-2.351384,54.698829],[-2.350776,54.699788],[-2.349958,54.700375],[-2.349596,54.700613],[-2.348845,54.700704],[-2.3486,54.700805],[-2.348113,54.701068],[-2.348022,54.701047],[-2.347976,54.70101],[-2.347919,54.700845],[-2.347767,54.700772],[-2.347181,54.70084],[-2.346877,54.701001],[-2.346818,54.701009],[-2.346611,54.700972],[-2.345902,54.700805],[-2.345291,54.700721],[-2.344981,54.700728],[-2.344714,54.70087],[-2.344533,54.700961],[-2.344213,54.700999],[-2.344073,54.701051],[-2.343948,54.701339],[-2.343898,54.701408],[-2.343842,54.701431],[-2.343199,54.701514],[-2.342945,54.701623],[-2.342918,54.70176],[-2.343004,54.701819],[-2.343014,54.701916],[-2.342864,54.702146],[-2.342643,54.7022],[-2.342516,54.702275],[-2.34248,54.702373],[-2.342525,54.70257],[-2.342038,54.703045],[-2.341936,54.703117],[-2.341936,54.703473],[-2.341862,54.703691],[-2.341876,54.703817],[-2.34194,54.704095],[-2.341856,54.70426],[-2.341455,54.704363],[-2.34118,54.704489],[-2.341078,54.704621],[-2.34108,54.704683],[-2.341287,54.704921],[-2.341209,54.705058],[-2.340666,54.705245],[-2.340167,54.705537],[-2.339929,54.705953],[-2.339996,54.706176],[-2.340744,54.706657],[-2.340963,54.706793],[-2.341021,54.706905],[-2.341207,54.707012],[-2.341882,54.707128],[-2.342081,54.707171],[-2.342204,54.707304],[-2.342308,54.707431],[-2.342489,54.707522],[-2.342583,54.707658],[-2.342559,54.707988],[-2.342643,54.708184],[-2.342634,54.708244],[-2.342846,54.708526],[-2.343082,54.708705],[-2.343153,54.708734],[-2.343403,54.708797],[-2.343498,54.708864],[-2.343512,54.709029],[-2.343515,54.709236],[-2.343167,54.709338],[-2.34284,54.709422],[-2.342706,54.709684],[-2.342333,54.709804],[-2.34206,54.709841],[-2.341768,54.710039],[-2.341642,54.710082],[-2.341177,54.710139],[-2.340982,54.710178],[-2.340552,54.710352],[-2.340363,54.71035],[-2.340114,54.710325],[-2.339939,54.71034],[-2.339804,54.710471],[-2.339777,54.710496],[-2.339732,54.710659],[-2.339798,54.710695],[-2.340071,54.710765],[-2.340353,54.71103],[-2.340318,54.71115],[-2.340541,54.711246],[-2.340685,54.711448],[-2.340732,54.711642],[-2.340607,54.711901],[-2.340521,54.712168],[-2.340489,54.712274],[-2.340385,54.712297],[-2.340226,54.71235],[-2.340355,54.712436],[-2.340458,54.712458],[-2.340521,54.712524],[-2.340539,54.712685],[-2.34061,54.712978],[-2.340509,54.713124],[-2.340534,54.713524],[-2.340485,54.713662],[-2.340458,54.713803],[-2.340445,54.713841],[-2.340405,54.713876],[-2.340081,54.714007],[-2.340084,54.714048],[-2.340156,54.714182],[-2.340098,54.714269],[-2.340112,54.714488],[-2.33995,54.71464],[-2.33994,54.714713],[-2.340182,54.714741],[-2.340248,54.714764],[-2.34025,54.7149],[-2.340194,54.715101],[-2.340358,54.715296],[-2.340456,54.715332],[-2.340586,54.715336],[-2.34067,54.715376],[-2.340664,54.715587],[-2.340521,54.715901],[-2.340446,54.716069],[-2.340179,54.716284],[-2.340055,54.716473],[-2.339905,54.716559],[-2.339319,54.71663],[-2.33899,54.716614],[-2.3387,54.716534],[-2.337845,54.716468],[-2.33752,54.716482],[-2.336949,54.716576],[-2.336724,54.716652],[-2.336495,54.716717],[-2.336472,54.716758],[-2.336271,54.716989],[-2.335978,54.717173],[-2.336073,54.717403],[-2.336118,54.717693],[-2.336033,54.717774],[-2.335995,54.717879],[-2.335948,54.718064],[-2.335825,54.718208],[-2.335923,54.718388],[-2.335915,54.718541],[-2.33601,54.718739],[-2.336115,54.718904],[-2.336269,54.718971],[-2.336259,54.719051],[-2.336115,54.719058],[-2.336097,54.719116],[-2.336267,54.719169],[-2.336295,54.719206],[-2.336017,54.719255],[-2.335982,54.719314],[-2.33608,54.719402],[-2.336071,54.719465],[-2.336011,54.719474],[-2.335774,54.719401],[-2.335708,54.719406],[-2.335604,54.719485],[-2.335657,54.719609],[-2.33559,54.71966],[-2.335505,54.719625],[-2.335237,54.719508],[-2.335106,54.719611],[-2.334643,54.719498],[-2.33458,54.719539],[-2.33457,54.719633],[-2.334457,54.719677],[-2.334427,54.719807],[-2.334328,54.719876],[-2.334064,54.719924],[-2.33386,54.720126],[-2.333731,54.720162],[-2.33352,54.720287],[-2.332888,54.720458],[-2.332708,54.720662],[-2.332625,54.720716],[-2.332233,54.720898],[-2.331991,54.721139],[-2.331328,54.72148],[-2.330959,54.721627],[-2.330697,54.721826],[-2.330411,54.722123],[-2.329476,54.722551],[-2.329,54.722817],[-2.328086,54.723601],[-2.327349,54.724297],[-2.326848,54.724617],[-2.32501,54.726179],[-2.324611,54.726397],[-2.324122,54.726343],[-2.323348,54.725733],[-2.322793,54.725393],[-2.322234,54.725059],[-2.32152,54.724671],[-2.320974,54.723261],[-2.320602,54.722964],[-2.320341,54.722746],[-2.32001,54.722596],[-2.319975,54.722558],[-2.319654,54.72221],[-2.318716,54.722193],[-2.3186,54.722213],[-2.318294,54.722285],[-2.317758,54.722391],[-2.316792,54.722984],[-2.316223,54.723321],[-2.316289,54.723539],[-2.316138,54.723677],[-2.315863,54.723686],[-2.315613,54.723567],[-2.31545,54.723438],[-2.314836,54.72334],[-2.314306,54.723331],[-2.314157,54.723363],[-2.313806,54.723446],[-2.313335,54.723513],[-2.312288,54.723627],[-2.311236,54.723723],[-2.310732,54.724031],[-2.310691,54.724189],[-2.310652,54.724323],[-2.310313,54.724584],[-2.308942,54.725205],[-2.308663,54.725304],[-2.307215,54.725776],[-2.306292,54.725809],[-2.305848,54.725947],[-2.30437,54.726102],[-2.303345,54.725878],[-2.302954,54.725507],[-2.302845,54.725367],[-2.302391,54.725189],[-2.301081,54.725177],[-2.299507,54.724741],[-2.29867,54.724896],[-2.297742,54.724379],[-2.297312,54.724166],[-2.296924,54.724097],[-2.296113,54.723928],[-2.295645,54.723859],[-2.295521,54.723802],[-2.294946,54.723313],[-2.293529,54.722805],[-2.292292,54.722813],[-2.291843,54.722651],[-2.288783,54.722014],[-2.287411,54.721806],[-2.287036,54.721725],[-2.286615,54.721808],[-2.285699,54.721544],[-2.285515,54.721161],[-2.284956,54.720779],[-2.283473,54.720446],[-2.281998,54.720148],[-2.280655,54.719539],[-2.280447,54.719407],[-2.280219,54.719342],[-2.279835,54.719066],[-2.278564,54.718363],[-2.278105,54.718099],[-2.277309,54.718001],[-2.276439,54.717976],[-2.276026,54.718071],[-2.2754,54.718311],[-2.275307,54.718331],[-2.275214,54.718316],[-2.275136,54.718259],[-2.274553,54.717967],[-2.273719,54.718048],[-2.273058,54.718279],[-2.27283,54.718403],[-2.27273,54.718421],[-2.272564,54.7184],[-2.272177,54.718239],[-2.2712,54.718201],[-2.270579,54.718307],[-2.27004,54.71845],[-2.269012,54.718468],[-2.268454,54.718326],[-2.268013,54.718007],[-2.267775,54.717838],[-2.267511,54.717804],[-2.266706,54.717922],[-2.26632,54.717574],[-2.26489,54.717777],[-2.26377,54.717062],[-2.263041,54.71632],[-2.261693,54.715228],[-2.260995,54.714948],[-2.260467,54.714578],[-2.26099,54.714109],[-2.261122,54.713421],[-2.261103,54.71327],[-2.26176,54.712498],[-2.261587,54.711756],[-2.26021,54.710633],[-2.259601,54.710119],[-2.259287,54.709802],[-2.258679,54.709138],[-2.258483,54.708997],[-2.257913,54.708749],[-2.25732,54.708353],[-2.254101,54.709332],[-2.252133,54.710095],[-2.248882,54.710471],[-2.246223,54.710872],[-2.245734,54.711179],[-2.244369,54.712399],[-2.244019,54.713],[-2.24398,54.713813],[-2.240799,54.713822],[-2.239466,54.713813],[-2.238595,54.713859],[-2.238049,54.713916],[-2.237045,54.714087],[-2.235144,54.714441],[-2.232541,54.71515],[-2.231653,54.715562],[-2.231497,54.715645],[-2.230867,54.715722],[-2.229989,54.715805],[-2.229239,54.715907],[-2.228493,54.7161],[-2.228006,54.716284],[-2.227308,54.716618],[-2.227096,54.716496],[-2.226962,54.7163],[-2.226323,54.715779],[-2.225085,54.714516],[-2.224875,54.714227],[-2.224721,54.714013],[-2.224006,54.713614],[-2.223707,54.713425],[-2.223066,54.713212],[-2.222682,54.713058],[-2.221898,54.712752],[-2.220808,54.712233],[-2.220467,54.712024],[-2.220342,54.711858],[-2.219876,54.711707],[-2.219485,54.711513],[-2.219202,54.71149],[-2.219015,54.711523],[-2.218731,54.711597],[-2.218627,54.711643],[-2.218367,54.711649],[-2.218084,54.711605],[-2.217607,54.711337],[-2.21606,54.71048],[-2.215233,54.710261],[-2.214437,54.710145],[-2.214057,54.71005],[-2.213387,54.709947],[-2.212173,54.709721],[-2.21172,54.709431],[-2.2113,54.708567],[-2.21104,54.708463],[-2.209674,54.707357],[-2.208349,54.706681],[-2.207739,54.706356],[-2.206187,54.705883],[-2.204644,54.705348],[-2.203726,54.704887],[-2.20255,54.704483],[-2.200881,54.70427],[-2.197495,54.705175],[-2.196263,54.705677],[-2.195641,54.705624],[-2.193123,54.705855],[-2.193438,54.70468],[-2.193605,54.703994],[-2.19358,54.702615],[-2.193671,54.700219],[-2.192743,54.698355],[-2.190082,54.69505],[-2.186784,54.695473],[-2.185342,54.695663],[-2.183586,54.695592],[-2.180963,54.695127],[-2.177604,54.694418],[-2.174533,54.693831],[-2.17306,54.693713],[-2.168773,54.694149],[-2.165605,54.694069],[-2.164483,54.694025],[-2.16168,54.693818],[-2.157217,54.693511],[-2.156346,54.693576],[-2.152814,54.693905],[-2.149524,54.694399],[-2.148492,54.694932],[-2.146505,54.695375],[-2.144665,54.695678],[-2.14342,54.695421],[-2.140972,54.694774],[-2.139529,54.694326],[-2.138569,54.693586],[-2.137985,54.693352],[-2.136972,54.693624],[-2.136421,54.693668],[-2.135493,54.693451],[-2.134647,54.692469],[-2.13413,54.692147],[-2.133517,54.692068],[-2.133036,54.691765],[-2.132588,54.691357],[-2.131051,54.690686],[-2.129916,54.690743],[-2.129506,54.69065],[-2.129243,54.690661],[-2.12906,54.690522],[-2.128784,54.690443],[-2.128517,54.690541],[-2.127386,54.690544],[-2.126051,54.69023],[-2.125732,54.690324],[-2.124882,54.690191],[-2.123881,54.68976],[-2.123305,54.689394],[-2.123052,54.689293],[-2.122564,54.689203],[-2.122428,54.689196],[-2.12171,54.689275],[-2.120922,54.689184],[-2.120477,54.688947],[-2.120252,54.68871],[-2.120391,54.688545],[-2.120471,54.688379],[-2.120459,54.688206],[-2.120364,54.688063],[-2.120196,54.687984],[-2.119835,54.687891],[-2.119565,54.687785],[-2.118878,54.687628],[-2.118146,54.687681],[-2.117508,54.687882],[-2.116712,54.6879],[-2.114766,54.687876],[-2.114478,54.68783],[-2.114231,54.687765],[-2.113595,54.687517],[-2.113246,54.687478],[-2.113018,54.687496],[-2.112766,54.687559],[-2.106485,54.689165],[-2.10481,54.689771],[-2.104094,54.690095],[-2.103292,54.690295],[-2.102846,54.690383],[-2.102158,54.690665],[-2.100316,54.691433],[-2.097989,54.692253],[-2.096949,54.692473],[-2.095551,54.692659],[-2.094431,54.692872],[-2.093774,54.693142],[-2.092725,54.69324],[-2.09192,54.693375],[-2.090041,54.693883],[-2.085646,54.694321],[-2.077582,54.694205],[-2.067333,54.691971],[-2.063982,54.691003],[-2.06281,54.690188],[-2.06113,54.689041],[-2.060589,54.688767],[-2.060288,54.688208],[-2.058418,54.688034],[-2.057033,54.688125],[-2.055834,54.687967],[-2.054532,54.687073],[-2.052409,54.686607],[-2.046848,54.685543],[-2.042364,54.685038],[-2.041735,54.685036],[-2.032618,54.685411],[-2.02992,54.684703],[-2.026842,54.684456],[-2.026783,54.684345],[-2.026692,54.684275],[-2.026491,54.684196],[-2.026108,54.684146],[-2.025726,54.684182],[-2.02428,54.684488],[-2.022793,54.683716],[-2.021249,54.683499],[-2.018895,54.683027],[-2.012624,54.681598],[-2.00882,54.681332],[-2.007828,54.681336],[-2.006986,54.681501],[-2.006589,54.681519],[-2.003957,54.680335],[-1.99992,54.682209],[-1.998104,54.682563],[-1.997284,54.682633],[-1.995654,54.682477],[-1.995353,54.682469],[-1.99315,54.682948],[-1.991567,54.683292],[-1.9895,54.68383],[-1.98805,54.684214],[-1.983983,54.680384],[-1.981474,54.678038],[-1.97905,54.675739],[-1.977977,54.674754],[-1.977111,54.673994],[-1.97687,54.673826],[-1.976666,54.673539],[-1.976221,54.673171],[-1.975945,54.672795],[-1.975714,54.672536],[-1.975488,54.672423],[-1.97423,54.672604],[-1.972885,54.672797],[-1.972127,54.6728],[-1.971498,54.672928],[-1.971077,54.673117],[-1.970844,54.673176],[-1.970629,54.673157],[-1.970016,54.673053],[-1.968564,54.673313],[-1.967826,54.673428],[-1.967397,54.673416],[-1.967319,54.673294],[-1.967158,54.673222],[-1.966939,54.673223],[-1.966621,54.673192],[-1.966511,54.673048],[-1.966352,54.672991],[-1.965775,54.672941],[-1.965676,54.672858],[-1.965429,54.672819],[-1.964846,54.672839],[-1.964709,54.672784],[-1.964605,54.672637],[-1.964339,54.672523],[-1.963358,54.672153],[-1.963003,54.672037],[-1.962581,54.671942],[-1.962292,54.671854],[-1.961463,54.67205],[-1.958842,54.671662],[-1.956468,54.671475],[-1.954551,54.671287],[-1.953428,54.6712],[-1.95112,54.670879],[-1.949178,54.670701],[-1.946848,54.670492],[-1.946785,54.671701],[-1.947937,54.675486],[-1.947848,54.676074],[-1.94747,54.676284],[-1.947008,54.676379],[-1.946744,54.676803],[-1.945852,54.677055],[-1.945514,54.677256],[-1.944639,54.677338],[-1.944044,54.677375],[-1.943706,54.677449],[-1.943351,54.677585],[-1.942929,54.677764],[-1.942809,54.677806],[-1.94235,54.677744],[-1.941469,54.677802],[-1.941142,54.677778],[-1.941014,54.67761],[-1.940976,54.677582],[-1.940897,54.677566],[-1.940806,54.677676],[-1.940844,54.677795],[-1.940785,54.677846],[-1.940619,54.67788],[-1.940253,54.677941],[-1.93998,54.677763],[-1.939771,54.677692],[-1.93966,54.677696],[-1.939104,54.677893],[-1.938705,54.677863],[-1.93836,54.677863],[-1.937953,54.678054],[-1.937649,54.678226],[-1.937235,54.678188],[-1.936815,54.678369],[-1.936614,54.678417],[-1.936368,54.678667],[-1.93627,54.678662],[-1.935947,54.678537],[-1.935671,54.678492],[-1.935504,54.678513],[-1.935231,54.678656],[-1.934902,54.678776],[-1.934449,54.678882],[-1.933219,54.679121],[-1.933087,54.679122],[-1.932675,54.679083],[-1.932315,54.679158],[-1.932238,54.679309],[-1.932293,54.679349],[-1.932312,54.679417],[-1.932199,54.679495],[-1.931292,54.67923],[-1.930456,54.679491],[-1.930125,54.679514],[-1.92993,54.679455],[-1.929559,54.679267],[-1.929457,54.679271],[-1.929178,54.679379],[-1.928083,54.679537],[-1.927838,54.679579],[-1.927437,54.679531],[-1.92717,54.679417],[-1.926982,54.679379],[-1.926532,54.679486],[-1.926164,54.679492],[-1.92563,54.679582],[-1.925055,54.679492],[-1.924719,54.679729],[-1.924298,54.679746],[-1.924005,54.679573],[-1.923839,54.679393],[-1.923629,54.67935],[-1.923504,54.679394],[-1.923273,54.679555],[-1.922722,54.679447],[-1.922559,54.679464],[-1.922455,54.679526],[-1.922336,54.679621],[-1.922227,54.679628],[-1.922083,54.679572],[-1.921883,54.679555],[-1.921735,54.679586],[-1.921402,54.679789],[-1.92084,54.679799],[-1.920641,54.679806],[-1.920456,54.679823],[-1.918691,54.681218],[-1.913804,54.684717],[-1.911874,54.68541],[-1.908658,54.686565],[-1.904744,54.687937],[-1.900392,54.689341],[-1.895039,54.690353],[-1.8934,54.690673],[-1.890787,54.691165],[-1.890475,54.691162],[-1.887847,54.691666],[-1.885816,54.692086],[-1.883602,54.692598],[-1.881877,54.693489],[-1.878614,54.695167],[-1.876993,54.696014],[-1.876591,54.696302],[-1.873948,54.698239],[-1.871387,54.699269],[-1.868923,54.700137],[-1.868387,54.70024],[-1.86693,54.700293],[-1.866772,54.700335],[-1.866667,54.700398],[-1.86659,54.700514],[-1.866123,54.700607],[-1.865467,54.700932],[-1.86327,54.701542],[-1.857931,54.702782],[-1.853893,54.703733],[-1.852141,54.704144],[-1.851285,54.704336],[-1.848689,54.70472],[-1.845683,54.705186],[-1.844793,54.705327],[-1.840263,54.706014],[-1.836328,54.706598],[-1.832749,54.707403],[-1.831102,54.707766],[-1.830834,54.707724],[-1.83,54.706972],[-1.827479,54.707305],[-1.825705,54.707759],[-1.825022,54.707837],[-1.823702,54.707882],[-1.822758,54.708],[-1.822268,54.708126],[-1.820446,54.708196],[-1.819009,54.706486],[-1.818572,54.705887],[-1.818292,54.705683],[-1.816427,54.704639],[-1.815437,54.703962],[-1.81428,54.703136],[-1.813501,54.702501],[-1.813285,54.702189],[-1.813244,54.702059],[-1.813131,54.701639],[-1.812939,54.701382],[-1.812513,54.700964],[-1.811169,54.699567],[-1.810309,54.698616],[-1.809125,54.697554],[-1.807439,54.696015],[-1.806564,54.695033],[-1.805598,54.693573],[-1.805392,54.693176],[-1.80497,54.692055],[-1.804721,54.690381],[-1.804791,54.68931],[-1.804751,54.688965],[-1.804641,54.688713],[-1.804443,54.688396],[-1.804104,54.687992],[-1.803157,54.687159],[-1.802184,54.686512],[-1.799534,54.685178],[-1.798474,54.684754],[-1.798109,54.68464],[-1.797674,54.684531],[-1.794639,54.683894],[-1.793701,54.683563],[-1.790879,54.682476],[-1.789763,54.682175],[-1.789123,54.68198],[-1.788574,54.681747],[-1.788233,54.681452],[-1.788152,54.681349],[-1.788016,54.681079],[-1.788046,54.680179],[-1.788362,54.679311],[-1.78873,54.678673],[-1.789214,54.678131],[-1.789926,54.677317],[-1.79046,54.676773],[-1.791514,54.675904],[-1.792075,54.675427],[-1.79219,54.675195],[-1.792131,54.674825],[-1.792026,54.674694],[-1.791784,54.674504],[-1.791548,54.674407],[-1.790886,54.674322],[-1.790413,54.674322],[-1.789776,54.674285],[-1.789395,54.674219],[-1.789113,54.674142],[-1.787266,54.67334],[-1.786326,54.672747],[-1.785484,54.672082],[-1.784516,54.671557],[-1.784101,54.671406],[-1.783624,54.671302],[-1.782048,54.671127],[-1.781586,54.671163],[-1.781074,54.671263],[-1.780519,54.671323],[-1.780242,54.671316],[-1.779651,54.671311],[-1.778434,54.671097],[-1.776069,54.670804],[-1.773226,54.671006],[-1.770671,54.671295],[-1.769064,54.671542],[-1.76755,54.672],[-1.766914,54.672237],[-1.766444,54.67246],[-1.766234,54.672577],[-1.766051,54.672721],[-1.765581,54.673345],[-1.765519,54.67356],[-1.765525,54.674346],[-1.765411,54.675157],[-1.765327,54.675328],[-1.765251,54.675421],[-1.764891,54.675662],[-1.763805,54.676199],[-1.763239,54.676405],[-1.762661,54.676553],[-1.76213,54.676632],[-1.761129,54.676646],[-1.759762,54.676578],[-1.758019,54.676376],[-1.755968,54.675891],[-1.754996,54.675502],[-1.754188,54.675034],[-1.753016,54.674129],[-1.752241,54.673685],[-1.75165,54.67353],[-1.751418,54.673528],[-1.750926,54.673612],[-1.74952,54.674158],[-1.748303,54.674694],[-1.747812,54.674917],[-1.746778,54.675317],[-1.745922,54.675814],[-1.745598,54.675949],[-1.743176,54.676668],[-1.742263,54.676838],[-1.741648,54.676872],[-1.740996,54.676831],[-1.740069,54.676688],[-1.7399,54.676621],[-1.739639,54.676411],[-1.739534,54.676246],[-1.739381,54.675329],[-1.739059,54.674746],[-1.739227,54.674512],[-1.739667,54.673831],[-1.739941,54.672984],[-1.739924,54.672943],[-1.739355,54.672651],[-1.738775,54.672457],[-1.738185,54.672333],[-1.737419,54.672241],[-1.736697,54.672189],[-1.736298,54.672174],[-1.735173,54.672192],[-1.732854,54.672467],[-1.730807,54.672832],[-1.729583,54.672962],[-1.729053,54.672964],[-1.728529,54.672935],[-1.728033,54.672818],[-1.727303,54.672464],[-1.727129,54.672287],[-1.727064,54.672093],[-1.727089,54.671585],[-1.727342,54.670794],[-1.727807,54.670131],[-1.72799,54.669717],[-1.727963,54.66953],[-1.727856,54.669331],[-1.727635,54.669138],[-1.727493,54.669113],[-1.727378,54.669135],[-1.725048,54.669563],[-1.724599,54.669684],[-1.724088,54.669878],[-1.72283,54.670526],[-1.7216,54.671111],[-1.720818,54.671367],[-1.719932,54.671548],[-1.718206,54.671989],[-1.716736,54.672267],[-1.716452,54.672263],[-1.715938,54.672175],[-1.715094,54.672412],[-1.714139,54.672667],[-1.712651,54.672455],[-1.711215,54.672235],[-1.711094,54.672479],[-1.710926,54.67271],[-1.710736,54.672854],[-1.710561,54.673059],[-1.710029,54.673027],[-1.709157,54.672947],[-1.708533,54.672829],[-1.705014,54.672184],[-1.704505,54.673019],[-1.704032,54.674563],[-1.703593,54.674498],[-1.702452,54.674293],[-1.699705,54.67378],[-1.697399,54.673531],[-1.696707,54.67347],[-1.695844,54.673385],[-1.695047,54.673279],[-1.693815,54.673081],[-1.693235,54.672958],[-1.692148,54.673219],[-1.691782,54.673428],[-1.691839,54.673594],[-1.691899,54.673656],[-1.691892,54.673702],[-1.691823,54.673748],[-1.691732,54.673772],[-1.689825,54.674003],[-1.688133,54.673933],[-1.687996,54.673691],[-1.687688,54.673563],[-1.687529,54.673556],[-1.686055,54.673594],[-1.68575,54.673576],[-1.684892,54.67337],[-1.684376,54.673325],[-1.683588,54.673305],[-1.683203,54.673158],[-1.682989,54.67305],[-1.682528,54.673038],[-1.681956,54.673018],[-1.681706,54.67287],[-1.681478,54.672924],[-1.681199,54.673176],[-1.68074,54.673398],[-1.681153,54.673672],[-1.681638,54.674134],[-1.681728,54.674318],[-1.681823,54.674964],[-1.682034,54.675889],[-1.682258,54.676336],[-1.682866,54.677185],[-1.683338,54.677919],[-1.683759,54.679073],[-1.683747,54.679367],[-1.68346,54.680085],[-1.682571,54.681267],[-1.68154,54.68267],[-1.681266,54.683218],[-1.681007,54.683962],[-1.680973,54.684148],[-1.680975,54.684838],[-1.681035,54.685135],[-1.681015,54.685499],[-1.680815,54.685946],[-1.680598,54.686204],[-1.680295,54.686437],[-1.68001,54.686578],[-1.679574,54.686722],[-1.67852,54.686791],[-1.677877,54.686782],[-1.67601,54.6868],[-1.6758,54.686823],[-1.675571,54.686902],[-1.67543,54.687008],[-1.675176,54.687464],[-1.675058,54.687873],[-1.674912,54.689585],[-1.674904,54.690627],[-1.674588,54.691603],[-1.67465,54.691968],[-1.674833,54.692135],[-1.675001,54.692219],[-1.675456,54.692311],[-1.67588,54.692321],[-1.67723,54.692314],[-1.679981,54.692124],[-1.681569,54.692084],[-1.684201,54.692162],[-1.685264,54.692222],[-1.68685,54.692209],[-1.687964,54.692083],[-1.688573,54.691974],[-1.690022,54.691535],[-1.690643,54.691233],[-1.691037,54.691192],[-1.691313,54.691265],[-1.691492,54.691368],[-1.691586,54.691513],[-1.691596,54.691909],[-1.69144,54.692219],[-1.691109,54.692638],[-1.690502,54.69368],[-1.689986,54.694585],[-1.689165,54.69624],[-1.689097,54.69732],[-1.689789,54.698971],[-1.690018,54.699442],[-1.690072,54.700204],[-1.690051,54.700526],[-1.689884,54.701015],[-1.689741,54.701136],[-1.689321,54.701505],[-1.688255,54.702537],[-1.687508,54.703182],[-1.687091,54.703479],[-1.68567,54.704352],[-1.684833,54.704707],[-1.684422,54.704834],[-1.684122,54.704906],[-1.682291,54.705194],[-1.681626,54.705265],[-1.68045,54.705256],[-1.680028,54.705192],[-1.679136,54.704971],[-1.67869,54.704803],[-1.678221,54.70468],[-1.677422,54.7042],[-1.676091,54.70357],[-1.67578,54.70351],[-1.675534,54.703509],[-1.675111,54.703583],[-1.674679,54.703711],[-1.673224,54.70423],[-1.672208,54.704732],[-1.671351,54.705311],[-1.670656,54.705852],[-1.670299,54.706081],[-1.670079,54.706202],[-1.669621,54.706422],[-1.66892,54.706699],[-1.668562,54.706768],[-1.668153,54.706809],[-1.667831,54.706814],[-1.666729,54.706661],[-1.66655,54.706532],[-1.666486,54.706408],[-1.666345,54.705686],[-1.666193,54.705385],[-1.666019,54.705296],[-1.665753,54.705253],[-1.665403,54.705245],[-1.665087,54.705273],[-1.664498,54.705397],[-1.663842,54.7056],[-1.662897,54.705872],[-1.660506,54.706487],[-1.659729,54.706733],[-1.658915,54.706921],[-1.657768,54.707104],[-1.65525,54.707465],[-1.654693,54.707507],[-1.652493,54.707614],[-1.651008,54.707609],[-1.649363,54.707647],[-1.648089,54.707741],[-1.647375,54.707741],[-1.646829,54.707827],[-1.646236,54.708056],[-1.645847,54.708264],[-1.645302,54.708614],[-1.644975,54.708898],[-1.644688,54.709231],[-1.644307,54.709627],[-1.643982,54.710482],[-1.643792,54.711346],[-1.643648,54.711585],[-1.643279,54.712035],[-1.642609,54.712633],[-1.642377,54.712764],[-1.642134,54.712866],[-1.641863,54.712953],[-1.641546,54.713023],[-1.639789,54.713249],[-1.639042,54.713301],[-1.637571,54.71332],[-1.636635,54.713249],[-1.635262,54.713096],[-1.635,54.713104],[-1.634543,54.713196],[-1.634067,54.713392],[-1.633413,54.713806],[-1.631439,54.715036],[-1.631081,54.715192],[-1.629453,54.716047],[-1.627226,54.716972],[-1.626621,54.717133],[-1.626088,54.717186],[-1.625449,54.717173],[-1.625178,54.717168],[-1.624593,54.717246],[-1.62433,54.717307],[-1.623211,54.717858],[-1.623018,54.718012],[-1.622908,54.718153],[-1.622853,54.718367],[-1.623087,54.719139],[-1.623029,54.719568],[-1.622884,54.719869],[-1.622537,54.720309],[-1.622088,54.72073],[-1.621738,54.720991],[-1.620845,54.721427],[-1.620133,54.721701],[-1.619763,54.721798],[-1.619608,54.722106],[-1.619004,54.722381],[-1.618526,54.722692],[-1.617661,54.723348],[-1.615789,54.724308],[-1.615214,54.724887],[-1.614804,54.725175],[-1.614548,54.725318],[-1.613767,54.725653],[-1.613456,54.725736],[-1.613063,54.725803],[-1.612105,54.726021],[-1.610412,54.726496],[-1.60859,54.727088],[-1.605681,54.728175],[-1.603846,54.728775],[-1.600256,54.730324],[-1.598593,54.730725],[-1.597905,54.730745],[-1.597116,54.730664],[-1.594467,54.730104],[-1.594478,54.729897],[-1.594254,54.72961],[-1.595288,54.7289],[-1.596511,54.727885],[-1.597036,54.727512],[-1.596886,54.727219],[-1.596555,54.727174],[-1.596487,54.726918],[-1.595986,54.726953],[-1.595632,54.726921],[-1.595278,54.726984],[-1.595019,54.726867],[-1.594855,54.726651],[-1.594462,54.726647],[-1.593825,54.726549],[-1.5929,54.726486],[-1.592428,54.726473],[-1.591389,54.726385],[-1.591375,54.726224],[-1.59125,54.726185],[-1.591031,54.726166],[-1.590956,54.726052],[-1.590551,54.725873],[-1.590515,54.725789],[-1.590499,54.725723],[-1.590306,54.72556],[-1.590157,54.725437],[-1.589914,54.725167],[-1.589894,54.724941],[-1.589733,54.724867],[-1.58929,54.724474],[-1.589571,54.724138],[-1.589115,54.723804],[-1.58843,54.723616],[-1.587567,54.723356],[-1.587253,54.722634],[-1.586235,54.722209],[-1.585404,54.722208],[-1.583991,54.72195],[-1.583836,54.721785],[-1.582678,54.721448],[-1.582235,54.721248],[-1.581906,54.720914],[-1.581646,54.720636],[-1.580823,54.719748],[-1.580464,54.7193],[-1.580192,54.719081],[-1.580079,54.718416],[-1.580117,54.718097],[-1.578006,54.717462],[-1.576037,54.718539],[-1.57387,54.719301],[-1.573012,54.71857],[-1.571967,54.717154],[-1.570389,54.715298],[-1.569753,54.714595],[-1.569235,54.71434],[-1.568638,54.713393],[-1.568194,54.712578],[-1.566557,54.709947],[-1.565999,54.709131],[-1.565672,54.708473]]]}},{"type":"Feature","properties":{"name":"North West Durham","label":"325","results":{"1997":{"winning_party":"Lab","con_votes":7101,"lab_votes":31855,"lib_votes":4991,"ruk_votes":0,"grn_votes":0,"oth_votes":2372,"con_pct":15.3,"lab_pct":68.8,"lib_pct":10.8,"ruk_pct":0.0,"grn_pct":0.0,"oth_pct":5.1,"total_votes":46319,"turnout":0.687,"mp_name":"nan"},"2001":{"winning_party":"Lab","con_votes":8193,"lab_votes":24526,"lib_votes":5846,"ruk_votes":0,"grn_votes":0,"oth_votes":661,"con_pct":20.9,"lab_pct":62.5,"lib_pct":14.9,"ruk_pct":0.0,"grn_pct":0.0,"oth_pct":1.7,"total_votes":39226,"turnout":0.585,"mp_name":"nan"},"2005":{"winning_party":"Lab","con_votes":6463,"lab_votes":21312,"lib_votes":7869,"ruk_votes":0,"grn_votes":0,"oth_votes":3865,"con_pct":16.4,"lab_pct":53.9,"lib_pct":19.9,"ruk_pct":0.0,"grn_pct":0.0,"oth_pct":9.8,"total_votes":39509,"turnout":0.577,"mp_name":"nan"}}},"geometry":{"type":"Polygon","coordinates":[[[-1.844245,54.890871],[-1.843983,54.89107],[-1.843718,54.891526],[-1.843393,54.89186],[-1.843316,54.891943],[-1.843118,54.892214],[-1.842914,54.892891],[-1.842952,54.893194],[-1.843162,54.893719],[-1.843953,54.895342],[-1.84411,54.895587],[-1.844317,54.895981],[-1.844291,54.896328],[-1.844063,54.896662],[-1.843758,54.89688],[-1.843345,54.896993],[-1.842006,54.897148],[-1.840424,54.897204],[-1.84001,54.897165],[-1.839536,54.897079],[-1.839341,54.897069],[-1.838318,54.89712],[-1.83756,54.897221],[-1.836966,54.897432],[-1.835986,54.897827],[-1.835355,54.898174],[-1.834713,54.898416],[-1.833968,54.898665],[-1.833319,54.89885],[-1.833127,54.898932],[-1.832571,54.899335],[-1.831965,54.899869],[-1.831501,54.900129],[-1.831055,54.900277],[-1.830621,54.900405],[-1.830342,54.900504],[-1.829593,54.900964],[-1.828597,54.901862],[-1.82837,54.902113],[-1.828035,54.902642],[-1.827709,54.903375],[-1.827198,54.904168],[-1.826751,54.904955],[-1.826535,54.905169],[-1.826334,54.905307],[-1.826136,54.9054],[-1.825861,54.905487],[-1.82522,54.905583],[-1.823816,54.9057],[-1.82282,54.90563],[-1.822054,54.905483],[-1.82168,54.905416],[-1.820897,54.905368],[-1.819905,54.905432],[-1.819452,54.905568],[-1.819441,54.905572],[-1.819017,54.905703],[-1.81878,54.905761],[-1.818471,54.9058],[-1.817834,54.905833],[-1.817815,54.905832],[-1.817424,54.905796],[-1.817124,54.905736],[-1.816823,54.905682],[-1.816362,54.905572],[-1.815539,54.905325],[-1.815096,54.905256],[-1.814517,54.905195],[-1.81427,54.905189],[-1.813487,54.905223],[-1.812853,54.905311],[-1.812331,54.90543],[-1.811928,54.905554],[-1.811552,54.905713],[-1.811388,54.905779],[-1.810627,54.906054],[-1.810253,54.906182],[-1.810056,54.906248],[-1.809688,54.906355],[-1.80817,54.906743],[-1.806777,54.907078],[-1.806359,54.90714],[-1.80577,54.907112],[-1.805592,54.907061],[-1.805082,54.90671],[-1.804734,54.906416],[-1.80462,54.906257],[-1.80449,54.905762],[-1.804429,54.905534],[-1.804335,54.905334],[-1.804074,54.905001],[-1.803814,54.904794],[-1.803504,54.904627],[-1.802555,54.90435],[-1.802126,54.90434],[-1.801521,54.904411],[-1.80103,54.904561],[-1.800165,54.90508],[-1.799552,54.905394],[-1.799054,54.905915],[-1.798915,54.905978],[-1.798508,54.906006],[-1.798031,54.905902],[-1.79751,54.905703],[-1.797261,54.90557],[-1.796541,54.904932],[-1.794832,54.903731],[-1.794657,54.903606],[-1.794336,54.903483],[-1.793508,54.90344],[-1.793235,54.903472],[-1.792926,54.903558],[-1.792772,54.903633],[-1.79259,54.903787],[-1.792479,54.903979],[-1.792442,54.904123],[-1.792531,54.904714],[-1.792444,54.905093],[-1.792271,54.905335],[-1.791624,54.906077],[-1.79079,54.906854],[-1.790402,54.907157],[-1.790059,54.90751],[-1.789822,54.908091],[-1.789782,54.908479],[-1.789686,54.90858],[-1.789544,54.908643],[-1.789362,54.90868],[-1.788959,54.908705],[-1.788341,54.908712],[-1.787836,54.908754],[-1.786442,54.90892],[-1.785755,54.908968],[-1.784459,54.909014],[-1.783926,54.909083],[-1.783622,54.909157],[-1.78318,54.90933],[-1.782413,54.909516],[-1.78153,54.909686],[-1.780974,54.909878],[-1.78084,54.910053],[-1.780822,54.910186],[-1.780842,54.910912],[-1.780782,54.911129],[-1.780625,54.911266],[-1.780409,54.911403],[-1.780239,54.911444],[-1.779999,54.911446],[-1.779685,54.911403],[-1.77738,54.910637],[-1.775852,54.910176],[-1.774675,54.909799],[-1.774263,54.909561],[-1.772731,54.9086],[-1.770926,54.90768],[-1.770368,54.907458],[-1.769325,54.9071],[-1.768085,54.906694],[-1.767684,54.90662],[-1.767015,54.906657],[-1.766759,54.90672],[-1.766504,54.906855],[-1.766402,54.906984],[-1.766456,54.907363],[-1.766503,54.908185],[-1.766697,54.908494],[-1.766715,54.908629],[-1.766641,54.90891],[-1.766471,54.909139],[-1.766429,54.90918],[-1.765895,54.909483],[-1.765618,54.909547],[-1.765248,54.90956],[-1.765002,54.909532],[-1.764763,54.909431],[-1.764682,54.909352],[-1.764649,54.909281],[-1.764643,54.908995],[-1.76461,54.908888],[-1.764492,54.908747],[-1.764233,54.908603],[-1.764051,54.908526],[-1.763656,54.908446],[-1.761024,54.908264],[-1.760372,54.908212],[-1.759628,54.908304],[-1.759363,54.908373],[-1.759046,54.908533],[-1.758816,54.908725],[-1.758693,54.908892],[-1.758567,54.90922],[-1.758566,54.909618],[-1.75842,54.910537],[-1.758347,54.910653],[-1.758142,54.910798],[-1.757818,54.91092],[-1.75644,54.911246],[-1.755713,54.911422],[-1.75537,54.911548],[-1.755186,54.911668],[-1.754738,54.912005],[-1.754486,54.91215],[-1.753861,54.912563],[-1.753386,54.913034],[-1.752939,54.913556],[-1.752658,54.913901],[-1.752318,54.914252],[-1.752166,54.914419],[-1.751725,54.914945],[-1.751017,54.915707],[-1.750373,54.916342],[-1.750291,54.916446],[-1.749726,54.916977],[-1.749559,54.917083],[-1.749442,54.917147],[-1.74926,54.91723],[-1.749,54.917326],[-1.748614,54.917445],[-1.748211,54.917534],[-1.747885,54.917587],[-1.747786,54.917601],[-1.74749,54.917635],[-1.747404,54.917638],[-1.747023,54.917614],[-1.74674,54.917577],[-1.746107,54.917428],[-1.745811,54.917316],[-1.745546,54.917151],[-1.745029,54.916658],[-1.744896,54.916523],[-1.744737,54.916435],[-1.744558,54.916425],[-1.743691,54.916699],[-1.741554,54.917179],[-1.741098,54.91726],[-1.740494,54.917288],[-1.740271,54.917264],[-1.740114,54.917216],[-1.738945,54.916892],[-1.738678,54.916792],[-1.738512,54.916762],[-1.73829,54.91674],[-1.737992,54.916753],[-1.73766,54.916948],[-1.737156,54.917631],[-1.736893,54.917957],[-1.736514,54.918272],[-1.735808,54.918461],[-1.73539,54.918365],[-1.734989,54.918463],[-1.734795,54.918489],[-1.734631,54.918487],[-1.734296,54.918428],[-1.733948,54.918334],[-1.733656,54.918298],[-1.733035,54.918209],[-1.732685,54.918099],[-1.732472,54.917981],[-1.732347,54.917757],[-1.732187,54.917581],[-1.732157,54.917454],[-1.731667,54.917569],[-1.731591,54.917422],[-1.731414,54.91731],[-1.731313,54.917102],[-1.731209,54.917026],[-1.730804,54.916825],[-1.730812,54.916588],[-1.730781,54.916547],[-1.730617,54.916511],[-1.729861,54.916448],[-1.729635,54.916434],[-1.729432,54.916389],[-1.729327,54.916319],[-1.729292,54.916092],[-1.729139,54.915895],[-1.72908,54.915721],[-1.729007,54.915707],[-1.728951,54.915679],[-1.729025,54.915584],[-1.728835,54.915551],[-1.728504,54.915491],[-1.728557,54.915244],[-1.728578,54.915236],[-1.728575,54.915147],[-1.728512,54.914972],[-1.728411,54.914915],[-1.728276,54.91491],[-1.728156,54.914919],[-1.728229,54.91469],[-1.727893,54.914612],[-1.727632,54.914478],[-1.727575,54.91438],[-1.72719,54.914083],[-1.7271,54.913969],[-1.72706,54.913741],[-1.726914,54.91332],[-1.726784,54.913118],[-1.726439,54.912918],[-1.726119,54.91263],[-1.726128,54.912526],[-1.726153,54.912445],[-1.726004,54.912368],[-1.725998,54.912284],[-1.726195,54.912202],[-1.726255,54.912125],[-1.726275,54.912049],[-1.726307,54.911932],[-1.726254,54.911838],[-1.726088,54.911681],[-1.726392,54.91149],[-1.726458,54.91141],[-1.726271,54.910937],[-1.7261,54.91038],[-1.725962,54.910252],[-1.725555,54.910086],[-1.725174,54.909994],[-1.724753,54.90988],[-1.724357,54.909657],[-1.724228,54.90956],[-1.724069,54.909275],[-1.723806,54.909035],[-1.723345,54.908717],[-1.723313,54.908897],[-1.722322,54.909493],[-1.721552,54.910025],[-1.721464,54.910037],[-1.720991,54.90955],[-1.720913,54.909429],[-1.720779,54.909014],[-1.720709,54.90891],[-1.720641,54.908861],[-1.71974,54.908597],[-1.719454,54.908548],[-1.719404,54.90812],[-1.718723,54.908047],[-1.717972,54.907949],[-1.717558,54.907943],[-1.717089,54.908141],[-1.71664,54.908255],[-1.715937,54.908356],[-1.715443,54.908342],[-1.71496,54.907712],[-1.713985,54.907972],[-1.711583,54.908672],[-1.709328,54.908879],[-1.708813,54.909041],[-1.707671,54.909069],[-1.706076,54.909095],[-1.703313,54.909098],[-1.70148,54.909127],[-1.699267,54.909134],[-1.698499,54.909131],[-1.696836,54.908905],[-1.69717,54.908856],[-1.696941,54.908576],[-1.696976,54.908077],[-1.696149,54.907171],[-1.695297,54.906737],[-1.695217,54.90668],[-1.695156,54.90661],[-1.695114,54.906519],[-1.695124,54.906473],[-1.695139,54.906442],[-1.695199,54.906397],[-1.695257,54.906376],[-1.695711,54.90626],[-1.695991,54.906138],[-1.696502,54.90658],[-1.697326,54.907332],[-1.697526,54.907517],[-1.697716,54.907592],[-1.698642,54.907812],[-1.699322,54.907869],[-1.69957,54.90782],[-1.699932,54.907856],[-1.700147,54.907878],[-1.700361,54.907831],[-1.701294,54.907575],[-1.701686,54.907452],[-1.702008,54.907432],[-1.702266,54.907494],[-1.70287,54.907682],[-1.703509,54.907788],[-1.703642,54.907784],[-1.70372,54.907805],[-1.704116,54.907947],[-1.704433,54.907981],[-1.705434,54.908029],[-1.705605,54.908102],[-1.706411,54.908324],[-1.706365,54.907581],[-1.706522,54.907481],[-1.707139,54.907344],[-1.708048,54.907168],[-1.707366,54.906487],[-1.707286,54.906457],[-1.707003,54.906337],[-1.706712,54.905985],[-1.706463,54.905735],[-1.7058,54.904593],[-1.705465,54.903912],[-1.70815,54.901619],[-1.709735,54.900033],[-1.7091,54.899779],[-1.710645,54.898687],[-1.715501,54.897767],[-1.715343,54.897443],[-1.716381,54.897116],[-1.717143,54.896916],[-1.717975,54.896699],[-1.718152,54.896635],[-1.718366,54.89632],[-1.718629,54.896229],[-1.719221,54.896205],[-1.71951,54.896191],[-1.7203,54.896102],[-1.720402,54.896067],[-1.720712,54.895879],[-1.721613,54.895311],[-1.722594,54.894871],[-1.72318,54.894759],[-1.72368,54.894728],[-1.724237,54.894664],[-1.724998,54.894656],[-1.726297,54.894598],[-1.726438,54.894541],[-1.726772,54.894161],[-1.726945,54.894256],[-1.727616,54.893945],[-1.728527,54.89249],[-1.729924,54.891558],[-1.730621,54.891337],[-1.73062,54.89153],[-1.732102,54.891538],[-1.730981,54.890933],[-1.730842,54.889828],[-1.731723,54.888322],[-1.732085,54.887704],[-1.733415,54.8879],[-1.734278,54.888034],[-1.735478,54.888251],[-1.737263,54.888533],[-1.737946,54.888628],[-1.738738,54.888737],[-1.739735,54.889087],[-1.740591,54.888693],[-1.742025,54.88817],[-1.742271,54.887813],[-1.742561,54.887262],[-1.742918,54.886526],[-1.743158,54.88599],[-1.743377,54.885487],[-1.743559,54.885081],[-1.743835,54.884466],[-1.74399,54.88412],[-1.744113,54.883847],[-1.744269,54.883497],[-1.744352,54.883258],[-1.744474,54.882817],[-1.744597,54.882526],[-1.745018,54.881956],[-1.745204,54.881718],[-1.745715,54.881061],[-1.745934,54.880783],[-1.746182,54.880472],[-1.746287,54.88034],[-1.746446,54.880157],[-1.746911,54.87962],[-1.747057,54.879455],[-1.747325,54.879156],[-1.747402,54.879051],[-1.747536,54.878868],[-1.74791,54.878393],[-1.748136,54.878071],[-1.748291,54.877688],[-1.748379,54.877426],[-1.748482,54.87714],[-1.748906,54.876229],[-1.749088,54.875831],[-1.749206,54.875564],[-1.749401,54.875118],[-1.749465,54.874968],[-1.749535,54.874772],[-1.74956,54.874606],[-1.749585,54.874111],[-1.749211,54.872984],[-1.748822,54.8719],[-1.749719,54.871887],[-1.750331,54.871983],[-1.750749,54.872093],[-1.753005,54.872677],[-1.755473,54.873318],[-1.756659,54.873617],[-1.758046,54.873966],[-1.758288,54.873505],[-1.759198,54.872628],[-1.761542,54.870826],[-1.762474,54.869604],[-1.763252,54.868521],[-1.763953,54.867532],[-1.764736,54.866549],[-1.766326,54.866233],[-1.768518,54.863126],[-1.768627,54.862984],[-1.768715,54.86269],[-1.768999,54.862154],[-1.770736,54.859061],[-1.771669,54.857504],[-1.772394,54.856916],[-1.771947,54.856869],[-1.771743,54.856546],[-1.771413,54.856273],[-1.771181,54.856178],[-1.770367,54.855836],[-1.769235,54.85565],[-1.764657,54.854522],[-1.763449,54.854107],[-1.759975,54.853032],[-1.759264,54.852885],[-1.758806,54.852876],[-1.758691,54.85286],[-1.757218,54.852319],[-1.756683,54.850506],[-1.755196,54.849871],[-1.754844,54.849656],[-1.753588,54.849268],[-1.751885,54.850069],[-1.751266,54.850168],[-1.745006,54.847937],[-1.744399,54.847703],[-1.740227,54.845466],[-1.738753,54.844778],[-1.736981,54.844212],[-1.734251,54.843358],[-1.732498,54.842763],[-1.731949,54.842526],[-1.731182,54.842328],[-1.730184,54.842031],[-1.729967,54.842233],[-1.729543,54.842743],[-1.729188,54.843301],[-1.729077,54.843576],[-1.729004,54.844165],[-1.728966,54.845898],[-1.727932,54.845951],[-1.726764,54.845438],[-1.724879,54.84441],[-1.723722,54.843848],[-1.72352,54.843681],[-1.721681,54.842748],[-1.719892,54.841218],[-1.719507,54.840669],[-1.711952,54.842276],[-1.710181,54.842612],[-1.705389,54.843666],[-1.703377,54.840393],[-1.699278,54.84083],[-1.698501,54.840907],[-1.698584,54.842012],[-1.698607,54.843663],[-1.69858,54.843817],[-1.697984,54.844152],[-1.697575,54.844429],[-1.696495,54.845009],[-1.695533,54.845396],[-1.694376,54.845815],[-1.691831,54.846607],[-1.690409,54.847076],[-1.688431,54.847668],[-1.687413,54.847778],[-1.687049,54.847755],[-1.682342,54.847506],[-1.681964,54.846398],[-1.68137,54.846169],[-1.673251,54.84607],[-1.671082,54.845476],[-1.670064,54.844753],[-1.669786,54.844208],[-1.667736,54.844226],[-1.666844,54.844232],[-1.665223,54.843706],[-1.66499,54.843722],[-1.663255,54.843916],[-1.663165,54.843527],[-1.663017,54.84332],[-1.662662,54.842899],[-1.662539,54.84283],[-1.662062,54.842847],[-1.661448,54.842846],[-1.660371,54.842892],[-1.660078,54.842908],[-1.65979,54.843725],[-1.659477,54.844275],[-1.659333,54.844323],[-1.658894,54.844242],[-1.658299,54.845919],[-1.657931,54.846784],[-1.656007,54.847413],[-1.652455,54.84872],[-1.652249,54.848454],[-1.652639,54.847639],[-1.652788,54.847151],[-1.652998,54.846832],[-1.653249,54.846305],[-1.653403,54.845967],[-1.653868,54.845056],[-1.653945,54.84487],[-1.654007,54.844722],[-1.654034,54.844634],[-1.65408,54.844479],[-1.654095,54.844442],[-1.654365,54.84422],[-1.656031,54.84365],[-1.657458,54.843094],[-1.660105,54.841606],[-1.660031,54.841502],[-1.659922,54.841124],[-1.659604,54.840526],[-1.659203,54.840354],[-1.659048,54.840083],[-1.658731,54.83943],[-1.658511,54.839094],[-1.658175,54.838693],[-1.658769,54.838454],[-1.65881,54.838304],[-1.658863,54.83815],[-1.658736,54.837902],[-1.658721,54.837819],[-1.658937,54.8375],[-1.658918,54.837462],[-1.658767,54.837396],[-1.658519,54.837259],[-1.658567,54.836732],[-1.658584,54.836662],[-1.658696,54.836655],[-1.658743,54.836677],[-1.658793,54.836724],[-1.658899,54.836734],[-1.658968,54.836677],[-1.65884,54.836515],[-1.658826,54.836475],[-1.658897,54.836326],[-1.658898,54.836233],[-1.658882,54.836155],[-1.658699,54.835871],[-1.658624,54.835642],[-1.658698,54.835486],[-1.658862,54.835421],[-1.659689,54.835333],[-1.659791,54.8353],[-1.659924,54.835145],[-1.65989,54.834914],[-1.660184,54.83425],[-1.660315,54.83409],[-1.660594,54.833897],[-1.660954,54.833757],[-1.661332,54.83366],[-1.661747,54.833373],[-1.66183,54.833246],[-1.662124,54.833066],[-1.662451,54.832716],[-1.663084,54.832357],[-1.663394,54.8323],[-1.663627,54.832171],[-1.663579,54.831959],[-1.663654,54.83185],[-1.663966,54.831446],[-1.664443,54.83099],[-1.664502,54.830225],[-1.664501,54.829666],[-1.664403,54.829282],[-1.664441,54.828699],[-1.664442,54.828482],[-1.664563,54.828171],[-1.664841,54.827717],[-1.664886,54.827495],[-1.664882,54.827034],[-1.664971,54.826684],[-1.665066,54.826303],[-1.664995,54.826083],[-1.664827,54.825914],[-1.66451,54.825758],[-1.66404,54.82566],[-1.663406,54.825589],[-1.66315,54.825467],[-1.661898,54.825015],[-1.661519,54.824673],[-1.66124,54.824334],[-1.661112,54.823806],[-1.661019,54.822688],[-1.660914,54.822545],[-1.660742,54.822366],[-1.660109,54.821973],[-1.659985,54.821839],[-1.659935,54.821639],[-1.659988,54.821309],[-1.659954,54.821164],[-1.659801,54.820894],[-1.659509,54.820644],[-1.65915,54.820419],[-1.659046,54.820286],[-1.658965,54.820103],[-1.658687,54.819582],[-1.657766,54.819106],[-1.657446,54.818956],[-1.657004,54.818657],[-1.656732,54.818497],[-1.656127,54.817812],[-1.655899,54.817457],[-1.655288,54.816752],[-1.654911,54.816437],[-1.654671,54.816359],[-1.654586,54.816283],[-1.654227,54.815978],[-1.654068,54.815785],[-1.653667,54.815529],[-1.653611,54.815393],[-1.653716,54.81527],[-1.6538,54.815158],[-1.654048,54.815069],[-1.654197,54.81499],[-1.654231,54.814961],[-1.654501,54.814699],[-1.654595,54.814233],[-1.654613,54.814175],[-1.654572,54.814014],[-1.65461,54.81392],[-1.65482,54.813775],[-1.654984,54.813593],[-1.654943,54.813385],[-1.654978,54.813287],[-1.65492,54.813221],[-1.654774,54.813097],[-1.654754,54.812792],[-1.654783,54.812629],[-1.65465,54.812543],[-1.654745,54.812366],[-1.654923,54.812139],[-1.654997,54.812152],[-1.655131,54.812147],[-1.655107,54.812079],[-1.655031,54.811836],[-1.654973,54.811722],[-1.654941,54.811627],[-1.655032,54.811408],[-1.655061,54.811189],[-1.655209,54.81113],[-1.65524,54.810975],[-1.655194,54.810857],[-1.655241,54.810794],[-1.655156,54.810695],[-1.655175,54.810519],[-1.655202,54.81042],[-1.655278,54.81033],[-1.655252,54.810164],[-1.655269,54.809936],[-1.655545,54.809909],[-1.655657,54.809804],[-1.655604,54.809598],[-1.655704,54.809542],[-1.655779,54.809569],[-1.655849,54.809517],[-1.65581,54.809356],[-1.65579,54.809246],[-1.655655,54.809135],[-1.655526,54.808959],[-1.655361,54.808819],[-1.655272,54.808756],[-1.655184,54.808732],[-1.655123,54.808736],[-1.655086,54.808649],[-1.655161,54.80849],[-1.655107,54.808451],[-1.654973,54.808309],[-1.654866,54.808272],[-1.654685,54.808222],[-1.654587,54.808141],[-1.65443,54.807877],[-1.654338,54.80756],[-1.654299,54.807511],[-1.654275,54.807497],[-1.654123,54.807415],[-1.653837,54.80733],[-1.653796,54.807287],[-1.653727,54.807007],[-1.653768,54.806925],[-1.653769,54.806874],[-1.653744,54.806838],[-1.653666,54.806786],[-1.653261,54.806509],[-1.652883,54.806312],[-1.6524,54.806157],[-1.651812,54.806178],[-1.651468,54.806191],[-1.65128,54.806207],[-1.651188,54.806182],[-1.651139,54.806129],[-1.651116,54.80567],[-1.651146,54.805423],[-1.651167,54.805092],[-1.651144,54.80502],[-1.651243,54.804901],[-1.651424,54.804848],[-1.651606,54.80478],[-1.651577,54.804712],[-1.651461,54.804628],[-1.651084,54.804241],[-1.650927,54.804131],[-1.650897,54.804085],[-1.650873,54.803743],[-1.650649,54.803362],[-1.650616,54.80311],[-1.650842,54.803044],[-1.651176,54.802882],[-1.651603,54.802604],[-1.651629,54.802604],[-1.651777,54.802432],[-1.651498,54.802028],[-1.651286,54.801698],[-1.651154,54.801622],[-1.651084,54.801481],[-1.650983,54.801328],[-1.650964,54.801293],[-1.650971,54.80125],[-1.651116,54.801058],[-1.65113,54.800972],[-1.651003,54.800906],[-1.650922,54.800937],[-1.650728,54.800969],[-1.650668,54.800819],[-1.650584,54.800792],[-1.650331,54.8007],[-1.650407,54.800576],[-1.65027,54.800588],[-1.65008,54.80058],[-1.650051,54.800483],[-1.650095,54.800469],[-1.650189,54.800415],[-1.650016,54.800333],[-1.650077,54.800277],[-1.650113,54.800191],[-1.650008,54.800114],[-1.649902,54.800017],[-1.650184,54.799965],[-1.650372,54.800029],[-1.652595,54.801578],[-1.654002,54.803041],[-1.654428,54.803431],[-1.654526,54.803525],[-1.654864,54.803673],[-1.655059,54.803682],[-1.655436,54.803662],[-1.655638,54.803625],[-1.655876,54.803496],[-1.65624,54.803122],[-1.656524,54.802931],[-1.656965,54.802747],[-1.657807,54.802668],[-1.658025,54.802585],[-1.658111,54.80252],[-1.658396,54.802216],[-1.658612,54.802059],[-1.65915,54.801865],[-1.659566,54.801802],[-1.659803,54.801795],[-1.660453,54.80164],[-1.661022,54.801429],[-1.661646,54.801455],[-1.662421,54.801287],[-1.662849,54.801232],[-1.663282,54.801344],[-1.663541,54.801285],[-1.66376,54.801282],[-1.664434,54.801282],[-1.664661,54.800944],[-1.66452,54.800313],[-1.664445,54.800098],[-1.664322,54.800038],[-1.663614,54.799449],[-1.663368,54.799212],[-1.663174,54.799037],[-1.663047,54.798909],[-1.662923,54.798733],[-1.662805,54.798477],[-1.662708,54.798306],[-1.662569,54.798043],[-1.662458,54.797785],[-1.662425,54.797611],[-1.662358,54.797431],[-1.662286,54.797292],[-1.662102,54.797038],[-1.661815,54.796767],[-1.661482,54.796522],[-1.66068,54.795997],[-1.660474,54.795815],[-1.660278,54.795588],[-1.660163,54.795388],[-1.65992,54.79484],[-1.659841,54.794601],[-1.65967,54.794298],[-1.659409,54.79396],[-1.658739,54.793237],[-1.657951,54.793189],[-1.656867,54.793104],[-1.655766,54.792896],[-1.65453,54.791649],[-1.653529,54.790442],[-1.652935,54.789759],[-1.651642,54.78871],[-1.649911,54.787494],[-1.648881,54.787111],[-1.647544,54.786563],[-1.646649,54.786098],[-1.646463,54.785769],[-1.646598,54.784793],[-1.647011,54.78436],[-1.645967,54.783019],[-1.649689,54.783527],[-1.653503,54.784042],[-1.657656,54.784688],[-1.66084,54.785327],[-1.662008,54.785459],[-1.663596,54.785469],[-1.665543,54.78574],[-1.666129,54.785655],[-1.668092,54.781748],[-1.66887,54.781796],[-1.669271,54.781789],[-1.669735,54.781758],[-1.670471,54.781671],[-1.671668,54.781489],[-1.673476,54.781252],[-1.674635,54.781544],[-1.674883,54.781178],[-1.674919,54.781039],[-1.676721,54.780484],[-1.67747,54.780328],[-1.677957,54.780204],[-1.678734,54.779964],[-1.680222,54.779451],[-1.682344,54.778986],[-1.683468,54.778695],[-1.685404,54.778069],[-1.687048,54.777206],[-1.688286,54.776527],[-1.68938,54.77597],[-1.691232,54.774959],[-1.691275,54.774954],[-1.691389,54.774964],[-1.691475,54.774988],[-1.691582,54.775116],[-1.692153,54.775274],[-1.692325,54.775279],[-1.692649,54.775226],[-1.692866,54.775203],[-1.693151,54.775199],[-1.693355,54.775254],[-1.69344,54.775314],[-1.693581,54.775473],[-1.693695,54.775485],[-1.693773,54.775448],[-1.693817,54.775433],[-1.693887,54.775425],[-1.694186,54.775358],[-1.694321,54.775228],[-1.694408,54.775111],[-1.694428,54.775027],[-1.694418,54.77484],[-1.694423,54.774787],[-1.694516,54.77468],[-1.694614,54.774641],[-1.694719,54.774617],[-1.694939,54.774621],[-1.695266,54.774767],[-1.695458,54.774707],[-1.69569,54.774657],[-1.695824,54.774595],[-1.695967,54.774473],[-1.696079,54.774308],[-1.6962,54.774073],[-1.696196,54.773925],[-1.696665,54.773834],[-1.696937,54.773752],[-1.698066,54.773572],[-1.698418,54.773542],[-1.698499,54.773469],[-1.698551,54.773297],[-1.698663,54.773282],[-1.699141,54.773253],[-1.699891,54.773075],[-1.700319,54.773018],[-1.700399,54.772996],[-1.700515,54.772917],[-1.700624,54.772818],[-1.70077,54.77281],[-1.701091,54.772898],[-1.701423,54.773022],[-1.701591,54.773075],[-1.701768,54.773098],[-1.701943,54.773121],[-1.702576,54.773169],[-1.702642,54.77317],[-1.702694,54.773182],[-1.702722,54.773203],[-1.702876,54.77338],[-1.703057,54.773465],[-1.703316,54.773548],[-1.703425,54.773689],[-1.703502,54.773872],[-1.703678,54.773998],[-1.703953,54.774071],[-1.704225,54.774188],[-1.704477,54.774267],[-1.704688,54.774297],[-1.705256,54.774242],[-1.705498,54.774182],[-1.70573,54.774079],[-1.706037,54.774],[-1.706295,54.774004],[-1.706414,54.774022],[-1.706986,54.774081],[-1.707116,54.774101],[-1.707273,54.77416],[-1.707543,54.77427],[-1.707751,54.774266],[-1.707944,54.774299],[-1.708282,54.774376],[-1.708663,54.774459],[-1.708918,54.774568],[-1.708881,54.774606],[-1.708803,54.774625],[-1.708769,54.77465],[-1.708837,54.774763],[-1.7089,54.774797],[-1.709135,54.774847],[-1.709299,54.774869],[-1.709409,54.774788],[-1.709494,54.774687],[-1.709726,54.774515],[-1.709853,54.77448],[-1.709961,54.774492],[-1.710207,54.774578],[-1.710524,54.774405],[-1.711097,54.774307],[-1.711193,54.774322],[-1.711472,54.774451],[-1.711568,54.774578],[-1.711735,54.774611],[-1.711976,54.774579],[-1.712036,54.77455],[-1.712098,54.774539],[-1.712222,54.774543],[-1.712451,54.774594],[-1.712644,54.774559],[-1.712721,54.774557],[-1.713297,54.774621],[-1.713479,54.774769],[-1.713672,54.774744],[-1.713732,54.774689],[-1.714062,54.774679],[-1.71477,54.774899],[-1.714854,54.774952],[-1.714982,54.774972],[-1.715383,54.774975],[-1.715479,54.774943],[-1.715618,54.77487],[-1.715687,54.774857],[-1.716002,54.774884],[-1.716328,54.774857],[-1.716592,54.774766],[-1.716762,54.774762],[-1.717001,54.774836],[-1.717153,54.774839],[-1.71748,54.774757],[-1.717676,54.774734],[-1.717937,54.774738],[-1.718162,54.774676],[-1.71844,54.774506],[-1.718633,54.774381],[-1.719019,54.774176],[-1.719145,54.774102],[-1.719322,54.773907],[-1.719445,54.773885],[-1.719743,54.773772],[-1.720033,54.773604],[-1.720192,54.773539],[-1.721733,54.773258],[-1.722663,54.773089],[-1.723272,54.772913],[-1.723602,54.772878],[-1.723684,54.772862],[-1.724251,54.772876],[-1.724426,54.77283],[-1.725247,54.772572],[-1.725941,54.772439],[-1.726382,54.772495],[-1.726923,54.772571],[-1.727673,54.772807],[-1.72852,54.772963],[-1.729047,54.773137],[-1.729674,54.773211],[-1.730814,54.773259],[-1.73171,54.7733],[-1.731933,54.773302],[-1.732198,54.773279],[-1.732665,54.773202],[-1.735223,54.772681],[-1.736401,54.772018],[-1.736944,54.771815],[-1.737044,54.771394],[-1.738137,54.771023],[-1.739624,54.770665],[-1.740474,54.7704],[-1.741212,54.770073],[-1.74213,54.769884],[-1.742652,54.769692],[-1.744724,54.769074],[-1.745476,54.768826],[-1.74645,54.768585],[-1.748871,54.768156],[-1.751433,54.767819],[-1.752571,54.767761],[-1.753917,54.767779],[-1.753281,54.767511],[-1.751807,54.76715],[-1.750552,54.766744],[-1.7489,54.766215],[-1.748131,54.765841],[-1.7473,54.765328],[-1.74558,54.764687],[-1.744735,54.76338],[-1.744655,54.762684],[-1.744515,54.762512],[-1.744424,54.762311],[-1.744418,54.761861],[-1.744093,54.761121],[-1.743955,54.760854],[-1.743872,54.76047],[-1.743719,54.760036],[-1.743684,54.759888],[-1.7433,54.759439],[-1.743164,54.759388],[-1.742797,54.759316],[-1.742332,54.759299],[-1.742166,54.759348],[-1.741863,54.759395],[-1.741657,54.75935],[-1.741521,54.759404],[-1.741373,54.759368],[-1.740922,54.759171],[-1.740712,54.759156],[-1.740432,54.759084],[-1.740105,54.759068],[-1.739962,54.759],[-1.739893,54.758971],[-1.739739,54.759009],[-1.739578,54.759199],[-1.739486,54.759246],[-1.739343,54.759227],[-1.739302,54.759146],[-1.738835,54.759015],[-1.737898,54.758686],[-1.73708,54.758686],[-1.736863,54.758646],[-1.736685,54.758563],[-1.736656,54.758454],[-1.736545,54.758364],[-1.736356,54.758326],[-1.736008,54.758252],[-1.735929,54.758244],[-1.735632,54.758412],[-1.735536,54.758438],[-1.734983,54.758512],[-1.73485,54.758455],[-1.734787,54.758368],[-1.734596,54.758387],[-1.734304,54.758399],[-1.73415,54.758412],[-1.734052,54.758404],[-1.733498,54.758346],[-1.733353,54.758222],[-1.733056,54.758151],[-1.732899,54.758134],[-1.732558,54.758175],[-1.73234,54.75798],[-1.732287,54.757956],[-1.732115,54.758001],[-1.731916,54.758038],[-1.731424,54.757881],[-1.731168,54.757735],[-1.730952,54.757683],[-1.730869,54.757697],[-1.730723,54.757766],[-1.730654,54.757829],[-1.730574,54.757923],[-1.730399,54.758054],[-1.730018,54.758123],[-1.729837,54.758116],[-1.729572,54.757995],[-1.729354,54.757886],[-1.729042,54.757938],[-1.728828,54.757861],[-1.728703,54.757641],[-1.728355,54.757605],[-1.728157,54.757645],[-1.728033,54.757705],[-1.727557,54.757945],[-1.727461,54.758035],[-1.727368,54.758156],[-1.727265,54.758181],[-1.727132,54.758172],[-1.726827,54.758165],[-1.726397,54.758129],[-1.726069,54.757887],[-1.726047,54.75783],[-1.726288,54.757731],[-1.726293,54.757728],[-1.726341,54.757589],[-1.726464,54.757424],[-1.726697,54.757266],[-1.726743,54.75721],[-1.726776,54.757048],[-1.726822,54.756801],[-1.72714,54.756694],[-1.727291,54.756625],[-1.727243,54.756538],[-1.727016,54.756413],[-1.726953,54.756328],[-1.726935,54.756166],[-1.727022,54.756054],[-1.727052,54.755908],[-1.727196,54.755736],[-1.72715,54.755657],[-1.72717,54.755621],[-1.727553,54.755491],[-1.727964,54.755231],[-1.728031,54.755141],[-1.728056,54.755042],[-1.727841,54.754809],[-1.727919,54.754726],[-1.728013,54.754639],[-1.728174,54.754541],[-1.72802,54.754264],[-1.728102,54.754118],[-1.728323,54.754079],[-1.728538,54.753801],[-1.728372,54.753594],[-1.728359,54.753113],[-1.728584,54.752832],[-1.728769,54.752027],[-1.728628,54.75187],[-1.72851,54.751697],[-1.728519,54.751663],[-1.728526,54.751529],[-1.728396,54.75148],[-1.728428,54.751349],[-1.728746,54.751068],[-1.728781,54.750985],[-1.728749,54.750779],[-1.728762,54.75068],[-1.728826,54.75063],[-1.728959,54.750578],[-1.729378,54.750338],[-1.729502,54.750192],[-1.729587,54.749851],[-1.729812,54.749667],[-1.729959,54.749625],[-1.730081,54.749641],[-1.730118,54.749661],[-1.730176,54.749767],[-1.730362,54.74976],[-1.730555,54.749525],[-1.730447,54.74939],[-1.730424,54.749354],[-1.730549,54.749284],[-1.731166,54.749255],[-1.731314,54.749214],[-1.73132,54.749204],[-1.731431,54.749103],[-1.731501,54.749077],[-1.731496,54.74865],[-1.731777,54.748485],[-1.732043,54.748439],[-1.732534,54.748214],[-1.732487,54.748009],[-1.732329,54.747904],[-1.732218,54.74779],[-1.73218,54.747493],[-1.732149,54.746977],[-1.732034,54.746542],[-1.731934,54.746364],[-1.731764,54.745342],[-1.732769,54.745049],[-1.735332,54.744188],[-1.736734,54.743596],[-1.73813,54.743054],[-1.73834,54.741684],[-1.738214,54.741115],[-1.737843,54.739801],[-1.737531,54.739023],[-1.736958,54.737577],[-1.736316,54.73621],[-1.735622,54.734659],[-1.735343,54.73409],[-1.735175,54.7338],[-1.734945,54.733412],[-1.734422,54.732605],[-1.733601,54.731469],[-1.732809,54.730935],[-1.731298,54.73092],[-1.730773,54.730866],[-1.730267,54.730731],[-1.729456,54.730422],[-1.728931,54.730259],[-1.727762,54.73006],[-1.727171,54.729933],[-1.726898,54.729931],[-1.726725,54.729957],[-1.726471,54.730033],[-1.726247,54.730045],[-1.725804,54.730074],[-1.724548,54.730358],[-1.723167,54.73129],[-1.7223,54.732009],[-1.721868,54.732515],[-1.721259,54.733296],[-1.720724,54.733972],[-1.717192,54.734563],[-1.716412,54.734754],[-1.716285,54.734465],[-1.71546,54.7345],[-1.713947,54.734549],[-1.712731,54.734552],[-1.710981,54.734583],[-1.710542,54.734516],[-1.710068,54.734409],[-1.709542,54.734281],[-1.708046,54.733886],[-1.707609,54.73378],[-1.70744,54.733821],[-1.705715,54.73393],[-1.705012,54.733989],[-1.704787,54.734051],[-1.703816,54.734404],[-1.701748,54.73515],[-1.701115,54.735464],[-1.700314,54.735845],[-1.699776,54.736102],[-1.69912,54.736542],[-1.6979,54.736799],[-1.697517,54.736856],[-1.697085,54.736991],[-1.697006,54.736945],[-1.696927,54.736896],[-1.696641,54.736853],[-1.696633,54.736797],[-1.696755,54.736695],[-1.696669,54.736666],[-1.696491,54.736716],[-1.696025,54.736766],[-1.695859,54.736819],[-1.695758,54.736712],[-1.695699,54.736707],[-1.695381,54.736757],[-1.695294,54.736665],[-1.694925,54.736554],[-1.694772,54.736549],[-1.694615,54.736468],[-1.694644,54.736419],[-1.694635,54.736391],[-1.694597,54.736375],[-1.694506,54.736415],[-1.694395,54.736479],[-1.694274,54.73647],[-1.694013,54.73641],[-1.693795,54.736325],[-1.693697,54.73624],[-1.69354,54.736275],[-1.693465,54.736295],[-1.693257,54.736325],[-1.693128,54.736321],[-1.693094,54.736399],[-1.693224,54.736437],[-1.693268,54.73646],[-1.693245,54.73652],[-1.693125,54.736572],[-1.692952,54.736577],[-1.692598,54.736469],[-1.69226,54.736408],[-1.692152,54.736229],[-1.691789,54.7362],[-1.69169,54.736397],[-1.691654,54.736441],[-1.691495,54.7364],[-1.691323,54.736432],[-1.691072,54.736584],[-1.690851,54.736582],[-1.690435,54.736361],[-1.690176,54.736321],[-1.689787,54.736205],[-1.689727,54.736194],[-1.689583,54.736202],[-1.689185,54.736173],[-1.688962,54.736244],[-1.688778,54.736327],[-1.688405,54.736339],[-1.687645,54.736354],[-1.687291,54.736406],[-1.6867,54.736662],[-1.686571,54.736684],[-1.686499,54.73669],[-1.686453,54.736708],[-1.68661,54.737019],[-1.686592,54.737115],[-1.686524,54.737157],[-1.68638,54.737163],[-1.686198,54.737091],[-1.686077,54.737084],[-1.686029,54.737103],[-1.686009,54.737141],[-1.685843,54.737161],[-1.685598,54.737124],[-1.68504,54.737238],[-1.684594,54.737288],[-1.684387,54.737352],[-1.683795,54.737462],[-1.683522,54.737468],[-1.683162,54.737452],[-1.682187,54.737564],[-1.682101,54.737568],[-1.681878,54.737577],[-1.681753,54.737647],[-1.681597,54.737898],[-1.681397,54.738061],[-1.681043,54.738155],[-1.680804,54.738197],[-1.680712,54.738169],[-1.680691,54.738005],[-1.680409,54.737845],[-1.680206,54.737764],[-1.679806,54.737721],[-1.679683,54.737857],[-1.679565,54.737852],[-1.679397,54.737784],[-1.679051,54.737775],[-1.678797,54.737852],[-1.678126,54.737878],[-1.678061,54.738302],[-1.677998,54.738329],[-1.677451,54.738282],[-1.677101,54.7383],[-1.676813,54.738348],[-1.676649,54.738378],[-1.676588,54.738414],[-1.676575,54.738509],[-1.676626,54.738579],[-1.676509,54.738763],[-1.676359,54.73886],[-1.676129,54.738713],[-1.676059,54.738676],[-1.675978,54.738707],[-1.675654,54.738842],[-1.675373,54.738818],[-1.67501,54.738781],[-1.674889,54.738804],[-1.674808,54.738857],[-1.674758,54.738925],[-1.674516,54.739326],[-1.674342,54.739364],[-1.674073,54.739346],[-1.673938,54.739175],[-1.673957,54.739145],[-1.674064,54.738954],[-1.673961,54.738778],[-1.6738,54.738767],[-1.673742,54.738874],[-1.67359,54.738922],[-1.673397,54.738922],[-1.673155,54.738903],[-1.672943,54.738787],[-1.672883,54.738691],[-1.672846,54.738673],[-1.672705,54.738702],[-1.672494,54.738914],[-1.672325,54.739236],[-1.672245,54.73932],[-1.672049,54.739367],[-1.671942,54.739359],[-1.671787,54.739326],[-1.671348,54.739247],[-1.671206,54.739335],[-1.670953,54.739582],[-1.670669,54.739676],[-1.670503,54.739677],[-1.670437,54.739575],[-1.67049,54.739519],[-1.67049,54.739399],[-1.670347,54.739322],[-1.669803,54.739165],[-1.669548,54.739274],[-1.669511,54.73933],[-1.66941,54.739379],[-1.66927,54.7394],[-1.669038,54.739368],[-1.668619,54.739124],[-1.668459,54.739048],[-1.668236,54.739052],[-1.667717,54.73916],[-1.667379,54.739117],[-1.666616,54.738995],[-1.666098,54.739002],[-1.665895,54.738995],[-1.665703,54.738956],[-1.665438,54.738809],[-1.665341,54.738785],[-1.665185,54.738786],[-1.664628,54.73888],[-1.664101,54.738932],[-1.664023,54.738908],[-1.664033,54.738715],[-1.664079,54.738525],[-1.663923,54.738456],[-1.6637,54.738433],[-1.663256,54.7384],[-1.66284,54.738281],[-1.662851,54.738118],[-1.662818,54.738019],[-1.662758,54.73797],[-1.662495,54.737825],[-1.662269,54.737565],[-1.661936,54.737499],[-1.661639,54.737272],[-1.661531,54.737246],[-1.661361,54.737218],[-1.660647,54.736658],[-1.660431,54.736529],[-1.659959,54.736214],[-1.65984,54.736076],[-1.659872,54.735952],[-1.659839,54.735841],[-1.659702,54.735771],[-1.659459,54.735718],[-1.659217,54.735502],[-1.658944,54.735375],[-1.658924,54.73536],[-1.658608,54.735046],[-1.658359,54.734878],[-1.657791,54.734631],[-1.657167,54.73434],[-1.656714,54.734135],[-1.656212,54.734012],[-1.65587,54.733911],[-1.65585,54.733762],[-1.655847,54.733603],[-1.655719,54.733466],[-1.655553,54.733325],[-1.655518,54.733237],[-1.655706,54.732783],[-1.655898,54.73228],[-1.656008,54.731779],[-1.656261,54.730962],[-1.656456,54.730607],[-1.656517,54.730364],[-1.656425,54.730293],[-1.656208,54.730262],[-1.655967,54.73027],[-1.655576,54.730237],[-1.655002,54.730315],[-1.654401,54.730352],[-1.653231,54.73034],[-1.65202,54.730291],[-1.651717,54.730232],[-1.651235,54.730028],[-1.650476,54.729417],[-1.649052,54.728002],[-1.648076,54.72701],[-1.647829,54.72662],[-1.647453,54.725787],[-1.647361,54.725667],[-1.647169,54.725475],[-1.645204,54.723891],[-1.644251,54.723168],[-1.643325,54.722408],[-1.642146,54.721362],[-1.641773,54.721108],[-1.641,54.720645],[-1.640883,54.720525],[-1.640855,54.720223],[-1.640848,54.719931],[-1.640844,54.719756],[-1.64076,54.719544],[-1.640602,54.719058],[-1.640498,54.718842],[-1.639423,54.717401],[-1.638199,54.715905],[-1.637258,54.715042],[-1.636164,54.714677],[-1.635704,54.714732],[-1.634288,54.715064],[-1.633346,54.715216],[-1.633122,54.715257],[-1.632394,54.71553],[-1.631758,54.715741],[-1.631623,54.715712],[-1.631083,54.715191],[-1.631439,54.715036],[-1.633413,54.713806],[-1.634067,54.713392],[-1.634543,54.713196],[-1.635,54.713104],[-1.635262,54.713096],[-1.636635,54.713249],[-1.637571,54.71332],[-1.639042,54.713301],[-1.639789,54.713249],[-1.641546,54.713023],[-1.641863,54.712953],[-1.642134,54.712866],[-1.642377,54.712764],[-1.642609,54.712633],[-1.643279,54.712035],[-1.643648,54.711585],[-1.643792,54.711346],[-1.643982,54.710482],[-1.644307,54.709627],[-1.644688,54.709231],[-1.644975,54.708898],[-1.645302,54.708614],[-1.645847,54.708264],[-1.646236,54.708056],[-1.646829,54.707827],[-1.647375,54.707741],[-1.648089,54.707741],[-1.649363,54.707647],[-1.651008,54.707609],[-1.652493,54.707614],[-1.654693,54.707507],[-1.65525,54.707465],[-1.657768,54.707104],[-1.658915,54.706921],[-1.659729,54.706733],[-1.660506,54.706487],[-1.662897,54.705872],[-1.663842,54.7056],[-1.664498,54.705397],[-1.665087,54.705273],[-1.665403,54.705245],[-1.665753,54.705253],[-1.666019,54.705296],[-1.666193,54.705385],[-1.666345,54.705686],[-1.666486,54.706408],[-1.66655,54.706532],[-1.666729,54.706661],[-1.667831,54.706814],[-1.668153,54.706809],[-1.668562,54.706768],[-1.66892,54.706699],[-1.669621,54.706422],[-1.670079,54.706202],[-1.670299,54.706081],[-1.670656,54.705852],[-1.671351,54.705311],[-1.672208,54.704732],[-1.673224,54.70423],[-1.674679,54.703711],[-1.675111,54.703583],[-1.675534,54.703509],[-1.67578,54.70351],[-1.676091,54.70357],[-1.677422,54.7042],[-1.678221,54.70468],[-1.67869,54.704803],[-1.679136,54.704971],[-1.680028,54.705192],[-1.68045,54.705256],[-1.681626,54.705265],[-1.682291,54.705194],[-1.684122,54.704906],[-1.684422,54.704834],[-1.684833,54.704707],[-1.68567,54.704352],[-1.687091,54.703479],[-1.687508,54.703182],[-1.688255,54.702537],[-1.689321,54.701505],[-1.689741,54.701136],[-1.689884,54.701015],[-1.690051,54.700526],[-1.690072,54.700204],[-1.690018,54.699442],[-1.689789,54.698971],[-1.689097,54.69732],[-1.689165,54.69624],[-1.689986,54.694585],[-1.690502,54.69368],[-1.691109,54.692638],[-1.69144,54.692219],[-1.691596,54.691909],[-1.691586,54.691513],[-1.691492,54.691368],[-1.691313,54.691265],[-1.691037,54.691192],[-1.690643,54.691233],[-1.690022,54.691535],[-1.688573,54.691974],[-1.687964,54.692083],[-1.68685,54.692209],[-1.685264,54.692222],[-1.684201,54.692162],[-1.681569,54.692084],[-1.679981,54.692124],[-1.67723,54.692314],[-1.67588,54.692321],[-1.675456,54.692311],[-1.675001,54.692219],[-1.674833,54.692135],[-1.67465,54.691968],[-1.674588,54.691603],[-1.674904,54.690627],[-1.674912,54.689585],[-1.675058,54.687873],[-1.675176,54.687464],[-1.67543,54.687008],[-1.675571,54.686902],[-1.6758,54.686823],[-1.67601,54.6868],[-1.677877,54.686782],[-1.67852,54.686791],[-1.679574,54.686722],[-1.68001,54.686578],[-1.680295,54.686437],[-1.680598,54.686204],[-1.680815,54.685946],[-1.681015,54.685499],[-1.681035,54.685135],[-1.680975,54.684838],[-1.680973,54.684148],[-1.681007,54.683962],[-1.681266,54.683218],[-1.68154,54.68267],[-1.682571,54.681267],[-1.68346,54.680085],[-1.683747,54.679367],[-1.683759,54.679073],[-1.683338,54.677919],[-1.682866,54.677185],[-1.682258,54.676336],[-1.682034,54.675889],[-1.681823,54.674964],[-1.681728,54.674318],[-1.681638,54.674134],[-1.681153,54.673672],[-1.68074,54.673398],[-1.681199,54.673176],[-1.681478,54.672924],[-1.681706,54.67287],[-1.681956,54.673018],[-1.682528,54.673038],[-1.682989,54.67305],[-1.683203,54.673158],[-1.683588,54.673305],[-1.684376,54.673325],[-1.684892,54.67337],[-1.68575,54.673576],[-1.686055,54.673594],[-1.687529,54.673556],[-1.687688,54.673563],[-1.687996,54.673691],[-1.688133,54.673933],[-1.689825,54.674003],[-1.691732,54.673772],[-1.691823,54.673748],[-1.691892,54.673702],[-1.691899,54.673656],[-1.691839,54.673594],[-1.691782,54.673428],[-1.692148,54.673219],[-1.693235,54.672958],[-1.693815,54.673081],[-1.695047,54.673279],[-1.695844,54.673385],[-1.696707,54.67347],[-1.697399,54.673531],[-1.699705,54.67378],[-1.702452,54.674293],[-1.703593,54.674498],[-1.704032,54.674563],[-1.704505,54.673019],[-1.705014,54.672184],[-1.708533,54.672829],[-1.709157,54.672947],[-1.710029,54.673027],[-1.710561,54.673059],[-1.710736,54.672854],[-1.710926,54.67271],[-1.711094,54.672479],[-1.711215,54.672235],[-1.712651,54.672455],[-1.714139,54.672667],[-1.715094,54.672412],[-1.715938,54.672175],[-1.716452,54.672263],[-1.716736,54.672267],[-1.718206,54.671989],[-1.719932,54.671548],[-1.720818,54.671367],[-1.7216,54.671111],[-1.72283,54.670526],[-1.724088,54.669878],[-1.724599,54.669684],[-1.725048,54.669563],[-1.727378,54.669135],[-1.727493,54.669113],[-1.727635,54.669138],[-1.727856,54.669331],[-1.727963,54.66953],[-1.72799,54.669717],[-1.727807,54.670131],[-1.727342,54.670794],[-1.727089,54.671585],[-1.727064,54.672093],[-1.727129,54.672287],[-1.727303,54.672464],[-1.728033,54.672818],[-1.728529,54.672935],[-1.729053,54.672964],[-1.729583,54.672962],[-1.730807,54.672832],[-1.732854,54.672467],[-1.735173,54.672192],[-1.736298,54.672174],[-1.736697,54.672189],[-1.737419,54.672241],[-1.738185,54.672333],[-1.738775,54.672457],[-1.739355,54.672651],[-1.739924,54.672943],[-1.739941,54.672984],[-1.739667,54.673831],[-1.739227,54.674512],[-1.739059,54.674746],[-1.739381,54.675329],[-1.739534,54.676246],[-1.739639,54.676411],[-1.7399,54.676621],[-1.740069,54.676688],[-1.740996,54.676831],[-1.741648,54.676872],[-1.742263,54.676838],[-1.743176,54.676668],[-1.745598,54.675949],[-1.745922,54.675814],[-1.746778,54.675317],[-1.747812,54.674917],[-1.748303,54.674694],[-1.74952,54.674158],[-1.750926,54.673612],[-1.751418,54.673528],[-1.75165,54.67353],[-1.752241,54.673685],[-1.753016,54.674129],[-1.754188,54.675034],[-1.754996,54.675502],[-1.755968,54.675891],[-1.758019,54.676376],[-1.759762,54.676578],[-1.761129,54.676646],[-1.76213,54.676632],[-1.762661,54.676553],[-1.763239,54.676405],[-1.763805,54.676199],[-1.764891,54.675662],[-1.765251,54.675421],[-1.765327,54.675328],[-1.765411,54.675157],[-1.765525,54.674346],[-1.765519,54.67356],[-1.765581,54.673345],[-1.766051,54.672721],[-1.766234,54.672577],[-1.766444,54.67246],[-1.766914,54.672237],[-1.76755,54.672],[-1.769064,54.671542],[-1.770671,54.671295],[-1.773226,54.671006],[-1.776069,54.670804],[-1.778434,54.671097],[-1.779651,54.671311],[-1.780242,54.671316],[-1.780519,54.671323],[-1.781074,54.671263],[-1.781586,54.671163],[-1.782048,54.671127],[-1.783624,54.671302],[-1.784101,54.671406],[-1.784516,54.671557],[-1.785484,54.672082],[-1.786326,54.672747],[-1.787266,54.67334],[-1.789113,54.674142],[-1.789395,54.674219],[-1.789776,54.674285],[-1.790413,54.674322],[-1.790886,54.674322],[-1.791548,54.674407],[-1.791784,54.674504],[-1.792026,54.674694],[-1.792131,54.674825],[-1.79219,54.675195],[-1.792075,54.675427],[-1.791514,54.675904],[-1.79046,54.676773],[-1.789926,54.677317],[-1.789214,54.678131],[-1.78873,54.678673],[-1.788362,54.679311],[-1.788046,54.680179],[-1.788016,54.681079],[-1.788152,54.681349],[-1.788233,54.681452],[-1.788574,54.681747],[-1.789123,54.68198],[-1.789763,54.682175],[-1.790879,54.682476],[-1.793701,54.683563],[-1.794639,54.683894],[-1.797674,54.684531],[-1.798109,54.68464],[-1.798474,54.684754],[-1.799534,54.685178],[-1.802184,54.686512],[-1.803157,54.687159],[-1.804104,54.687992],[-1.804443,54.688396],[-1.804641,54.688713],[-1.804751,54.688965],[-1.804791,54.68931],[-1.804721,54.690381],[-1.80497,54.692055],[-1.805392,54.693176],[-1.805598,54.693573],[-1.806564,54.695033],[-1.807439,54.696015],[-1.809125,54.697554],[-1.810309,54.698616],[-1.811169,54.699567],[-1.812513,54.700964],[-1.812939,54.701382],[-1.813131,54.701639],[-1.813244,54.702059],[-1.813285,54.702189],[-1.813501,54.702501],[-1.81428,54.703136],[-1.815437,54.703962],[-1.816427,54.704639],[-1.818292,54.705683],[-1.818572,54.705887],[-1.819009,54.706486],[-1.820446,54.708196],[-1.822268,54.708126],[-1.822758,54.708],[-1.823702,54.707882],[-1.825022,54.707837],[-1.825705,54.707759],[-1.827479,54.707305],[-1.83,54.706972],[-1.830834,54.707724],[-1.831102,54.707766],[-1.832749,54.707403],[-1.836328,54.706598],[-1.840263,54.706014],[-1.844793,54.705327],[-1.845683,54.705186],[-1.848689,54.70472],[-1.851285,54.704336],[-1.852141,54.704144],[-1.853893,54.703733],[-1.857931,54.702782],[-1.86327,54.701542],[-1.865467,54.700932],[-1.866123,54.700607],[-1.86659,54.700514],[-1.866667,54.700398],[-1.866772,54.700335],[-1.86693,54.700293],[-1.868387,54.70024],[-1.868923,54.700137],[-1.871387,54.699269],[-1.873948,54.698239],[-1.876591,54.696302],[-1.876993,54.696014],[-1.878614,54.695167],[-1.881877,54.693489],[-1.883602,54.692598],[-1.885816,54.692086],[-1.887847,54.691666],[-1.890475,54.691162],[-1.890787,54.691165],[-1.8934,54.690673],[-1.895039,54.690353],[-1.900392,54.689341],[-1.904744,54.687937],[-1.908658,54.686565],[-1.911874,54.68541],[-1.913804,54.684717],[-1.918691,54.681218],[-1.920456,54.679823],[-1.920641,54.679806],[-1.92084,54.679799],[-1.921402,54.679789],[-1.921735,54.679586],[-1.921883,54.679555],[-1.922083,54.679572],[-1.922227,54.679628],[-1.922336,54.679621],[-1.922455,54.679526],[-1.922559,54.679464],[-1.922722,54.679447],[-1.923273,54.679555],[-1.923504,54.679394],[-1.923629,54.67935],[-1.923839,54.679393],[-1.924005,54.679573],[-1.924298,54.679746],[-1.924719,54.679729],[-1.925055,54.679492],[-1.92563,54.679582],[-1.926164,54.679492],[-1.926532,54.679486],[-1.926982,54.679379],[-1.92717,54.679417],[-1.927437,54.679531],[-1.927838,54.679579],[-1.928083,54.679537],[-1.929178,54.679379],[-1.929457,54.679271],[-1.929559,54.679267],[-1.92993,54.679455],[-1.930125,54.679514],[-1.930456,54.679491],[-1.931292,54.67923],[-1.932199,54.679495],[-1.932312,54.679417],[-1.932293,54.679349],[-1.932238,54.679309],[-1.932315,54.679158],[-1.932675,54.679083],[-1.933087,54.679122],[-1.933219,54.679121],[-1.934449,54.678882],[-1.934902,54.678776],[-1.935231,54.678656],[-1.935504,54.678513],[-1.935671,54.678492],[-1.935947,54.678537],[-1.93627,54.678662],[-1.936368,54.678667],[-1.936614,54.678417],[-1.936815,54.678369],[-1.937235,54.678188],[-1.937649,54.678226],[-1.937953,54.678054],[-1.93836,54.677863],[-1.938705,54.677863],[-1.939104,54.677893],[-1.93966,54.677696],[-1.939771,54.677692],[-1.93998,54.677763],[-1.940253,54.677941],[-1.940619,54.67788],[-1.940785,54.677846],[-1.940844,54.677795],[-1.940806,54.677676],[-1.940897,54.677566],[-1.940976,54.677582],[-1.941014,54.67761],[-1.941142,54.677778],[-1.941469,54.677802],[-1.94235,54.677744],[-1.942809,54.677806],[-1.942929,54.677764],[-1.943351,54.677585],[-1.943706,54.677449],[-1.944044,54.677375],[-1.944639,54.677338],[-1.945514,54.677256],[-1.945852,54.677055],[-1.946744,54.676803],[-1.947008,54.676379],[-1.94747,54.676284],[-1.947848,54.676074],[-1.947937,54.675486],[-1.946785,54.671701],[-1.946848,54.670492],[-1.949178,54.670701],[-1.95112,54.670879],[-1.953428,54.6712],[-1.954551,54.671287],[-1.956468,54.671475],[-1.958842,54.671662],[-1.961463,54.67205],[-1.962292,54.671854],[-1.962581,54.671942],[-1.963003,54.672037],[-1.963358,54.672153],[-1.964339,54.672523],[-1.964605,54.672637],[-1.964709,54.672784],[-1.964846,54.672839],[-1.965429,54.672819],[-1.965676,54.672858],[-1.965775,54.672941],[-1.966352,54.672991],[-1.966511,54.673048],[-1.966621,54.673192],[-1.966939,54.673223],[-1.967158,54.673222],[-1.967319,54.673294],[-1.967397,54.673416],[-1.967826,54.673428],[-1.968564,54.673313],[-1.970016,54.673053],[-1.970629,54.673157],[-1.970844,54.673176],[-1.971077,54.673117],[-1.971498,54.672928],[-1.972127,54.6728],[-1.972885,54.672797],[-1.97423,54.672604],[-1.975488,54.672423],[-1.975714,54.672536],[-1.975945,54.672795],[-1.976221,54.673171],[-1.976666,54.673539],[-1.97687,54.673826],[-1.977111,54.673994],[-1.977977,54.674754],[-1.97905,54.675739],[-1.981474,54.678038],[-1.983983,54.680384],[-1.98805,54.684214],[-1.9895,54.68383],[-1.991567,54.683292],[-1.99315,54.682948],[-1.995353,54.682469],[-1.995654,54.682477],[-1.997284,54.682633],[-1.998104,54.682563],[-1.99992,54.682209],[-2.003957,54.680335],[-2.006589,54.681519],[-2.006986,54.681501],[-2.007828,54.681336],[-2.00882,54.681332],[-2.012624,54.681598],[-2.018895,54.683027],[-2.021249,54.683499],[-2.022793,54.683716],[-2.02428,54.684488],[-2.025726,54.684182],[-2.026108,54.684146],[-2.026491,54.684196],[-2.026692,54.684275],[-2.026783,54.684345],[-2.026842,54.684456],[-2.02992,54.684703],[-2.032618,54.685411],[-2.041735,54.685036],[-2.042364,54.685038],[-2.046848,54.685543],[-2.052409,54.686607],[-2.054532,54.687073],[-2.055834,54.687967],[-2.057033,54.688125],[-2.058418,54.688034],[-2.060288,54.688208],[-2.060589,54.688767],[-2.06113,54.689041],[-2.06281,54.690188],[-2.063982,54.691003],[-2.067333,54.691971],[-2.077582,54.694205],[-2.085646,54.694321],[-2.090041,54.693883],[-2.09192,54.693375],[-2.092725,54.69324],[-2.093774,54.693142],[-2.094431,54.692872],[-2.095551,54.692659],[-2.096949,54.692473],[-2.097989,54.692253],[-2.100316,54.691433],[-2.102158,54.690665],[-2.102846,54.690383],[-2.103292,54.690295],[-2.104094,54.690095],[-2.10481,54.689771],[-2.106485,54.689165],[-2.112766,54.687559],[-2.113018,54.687496],[-2.113246,54.687478],[-2.113595,54.687517],[-2.114231,54.687765],[-2.114478,54.68783],[-2.114766,54.687876],[-2.116712,54.6879],[-2.117508,54.687882],[-2.118146,54.687681],[-2.118878,54.687628],[-2.119565,54.687785],[-2.119835,54.687891],[-2.120196,54.687984],[-2.120364,54.688063],[-2.120459,54.688206],[-2.120471,54.688379],[-2.120391,54.688545],[-2.120252,54.68871],[-2.120477,54.688947],[-2.120922,54.689184],[-2.12171,54.689275],[-2.122428,54.689196],[-2.122564,54.689203],[-2.123052,54.689293],[-2.123305,54.689394],[-2.123881,54.68976],[-2.124882,54.690191],[-2.125732,54.690324],[-2.126051,54.69023],[-2.127386,54.690544],[-2.128517,54.690541],[-2.128784,54.690443],[-2.12906,54.690522],[-2.129243,54.690661],[-2.129506,54.69065],[-2.129916,54.690743],[-2.131051,54.690686],[-2.132588,54.691357],[-2.133036,54.691765],[-2.133517,54.692068],[-2.13413,54.692147],[-2.134647,54.692469],[-2.135493,54.693451],[-2.136421,54.693668],[-2.136972,54.693624],[-2.137985,54.693352],[-2.138569,54.693586],[-2.139529,54.694326],[-2.140972,54.694774],[-2.14342,54.695421],[-2.144665,54.695678],[-2.146505,54.695375],[-2.148492,54.694932],[-2.149524,54.694399],[-2.152814,54.693905],[-2.156346,54.693576],[-2.157217,54.693511],[-2.16168,54.693818],[-2.164483,54.694025],[-2.165605,54.694069],[-2.168773,54.694149],[-2.17306,54.693713],[-2.174533,54.693831],[-2.177604,54.694418],[-2.180963,54.695127],[-2.183586,54.695592],[-2.185342,54.695663],[-2.186784,54.695473],[-2.190082,54.69505],[-2.192743,54.698355],[-2.193671,54.700219],[-2.19358,54.702615],[-2.193605,54.703994],[-2.193438,54.70468],[-2.193123,54.705855],[-2.195641,54.705624],[-2.196263,54.705677],[-2.197495,54.705175],[-2.200881,54.70427],[-2.20255,54.704483],[-2.203726,54.704887],[-2.204644,54.705348],[-2.206187,54.705883],[-2.207739,54.706356],[-2.208349,54.706681],[-2.209674,54.707357],[-2.21104,54.708463],[-2.2113,54.708567],[-2.21172,54.709431],[-2.212173,54.709721],[-2.213387,54.709947],[-2.214057,54.71005],[-2.214437,54.710145],[-2.215233,54.710261],[-2.21606,54.71048],[-2.217607,54.711337],[-2.218084,54.711605],[-2.218367,54.711649],[-2.218627,54.711643],[-2.218731,54.711597],[-2.219015,54.711523],[-2.219202,54.71149],[-2.219485,54.711513],[-2.219876,54.711707],[-2.220342,54.711858],[-2.220467,54.712024],[-2.220808,54.712233],[-2.221898,54.712752],[-2.222682,54.713058],[-2.223066,54.713212],[-2.223707,54.713425],[-2.224006,54.713614],[-2.224721,54.714013],[-2.224875,54.714227],[-2.225085,54.714516],[-2.226323,54.715779],[-2.226962,54.7163],[-2.227096,54.716496],[-2.227308,54.716618],[-2.228006,54.716284],[-2.228493,54.7161],[-2.229239,54.715907],[-2.229989,54.715805],[-2.230867,54.715722],[-2.231497,54.715645],[-2.231653,54.715562],[-2.232541,54.71515],[-2.235144,54.714441],[-2.237045,54.714087],[-2.238049,54.713916],[-2.238595,54.713859],[-2.239466,54.713813],[-2.240799,54.713822],[-2.24398,54.713813],[-2.244019,54.713],[-2.244369,54.712399],[-2.245734,54.711179],[-2.246223,54.710872],[-2.248882,54.710471],[-2.252133,54.710095],[-2.254101,54.709332],[-2.25732,54.708353],[-2.257913,54.708749],[-2.258483,54.708997],[-2.258679,54.709138],[-2.259287,54.709802],[-2.259601,54.710119],[-2.26021,54.710633],[-2.261587,54.711756],[-2.26176,54.712498],[-2.261103,54.71327],[-2.261122,54.713421],[-2.26099,54.714109],[-2.260467,54.714578],[-2.260995,54.714948],[-2.261693,54.715228],[-2.263041,54.71632],[-2.26377,54.717062],[-2.26489,54.717777],[-2.26632,54.717574],[-2.266706,54.717922],[-2.267511,54.717804],[-2.267775,54.717838],[-2.268013,54.718007],[-2.268454,54.718326],[-2.269012,54.718468],[-2.27004,54.71845],[-2.270579,54.718307],[-2.2712,54.718201],[-2.272177,54.718239],[-2.272564,54.7184],[-2.27273,54.718421],[-2.27283,54.718403],[-2.273058,54.718279],[-2.273719,54.718048],[-2.274553,54.717967],[-2.275136,54.718259],[-2.275214,54.718316],[-2.275307,54.718331],[-2.2754,54.718311],[-2.276026,54.718071],[-2.276439,54.717976],[-2.277309,54.718001],[-2.278105,54.718099],[-2.278564,54.718363],[-2.279835,54.719066],[-2.280219,54.719342],[-2.280447,54.719407],[-2.280655,54.719539],[-2.281998,54.720148],[-2.283473,54.720446],[-2.284956,54.720779],[-2.285515,54.721161],[-2.285699,54.721544],[-2.286615,54.721808],[-2.287036,54.721725],[-2.287411,54.721806],[-2.288783,54.722014],[-2.291843,54.722651],[-2.292292,54.722813],[-2.293529,54.722805],[-2.294946,54.723313],[-2.295521,54.723802],[-2.295645,54.723859],[-2.296113,54.723928],[-2.296924,54.724097],[-2.297312,54.724166],[-2.297742,54.724379],[-2.29867,54.724896],[-2.299507,54.724741],[-2.301081,54.725177],[-2.302391,54.725189],[-2.302845,54.725367],[-2.302954,54.725507],[-2.303345,54.725878],[-2.30437,54.726102],[-2.305848,54.725947],[-2.306292,54.725809],[-2.307215,54.725776],[-2.308663,54.725304],[-2.308942,54.725205],[-2.310313,54.724584],[-2.310652,54.724323],[-2.310691,54.724189],[-2.310732,54.724031],[-2.311236,54.723723],[-2.312288,54.723627],[-2.313335,54.723513],[-2.313806,54.723446],[-2.314157,54.723363],[-2.314306,54.723331],[-2.314836,54.72334],[-2.31545,54.723438],[-2.315613,54.723567],[-2.315863,54.723686],[-2.316138,54.723677],[-2.316289,54.723539],[-2.316223,54.723321],[-2.316792,54.722984],[-2.317758,54.722391],[-2.318294,54.722285],[-2.3186,54.722213],[-2.318716,54.722193],[-2.319654,54.72221],[-2.319975,54.722558],[-2.32001,54.722596],[-2.320341,54.722746],[-2.320602,54.722964],[-2.320974,54.723261],[-2.32152,54.724671],[-2.322234,54.725059],[-2.322793,54.725393],[-2.323348,54.725733],[-2.324122,54.726343],[-2.324557,54.726671],[-2.325651,54.726917],[-2.326106,54.726865],[-2.326301,54.726878],[-2.326563,54.727004],[-2.326974,54.727331],[-2.327741,54.727363],[-2.328212,54.727533],[-2.32902,54.728532],[-2.329181,54.728897],[-2.32914,54.729897],[-2.329139,54.730041],[-2.329199,54.73029],[-2.329362,54.730503],[-2.329613,54.730642],[-2.330179,54.730976],[-2.330633,54.731372],[-2.330786,54.732009],[-2.330709,54.732079],[-2.330132,54.732346],[-2.330369,54.73303],[-2.330432,54.73335],[-2.330233,54.733762],[-2.329603,54.734707],[-2.329419,54.734997],[-2.329162,54.735182],[-2.328727,54.735325],[-2.32709,54.736861],[-2.326558,54.736863],[-2.325604,54.737503],[-2.325701,54.738212],[-2.326401,54.739036],[-2.325972,54.740056],[-2.324912,54.740877],[-2.325575,54.742191],[-2.325772,54.742513],[-2.326032,54.742969],[-2.325998,54.743395],[-2.325745,54.74427],[-2.325645,54.744387],[-2.325353,54.744808],[-2.32524,54.745232],[-2.325194,54.745832],[-2.32522,54.746611],[-2.325296,54.746925],[-2.325013,54.747706],[-2.323077,54.750092],[-2.322425,54.751018],[-2.321326,54.751966],[-2.32132,54.75265],[-2.321362,54.752867],[-2.321244,54.752986],[-2.320621,54.753613],[-2.319407,54.754898],[-2.319383,54.755157],[-2.320195,54.756908],[-2.320542,54.757148],[-2.320659,54.757678],[-2.32097,54.757726],[-2.321044,54.757788],[-2.32082,54.758145],[-2.320834,54.758328],[-2.321077,54.758782],[-2.321601,54.759525],[-2.32178,54.759904],[-2.321632,54.760227],[-2.321588,54.760376],[-2.321807,54.760541],[-2.321683,54.760702],[-2.321333,54.761716],[-2.321069,54.762673],[-2.320953,54.763368],[-2.320995,54.763772],[-2.32072,54.764337],[-2.320315,54.76488],[-2.320236,54.765097],[-2.319785,54.765331],[-2.319302,54.765813],[-2.319528,54.766171],[-2.317123,54.767379],[-2.316355,54.767926],[-2.316173,54.767957],[-2.316045,54.768034],[-2.316079,54.768641],[-2.313179,54.770256],[-2.311727,54.770682],[-2.310575,54.771199],[-2.309655,54.771525],[-2.308466,54.771761],[-2.308436,54.772524],[-2.307156,54.773548],[-2.309096,54.775136],[-2.310403,54.776742],[-2.310237,54.777978],[-2.310979,54.779244],[-2.311443,54.779674],[-2.312026,54.780302],[-2.312421,54.781247],[-2.312049,54.783423],[-2.312226,54.783841],[-2.312519,54.785073],[-2.311829,54.786036],[-2.311515,54.787037],[-2.311488,54.787435],[-2.311771,54.78814],[-2.312044,54.788584],[-2.311968,54.789179],[-2.311983,54.789596],[-2.31218,54.790119],[-2.310598,54.790916],[-2.310236,54.790848],[-2.309476,54.790762],[-2.308379,54.790764],[-2.306974,54.791113],[-2.306447,54.792031],[-2.305725,54.791935],[-2.304338,54.791704],[-2.303688,54.792107],[-2.302132,54.792341],[-2.301057,54.792237],[-2.299313,54.793084],[-2.298591,54.793141],[-2.297058,54.792935],[-2.296335,54.793239],[-2.295589,54.793289],[-2.294046,54.793483],[-2.291492,54.793066],[-2.290606,54.793944],[-2.289056,54.795409],[-2.287088,54.795932],[-2.285791,54.796029],[-2.284484,54.796774],[-2.282347,54.797673],[-2.279175,54.79788],[-2.275439,54.796124],[-2.27501,54.796135],[-2.273753,54.796063],[-2.27243,54.795882],[-2.2707,54.795651],[-2.269852,54.795449],[-2.268482,54.794966],[-2.267229,54.794467],[-2.266998,54.794443],[-2.266184,54.794565],[-2.264819,54.794215],[-2.263554,54.793439],[-2.262731,54.793011],[-2.262006,54.792587],[-2.259155,54.792476],[-2.257681,54.791314],[-2.2531,54.790683],[-2.251412,54.790189],[-2.249795,54.789675],[-2.248934,54.789773],[-2.249421,54.78937],[-2.248648,54.788826],[-2.247163,54.787859],[-2.242061,54.787411],[-2.238407,54.787087],[-2.236744,54.786929],[-2.234019,54.786696],[-2.232881,54.784609],[-2.231599,54.783886],[-2.228877,54.783441],[-2.225196,54.782849],[-2.222949,54.782958],[-2.221281,54.783018],[-2.219542,54.782944],[-2.217425,54.782298],[-2.216807,54.782506],[-2.215123,54.783159],[-2.213553,54.783751],[-2.21341,54.785257],[-2.213013,54.786316],[-2.212958,54.786565],[-2.212482,54.786896],[-2.210367,54.788618],[-2.209553,54.789645],[-2.208206,54.791698],[-2.207179,54.792598],[-2.205365,54.793846],[-2.203449,54.796269],[-2.202098,54.797892],[-2.200014,54.799826],[-2.199732,54.800199],[-2.199116,54.801152],[-2.198203,54.80248],[-2.197117,54.804455],[-2.197803,54.805617],[-2.193899,54.806438],[-2.189545,54.806263],[-2.185322,54.80615],[-2.184713,54.806258],[-2.180788,54.807071],[-2.178034,54.8069],[-2.175732,54.806695],[-2.17463,54.80647],[-2.172224,54.805845],[-2.171186,54.804928],[-2.167959,54.80351],[-2.167643,54.804888],[-2.167253,54.806424],[-2.166013,54.810006],[-2.165331,54.812145],[-2.164859,54.813731],[-2.163248,54.81525],[-2.162619,54.815829],[-2.159357,54.818434],[-2.156475,54.819926],[-2.153384,54.821323],[-2.149777,54.822716],[-2.145557,54.824874],[-2.141608,54.827098],[-2.141621,54.828206],[-2.14168,54.828559],[-2.141732,54.828826],[-2.141744,54.829028],[-2.141941,54.8293],[-2.141962,54.829737],[-2.141951,54.829922],[-2.141896,54.830043],[-2.141718,54.830296],[-2.141455,54.830774],[-2.140861,54.831205],[-2.140595,54.831419],[-2.140315,54.831772],[-2.14023,54.832269],[-2.140264,54.832584],[-2.140072,54.832887],[-2.139954,54.833102],[-2.139575,54.833295],[-2.13938,54.833492],[-2.139084,54.833784],[-2.138615,54.834082],[-2.13824,54.834438],[-2.138299,54.834514],[-2.138338,54.834827],[-2.138274,54.83541],[-2.138147,54.835663],[-2.138067,54.835981],[-2.137894,54.836413],[-2.13794,54.836826],[-2.137959,54.83718],[-2.137721,54.837573],[-2.137772,54.837997],[-2.137678,54.838198],[-2.137652,54.838372],[-2.137817,54.838549],[-2.13771,54.83881],[-2.137606,54.838916],[-2.137663,54.839009],[-2.137577,54.839171],[-2.137749,54.839493],[-2.137834,54.839829],[-2.137776,54.840042],[-2.137894,54.840358],[-2.137956,54.840593],[-2.13818,54.840956],[-2.137994,54.841281],[-2.138159,54.841518],[-2.137361,54.841931],[-2.136795,54.842213],[-2.135497,54.842473],[-2.134175,54.8426],[-2.132857,54.842657],[-2.132428,54.842145],[-2.13192,54.84204],[-2.131425,54.842089],[-2.131114,54.84214],[-2.130377,54.842348],[-2.129806,54.842483],[-2.129581,54.84257],[-2.12924,54.842589],[-2.128482,54.842471],[-2.127788,54.842455],[-2.127516,54.842225],[-2.127411,54.841978],[-2.126079,54.841848],[-2.124923,54.841618],[-2.124496,54.841569],[-2.12329,54.841533],[-2.122405,54.841256],[-2.121419,54.841038],[-2.121255,54.841048],[-2.1206,54.841264],[-2.120363,54.841248],[-2.119843,54.841111],[-2.11959,54.84096],[-2.119459,54.840783],[-2.119366,54.840738],[-2.119141,54.840711],[-2.118987,54.840735],[-2.118811,54.840843],[-2.118674,54.841031],[-2.118471,54.841183],[-2.118216,54.841235],[-2.118126,54.841239],[-2.117604,54.841138],[-2.117108,54.840981],[-2.11677,54.840807],[-2.11631,54.840826],[-2.114871,54.841128],[-2.114576,54.841017],[-2.114132,54.840727],[-2.113094,54.840433],[-2.112738,54.840357],[-2.111426,54.840196],[-2.110197,54.84005],[-2.109226,54.840106],[-2.107954,54.840441],[-2.107643,54.840516],[-2.107144,54.840578],[-2.105446,54.840221],[-2.103816,54.839929],[-2.102398,54.840147],[-2.10137,54.839774],[-2.100999,54.839283],[-2.100092,54.837714],[-2.099626,54.837433],[-2.098905,54.837127],[-2.098127,54.837267],[-2.097067,54.837196],[-2.096502,54.836998],[-2.096204,54.836665],[-2.094629,54.836741],[-2.094095,54.836821],[-2.093067,54.836817],[-2.092336,54.836768],[-2.091625,54.836918],[-2.091221,54.837141],[-2.09036,54.837479],[-2.089445,54.837617],[-2.088913,54.837641],[-2.088505,54.837609],[-2.088014,54.83751],[-2.087598,54.837372],[-2.087103,54.837098],[-2.086707,54.837241],[-2.085957,54.83778],[-2.085003,54.837943],[-2.081723,54.838039],[-2.080952,54.838125],[-2.080582,54.838321],[-2.080042,54.838944],[-2.079244,54.839313],[-2.077148,54.839087],[-2.07614,54.839385],[-2.07563,54.839725],[-2.074894,54.840168],[-2.074075,54.840218],[-2.073645,54.840328],[-2.072825,54.840567],[-2.072042,54.840957],[-2.069976,54.842043],[-2.069032,54.842632],[-2.068492,54.842936],[-2.068084,54.843121],[-2.067558,54.843273],[-2.066813,54.843601],[-2.066434,54.844066],[-2.066584,54.844466],[-2.066566,54.844539],[-2.066226,54.844734],[-2.065634,54.844809],[-2.065421,54.844786],[-2.06537,54.84483],[-2.065245,54.844724],[-2.064967,54.844472],[-2.06475,54.844242],[-2.064293,54.844023],[-2.064018,54.843949],[-2.063651,54.843808],[-2.063532,54.843806],[-2.063085,54.844101],[-2.062262,54.844267],[-2.061432,54.844361],[-2.06043,54.84443],[-2.059771,54.844601],[-2.059575,54.844707],[-2.05878,54.845162],[-2.058315,54.845436],[-2.058035,54.845583],[-2.057193,54.845761],[-2.055671,54.845976],[-2.054492,54.846394],[-2.053956,54.846606],[-2.053468,54.846885],[-2.052658,54.847118],[-2.052262,54.847203],[-2.051183,54.847391],[-2.050862,54.847438],[-2.050515,54.847454],[-2.049467,54.847487],[-2.048175,54.847443],[-2.046753,54.847753],[-2.045662,54.847826],[-2.04524,54.847819],[-2.043945,54.847695],[-2.043198,54.847803],[-2.04284,54.84793],[-2.042265,54.84811],[-2.041621,54.848158],[-2.04088,54.848096],[-2.040058,54.847956],[-2.039343,54.848019],[-2.038165,54.84822],[-2.037445,54.848769],[-2.037049,54.849324],[-2.036253,54.849951],[-2.035412,54.850269],[-2.03477,54.850873],[-2.034391,54.851306],[-2.034581,54.85191],[-2.034761,54.852158],[-2.034846,54.85238],[-2.03482,54.8525],[-2.034496,54.85275],[-2.033403,54.853365],[-2.032031,54.85386],[-2.031283,54.85409],[-2.030328,54.854295],[-2.029147,54.85462],[-2.028227,54.85505],[-2.027494,54.855323],[-2.027024,54.855622],[-2.026432,54.856112],[-2.025797,54.857279],[-2.025762,54.857551],[-2.025866,54.857876],[-2.024632,54.85874],[-2.0242,54.858894],[-2.023813,54.858909],[-2.023288,54.858834],[-2.022074,54.858524],[-2.021484,54.858462],[-2.021243,54.858517],[-2.020576,54.85894],[-2.020477,54.859145],[-2.020522,54.859448],[-2.020419,54.859768],[-2.019157,54.860955],[-2.018008,54.861933],[-2.017551,54.862285],[-2.01736,54.862368],[-2.017056,54.862439],[-2.016254,54.862487],[-2.015114,54.862488],[-2.014101,54.862984],[-2.013201,54.863224],[-2.012917,54.863369],[-2.012766,54.863533],[-2.012643,54.863861],[-2.011503,54.864048],[-2.010541,54.864378],[-2.010389,54.86498],[-2.010849,54.865473],[-2.01051,54.866354],[-2.010305,54.866574],[-2.010177,54.86664],[-2.009906,54.866685],[-2.007888,54.867054],[-2.007206,54.86722],[-2.006984,54.867536],[-2.006768,54.867717],[-2.006139,54.867862],[-2.005334,54.868035],[-2.005083,54.868118],[-2.004805,54.868301],[-2.004443,54.868455],[-2.00341,54.868203],[-2.001948,54.868036],[-2.000714,54.868178],[-2.00009,54.868334],[-1.99987,54.868897],[-1.999896,54.869337],[-1.999853,54.86941],[-1.999642,54.869507],[-1.999473,54.869565],[-1.999261,54.869562],[-1.998514,54.8692],[-1.997748,54.869329],[-1.996421,54.869634],[-1.996052,54.869723],[-1.995855,54.869709],[-1.995742,54.869672],[-1.995537,54.869546],[-1.995409,54.869478],[-1.995185,54.869455],[-1.994751,54.869527],[-1.994256,54.869698],[-1.992286,54.870025],[-1.991709,54.87003],[-1.991324,54.869809],[-1.99028,54.870046],[-1.989958,54.870059],[-1.988826,54.86994],[-1.987222,54.869455],[-1.98641,54.869156],[-1.986207,54.868746],[-1.985784,54.868522],[-1.984909,54.868159],[-1.98407,54.868129],[-1.983017,54.868211],[-1.982073,54.868417],[-1.981562,54.868499],[-1.98125,54.868522],[-1.980675,54.868449],[-1.979318,54.868267],[-1.978315,54.867936],[-1.978188,54.867848],[-1.978058,54.86763],[-1.97767,54.867425],[-1.9775,54.867342],[-1.977335,54.867195],[-1.975899,54.866494],[-1.974982,54.866206],[-1.974679,54.866031],[-1.973557,54.865591],[-1.972505,54.865385],[-1.971917,54.865186],[-1.970574,54.864333],[-1.969834,54.863892],[-1.969481,54.862946],[-1.970612,54.861948],[-1.970706,54.861911],[-1.970847,54.861904],[-1.970981,54.861946],[-1.971196,54.862065],[-1.971478,54.862327],[-1.971661,54.862343],[-1.972077,54.862274],[-1.973174,54.862009],[-1.973208,54.861805],[-1.973106,54.861674],[-1.972905,54.861553],[-1.972463,54.861427],[-1.971606,54.861226],[-1.971214,54.860959],[-1.97096,54.860477],[-1.971036,54.860211],[-1.969986,54.86019],[-1.969666,54.860281],[-1.969283,54.860469],[-1.967675,54.859649],[-1.96591,54.859374],[-1.96524,54.859378],[-1.964637,54.859378],[-1.963905,54.859229],[-1.962662,54.859342],[-1.961603,54.858427],[-1.961533,54.858341],[-1.961495,54.858078],[-1.961367,54.857805],[-1.960738,54.857394],[-1.96018,54.857266],[-1.959648,54.857106],[-1.958644,54.856644],[-1.957871,54.856061],[-1.956955,54.855868],[-1.955572,54.855574],[-1.954432,54.855412],[-1.95279,54.855166],[-1.951661,54.854831],[-1.951409,54.854748],[-1.95121,54.854527],[-1.949947,54.853878],[-1.949382,54.853588],[-1.948009,54.852995],[-1.947153,54.85288],[-1.945733,54.853396],[-1.945109,54.853236],[-1.944244,54.85276],[-1.943643,54.852478],[-1.943204,54.852264],[-1.942318,54.852323],[-1.941212,54.852601],[-1.940674,54.852658],[-1.939289,54.852821],[-1.938838,54.85279],[-1.938454,54.851984],[-1.937786,54.851682],[-1.936912,54.851692],[-1.935661,54.851797],[-1.934384,54.851917],[-1.933206,54.852097],[-1.931906,54.852409],[-1.931449,54.852641],[-1.932147,54.853064],[-1.93262,54.853474],[-1.933336,54.853664],[-1.933153,54.853978],[-1.932391,54.854015],[-1.931137,54.854089],[-1.930745,54.853715],[-1.930628,54.853403],[-1.930178,54.853505],[-1.92971,54.853346],[-1.929308,54.85231],[-1.929209,54.851689],[-1.930385,54.851149],[-1.929146,54.850477],[-1.928378,54.850258],[-1.927529,54.850188],[-1.925916,54.849273],[-1.924622,54.848727],[-1.922831,54.849052],[-1.92212,54.849345],[-1.920958,54.849698],[-1.920022,54.848822],[-1.919874,54.847953],[-1.920134,54.847136],[-1.920233,54.846727],[-1.920256,54.846082],[-1.919993,54.845108],[-1.919873,54.844793],[-1.919301,54.844323],[-1.919169,54.844137],[-1.919096,54.843975],[-1.919054,54.843679],[-1.919348,54.842915],[-1.919439,54.842836],[-1.919432,54.842356],[-1.919754,54.842311],[-1.921137,54.842286],[-1.922474,54.842278],[-1.92249,54.842277],[-1.923391,54.842205],[-1.92486,54.841882],[-1.925311,54.841802],[-1.92544,54.841761],[-1.925607,54.841619],[-1.925671,54.841517],[-1.925679,54.841351],[-1.925603,54.841185],[-1.925508,54.841076],[-1.925413,54.841009],[-1.924759,54.840769],[-1.923499,54.84025],[-1.922526,54.840063],[-1.921682,54.84011],[-1.920207,54.840339],[-1.91833,54.840834],[-1.917419,54.840866],[-1.916592,54.840673],[-1.916464,54.840568],[-1.916432,54.840458],[-1.916656,54.839493],[-1.917393,54.838866],[-1.918693,54.838378],[-1.919162,54.838054],[-1.918932,54.837678],[-1.918586,54.837457],[-1.918083,54.837261],[-1.916132,54.836969],[-1.915805,54.836891],[-1.915322,54.836585],[-1.915266,54.836316],[-1.915313,54.836205],[-1.915501,54.836023],[-1.915793,54.835796],[-1.915812,54.835716],[-1.915761,54.835596],[-1.915762,54.835514],[-1.915821,54.835423],[-1.915966,54.835203],[-1.916182,54.834951],[-1.916156,54.834818],[-1.916039,54.834725],[-1.915127,54.834307],[-1.914269,54.834005],[-1.913655,54.833877],[-1.913331,54.833876],[-1.912924,54.833902],[-1.912518,54.833864],[-1.91222,54.833896],[-1.912033,54.833965],[-1.911753,54.834228],[-1.911654,54.83486],[-1.911971,54.83503],[-1.912087,54.835328],[-1.912075,54.835712],[-1.911934,54.835771],[-1.911739,54.835805],[-1.91133,54.835822],[-1.910775,54.835803],[-1.910534,54.835832],[-1.910062,54.835971],[-1.909741,54.836159],[-1.909532,54.836401],[-1.909407,54.836834],[-1.909462,54.837127],[-1.909532,54.837231],[-1.909718,54.83737],[-1.909959,54.837444],[-1.91068,54.837529],[-1.911983,54.837612],[-1.912633,54.837689],[-1.91296,54.837738],[-1.913195,54.837856],[-1.913367,54.838162],[-1.913427,54.838284],[-1.913402,54.838341],[-1.913315,54.838405],[-1.912999,54.838534],[-1.912791,54.838668],[-1.912685,54.838803],[-1.912621,54.839222],[-1.912646,54.839301],[-1.912584,54.839392],[-1.91177,54.839633],[-1.911255,54.839691],[-1.911003,54.839697],[-1.910469,54.839643],[-1.90984,54.83948],[-1.909586,54.839394],[-1.908653,54.839326],[-1.907845,54.839348],[-1.907439,54.839379],[-1.907115,54.839464],[-1.906921,54.839571],[-1.90671,54.839803],[-1.905835,54.840115],[-1.905574,54.840292],[-1.905239,54.84075],[-1.905077,54.840889],[-1.9045,54.841351],[-1.904266,54.841363],[-1.903315,54.841562],[-1.903057,54.841701],[-1.902948,54.841816],[-1.902751,54.842093],[-1.901809,54.842152],[-1.901115,54.842169],[-1.900698,54.842229],[-1.900035,54.842383],[-1.898621,54.842666],[-1.89801,54.84282],[-1.897575,54.842995],[-1.897141,54.843364],[-1.896728,54.843797],[-1.896638,54.843995],[-1.89663,54.844192],[-1.896709,54.844371],[-1.89701,54.844677],[-1.896986,54.844814],[-1.896877,54.844988],[-1.896733,54.845109],[-1.896033,54.845603],[-1.895173,54.845786],[-1.894605,54.845785],[-1.894252,54.845724],[-1.893647,54.845547],[-1.892974,54.84497],[-1.893425,54.844675],[-1.893617,54.844521],[-1.892889,54.843789],[-1.892745,54.843656],[-1.892565,54.843563],[-1.892385,54.843522],[-1.892004,54.843522],[-1.891196,54.843671],[-1.89049,54.843734],[-1.888738,54.84386],[-1.887653,54.843872],[-1.88763,54.843667],[-1.887106,54.843671],[-1.886751,54.843638],[-1.886568,54.843594],[-1.886415,54.843518],[-1.886174,54.843486],[-1.885951,54.84351],[-1.884709,54.844215],[-1.884386,54.844525],[-1.883941,54.844854],[-1.883733,54.845162],[-1.88346,54.84549],[-1.883286,54.845609],[-1.882631,54.845885],[-1.881437,54.846312],[-1.880289,54.846708],[-1.879921,54.846479],[-1.879135,54.846609],[-1.877802,54.846815],[-1.87643,54.847046],[-1.876004,54.847254],[-1.875915,54.847412],[-1.87584,54.847669],[-1.875639,54.847881],[-1.874885,54.848228],[-1.873716,54.848769],[-1.873051,54.848965],[-1.871598,54.849576],[-1.870393,54.850015],[-1.869103,54.850453],[-1.868552,54.850766],[-1.868192,54.851296],[-1.867864,54.851905],[-1.867991,54.852126],[-1.867947,54.852612],[-1.867357,54.852893],[-1.866964,54.853026],[-1.866367,54.853343],[-1.865832,54.853727],[-1.865339,54.854284],[-1.865105,54.855033],[-1.865044,54.855382],[-1.865251,54.855843],[-1.86586,54.856808],[-1.866976,54.857429],[-1.867902,54.858269],[-1.869007,54.859458],[-1.868209,54.860346],[-1.868289,54.860777],[-1.868213,54.861276],[-1.867884,54.861751],[-1.867232,54.862254],[-1.866516,54.862756],[-1.865992,54.863165],[-1.865177,54.863793],[-1.86464,54.864063],[-1.864339,54.864091],[-1.863224,54.864361],[-1.862629,54.86465],[-1.861536,54.865295],[-1.860393,54.865833],[-1.859871,54.866191],[-1.859564,54.866535],[-1.859337,54.866865],[-1.859214,54.867044],[-1.859111,54.8672],[-1.858981,54.867416],[-1.858909,54.867539],[-1.858736,54.867824],[-1.858483,54.868223],[-1.858385,54.868521],[-1.858276,54.868862],[-1.858475,54.869288],[-1.858825,54.869828],[-1.859169,54.870346],[-1.859275,54.871048],[-1.859256,54.871156],[-1.858643,54.871892],[-1.8584,54.872313],[-1.858354,54.872612],[-1.858414,54.872954],[-1.85845,54.873247],[-1.858418,54.873787],[-1.858485,54.874273],[-1.858539,54.874917],[-1.858595,54.875277],[-1.858723,54.876186],[-1.858639,54.876641],[-1.858398,54.8774],[-1.858419,54.877686],[-1.858143,54.878052],[-1.857598,54.878271],[-1.856828,54.878721],[-1.856585,54.878949],[-1.856433,54.879136],[-1.856211,54.879257],[-1.854921,54.879461],[-1.852798,54.879756],[-1.851952,54.879991],[-1.851798,54.880056],[-1.851623,54.880198],[-1.851551,54.880311],[-1.851492,54.880431],[-1.851443,54.880884],[-1.851108,54.8821],[-1.851496,54.883171],[-1.85138,54.883486],[-1.851226,54.883731],[-1.850848,54.884113],[-1.850639,54.884134],[-1.850385,54.884179],[-1.849996,54.884305],[-1.849433,54.884573],[-1.849326,54.884733],[-1.849274,54.885147],[-1.849527,54.885728],[-1.849597,54.885988],[-1.849816,54.886248],[-1.850435,54.886726],[-1.850855,54.887093],[-1.853254,54.888615],[-1.853547,54.888857],[-1.853617,54.888993],[-1.853604,54.889401],[-1.853523,54.890197],[-1.853221,54.890688],[-1.85288,54.89109],[-1.852653,54.89122],[-1.852476,54.891225],[-1.851666,54.890926],[-1.846669,54.889628],[-1.846149,54.889624],[-1.845918,54.889687],[-1.845012,54.890251],[-1.844907,54.890334],[-1.844275,54.890857],[-1.844245,54.890871]]]}},{"type":"Feature","properties":{"name":"Sedgefield","label":"390","results":{"1997":{"winning_party":"Lab","con_votes":8383,"lab_votes":33526,"lib_votes":3050,"ruk_votes":0,"grn_votes":0,"oth_votes":2157,"con_pct":17.8,"lab_pct":71.2,"lib_pct":6.5,"ruk_pct":0.0,"grn_pct":0.0,"oth_pct":4.6,"total_votes":47116,"turnout":0.723,"mp_name":"nan"},"2001":{"winning_party":"Lab","con_votes":8397,"lab_votes":26110,"lib_votes":3624,"ruk_votes":0,"grn_votes":0,"oth_votes":2127,"con_pct":20.9,"lab_pct":64.9,"lib_pct":9.0,"ruk_pct":0.0,"grn_pct":0.0,"oth_pct":5.3,"total_votes":40258,"turnout":0.62,"mp_name":"nan"},"2005":{"winning_party":"Lab","con_votes":5972,"lab_votes":24429,"lib_votes":4935,"ruk_votes":0,"grn_votes":0,"oth_votes":6147,"con_pct":14.4,"lab_pct":58.9,"lib_pct":11.9,"ruk_pct":0.0,"grn_pct":0.0,"oth_pct":14.8,"total_votes":41483,"turnout":0.618,"mp_name":"nan"}}},"geometry":{"type":"Polygon","coordinates":[[[-1.574643,54.554473],[-1.574919,54.552526],[-1.574949,54.552243],[-1.575206,54.551335],[-1.575291,54.551179],[-1.575538,54.550483],[-1.577273,54.550481],[-1.577987,54.550496],[-1.578066,54.549827],[-1.578077,54.549691],[-1.578083,54.549597],[-1.578069,54.549236],[-1.578065,54.549107],[-1.578738,54.549059],[-1.579083,54.549034],[-1.57957,54.548999],[-1.579987,54.548933],[-1.580319,54.548906],[-1.580931,54.549138],[-1.581266,54.549139],[-1.58152,54.549139],[-1.581729,54.549139],[-1.58242,54.54914],[-1.582792,54.54914],[-1.583119,54.54914],[-1.583314,54.549075],[-1.583385,54.548418],[-1.58393,54.548225],[-1.584125,54.548213],[-1.584212,54.548186],[-1.584209,54.548086],[-1.584204,54.547894],[-1.584385,54.547668],[-1.585738,54.547779],[-1.585935,54.547211],[-1.585945,54.546874],[-1.585913,54.5465],[-1.585899,54.545733],[-1.586041,54.545728],[-1.586473,54.545747],[-1.587071,54.545712],[-1.58737,54.545654],[-1.5887,54.545523],[-1.588827,54.545485],[-1.588905,54.545417],[-1.588837,54.545062],[-1.588728,54.544719],[-1.588495,54.544378],[-1.587875,54.5442],[-1.587839,54.543606],[-1.587835,54.542907],[-1.587755,54.542428],[-1.587766,54.542241],[-1.588004,54.542234],[-1.588301,54.542226],[-1.588573,54.54222],[-1.588707,54.542217],[-1.588976,54.54221],[-1.589308,54.542196],[-1.589579,54.54218],[-1.589894,54.542157],[-1.59004,54.542145],[-1.590329,54.542124],[-1.590578,54.542106],[-1.590981,54.542076],[-1.591426,54.542043],[-1.591787,54.542014],[-1.592059,54.541994],[-1.592247,54.541982],[-1.592574,54.54196],[-1.592706,54.541951],[-1.593106,54.541919],[-1.593501,54.541878],[-1.593775,54.541884],[-1.594012,54.541858],[-1.594353,54.541792],[-1.594718,54.541762],[-1.59492,54.541745],[-1.595191,54.541723],[-1.595355,54.541708],[-1.595594,54.541688],[-1.595782,54.541674],[-1.596095,54.541652],[-1.596376,54.541633],[-1.596644,54.541617],[-1.597026,54.541602],[-1.59735,54.541595],[-1.597558,54.541591],[-1.597805,54.541589],[-1.598098,54.541587],[-1.598198,54.541588],[-1.598515,54.54159],[-1.598684,54.541594],[-1.598918,54.541597],[-1.599182,54.541601],[-1.599431,54.541606],[-1.599787,54.541612],[-1.600011,54.541617],[-1.600398,54.541624],[-1.60062,54.541628],[-1.600939,54.541633],[-1.601246,54.541639],[-1.601521,54.541644],[-1.601751,54.541647],[-1.601983,54.541646],[-1.602317,54.541652],[-1.602601,54.541619],[-1.602626,54.541507],[-1.602607,54.54142],[-1.60257,54.54131],[-1.602561,54.541274],[-1.602497,54.541186],[-1.602481,54.541137],[-1.602478,54.541121],[-1.602472,54.541046],[-1.602484,54.540975],[-1.602438,54.540913],[-1.602315,54.540843],[-1.602159,54.540761],[-1.602105,54.540722],[-1.602063,54.540684],[-1.602039,54.540637],[-1.602048,54.540587],[-1.602068,54.540518],[-1.602095,54.540434],[-1.602097,54.540365],[-1.602094,54.540358],[-1.602034,54.540292],[-1.601913,54.540192],[-1.601878,54.540159],[-1.601835,54.540075],[-1.601808,54.53997],[-1.601808,54.539865],[-1.601796,54.539819],[-1.601808,54.539734],[-1.601835,54.539689],[-1.60181,54.539606],[-1.601682,54.539546],[-1.601695,54.539471],[-1.601783,54.539345],[-1.601826,54.539278],[-1.601869,54.539196],[-1.601854,54.539073],[-1.601803,54.538968],[-1.601792,54.538882],[-1.601716,54.538744],[-1.601716,54.53863],[-1.60171,54.53854],[-1.601659,54.538444],[-1.60139,54.538391],[-1.60127,54.538371],[-1.601172,54.538313],[-1.601105,54.538224],[-1.60113,54.538082],[-1.601301,54.537981],[-1.601356,54.537929],[-1.60136,54.537885],[-1.601333,54.53782],[-1.601255,54.53773],[-1.601108,54.537689],[-1.601073,54.537599],[-1.601009,54.53753],[-1.600839,54.537367],[-1.60078,54.53723],[-1.600799,54.537107],[-1.60087,54.536966],[-1.600992,54.536872],[-1.601142,54.536746],[-1.601083,54.536635],[-1.600976,54.536551],[-1.600922,54.536454],[-1.60073,54.536383],[-1.600515,54.536341],[-1.600316,54.536356],[-1.60008,54.536368],[-1.599921,54.536302],[-1.599718,54.536311],[-1.599527,54.536163],[-1.599469,54.535987],[-1.599592,54.53586],[-1.599672,54.535767],[-1.599511,54.535636],[-1.599595,54.535534],[-1.599689,54.535466],[-1.59958,54.535347],[-1.599445,54.53527],[-1.599286,54.535232],[-1.599094,54.535265],[-1.599053,54.535292],[-1.598997,54.535341],[-1.598884,54.535419],[-1.598714,54.53543],[-1.598554,54.535414],[-1.598396,54.535375],[-1.598268,54.535338],[-1.597991,54.53524],[-1.597801,54.535157],[-1.596897,54.534832],[-1.596244,54.534591],[-1.596095,54.534491],[-1.596033,54.534435],[-1.595936,54.534314],[-1.595811,54.534131],[-1.595732,54.534023],[-1.595684,54.533859],[-1.595681,54.533766],[-1.59573,54.533622],[-1.595829,54.533431],[-1.595896,54.533298],[-1.595988,54.533128],[-1.596021,54.533056],[-1.596024,54.532906],[-1.596024,54.532768],[-1.596006,54.532619],[-1.595983,54.532536],[-1.595948,54.532461],[-1.595917,54.532416],[-1.595749,54.53226],[-1.595587,54.532085],[-1.59535,54.531761],[-1.595279,54.531674],[-1.595144,54.531513],[-1.59503,54.531358],[-1.594921,54.531125],[-1.594882,54.530999],[-1.594831,54.530806],[-1.59476,54.530427],[-1.594737,54.530275],[-1.594721,54.530192],[-1.594704,54.530063],[-1.594708,54.529992],[-1.594747,54.529889],[-1.594834,54.529745],[-1.595028,54.529489],[-1.595058,54.529449],[-1.595261,54.529218],[-1.595391,54.52913],[-1.595718,54.528953],[-1.595973,54.528837],[-1.596458,54.528655],[-1.596647,54.528571],[-1.596885,54.528453],[-1.597031,54.528359],[-1.59711,54.528283],[-1.597282,54.528126],[-1.597485,54.527989],[-1.597594,54.527964],[-1.597832,54.527977],[-1.598198,54.527922],[-1.598374,54.527879],[-1.59856,54.527827],[-1.598661,54.527793],[-1.598838,54.527716],[-1.599374,54.527401],[-1.599964,54.527056],[-1.600208,54.526924],[-1.600519,54.526803],[-1.600672,54.526754],[-1.600927,54.526737],[-1.6011,54.526703],[-1.601269,54.526656],[-1.601382,54.526601],[-1.601505,54.526558],[-1.601729,54.526527],[-1.601934,54.526499],[-1.602032,54.526457],[-1.602071,54.526412],[-1.602103,54.526357],[-1.602141,54.526267],[-1.602173,54.526177],[-1.602206,54.526017],[-1.602204,54.525935],[-1.602288,54.525841],[-1.602627,54.525658],[-1.603068,54.525487],[-1.603304,54.525352],[-1.603514,54.525256],[-1.603641,54.525214],[-1.603875,54.525254],[-1.603986,54.525294],[-1.604138,54.525332],[-1.604249,54.525336],[-1.604504,54.525335],[-1.604887,54.525353],[-1.605162,54.52539],[-1.605452,54.525413],[-1.605783,54.525425],[-1.606073,54.525417],[-1.606364,54.525409],[-1.606575,54.525336],[-1.606814,54.525228],[-1.607043,54.525063],[-1.607135,54.524988],[-1.607317,54.524864],[-1.60737,54.524753],[-1.607302,54.524537],[-1.607291,54.524413],[-1.607278,54.524322],[-1.607157,54.524185],[-1.60697,54.524055],[-1.606782,54.523882],[-1.60662,54.523718],[-1.606498,54.523569],[-1.606341,54.523359],[-1.606244,54.523259],[-1.606204,54.523173],[-1.606164,54.52306],[-1.606168,54.522905],[-1.606184,54.522787],[-1.606226,54.522646],[-1.606268,54.522499],[-1.606311,54.522447],[-1.606409,54.52234],[-1.606467,54.522233],[-1.606556,54.52206],[-1.606671,54.521922],[-1.606717,54.521867],[-1.606804,54.521756],[-1.60698,54.521587],[-1.60714,54.521445],[-1.607295,54.52132],[-1.607464,54.521229],[-1.607589,54.521153],[-1.607596,54.521085],[-1.607644,54.520891],[-1.607753,54.520759],[-1.607711,54.520617],[-1.607773,54.520516],[-1.607813,54.520439],[-1.607831,54.520375],[-1.607921,54.520238],[-1.607991,54.520162],[-1.607968,54.520117],[-1.607951,54.519764],[-1.608629,54.519814],[-1.609916,54.519855],[-1.610538,54.519846],[-1.611496,54.519708],[-1.612126,54.519567],[-1.612651,54.519422],[-1.613024,54.519273],[-1.613335,54.519156],[-1.613601,54.519017],[-1.614332,54.518521],[-1.615042,54.517984],[-1.615603,54.517515],[-1.616445,54.516832],[-1.617569,54.516073],[-1.619848,54.515138],[-1.622011,54.514502],[-1.624468,54.514013],[-1.626621,54.513667],[-1.630036,54.513793],[-1.631764,54.513965],[-1.632678,54.51424],[-1.633863,54.514794],[-1.634511,54.515143],[-1.635035,54.515229],[-1.636159,54.515633],[-1.637762,54.516269],[-1.638375,54.516598],[-1.638608,54.516871],[-1.638622,54.517122],[-1.638484,54.517352],[-1.638063,54.517638],[-1.637897,54.51768],[-1.63775,54.517687],[-1.636816,54.517665],[-1.63539,54.517479],[-1.634513,54.517377],[-1.633748,54.5174],[-1.632869,54.517555],[-1.632468,54.517679],[-1.63201,54.517919],[-1.631365,54.518559],[-1.631207,54.519917],[-1.630991,54.520949],[-1.630343,54.521953],[-1.630153,54.522641],[-1.630237,54.523073],[-1.630511,54.523629],[-1.631135,54.524237],[-1.631783,54.524829],[-1.63254,54.525394],[-1.634424,54.525752],[-1.635304,54.525776],[-1.638481,54.525528],[-1.639073,54.52541],[-1.640777,54.524948],[-1.64175,54.524618],[-1.643069,54.524364],[-1.645117,54.524108],[-1.646371,54.524059],[-1.648955,54.523948],[-1.650268,54.52397],[-1.65216,54.524182],[-1.65341,54.524642],[-1.654367,54.52516],[-1.655292,54.525885],[-1.655457,54.526198],[-1.655476,54.527043],[-1.655068,54.528517],[-1.654286,54.529168],[-1.653866,54.529656],[-1.653415,54.530275],[-1.65345,54.530856],[-1.653467,54.531653],[-1.653761,54.532453],[-1.654259,54.53306],[-1.654436,54.533222],[-1.654692,54.533416],[-1.655577,54.53414],[-1.65814,54.534883],[-1.660011,54.53518],[-1.661222,54.535268],[-1.662107,54.535303],[-1.663311,54.535401],[-1.665139,54.535465],[-1.666506,54.535406],[-1.668958,54.5353],[-1.670261,54.535258],[-1.671794,54.535222],[-1.672683,54.535052],[-1.673484,54.534826],[-1.674215,54.534647],[-1.675971,54.534308],[-1.67681,54.533879],[-1.678178,54.533402],[-1.67918,54.533223],[-1.681081,54.533217],[-1.682931,54.533594],[-1.684585,54.534216],[-1.686872,54.534991],[-1.687971,54.535244],[-1.68915,54.535417],[-1.690874,54.535576],[-1.695367,54.535864],[-1.695889,54.538026],[-1.696176,54.539141],[-1.696844,54.540458],[-1.696454,54.540582],[-1.696655,54.541596],[-1.697123,54.543349],[-1.697972,54.544186],[-1.699004,54.544214],[-1.701321,54.54472],[-1.702348,54.545497],[-1.702895,54.545943],[-1.702978,54.546612],[-1.703042,54.54786],[-1.703004,54.549885],[-1.701549,54.550336],[-1.700884,54.550155],[-1.699605,54.549766],[-1.697963,54.551811],[-1.698367,54.55234],[-1.699563,54.552787],[-1.699154,54.553585],[-1.69729,54.554244],[-1.694846,54.555499],[-1.692579,54.55516],[-1.69188,54.555207],[-1.689767,54.555172],[-1.689988,54.556133],[-1.690974,54.556194],[-1.692629,54.556376],[-1.693318,54.556585],[-1.693635,54.556822],[-1.694204,54.556986],[-1.694362,54.557118],[-1.694577,54.557449],[-1.694738,54.55757],[-1.695317,54.557725],[-1.696058,54.557844],[-1.696264,54.557899],[-1.697969,54.55806],[-1.698576,54.55806],[-1.698796,54.557988],[-1.699105,54.558047],[-1.699657,54.558094],[-1.700103,54.558114],[-1.700235,54.558124],[-1.700766,54.558346],[-1.70102,54.558418],[-1.701143,54.558486],[-1.701752,54.558557],[-1.702552,54.559144],[-1.704366,54.56065],[-1.704242,54.560953],[-1.704088,54.561327],[-1.703995,54.561707],[-1.704368,54.562196],[-1.704964,54.562597],[-1.705397,54.562604],[-1.705763,54.562854],[-1.706364,54.563029],[-1.707723,54.563041],[-1.707888,54.563611],[-1.708133,54.564609],[-1.708148,54.565227],[-1.707908,54.566104],[-1.70743,54.566625],[-1.706482,54.567933],[-1.706696,54.568926],[-1.705953,54.569605],[-1.704548,54.570764],[-1.703563,54.571512],[-1.703326,54.572989],[-1.703711,54.573336],[-1.70378,54.573414],[-1.703876,54.57357],[-1.704025,54.57365],[-1.704368,54.573645],[-1.704729,54.573731],[-1.705109,54.573709],[-1.705609,54.573762],[-1.706883,54.573925],[-1.707425,54.574005],[-1.706271,54.575416],[-1.70553,54.576388],[-1.704736,54.577432],[-1.704292,54.578038],[-1.704127,54.578217],[-1.703043,54.578055],[-1.702124,54.578587],[-1.701631,54.579798],[-1.701661,54.579839],[-1.701288,54.581437],[-1.700232,54.581598],[-1.698891,54.58205],[-1.698688,54.58306],[-1.698582,54.583864],[-1.698028,54.584324],[-1.697211,54.584438],[-1.695627,54.584467],[-1.693871,54.584771],[-1.692721,54.584924],[-1.692139,54.585239],[-1.692082,54.585626],[-1.692188,54.586193],[-1.692466,54.586758],[-1.691322,54.586695],[-1.686422,54.586188],[-1.683529,54.585943],[-1.681176,54.585819],[-1.679435,54.585703],[-1.677818,54.586361],[-1.678017,54.587554],[-1.678305,54.589604],[-1.678617,54.59166],[-1.678908,54.594266],[-1.679084,54.596924],[-1.679046,54.597698],[-1.679196,54.597843],[-1.679033,54.599947],[-1.678994,54.601016],[-1.679064,54.603648],[-1.679094,54.606195],[-1.679236,54.606515],[-1.679499,54.606743],[-1.679948,54.60731],[-1.680416,54.607986],[-1.679697,54.608205],[-1.679492,54.608632],[-1.679854,54.611683],[-1.680099,54.613066],[-1.68023,54.614227],[-1.680581,54.615585],[-1.680858,54.617639],[-1.678692,54.617641],[-1.677182,54.617699],[-1.676501,54.61766],[-1.672873,54.617381],[-1.671911,54.617283],[-1.671212,54.617105],[-1.670159,54.616949],[-1.667901,54.616481],[-1.665564,54.615998],[-1.664912,54.616008],[-1.664511,54.615962],[-1.6638,54.615733],[-1.662538,54.61553],[-1.662355,54.615536],[-1.661491,54.615435],[-1.661038,54.615678],[-1.660522,54.61569],[-1.659498,54.615652],[-1.658351,54.615544],[-1.657142,54.615377],[-1.655472,54.615341],[-1.653007,54.616291],[-1.651241,54.616805],[-1.649853,54.616934],[-1.648172,54.617825],[-1.647084,54.617972],[-1.645357,54.618354],[-1.643706,54.618698],[-1.643213,54.618814],[-1.640126,54.619225],[-1.639912,54.618728],[-1.639394,54.617678],[-1.638668,54.617215],[-1.63643,54.617071],[-1.636107,54.617005],[-1.635957,54.616549],[-1.632238,54.61602],[-1.629929,54.616],[-1.63004,54.616557],[-1.627779,54.618301],[-1.625525,54.618403],[-1.622348,54.618487],[-1.622284,54.618795],[-1.617042,54.619032],[-1.617048,54.619167],[-1.617173,54.619439],[-1.617412,54.619631],[-1.617536,54.619702],[-1.617594,54.619778],[-1.617622,54.61994],[-1.61775,54.620009],[-1.617867,54.620165],[-1.61784,54.620441],[-1.617801,54.620685],[-1.617759,54.621688],[-1.617709,54.622209],[-1.617583,54.622876],[-1.617532,54.623018],[-1.617392,54.623501],[-1.617137,54.624235],[-1.616923,54.624767],[-1.616563,54.625511],[-1.616097,54.626459],[-1.615915,54.626924],[-1.61566,54.6273],[-1.615581,54.627768],[-1.615488,54.628077],[-1.615401,54.628571],[-1.615376,54.628845],[-1.615218,54.629129],[-1.615099,54.629658],[-1.615071,54.629954],[-1.614909,54.630999],[-1.614636,54.631568],[-1.614547,54.631957],[-1.61442,54.632308],[-1.614187,54.633111],[-1.613633,54.633036],[-1.61311,54.633595],[-1.612982,54.633689],[-1.612777,54.633797],[-1.612621,54.634075],[-1.612409,54.634119],[-1.612167,54.634604],[-1.612037,54.63492],[-1.611792,54.636054],[-1.61172,54.636525],[-1.611306,54.638096],[-1.611046,54.639011],[-1.610796,54.638947],[-1.610397,54.638866],[-1.609158,54.638744],[-1.607585,54.638727],[-1.60545,54.63873],[-1.605221,54.638724],[-1.60443,54.638644],[-1.604362,54.63898],[-1.604123,54.639661],[-1.603858,54.640467],[-1.603734,54.640724],[-1.603496,54.640977],[-1.603385,54.641346],[-1.603265,54.64171],[-1.603537,54.642528],[-1.604907,54.643317],[-1.605387,54.643313],[-1.607463,54.643431],[-1.609705,54.644128],[-1.609547,54.645265],[-1.609321,54.646578],[-1.609141,54.647243],[-1.609088,54.647458],[-1.609142,54.647907],[-1.609042,54.648616],[-1.608902,54.649493],[-1.608771,54.649906],[-1.608669,54.650414],[-1.608599,54.650648],[-1.608494,54.65097],[-1.608527,54.651332],[-1.608544,54.652044],[-1.608583,54.652317],[-1.608411,54.652871],[-1.608534,54.65391],[-1.608732,54.65469],[-1.608685,54.654855],[-1.608484,54.655325],[-1.608318,54.655726],[-1.6082,54.65658],[-1.608126,54.657112],[-1.608028,54.657585],[-1.607906,54.657929],[-1.607498,54.657758],[-1.606748,54.6576],[-1.605796,54.657303],[-1.605188,54.657156],[-1.604467,54.657048],[-1.604308,54.657044],[-1.602889,54.65719],[-1.601335,54.657284],[-1.600072,54.657346],[-1.598018,54.657331],[-1.597015,54.657091],[-1.596087,54.656947],[-1.59522,54.657315],[-1.593898,54.656956],[-1.592209,54.656541],[-1.59176,54.65649],[-1.591794,54.656341],[-1.591618,54.656],[-1.591857,54.655856],[-1.591637,54.655659],[-1.590926,54.655656],[-1.590772,54.655676],[-1.589569,54.655942],[-1.589205,54.656127],[-1.588786,54.656283],[-1.588582,54.656359],[-1.58829,54.656456],[-1.587938,54.65649],[-1.58746,54.656477],[-1.58736,54.656467],[-1.587069,54.656379],[-1.586205,54.656113],[-1.585547,54.656089],[-1.585112,54.656114],[-1.583763,54.656125],[-1.582783,54.656157],[-1.582371,54.656332],[-1.582074,54.656437],[-1.581837,54.656467],[-1.58153,54.65642],[-1.581221,54.656319],[-1.580753,54.656083],[-1.580085,54.656077],[-1.579231,54.656134],[-1.578971,54.656184],[-1.578725,54.656332],[-1.578818,54.656607],[-1.57879,54.657047],[-1.578604,54.657333],[-1.578518,54.657416],[-1.578302,54.657592],[-1.577755,54.657943],[-1.577611,54.657975],[-1.576647,54.657983],[-1.57593,54.6579],[-1.575117,54.657838],[-1.57505,54.657844],[-1.574528,54.657999],[-1.57343,54.658048],[-1.572903,54.657834],[-1.572713,54.657801],[-1.572525,54.657803],[-1.572359,54.657738],[-1.572281,54.657646],[-1.571719,54.657499],[-1.571406,54.657477],[-1.57101,54.657419],[-1.570576,54.657413],[-1.570174,54.657296],[-1.569774,54.65713],[-1.569539,54.657213],[-1.569491,54.657554],[-1.569279,54.657937],[-1.56901,54.658136],[-1.568972,54.658282],[-1.56911,54.658345],[-1.569156,54.658576],[-1.569088,54.658698],[-1.569318,54.658813],[-1.569496,54.658828],[-1.56963,54.658902],[-1.56972,54.65908],[-1.570076,54.659379],[-1.570298,54.659517],[-1.570413,54.659656],[-1.57103,54.660059],[-1.571713,54.660305],[-1.571774,54.660309],[-1.571995,54.660261],[-1.572104,54.660289],[-1.572044,54.66042],[-1.572057,54.660532],[-1.572269,54.660721],[-1.572397,54.660756],[-1.572642,54.660742],[-1.573069,54.660774],[-1.573598,54.660884],[-1.573958,54.661507],[-1.574228,54.661765],[-1.574349,54.661891],[-1.574593,54.662006],[-1.574709,54.662075],[-1.574754,54.662207],[-1.574991,54.662269],[-1.575485,54.662538],[-1.575507,54.662586],[-1.575455,54.662665],[-1.575374,54.662792],[-1.575459,54.662909],[-1.575801,54.662875],[-1.576219,54.662944],[-1.576731,54.663314],[-1.576913,54.663433],[-1.577153,54.663424],[-1.577283,54.663542],[-1.577314,54.663658],[-1.57706,54.663856],[-1.576964,54.663947],[-1.577071,54.664034],[-1.577152,54.66416],[-1.577204,54.664449],[-1.577121,54.664535],[-1.577061,54.6646],[-1.576862,54.664764],[-1.576708,54.664956],[-1.576612,54.665067],[-1.576741,54.665357],[-1.576842,54.6655],[-1.576594,54.665771],[-1.575901,54.666124],[-1.575565,54.666269],[-1.575261,54.666603],[-1.575129,54.6669],[-1.574483,54.6676],[-1.574257,54.668478],[-1.574189,54.669188],[-1.573726,54.669582],[-1.571232,54.670658],[-1.569448,54.671262],[-1.568372,54.671709],[-1.56761,54.671976],[-1.567604,54.672305],[-1.567916,54.672627],[-1.56851,54.673218],[-1.569667,54.674388],[-1.570904,54.675715],[-1.571017,54.675856],[-1.571527,54.676469],[-1.571714,54.676594],[-1.571163,54.676635],[-1.569513,54.676356],[-1.570131,54.67715],[-1.570752,54.677721],[-1.57238,54.679151],[-1.573236,54.679938],[-1.575698,54.681422],[-1.577046,54.682117],[-1.577868,54.682431],[-1.578742,54.682755],[-1.580906,54.683601],[-1.580646,54.683887],[-1.580549,54.684082],[-1.580305,54.684326],[-1.579919,54.684983],[-1.579832,54.68543],[-1.580167,54.686376],[-1.58011,54.687464],[-1.579986,54.688416],[-1.579901,54.688804],[-1.579799,54.689606],[-1.579691,54.690081],[-1.579696,54.690361],[-1.579357,54.691131],[-1.579652,54.692215],[-1.580458,54.694966],[-1.581059,54.69627],[-1.581086,54.696386],[-1.580512,54.696481],[-1.57896,54.696803],[-1.57696,54.696779],[-1.575169,54.696858],[-1.572103,54.696554],[-1.566912,54.6964],[-1.563851,54.696342],[-1.561941,54.696468],[-1.560775,54.696595],[-1.561037,54.697526],[-1.563414,54.701302],[-1.564041,54.702337],[-1.564209,54.702942],[-1.564373,54.704447],[-1.563418,54.705244],[-1.56313,54.70543],[-1.560441,54.70545],[-1.556843,54.705655],[-1.554218,54.705982],[-1.552092,54.70629],[-1.551996,54.706425],[-1.550785,54.706606],[-1.550246,54.706671],[-1.548494,54.7068],[-1.548064,54.706898],[-1.547797,54.706964],[-1.546818,54.706975],[-1.545369,54.707159],[-1.543163,54.707541],[-1.541612,54.70778],[-1.537967,54.708342],[-1.537344,54.70849],[-1.536131,54.708779],[-1.535237,54.709016],[-1.53506,54.709067],[-1.533734,54.709413],[-1.533403,54.709601],[-1.534091,54.710203],[-1.534259,54.710584],[-1.534389,54.710646],[-1.534435,54.710697],[-1.534315,54.710908],[-1.533832,54.711487],[-1.533308,54.711786],[-1.53272,54.711975],[-1.532434,54.712219],[-1.532259,54.712694],[-1.532575,54.713022],[-1.532677,54.713311],[-1.532397,54.71343],[-1.531995,54.713548],[-1.531348,54.713346],[-1.531089,54.713294],[-1.529972,54.712923],[-1.529669,54.71293],[-1.529193,54.712833],[-1.528573,54.713063],[-1.5275,54.713704],[-1.527397,54.713896],[-1.526112,54.713873],[-1.522065,54.714119],[-1.519542,54.714191],[-1.51917,54.714161],[-1.518,54.713823],[-1.517289,54.713422],[-1.516948,54.713098],[-1.516653,54.71262],[-1.516571,54.712438],[-1.516553,54.712208],[-1.516605,54.712002],[-1.516756,54.711635],[-1.517133,54.711288],[-1.518826,54.710097],[-1.520672,54.708793],[-1.519759,54.708891],[-1.519615,54.708911],[-1.519537,54.708813],[-1.519314,54.70865],[-1.518859,54.70833],[-1.518607,54.708134],[-1.518506,54.708121],[-1.518347,54.708155],[-1.518298,54.708156],[-1.518137,54.707998],[-1.518094,54.707809],[-1.518052,54.70779],[-1.517985,54.707788],[-1.517766,54.707845],[-1.517672,54.707814],[-1.517628,54.707704],[-1.517645,54.707663],[-1.51762,54.70763],[-1.517555,54.707623],[-1.517397,54.707667],[-1.517291,54.707659],[-1.517188,54.707589],[-1.51725,54.707517],[-1.517517,54.70739],[-1.517504,54.70733],[-1.517397,54.707251],[-1.517137,54.707224],[-1.516886,54.707306],[-1.5167,54.70746],[-1.516683,54.707468],[-1.51646,54.707451],[-1.516095,54.707469],[-1.515493,54.707571],[-1.51517,54.707629],[-1.515021,54.707588],[-1.514955,54.707478],[-1.514944,54.707465],[-1.514705,54.707366],[-1.514623,54.707389],[-1.514575,54.70745],[-1.514691,54.707549],[-1.51471,54.707571],[-1.514686,54.707622],[-1.514401,54.707664],[-1.514246,54.707544],[-1.514105,54.707517],[-1.513876,54.707503],[-1.513376,54.707368],[-1.512627,54.707089],[-1.512287,54.707037],[-1.51221,54.706973],[-1.512237,54.706856],[-1.512166,54.706755],[-1.512035,54.706725],[-1.511829,54.706785],[-1.511512,54.706948],[-1.511184,54.707039],[-1.510776,54.707017],[-1.510306,54.706995],[-1.510085,54.70701],[-1.509953,54.707046],[-1.509815,54.707147],[-1.509809,54.707247],[-1.509952,54.707594],[-1.509832,54.707641],[-1.509459,54.707617],[-1.509289,54.707624],[-1.508956,54.70775],[-1.508516,54.707989],[-1.508183,54.708092],[-1.50786,54.708137],[-1.506519,54.708176],[-1.506349,54.708176],[-1.505682,54.708144],[-1.504631,54.70804],[-1.503196,54.707881],[-1.502302,54.707683],[-1.501537,54.70744],[-1.500412,54.707661],[-1.499993,54.70775],[-1.499536,54.707967],[-1.498629,54.70834],[-1.49844,54.708353],[-1.498392,54.708282],[-1.498545,54.708108],[-1.498696,54.707879],[-1.498687,54.70784],[-1.498631,54.707796],[-1.498467,54.707788],[-1.497947,54.707918],[-1.497837,54.707934],[-1.497663,54.707933],[-1.49737,54.707878],[-1.497036,54.707768],[-1.496374,54.707719],[-1.494735,54.707712],[-1.49418,54.707776],[-1.493086,54.707999],[-1.49242,54.708015],[-1.491905,54.707629],[-1.491814,54.707553],[-1.491092,54.707303],[-1.490276,54.706927],[-1.489574,54.706582],[-1.488453,54.705924],[-1.487481,54.705299],[-1.486453,54.704745],[-1.48527,54.70414],[-1.484461,54.703829],[-1.482877,54.703261],[-1.482131,54.702978],[-1.481613,54.702606],[-1.478368,54.700976],[-1.477306,54.700457],[-1.476861,54.700279],[-1.47477,54.699776],[-1.47212,54.699108],[-1.471408,54.698856],[-1.469826,54.698373],[-1.467571,54.697931],[-1.465248,54.697569],[-1.464135,54.697476],[-1.462897,54.697471],[-1.462599,54.697473],[-1.460752,54.697431],[-1.459493,54.6974],[-1.458389,54.697412],[-1.458017,54.697487],[-1.457085,54.697717],[-1.456259,54.697788],[-1.455343,54.697844],[-1.453947,54.697992],[-1.453506,54.69803],[-1.452686,54.698209],[-1.452068,54.698343],[-1.450937,54.698401],[-1.449887,54.698353],[-1.449464,54.698399],[-1.447974,54.698581],[-1.447263,54.699696],[-1.447492,54.700353],[-1.447488,54.700737],[-1.447622,54.701177],[-1.447959,54.70278],[-1.448162,54.704359],[-1.44854,54.705378],[-1.448914,54.70655],[-1.449074,54.707197],[-1.450125,54.707279],[-1.451389,54.707202],[-1.451909,54.707846],[-1.452465,54.708958],[-1.451737,54.709406],[-1.449783,54.709599],[-1.448925,54.709783],[-1.448425,54.709979],[-1.447444,54.710238],[-1.446265,54.710409],[-1.44502,54.710424],[-1.442882,54.710476],[-1.441551,54.710551],[-1.440589,54.710782],[-1.439621,54.711078],[-1.438134,54.711647],[-1.437825,54.711883],[-1.437652,54.712091],[-1.437548,54.712312],[-1.437516,54.712914],[-1.437685,54.713197],[-1.438118,54.713768],[-1.438114,54.713867],[-1.437777,54.714201],[-1.437481,54.714435],[-1.436648,54.714553],[-1.433935,54.714951],[-1.433332,54.715464],[-1.433386,54.715844],[-1.433581,54.716755],[-1.433575,54.717391],[-1.431769,54.718387],[-1.431535,54.718383],[-1.4312,54.71831],[-1.430425,54.717942],[-1.430342,54.71861],[-1.430319,54.718966],[-1.429493,54.719127],[-1.428181,54.719447],[-1.427245,54.719694],[-1.427248,54.720572],[-1.427224,54.721719],[-1.427251,54.723027],[-1.427291,54.7245],[-1.42731,54.725025],[-1.427333,54.726025],[-1.42731,54.726876],[-1.427355,54.727737],[-1.427691,54.728587],[-1.427831,54.729433],[-1.428184,54.730427],[-1.428666,54.731464],[-1.429163,54.732482],[-1.429474,54.732535],[-1.429816,54.732553],[-1.430402,54.732502],[-1.430666,54.732465],[-1.431294,54.732571],[-1.431662,54.732703],[-1.432528,54.732948],[-1.433668,54.73266],[-1.43411,54.732722],[-1.434746,54.732739],[-1.435627,54.732614],[-1.436387,54.732458],[-1.436672,54.732211],[-1.437339,54.732253],[-1.439288,54.732688],[-1.440084,54.732774],[-1.44279,54.732835],[-1.443355,54.732875],[-1.444138,54.733046],[-1.445128,54.733673],[-1.445593,54.734112],[-1.445569,54.734278],[-1.447029,54.734005],[-1.449326,54.73345],[-1.451128,54.732918],[-1.451363,54.732876],[-1.451936,54.732837],[-1.453718,54.73303],[-1.458331,54.73363],[-1.459063,54.733768],[-1.460922,54.734241],[-1.461122,54.734339],[-1.463093,54.736289],[-1.463847,54.737349],[-1.462825,54.737624],[-1.461629,54.737937],[-1.46049,54.738104],[-1.459674,54.738225],[-1.45891,54.738414],[-1.458015,54.738602],[-1.457559,54.738716],[-1.456699,54.739046],[-1.456953,54.739305],[-1.457352,54.740651],[-1.457417,54.74104],[-1.457635,54.741868],[-1.457861,54.742882],[-1.457511,54.744067],[-1.457194,54.744749],[-1.456847,54.74516],[-1.456307,54.745665],[-1.455887,54.74616],[-1.454967,54.74691],[-1.454792,54.747073],[-1.454694,54.747226],[-1.454592,54.747305],[-1.454462,54.74737],[-1.454243,54.747416],[-1.453381,54.747468],[-1.452866,54.74766],[-1.45201,54.747992],[-1.451535,54.748309],[-1.450526,54.748684],[-1.449745,54.748961],[-1.449325,54.74906],[-1.448583,54.749242],[-1.447664,54.749491],[-1.447067,54.749685],[-1.446483,54.750071],[-1.446153,54.750263],[-1.445953,54.750394],[-1.445693,54.750784],[-1.445479,54.751129],[-1.445357,54.751289],[-1.445219,54.751445],[-1.445013,54.751645],[-1.444581,54.751905],[-1.44437,54.751984],[-1.44398,54.75214],[-1.443754,54.752322],[-1.443369,54.752763],[-1.443158,54.75298],[-1.442866,54.753073],[-1.442736,54.753087],[-1.442363,54.753288],[-1.442137,54.753562],[-1.441976,54.753696],[-1.441515,54.753961],[-1.440444,54.754342],[-1.440201,54.754437],[-1.43967,54.754689],[-1.43894,54.754921],[-1.438193,54.755107],[-1.437203,54.755331],[-1.436691,54.75545],[-1.436479,54.755461],[-1.4364,54.755476],[-1.436247,54.755526],[-1.436179,54.755565],[-1.435977,54.755681],[-1.435726,54.75573],[-1.435542,54.755861],[-1.435565,54.755948],[-1.434219,54.756184],[-1.432995,54.756171],[-1.432587,54.756182],[-1.432251,54.7561],[-1.431459,54.755853],[-1.431246,54.755838],[-1.431068,54.755737],[-1.431026,54.755582],[-1.430871,54.755423],[-1.430434,54.755128],[-1.429923,54.754856],[-1.429651,54.754788],[-1.429514,54.754761],[-1.428616,54.754616],[-1.42822,54.754519],[-1.427407,54.754488],[-1.426945,54.754446],[-1.426279,54.754384],[-1.425049,54.754315],[-1.423775,54.754149],[-1.422925,54.75402],[-1.421119,54.753733],[-1.419333,54.753455],[-1.417827,54.752912],[-1.414722,54.751739],[-1.414409,54.751792],[-1.414225,54.751949],[-1.414167,54.752066],[-1.414148,54.752192],[-1.41423,54.752497],[-1.413989,54.752499],[-1.413432,54.752458],[-1.412762,54.752364],[-1.412266,54.752184],[-1.4107,54.752476],[-1.408262,54.752759],[-1.406943,54.752911],[-1.405645,54.752883],[-1.404319,54.75275],[-1.403593,54.75263],[-1.401453,54.752119],[-1.400257,54.75185],[-1.39876,54.751492],[-1.396086,54.750866],[-1.394008,54.750424],[-1.393168,54.750447],[-1.392956,54.750613],[-1.392753,54.750624],[-1.392322,54.750565],[-1.392036,54.750613],[-1.391888,54.750676],[-1.391696,54.750802],[-1.391435,54.750824],[-1.39035,54.750816],[-1.389966,54.7511],[-1.389929,54.751306],[-1.389844,54.751392],[-1.389654,54.751438],[-1.389266,54.751406],[-1.389051,54.751597],[-1.388596,54.751588],[-1.388455,54.751596],[-1.388237,54.751645],[-1.388018,54.751179],[-1.387671,54.750626],[-1.387661,54.749725],[-1.387625,54.748722],[-1.387586,54.748228],[-1.387531,54.747842],[-1.387452,54.747347],[-1.387504,54.746998],[-1.387619,54.746957],[-1.388052,54.74552],[-1.388065,54.744574],[-1.388078,54.744375],[-1.388002,54.744315],[-1.38769,54.744243],[-1.386167,54.743964],[-1.385256,54.743756],[-1.384693,54.743571],[-1.383987,54.743263],[-1.383583,54.743144],[-1.382611,54.742928],[-1.382195,54.742836],[-1.381912,54.742758],[-1.380657,54.742347],[-1.379416,54.742017],[-1.378706,54.741809],[-1.378056,54.741664],[-1.377278,54.741596],[-1.376243,54.741469],[-1.375217,54.741432],[-1.374511,54.741424],[-1.374042,54.741461],[-1.372552,54.741712],[-1.370493,54.742136],[-1.369813,54.742392],[-1.369648,54.742432],[-1.369323,54.742406],[-1.369162,54.742415],[-1.368965,54.742453],[-1.368686,54.74254],[-1.36758,54.742916],[-1.367208,54.743029],[-1.366719,54.743083],[-1.366554,54.743056],[-1.366415,54.742945],[-1.366166,54.742832],[-1.365908,54.742765],[-1.365768,54.742758],[-1.365363,54.742752],[-1.365254,54.742743],[-1.364671,54.742671],[-1.364267,54.742566],[-1.363864,54.742538],[-1.363559,54.742479],[-1.363241,54.742474],[-1.362047,54.742568],[-1.36119,54.742485],[-1.360864,54.742463],[-1.360533,54.742506],[-1.360307,54.742586],[-1.360098,54.742633],[-1.359888,54.742655],[-1.359337,54.742633],[-1.359225,54.742654],[-1.359161,54.742732],[-1.3593,54.742899],[-1.359534,54.742982],[-1.359768,54.743076],[-1.359807,54.743189],[-1.359602,54.743363],[-1.359518,54.74341],[-1.359112,54.743448],[-1.35891,54.743439],[-1.358739,54.743368],[-1.358454,54.743244],[-1.358091,54.743131],[-1.358015,54.743079],[-1.357629,54.74282],[-1.35748,54.742791],[-1.357321,54.742795],[-1.357148,54.742819],[-1.356922,54.742874],[-1.356493,54.742534],[-1.356265,54.742423],[-1.356157,54.742648],[-1.355969,54.742838],[-1.355476,54.742478],[-1.35532,54.742264],[-1.354957,54.742022],[-1.354661,54.741959],[-1.354001,54.741935],[-1.35372,54.741925],[-1.353297,54.741872],[-1.353068,54.741759],[-1.352965,54.74146],[-1.352664,54.741403],[-1.352871,54.741986],[-1.352708,54.742151],[-1.352477,54.74224],[-1.351712,54.742377],[-1.351458,54.742329],[-1.351273,54.742237],[-1.351157,54.742204],[-1.350114,54.741952],[-1.349802,54.741861],[-1.349499,54.741868],[-1.348603,54.741974],[-1.348498,54.741978],[-1.348346,54.741953],[-1.347745,54.741672],[-1.347585,54.741625],[-1.346701,54.741536],[-1.34592,54.741496],[-1.345748,54.741522],[-1.345548,54.741628],[-1.3455,54.741902],[-1.3454,54.742057],[-1.345321,54.7421],[-1.34456,54.742136],[-1.34425,54.742149],[-1.344084,54.742191],[-1.344026,54.742276],[-1.343537,54.742417],[-1.343151,54.742494],[-1.342869,54.742589],[-1.342539,54.74263],[-1.342394,54.742601],[-1.34228,54.742466],[-1.342247,54.742353],[-1.342182,54.742298],[-1.341902,54.742153],[-1.341794,54.742104],[-1.341581,54.742077],[-1.341508,54.742108],[-1.341543,54.742243],[-1.341672,54.742469],[-1.341613,54.742599],[-1.341257,54.742797],[-1.340835,54.743089],[-1.340726,54.743191],[-1.340286,54.743778],[-1.340236,54.743882],[-1.340073,54.743932],[-1.339718,54.743849],[-1.339349,54.74383],[-1.339217,54.743684],[-1.339207,54.743633],[-1.339182,54.743601],[-1.339113,54.743576],[-1.338908,54.743602],[-1.337985,54.743682],[-1.337093,54.743784],[-1.336821,54.743814],[-1.336666,54.743891],[-1.336506,54.744035],[-1.336292,54.744225],[-1.336186,54.744261],[-1.335808,54.744225],[-1.335737,54.744235],[-1.335501,54.744561],[-1.335393,54.744659],[-1.335282,54.744666],[-1.335057,54.744629],[-1.334796,54.744653],[-1.334728,54.744735],[-1.334621,54.744916],[-1.334489,54.744986],[-1.33403,54.745095],[-1.333663,54.745185],[-1.333565,54.745253],[-1.333494,54.745373],[-1.333471,54.745543],[-1.333054,54.745816],[-1.332943,54.745946],[-1.332836,54.746066],[-1.33266,54.746234],[-1.332617,54.746357],[-1.332654,54.746828],[-1.332593,54.746895],[-1.332506,54.746909],[-1.332111,54.746795],[-1.331386,54.746777],[-1.330844,54.746793],[-1.33008,54.746863],[-1.329973,54.746884],[-1.329512,54.747175],[-1.329136,54.747297],[-1.328748,54.747421],[-1.328298,54.747586],[-1.327891,54.747653],[-1.327258,54.747714],[-1.326867,54.747839],[-1.326436,54.748035],[-1.326075,54.74813],[-1.325762,54.748149],[-1.325578,54.748137],[-1.325547,54.748575],[-1.325297,54.748743],[-1.324919,54.74887],[-1.324608,54.749071],[-1.323968,54.749539],[-1.323812,54.749645],[-1.323594,54.749722],[-1.323053,54.749883],[-1.322759,54.750027],[-1.322455,54.750156],[-1.321998,54.750533],[-1.321812,54.750725],[-1.321709,54.750798],[-1.321249,54.75094],[-1.320883,54.751132],[-1.320764,54.751233],[-1.320651,54.751481],[-1.320567,54.751569],[-1.320361,54.751696],[-1.320086,54.751805],[-1.319863,54.751852],[-1.319596,54.751851],[-1.31922,54.751888],[-1.319129,54.751939],[-1.319064,54.75205],[-1.318627,54.752162],[-1.318267,54.752213],[-1.318135,54.752192],[-1.317651,54.752047],[-1.317448,54.752048],[-1.31693,54.752363],[-1.316742,54.752537],[-1.31664,54.752808],[-1.316531,54.753038],[-1.314795,54.753532],[-1.314301,54.753645],[-1.313526,54.753901],[-1.312942,54.754044],[-1.312514,54.754157],[-1.312226,54.754131],[-1.312187,54.754045],[-1.312183,54.753704],[-1.312307,54.753649],[-1.312249,54.753551],[-1.312247,54.753518],[-1.312399,54.753366],[-1.312902,54.752899],[-1.313057,54.752769],[-1.313265,54.752419],[-1.312785,54.752044],[-1.311845,54.751527],[-1.311617,54.751066],[-1.311343,54.750564],[-1.311324,54.750031],[-1.311224,54.749687],[-1.311038,54.748746],[-1.310213,54.746754],[-1.309769,54.746107],[-1.309317,54.744435],[-1.309022,54.74286],[-1.308762,54.741808],[-1.308579,54.741625],[-1.308552,54.741574],[-1.308572,54.741537],[-1.308668,54.741492],[-1.309002,54.741449],[-1.309479,54.741426],[-1.309931,54.741345],[-1.310515,54.741104],[-1.311199,54.740603],[-1.312233,54.740319],[-1.312588,54.740269],[-1.313207,54.740233],[-1.313786,54.740235],[-1.314839,54.740248],[-1.315265,54.740247],[-1.316208,54.74011],[-1.317272,54.739996],[-1.318251,54.739956],[-1.31875,54.73994],[-1.319523,54.739862],[-1.320195,54.739746],[-1.320594,54.739714],[-1.321098,54.739587],[-1.322792,54.739196],[-1.323884,54.738922],[-1.324243,54.738456],[-1.323927,54.737721],[-1.323408,54.736788],[-1.323266,54.736732],[-1.322749,54.736664],[-1.322312,54.736664],[-1.322033,54.736611],[-1.321952,54.736504],[-1.321951,54.736158],[-1.321928,54.735882],[-1.321876,54.735521],[-1.32188,54.735339],[-1.322049,54.735072],[-1.322198,54.734791],[-1.322147,54.734716],[-1.322034,54.734659],[-1.321605,54.734668],[-1.321413,54.73464],[-1.321277,54.734579],[-1.321203,54.734457],[-1.321206,54.734361],[-1.321438,54.734218],[-1.321624,54.734034],[-1.322021,54.733165],[-1.321875,54.732984],[-1.321632,54.732854],[-1.321233,54.732703],[-1.320665,54.732602],[-1.320318,54.732582],[-1.319362,54.732588],[-1.318928,54.732577],[-1.3188,54.732526],[-1.318545,54.73237],[-1.318422,54.732345],[-1.318104,54.732409],[-1.318022,54.732475],[-1.317882,54.732857],[-1.31791,54.732998],[-1.317685,54.733153],[-1.317471,54.733404],[-1.3174,54.733451],[-1.316923,54.733575],[-1.316821,54.733548],[-1.316539,54.733229],[-1.316525,54.73305],[-1.316153,54.732983],[-1.315762,54.733136],[-1.314476,54.732916],[-1.313353,54.732775],[-1.312859,54.732784],[-1.312322,54.7327],[-1.311817,54.732696],[-1.311616,54.732569],[-1.311346,54.732313],[-1.310892,54.73202],[-1.310392,54.732031],[-1.30987,54.732122],[-1.309558,54.731981],[-1.309396,54.731609],[-1.30901,54.731444],[-1.308682,54.731407],[-1.308377,54.731489],[-1.307903,54.73159],[-1.306841,54.731378],[-1.306846,54.731275],[-1.306905,54.730891],[-1.306774,54.730679],[-1.306533,54.730606],[-1.306504,54.730712],[-1.306446,54.73078],[-1.306066,54.730872],[-1.305528,54.730835],[-1.305367,54.730774],[-1.305229,54.730531],[-1.305197,54.730004],[-1.304925,54.729204],[-1.303761,54.728938],[-1.30337,54.728934],[-1.302708,54.728713],[-1.302126,54.728305],[-1.301532,54.728168],[-1.301032,54.728102],[-1.300127,54.727888],[-1.299931,54.727743],[-1.2991,54.727265],[-1.29891,54.727091],[-1.298712,54.726961],[-1.297929,54.726741],[-1.29729,54.726753],[-1.295877,54.726869],[-1.295391,54.727026],[-1.294967,54.726981],[-1.294427,54.726586],[-1.294063,54.726223],[-1.293598,54.726054],[-1.292566,54.726098],[-1.291163,54.726485],[-1.290411,54.726268],[-1.289865,54.726095],[-1.289267,54.726617],[-1.288909,54.726668],[-1.288021,54.726776],[-1.287739,54.726675],[-1.286982,54.726339],[-1.286363,54.726278],[-1.285599,54.726304],[-1.285104,54.726259],[-1.284701,54.72612],[-1.284341,54.72598],[-1.284036,54.725803],[-1.283738,54.725686],[-1.283289,54.725618],[-1.282417,54.725175],[-1.282222,54.725148],[-1.281601,54.725252],[-1.280853,54.725534],[-1.28005,54.72606],[-1.279741,54.726137],[-1.2794,54.726117],[-1.279191,54.726066],[-1.278323,54.725731],[-1.278077,54.725729],[-1.276998,54.72597],[-1.275786,54.726075],[-1.275102,54.726058],[-1.273704,54.725703],[-1.273027,54.72565],[-1.27219,54.725485],[-1.271753,54.725227],[-1.271976,54.725198],[-1.272748,54.725098],[-1.272862,54.725086],[-1.27307,54.725118],[-1.273281,54.725088],[-1.274006,54.725344],[-1.27435,54.725086],[-1.274617,54.724609],[-1.274903,54.724298],[-1.275198,54.724118],[-1.276493,54.723655],[-1.276803,54.723589],[-1.278046,54.723327],[-1.279555,54.722904],[-1.279639,54.72288],[-1.280148,54.722976],[-1.280458,54.722844],[-1.280787,54.722837],[-1.280829,54.722705],[-1.280849,54.722484],[-1.281087,54.722125],[-1.281056,54.722043],[-1.281135,54.721958],[-1.281239,54.721907],[-1.282075,54.72154],[-1.282288,54.72138],[-1.282516,54.721216],[-1.283226,54.720796],[-1.283823,54.720372],[-1.284414,54.720057],[-1.285172,54.719773],[-1.285497,54.719682],[-1.285775,54.719587],[-1.286436,54.719372],[-1.286727,54.71929],[-1.287475,54.718865],[-1.287758,54.718584],[-1.288325,54.718504],[-1.288679,54.718271],[-1.28929,54.718348],[-1.289795,54.718403],[-1.2902,54.718405],[-1.290898,54.718669],[-1.291419,54.718768],[-1.292137,54.719018],[-1.292895,54.71923],[-1.293533,54.719235],[-1.293983,54.719216],[-1.294453,54.719238],[-1.294926,54.71914],[-1.295428,54.719011],[-1.295601,54.719006],[-1.296707,54.719097],[-1.297216,54.719073],[-1.297414,54.719053],[-1.29842,54.718758],[-1.298675,54.718604],[-1.298872,54.718489],[-1.299918,54.71823],[-1.300553,54.718167],[-1.30071,54.718046],[-1.30142,54.718059],[-1.3015,54.717907],[-1.301486,54.717807],[-1.301577,54.717768],[-1.301717,54.717799],[-1.301855,54.718163],[-1.302052,54.71838],[-1.302571,54.718118],[-1.303211,54.7169],[-1.303057,54.716723],[-1.303051,54.716203],[-1.303146,54.716014],[-1.303786,54.71498],[-1.302847,54.714055],[-1.302788,54.713753],[-1.302511,54.713357],[-1.302329,54.713336],[-1.302127,54.713134],[-1.301976,54.712806],[-1.302069,54.712729],[-1.302313,54.71273],[-1.302562,54.712706],[-1.302595,54.712684],[-1.302518,54.712518],[-1.302013,54.712156],[-1.30145,54.711899],[-1.300954,54.711449],[-1.300741,54.710888],[-1.300541,54.710533],[-1.300212,54.710247],[-1.29994,54.710077],[-1.299875,54.709759],[-1.299882,54.709672],[-1.300193,54.709286],[-1.300387,54.708955],[-1.300378,54.708749],[-1.300325,54.708654],[-1.299684,54.708084],[-1.29984,54.707922],[-1.300896,54.707753],[-1.302191,54.707536],[-1.301737,54.706636],[-1.301655,54.706018],[-1.301597,54.705538],[-1.302596,54.705514],[-1.302425,54.70487],[-1.302436,54.704274],[-1.302453,54.704236],[-1.302613,54.704177],[-1.304471,54.703943],[-1.304762,54.703851],[-1.304846,54.703507],[-1.305569,54.70303],[-1.306163,54.702654],[-1.306309,54.70259],[-1.306539,54.702541],[-1.307261,54.702479],[-1.307431,54.702451],[-1.307697,54.702359],[-1.30772,54.701513],[-1.30831,54.701366],[-1.311299,54.701144],[-1.312242,54.700614],[-1.311396,54.698965],[-1.311216,54.698593],[-1.311412,54.698491],[-1.311942,54.698214],[-1.312627,54.697826],[-1.31217,54.697364],[-1.311125,54.696054],[-1.311011,54.695913],[-1.311078,54.695783],[-1.311248,54.695698],[-1.31144,54.695671],[-1.312753,54.695046],[-1.31315,54.694831],[-1.313759,54.69445],[-1.314306,54.694283],[-1.314804,54.694221],[-1.315823,54.69395],[-1.316785,54.693547],[-1.31777,54.693173],[-1.317776,54.693065],[-1.317951,54.69293],[-1.318028,54.692664],[-1.31813,54.692537],[-1.317947,54.691679],[-1.317694,54.691283],[-1.317752,54.6912],[-1.317851,54.691165],[-1.318242,54.691136],[-1.318882,54.691044],[-1.319692,54.691014],[-1.320225,54.691117],[-1.321122,54.69112],[-1.32186,54.691182],[-1.322218,54.691212],[-1.322435,54.691197],[-1.322924,54.691113],[-1.324051,54.691041],[-1.32464,54.691046],[-1.325672,54.691203],[-1.326324,54.690862],[-1.327395,54.689951],[-1.327763,54.689551],[-1.327852,54.68949],[-1.328008,54.689439],[-1.328353,54.689434],[-1.328521,54.68947],[-1.330346,54.689994],[-1.330819,54.690671],[-1.331826,54.691861],[-1.333423,54.691663],[-1.334464,54.691583],[-1.33839,54.691344],[-1.340465,54.691183],[-1.342912,54.690992],[-1.343044,54.69069],[-1.339616,54.689968],[-1.339241,54.689901],[-1.337797,54.689518],[-1.336729,54.689357],[-1.335788,54.689355],[-1.334756,54.689239],[-1.333503,54.689103],[-1.333053,54.689006],[-1.332873,54.688943],[-1.332727,54.688842],[-1.332189,54.688338],[-1.332248,54.688207],[-1.331054,54.687174],[-1.330544,54.686774],[-1.330477,54.686615],[-1.330265,54.686002],[-1.330048,54.68516],[-1.330051,54.684849],[-1.330279,54.684331],[-1.330377,54.683959],[-1.330494,54.683776],[-1.330439,54.683722],[-1.329889,54.683635],[-1.329753,54.683579],[-1.329711,54.683507],[-1.329584,54.682983],[-1.329327,54.681815],[-1.329412,54.681101],[-1.329952,54.681171],[-1.330164,54.681131],[-1.330232,54.681069],[-1.3301,54.68086],[-1.33003,54.680408],[-1.330159,54.679775],[-1.33024,54.679073],[-1.330357,54.678449],[-1.330357,54.677802],[-1.330323,54.677304],[-1.330445,54.677254],[-1.330765,54.677204],[-1.33107,54.677196],[-1.331621,54.676881],[-1.33143,54.6764],[-1.33095,54.6758],[-1.330772,54.67524],[-1.330822,54.67476],[-1.330762,54.674294],[-1.330781,54.674129],[-1.331039,54.673661],[-1.331128,54.673388],[-1.331062,54.673297],[-1.330978,54.673194],[-1.331423,54.672521],[-1.332455,54.671595],[-1.33271,54.671093],[-1.333749,54.671151],[-1.33461,54.670735],[-1.335216,54.670298],[-1.33556,54.670125],[-1.335916,54.669859],[-1.3364,54.669474],[-1.336602,54.669396],[-1.337676,54.669215],[-1.338154,54.66915],[-1.338501,54.669167],[-1.338712,54.669079],[-1.338927,54.668932],[-1.339073,54.668736],[-1.340186,54.668595],[-1.341682,54.668517],[-1.341561,54.667574],[-1.341449,54.66739],[-1.340967,54.667109],[-1.340914,54.666916],[-1.34106,54.666589],[-1.341059,54.666494],[-1.340662,54.666115],[-1.340642,54.666019],[-1.340844,54.665794],[-1.34113,54.66566],[-1.341782,54.665413],[-1.341856,54.665124],[-1.341868,54.665049],[-1.342122,54.665044],[-1.342405,54.665063],[-1.342514,54.665041],[-1.342749,54.664924],[-1.342981,54.664719],[-1.343534,54.664546],[-1.344097,54.664441],[-1.344393,54.664359],[-1.344793,54.664083],[-1.345018,54.663785],[-1.345021,54.663684],[-1.344963,54.663429],[-1.344963,54.663198],[-1.345031,54.66287],[-1.345327,54.662677],[-1.345857,54.662513],[-1.346143,54.662463],[-1.34624,54.662272],[-1.346215,54.662184],[-1.346095,54.662088],[-1.345464,54.661728],[-1.344812,54.661373],[-1.344895,54.660969],[-1.345471,54.660767],[-1.344999,54.660569],[-1.344467,54.660044],[-1.344794,54.659797],[-1.344645,54.659612],[-1.344574,54.659531],[-1.344631,54.65926],[-1.344737,54.659138],[-1.345225,54.659017],[-1.345299,54.65898],[-1.34531,54.658913],[-1.345363,54.658823],[-1.345921,54.658573],[-1.345929,54.658503],[-1.34578,54.658362],[-1.345472,54.658296],[-1.345217,54.658322],[-1.345063,54.658372],[-1.344835,54.658357],[-1.343877,54.658175],[-1.34366,54.658214],[-1.343467,54.658325],[-1.343358,54.65834],[-1.343088,54.658256],[-1.342927,54.658157],[-1.342363,54.657937],[-1.342246,54.657878],[-1.341701,54.657521],[-1.341557,54.65743],[-1.341517,54.657343],[-1.341681,54.656954],[-1.341879,54.656599],[-1.341874,54.656294],[-1.341775,54.655807],[-1.341854,54.655604],[-1.341809,54.655493],[-1.341595,54.655355],[-1.341541,54.655146],[-1.341493,54.654872],[-1.34137,54.654799],[-1.341063,54.654669],[-1.340926,54.654494],[-1.340406,54.65385],[-1.339986,54.653493],[-1.339823,54.653317],[-1.339697,54.653128],[-1.3397,54.653046],[-1.339762,54.65296],[-1.340019,54.652863],[-1.340139,54.652732],[-1.340217,54.652496],[-1.340285,54.652065],[-1.340264,54.651999],[-1.340016,54.651772],[-1.339903,54.6515],[-1.339594,54.650885],[-1.339596,54.650129],[-1.339775,54.650019],[-1.340801,54.650059],[-1.341275,54.650092],[-1.341804,54.650163],[-1.342185,54.650314],[-1.342439,54.650524],[-1.345429,54.650574],[-1.34697,54.650722],[-1.347266,54.650714],[-1.348001,54.650593],[-1.348285,54.650589],[-1.348165,54.648585],[-1.348134,54.648458],[-1.348364,54.648427],[-1.348754,54.648444],[-1.349571,54.648668],[-1.350235,54.648825],[-1.350611,54.648846],[-1.351115,54.648835],[-1.35169,54.648771],[-1.353624,54.648466],[-1.354048,54.648209],[-1.354227,54.648164],[-1.354338,54.648198],[-1.354616,54.648504],[-1.354885,54.648519],[-1.355778,54.648365],[-1.356288,54.648396],[-1.35658,54.648504],[-1.356857,54.64865],[-1.357115,54.648842],[-1.358711,54.649145],[-1.359215,54.64909],[-1.360204,54.649091],[-1.361059,54.64903],[-1.361474,54.64894],[-1.362505,54.648554],[-1.362985,54.648363],[-1.363177,54.648298],[-1.363685,54.648283],[-1.363932,54.648342],[-1.364302,54.648562],[-1.364556,54.648704],[-1.364742,54.648718],[-1.365241,54.64858],[-1.365932,54.648212],[-1.366562,54.648027],[-1.367023,54.647848],[-1.367455,54.647653],[-1.367924,54.647576],[-1.369228,54.647388],[-1.370153,54.647238],[-1.37142,54.646911],[-1.373014,54.646417],[-1.373818,54.646457],[-1.374007,54.646444],[-1.37502,54.646309],[-1.376755,54.646085],[-1.377298,54.646045],[-1.377965,54.646048],[-1.380072,54.646084],[-1.382158,54.646101],[-1.38213,54.645903],[-1.381956,54.645508],[-1.381373,54.644947],[-1.381143,54.644334],[-1.380946,54.644185],[-1.38069,54.644132],[-1.379806,54.644183],[-1.379544,54.64406],[-1.379292,54.643782],[-1.380286,54.643592],[-1.380769,54.643538],[-1.381285,54.643398],[-1.382193,54.643033],[-1.382496,54.64296],[-1.382632,54.642964],[-1.382989,54.642966],[-1.383516,54.642678],[-1.384652,54.642106],[-1.385219,54.64193],[-1.385475,54.641813],[-1.386025,54.641337],[-1.386113,54.641016],[-1.38593,54.640398],[-1.385951,54.640158],[-1.386097,54.639988],[-1.386501,54.639775],[-1.386923,54.639649],[-1.387503,54.639588],[-1.388174,54.639485],[-1.388488,54.639354],[-1.388639,54.639257],[-1.388825,54.639074],[-1.38887,54.638921],[-1.38879,54.638645],[-1.388699,54.638406],[-1.388899,54.638183],[-1.388924,54.637881],[-1.388699,54.637716],[-1.388496,54.637621],[-1.388744,54.637216],[-1.388708,54.636855],[-1.388725,54.636737],[-1.388932,54.636676],[-1.389064,54.636665],[-1.389139,54.636612],[-1.389007,54.636292],[-1.3889,54.636034],[-1.38836,54.635747],[-1.388245,54.635625],[-1.388287,54.635323],[-1.388236,54.635244],[-1.387893,54.635138],[-1.387561,54.634973],[-1.387233,54.634571],[-1.387109,54.634166],[-1.386976,54.633473],[-1.386594,54.633124],[-1.386095,54.63289],[-1.385592,54.632604],[-1.386099,54.632342],[-1.386355,54.632257],[-1.386811,54.632089],[-1.386972,54.631997],[-1.387023,54.631924],[-1.386712,54.631446],[-1.387904,54.63121],[-1.388309,54.631258],[-1.388592,54.63129],[-1.389551,54.631434],[-1.389691,54.631515],[-1.390054,54.631624],[-1.390801,54.631848],[-1.391515,54.631901],[-1.391602,54.63149],[-1.3917,54.631419],[-1.391786,54.631383],[-1.392745,54.631265],[-1.393105,54.631256],[-1.393906,54.630961],[-1.393318,54.62995],[-1.39329,54.628601],[-1.395091,54.628008],[-1.397525,54.626842],[-1.398205,54.627225],[-1.399133,54.627247],[-1.399586,54.626711],[-1.399995,54.626223],[-1.399507,54.625853],[-1.398622,54.625018],[-1.397555,54.623993],[-1.399343,54.623112],[-1.399773,54.622915],[-1.403055,54.623822],[-1.403177,54.623909],[-1.404228,54.623295],[-1.404794,54.622845],[-1.405461,54.622275],[-1.406586,54.621927],[-1.40578,54.621498],[-1.405161,54.621361],[-1.404975,54.621254],[-1.404905,54.621051],[-1.404862,54.62078],[-1.404849,54.620685],[-1.404887,54.620634],[-1.4052,54.620536],[-1.40642,54.619994],[-1.407157,54.619246],[-1.407985,54.618559],[-1.410008,54.617082],[-1.411672,54.616293],[-1.413601,54.61558],[-1.415331,54.614903],[-1.415539,54.614809],[-1.416011,54.61437],[-1.416367,54.614182],[-1.417232,54.613903],[-1.419352,54.613353],[-1.419923,54.613126],[-1.420919,54.612817],[-1.422211,54.612293],[-1.423121,54.611904],[-1.424642,54.611573],[-1.424982,54.612127],[-1.426556,54.612893],[-1.426819,54.613084],[-1.426847,54.613284],[-1.426779,54.613403],[-1.426513,54.613615],[-1.426488,54.613926],[-1.427068,54.614845],[-1.427467,54.615093],[-1.42759,54.615136],[-1.428066,54.615075],[-1.428483,54.615126],[-1.428666,54.614973],[-1.428772,54.61494],[-1.429019,54.614915],[-1.429079,54.614788],[-1.429177,54.614721],[-1.429282,54.614717],[-1.429503,54.614783],[-1.429951,54.614543],[-1.430174,54.614309],[-1.430225,54.614121],[-1.430564,54.61409],[-1.430638,54.613802],[-1.430879,54.613638],[-1.431108,54.6136],[-1.431432,54.6138],[-1.431649,54.613818],[-1.43226,54.613831],[-1.43275,54.61389],[-1.433182,54.613892],[-1.433434,54.613794],[-1.43349,54.613804],[-1.433755,54.614097],[-1.43415,54.614238],[-1.43436,54.614101],[-1.434574,54.614074],[-1.434996,54.614056],[-1.435203,54.613807],[-1.435244,54.61337],[-1.435698,54.612868],[-1.435959,54.612848],[-1.436339,54.612739],[-1.436684,54.612629],[-1.436803,54.612462],[-1.437547,54.612431],[-1.437678,54.612123],[-1.437801,54.611967],[-1.437895,54.611882],[-1.437754,54.611551],[-1.437714,54.611441],[-1.437767,54.611357],[-1.437921,54.611285],[-1.43823,54.611023],[-1.438771,54.610942],[-1.43891,54.610946],[-1.439068,54.610892],[-1.439344,54.61086],[-1.439561,54.610883],[-1.439909,54.61076],[-1.440433,54.610607],[-1.440759,54.610179],[-1.441095,54.610031],[-1.441384,54.609978],[-1.441579,54.610054],[-1.441831,54.610198],[-1.442336,54.609955],[-1.442775,54.609868],[-1.44295,54.609902],[-1.442988,54.609984],[-1.442777,54.610125],[-1.442747,54.610224],[-1.442894,54.61034],[-1.444386,54.610518],[-1.445136,54.610619],[-1.44545,54.61061],[-1.445541,54.610635],[-1.445805,54.610822],[-1.446947,54.61081],[-1.447161,54.610525],[-1.447614,54.610343],[-1.44797,54.61031],[-1.448695,54.610349],[-1.448857,54.610413],[-1.449023,54.610451],[-1.449318,54.610376],[-1.449197,54.609952],[-1.449856,54.609095],[-1.450528,54.608712],[-1.450601,54.608278],[-1.450523,54.607878],[-1.450357,54.607655],[-1.450786,54.607487],[-1.45095,54.607296],[-1.450864,54.607098],[-1.451004,54.60697],[-1.450969,54.606794],[-1.450654,54.606809],[-1.450613,54.60664],[-1.450598,54.606433],[-1.450497,54.606358],[-1.45029,54.60632],[-1.450008,54.606123],[-1.449699,54.606047],[-1.449627,54.605778],[-1.449397,54.605592],[-1.449392,54.605389],[-1.44913,54.605271],[-1.449082,54.604843],[-1.449218,54.604672],[-1.449155,54.60452],[-1.448725,54.604391],[-1.448653,54.604282],[-1.448613,54.604082],[-1.4481,54.603871],[-1.447891,54.603828],[-1.44758,54.603604],[-1.447224,54.603485],[-1.447242,54.603304],[-1.447184,54.603187],[-1.44695,54.603047],[-1.446773,54.603018],[-1.446485,54.603011],[-1.446005,54.603008],[-1.445472,54.602823],[-1.445133,54.602559],[-1.445105,54.602485],[-1.444926,54.602117],[-1.443943,54.601918],[-1.443837,54.601775],[-1.443849,54.601608],[-1.44368,54.601454],[-1.443243,54.601112],[-1.442552,54.600392],[-1.442539,54.600277],[-1.442621,54.600135],[-1.443297,54.599876],[-1.443487,54.599785],[-1.4436,54.599607],[-1.443203,54.59934],[-1.443054,54.59923],[-1.442771,54.599075],[-1.442337,54.598788],[-1.441951,54.5984],[-1.441782,54.598389],[-1.44159,54.59837],[-1.441254,54.598036],[-1.440952,54.597679],[-1.440662,54.597593],[-1.440653,54.597507],[-1.440597,54.597331],[-1.440271,54.597238],[-1.440135,54.597249],[-1.439979,54.597316],[-1.439874,54.597343],[-1.439769,54.597339],[-1.439653,54.597305],[-1.439174,54.597147],[-1.438803,54.5969],[-1.43871,54.596714],[-1.438698,54.596564],[-1.438233,54.596528],[-1.438203,54.596387],[-1.438291,54.596231],[-1.438242,54.59614],[-1.437857,54.595832],[-1.437919,54.595611],[-1.437507,54.595418],[-1.437371,54.595279],[-1.437092,54.595336],[-1.436955,54.595311],[-1.436805,54.59501],[-1.436531,54.594802],[-1.436404,54.594792],[-1.436338,54.59487],[-1.436269,54.595031],[-1.436006,54.595048],[-1.435871,54.594996],[-1.435737,54.595006],[-1.435654,54.595057],[-1.435093,54.595335],[-1.434304,54.595525],[-1.43413,54.595522],[-1.434024,54.595481],[-1.433959,54.595425],[-1.433529,54.595216],[-1.432772,54.595087],[-1.43236,54.595197],[-1.43221,54.595194],[-1.432156,54.595169],[-1.432101,54.5951],[-1.432071,54.595006],[-1.431857,54.594986],[-1.43112,54.595109],[-1.430937,54.595122],[-1.430697,54.595221],[-1.430506,54.5953],[-1.43048,54.5953],[-1.429921,54.595142],[-1.429806,54.595219],[-1.429615,54.59555],[-1.429332,54.595675],[-1.429054,54.59587],[-1.428617,54.596201],[-1.428082,54.596414],[-1.428035,54.596472],[-1.428034,54.596526],[-1.428106,54.596696],[-1.428079,54.596796],[-1.427902,54.596986],[-1.427744,54.597126],[-1.427648,54.597321],[-1.42759,54.597576],[-1.427598,54.597656],[-1.427921,54.597766],[-1.428128,54.59783],[-1.428218,54.598179],[-1.428046,54.59865],[-1.427933,54.598963],[-1.427832,54.599233],[-1.428156,54.599724],[-1.428289,54.599796],[-1.428295,54.599844],[-1.428001,54.600374],[-1.427432,54.600709],[-1.427346,54.600892],[-1.426368,54.601326],[-1.426398,54.601478],[-1.426456,54.601596],[-1.426375,54.601677],[-1.426125,54.601699],[-1.425955,54.601645],[-1.425888,54.60163],[-1.425753,54.601667],[-1.425673,54.601821],[-1.425405,54.602021],[-1.425137,54.602075],[-1.425005,54.602233],[-1.42485,54.602238],[-1.424571,54.602208],[-1.424368,54.602282],[-1.424359,54.602375],[-1.424474,54.602573],[-1.424355,54.602617],[-1.424228,54.602621],[-1.423477,54.602413],[-1.423077,54.60264],[-1.422406,54.602793],[-1.421974,54.602958],[-1.421886,54.602982],[-1.421801,54.602991],[-1.42162,54.60297],[-1.421478,54.602911],[-1.421265,54.60275],[-1.420861,54.602506],[-1.42037,54.602122],[-1.420208,54.601923],[-1.420499,54.601663],[-1.420566,54.601573],[-1.420586,54.601337],[-1.420509,54.600694],[-1.420351,54.600344],[-1.419693,54.600333],[-1.419389,54.600199],[-1.418997,54.599881],[-1.418906,54.599834],[-1.418566,54.599759],[-1.418243,54.599667],[-1.417763,54.599457],[-1.416729,54.599671],[-1.415991,54.599403],[-1.415539,54.599309],[-1.41545,54.599271],[-1.415346,54.599158],[-1.415355,54.599071],[-1.415441,54.598934],[-1.415446,54.598857],[-1.41539,54.598774],[-1.41524,54.598672],[-1.414731,54.598367],[-1.414722,54.597963],[-1.414451,54.597761],[-1.413998,54.597614],[-1.413723,54.597574],[-1.413545,54.597514],[-1.413256,54.597325],[-1.413082,54.596638],[-1.413098,54.596601],[-1.412743,54.596123],[-1.41225,54.595865],[-1.412025,54.595822],[-1.411759,54.595683],[-1.411661,54.595604],[-1.411499,54.595456],[-1.411237,54.595363],[-1.410984,54.595311],[-1.410365,54.595177],[-1.409653,54.594751],[-1.408999,54.594061],[-1.408608,54.594189],[-1.407955,54.59422],[-1.406523,54.594197],[-1.406337,54.593823],[-1.406164,54.593692],[-1.405758,54.593623],[-1.405793,54.593107],[-1.406054,54.59282],[-1.405974,54.592697],[-1.406022,54.592358],[-1.405996,54.592255],[-1.4061,54.592103],[-1.406213,54.591811],[-1.406413,54.591442],[-1.406859,54.590544],[-1.407115,54.590123],[-1.40794,54.589438],[-1.409164,54.588832],[-1.409621,54.588594],[-1.410507,54.588305],[-1.410831,54.58821],[-1.411491,54.588032],[-1.411587,54.586612],[-1.41156,54.586235],[-1.411906,54.585192],[-1.412156,54.584651],[-1.41241,54.584318],[-1.41271,54.583862],[-1.412914,54.583208],[-1.41291,54.582862],[-1.413014,54.582441],[-1.413197,54.581884],[-1.413271,54.581223],[-1.413497,54.580387],[-1.41373,54.579946],[-1.413896,54.579546],[-1.414049,54.579125],[-1.414556,54.577848],[-1.41451,54.577536],[-1.414379,54.576658],[-1.414928,54.575982],[-1.415186,54.575529],[-1.415133,54.575139],[-1.415282,54.574495],[-1.415131,54.573679],[-1.414827,54.573198],[-1.414761,54.573045],[-1.413789,54.572114],[-1.413371,54.571822],[-1.412997,54.571462],[-1.412471,54.571031],[-1.414638,54.570309],[-1.41407,54.569844],[-1.413082,54.568906],[-1.41296,54.568583],[-1.412873,54.568431],[-1.41301,54.56789],[-1.41304,54.567768],[-1.412766,54.567496],[-1.412017,54.566734],[-1.411256,54.56599],[-1.409788,54.564636],[-1.412201,54.563926],[-1.413253,54.563616],[-1.414518,54.563236],[-1.415931,54.563132],[-1.417144,54.563159],[-1.417631,54.563175],[-1.418735,54.563181],[-1.419317,54.563154],[-1.420528,54.56321],[-1.421603,54.563088],[-1.421967,54.563097],[-1.423278,54.562947],[-1.42374,54.562914],[-1.424182,54.562881],[-1.424609,54.562862],[-1.425567,54.562641],[-1.4271,54.562226],[-1.42921,54.561554],[-1.431579,54.560839],[-1.432792,54.560494],[-1.434356,54.559965],[-1.434473,54.559876],[-1.434486,54.559819],[-1.433838,54.559207],[-1.43529,54.558537],[-1.435889,54.558145],[-1.437005,54.557689],[-1.437752,54.557367],[-1.441596,54.556419],[-1.443983,54.555807],[-1.444893,54.555598],[-1.444705,54.554954],[-1.444079,54.553835],[-1.444,54.553411],[-1.443868,54.552634],[-1.44354,54.551779],[-1.443467,54.551442],[-1.443065,54.550436],[-1.442715,54.549301],[-1.442597,54.549006],[-1.442458,54.54853],[-1.442344,54.547938],[-1.442134,54.547371],[-1.441995,54.546168],[-1.442014,54.545298],[-1.441413,54.543893],[-1.441032,54.543044],[-1.441761,54.542726],[-1.441953,54.542496],[-1.442315,54.542156],[-1.442455,54.541966],[-1.442614,54.541715],[-1.442637,54.541345],[-1.442651,54.540604],[-1.442937,54.540366],[-1.443514,54.53999],[-1.443627,54.539539],[-1.443756,54.539245],[-1.443725,54.539089],[-1.443736,54.538807],[-1.444577,54.537858],[-1.444511,54.537647],[-1.445177,54.537315],[-1.445248,54.537265],[-1.445304,54.536658],[-1.445043,54.53648],[-1.444774,54.536272],[-1.444699,54.536206],[-1.444461,54.536084],[-1.44441,54.535922],[-1.444386,54.535776],[-1.444043,54.535592],[-1.443948,54.535255],[-1.443235,54.535144],[-1.44267,54.53483],[-1.442408,54.534498],[-1.442733,54.534347],[-1.443392,54.53409],[-1.443752,54.533938],[-1.445409,54.533697],[-1.447135,54.533911],[-1.447817,54.533442],[-1.448042,54.53286],[-1.447909,54.532791],[-1.447318,54.532409],[-1.446299,54.531627],[-1.445104,54.530835],[-1.444887,54.530666],[-1.444539,54.530031],[-1.444225,54.529462],[-1.444152,54.529342],[-1.444006,54.528874],[-1.443982,54.528079],[-1.443206,54.527057],[-1.442997,54.52691],[-1.442681,54.527045],[-1.442277,54.527221],[-1.441718,54.52742],[-1.441201,54.527572],[-1.439489,54.52767],[-1.437182,54.527535],[-1.437076,54.527459],[-1.43677,54.52732],[-1.436415,54.527035],[-1.435019,54.527398],[-1.434797,54.527451],[-1.434583,54.527473],[-1.433971,54.527354],[-1.433859,54.527308],[-1.433577,54.526968],[-1.43348,54.526971],[-1.433373,54.527029],[-1.43304,54.527048],[-1.432297,54.526256],[-1.431018,54.524895],[-1.430533,54.524409],[-1.430357,54.5241],[-1.429962,54.523722],[-1.429816,54.523532],[-1.429649,54.52353],[-1.428575,54.523596],[-1.428321,54.523575],[-1.428134,54.523501],[-1.42804,54.523443],[-1.427767,54.523208],[-1.42692,54.523002],[-1.426792,54.52298],[-1.426577,54.522909],[-1.425666,54.522598],[-1.425253,54.522363],[-1.42495,54.522121],[-1.424739,54.522042],[-1.424198,54.522053],[-1.42375,54.521953],[-1.423298,54.522136],[-1.422473,54.521606],[-1.42154,54.521109],[-1.420852,54.520624],[-1.420478,54.520087],[-1.420296,54.519927],[-1.420015,54.519714],[-1.41987,54.51936],[-1.41996,54.51872],[-1.419769,54.51833],[-1.419721,54.517927],[-1.419678,54.517774],[-1.419671,54.517495],[-1.419764,54.517279],[-1.420138,54.516847],[-1.42035,54.516048],[-1.421315,54.515392],[-1.421836,54.514089],[-1.421873,54.513886],[-1.42325,54.513676],[-1.423938,54.51357],[-1.427117,54.51293],[-1.426197,54.511089],[-1.425068,54.508661],[-1.42478,54.50804],[-1.424639,54.507731],[-1.424177,54.506436],[-1.423942,54.505846],[-1.423904,54.505627],[-1.423885,54.505232],[-1.423915,54.504566],[-1.423641,54.503417],[-1.423484,54.502132],[-1.423488,54.501009],[-1.423946,54.500129],[-1.424624,54.499235],[-1.424973,54.498361],[-1.425232,54.497998],[-1.42593,54.497609],[-1.426132,54.49747],[-1.426658,54.496849],[-1.429294,54.494801],[-1.430841,54.494365],[-1.431988,54.493987],[-1.431639,54.493423],[-1.433767,54.492632],[-1.433214,54.492058],[-1.434261,54.491261],[-1.434293,54.490604],[-1.431929,54.489423],[-1.432447,54.488279],[-1.433255,54.487311],[-1.433814,54.48753],[-1.435327,54.488223],[-1.435888,54.488497],[-1.436925,54.48893],[-1.437223,54.489023],[-1.437822,54.489226],[-1.438984,54.489643],[-1.440025,54.490099],[-1.441266,54.490737],[-1.441648,54.49107],[-1.44291,54.492509],[-1.443612,54.493222],[-1.444244,54.493771],[-1.4455,54.494665],[-1.445975,54.494921],[-1.449355,54.496625],[-1.449958,54.496973],[-1.450395,54.497284],[-1.45082,54.49776],[-1.452078,54.499084],[-1.452911,54.499939],[-1.453457,54.500584],[-1.45409,54.501543],[-1.45419,54.50177],[-1.454522,54.502206],[-1.45491,54.502652],[-1.45531,54.50297],[-1.456099,54.503441],[-1.456529,54.503629],[-1.457503,54.503939],[-1.458396,54.504119],[-1.459114,54.504159],[-1.459443,54.504159],[-1.459915,54.50415],[-1.46076,54.504058],[-1.46225,54.503701],[-1.463487,54.503276],[-1.463853,54.50312],[-1.465191,54.502549],[-1.465781,54.502367],[-1.467527,54.502016],[-1.468891,54.501795],[-1.470077,54.501626],[-1.470767,54.5015],[-1.471529,54.501318],[-1.472604,54.500833],[-1.472988,54.500545],[-1.473333,54.500192],[-1.4735,54.499954],[-1.47365,54.499633],[-1.473921,54.498607],[-1.473999,54.498056],[-1.473935,54.497861],[-1.473008,54.496678],[-1.472649,54.496408],[-1.471773,54.495995],[-1.470882,54.495814],[-1.469447,54.495853],[-1.46836,54.496015],[-1.466998,54.496223],[-1.465504,54.496386],[-1.464098,54.496436],[-1.462996,54.49645],[-1.46208,54.496377],[-1.461507,54.496303],[-1.460527,54.496096],[-1.459869,54.495841],[-1.45887,54.495374],[-1.45856,54.495173],[-1.457982,54.494682],[-1.457605,54.494116],[-1.456766,54.491813],[-1.456821,54.491101],[-1.458253,54.489249],[-1.458563,54.488918],[-1.458741,54.488654],[-1.459467,54.487706],[-1.459745,54.487253],[-1.460243,54.485871],[-1.460183,54.485452],[-1.459824,54.484674],[-1.459757,54.484555],[-1.459654,54.484498],[-1.459315,54.484135],[-1.458797,54.483766],[-1.45791,54.483211],[-1.457219,54.482738],[-1.456677,54.482262],[-1.456308,54.481874],[-1.456009,54.481517],[-1.456069,54.481062],[-1.456204,54.480882],[-1.456315,54.480769],[-1.458594,54.47921],[-1.459372,54.478614],[-1.45997,54.477996],[-1.460275,54.477498],[-1.460369,54.477288],[-1.460806,54.476049],[-1.46167,54.474799],[-1.462202,54.474018],[-1.462254,54.473821],[-1.462213,54.473397],[-1.461967,54.473028],[-1.46112,54.47249],[-1.45987,54.47194],[-1.458868,54.471345],[-1.458606,54.471155],[-1.458451,54.470901],[-1.458385,54.470479],[-1.45837,54.469604],[-1.458198,54.469065],[-1.457991,54.468792],[-1.457311,54.468378],[-1.456702,54.468211],[-1.455215,54.467757],[-1.454909,54.467628],[-1.454163,54.467469],[-1.453006,54.467074],[-1.45235,54.46676],[-1.452116,54.466557],[-1.451919,54.466363],[-1.451886,54.466259],[-1.451838,54.46594],[-1.451918,54.465757],[-1.452926,54.465045],[-1.453215,54.46491],[-1.453978,54.464619],[-1.456128,54.464049],[-1.456724,54.463897],[-1.458069,54.463473],[-1.459989,54.462874],[-1.4604,54.462732],[-1.460531,54.462631],[-1.460939,54.462205],[-1.461186,54.461329],[-1.461212,54.461117],[-1.461206,54.460855],[-1.460971,54.460355],[-1.460292,54.459375],[-1.459791,54.458942],[-1.459088,54.458402],[-1.458498,54.458095],[-1.458146,54.457893],[-1.457538,54.457665],[-1.456851,54.457449],[-1.456212,54.45717],[-1.455683,54.456881],[-1.454384,54.455935],[-1.454124,54.45569],[-1.453321,54.454605],[-1.453257,54.454244],[-1.453191,54.453934],[-1.453205,54.453721],[-1.453493,54.453088],[-1.453766,54.452792],[-1.454312,54.452447],[-1.455526,54.451857],[-1.457898,54.451224],[-1.458795,54.451031],[-1.459232,54.450985],[-1.459792,54.451005],[-1.46007,54.450997],[-1.460638,54.451056],[-1.460988,54.451132],[-1.461936,54.451371],[-1.463081,54.451875],[-1.464636,54.452736],[-1.465404,54.453136],[-1.465853,54.453286],[-1.466636,54.453579],[-1.467987,54.45403],[-1.468574,54.454213],[-1.468807,54.454313],[-1.469477,54.454561],[-1.47003,54.454955],[-1.47028,54.455137],[-1.470425,54.45535],[-1.47049,54.455493],[-1.470559,54.45572],[-1.470658,54.456052],[-1.470622,54.457301],[-1.470335,54.45753],[-1.468443,54.458347],[-1.467809,54.458729],[-1.46703,54.459479],[-1.466554,54.460159],[-1.46606,54.461233],[-1.466,54.46173],[-1.466028,54.461956],[-1.466111,54.462315],[-1.466301,54.462824],[-1.466935,54.463413],[-1.467379,54.463715],[-1.469726,54.465359],[-1.470431,54.465821],[-1.471316,54.466443],[-1.471557,54.466657],[-1.47207,54.467275],[-1.472439,54.467935],[-1.472565,54.46911],[-1.472752,54.470167],[-1.472857,54.471344],[-1.473004,54.472635],[-1.473447,54.473347],[-1.473788,54.473691],[-1.474003,54.473825],[-1.475064,54.474315],[-1.476333,54.474944],[-1.476774,54.475063],[-1.477173,54.475157],[-1.477506,54.475169],[-1.478531,54.474897],[-1.479745,54.474368],[-1.481629,54.473502],[-1.482211,54.473315],[-1.483812,54.472921],[-1.484592,54.472837],[-1.485774,54.472892],[-1.487544,54.473449],[-1.488716,54.473737],[-1.490008,54.473899],[-1.491915,54.473884],[-1.493031,54.473874],[-1.49391,54.474001],[-1.494491,54.474121],[-1.49533,54.474306],[-1.495909,54.474455],[-1.496773,54.474839],[-1.497114,54.475094],[-1.497228,54.475215],[-1.497693,54.475952],[-1.497994,54.476956],[-1.498037,54.477431],[-1.497829,54.477868],[-1.497691,54.478012],[-1.497203,54.478298],[-1.495422,54.479173],[-1.494911,54.479475],[-1.494178,54.479881],[-1.493531,54.480203],[-1.491657,54.48127],[-1.490995,54.481714],[-1.490391,54.482281],[-1.489525,54.483491],[-1.489024,54.484227],[-1.488916,54.484573],[-1.489044,54.485183],[-1.489386,54.485569],[-1.489656,54.485776],[-1.490293,54.48608],[-1.490936,54.486221],[-1.491237,54.48625],[-1.491672,54.486232],[-1.492163,54.486208],[-1.492831,54.486193],[-1.494192,54.485946],[-1.494781,54.485814],[-1.495247,54.485691],[-1.49576,54.485543],[-1.497217,54.485078],[-1.498273,54.484706],[-1.499774,54.484178],[-1.502852,54.482662],[-1.503845,54.482166],[-1.504244,54.481885],[-1.504593,54.481524],[-1.504739,54.48111],[-1.504816,54.480871],[-1.504988,54.479361],[-1.505182,54.478517],[-1.505434,54.478188],[-1.5065,54.477],[-1.506831,54.47654],[-1.507355,54.476053],[-1.508308,54.475297],[-1.508698,54.475108],[-1.509189,54.474946],[-1.509579,54.474872],[-1.51001,54.47486],[-1.510498,54.474914],[-1.510929,54.474971],[-1.51152,54.47518],[-1.511813,54.475348],[-1.51212,54.47563],[-1.512719,54.476402],[-1.512852,54.476985],[-1.512844,54.477626],[-1.512719,54.477898],[-1.512351,54.478371],[-1.511815,54.478804],[-1.51094,54.47956],[-1.510759,54.47982],[-1.510543,54.480159],[-1.510423,54.481059],[-1.510611,54.481794],[-1.510976,54.482278],[-1.511862,54.483169],[-1.512552,54.483623],[-1.51436,54.48442],[-1.515794,54.484781],[-1.516309,54.484868],[-1.516585,54.484889],[-1.518222,54.484929],[-1.519224,54.484922],[-1.520158,54.484896],[-1.52045,54.484879],[-1.520877,54.484842],[-1.521788,54.48476],[-1.522093,54.484761],[-1.523012,54.484815],[-1.523779,54.484941],[-1.524245,54.485036],[-1.524669,54.485073],[-1.524987,54.485067],[-1.526065,54.484924],[-1.526662,54.484775],[-1.527257,54.484663],[-1.527721,54.484507],[-1.528137,54.484291],[-1.528589,54.48396],[-1.528946,54.483525],[-1.529148,54.483157],[-1.529314,54.482113],[-1.529508,54.481448],[-1.529731,54.480441],[-1.529693,54.480052],[-1.528797,54.47799],[-1.52869,54.477582],[-1.528822,54.477021],[-1.528868,54.476433],[-1.528821,54.476143],[-1.528627,54.475687],[-1.528426,54.475427],[-1.528056,54.475092],[-1.527817,54.474965],[-1.52724,54.474697],[-1.527079,54.474643],[-1.526298,54.474536],[-1.52492,54.474566],[-1.52438,54.47459],[-1.52332,54.474525],[-1.522575,54.474415],[-1.522068,54.474277],[-1.519962,54.473646],[-1.519126,54.473378],[-1.518917,54.473292],[-1.518503,54.473025],[-1.518333,54.47289],[-1.518109,54.472589],[-1.517912,54.472321],[-1.517884,54.471998],[-1.51787,54.471556],[-1.517949,54.471332],[-1.518172,54.470985],[-1.51841,54.470776],[-1.519541,54.470317],[-1.520546,54.470084],[-1.521469,54.469965],[-1.524218,54.469845],[-1.525141,54.469813],[-1.526447,54.469741],[-1.528119,54.469476],[-1.528958,54.469279],[-1.529239,54.469231],[-1.529401,54.469179],[-1.531155,54.468996],[-1.532563,54.469103],[-1.533559,54.469334],[-1.535793,54.469922],[-1.537167,54.470182],[-1.537702,54.470216],[-1.539387,54.470566],[-1.54082,54.470924],[-1.541307,54.471027],[-1.542227,54.471048],[-1.542573,54.47104],[-1.543948,54.471067],[-1.54425,54.471123],[-1.544796,54.471387],[-1.545873,54.471966],[-1.547425,54.472873],[-1.549039,54.473917],[-1.549637,54.474509],[-1.550032,54.475212],[-1.550681,54.47663],[-1.551193,54.477269],[-1.551552,54.477816],[-1.552089,54.478573],[-1.552285,54.478933],[-1.552453,54.479301],[-1.552562,54.47958],[-1.552716,54.480151],[-1.552743,54.480691],[-1.552715,54.480904],[-1.55265,54.481445],[-1.552706,54.481814],[-1.552686,54.482668],[-1.552777,54.482946],[-1.552961,54.483628],[-1.553054,54.483888],[-1.553195,54.484257],[-1.553231,54.484446],[-1.553454,54.484704],[-1.553819,54.484944],[-1.554525,54.485283],[-1.555145,54.485453],[-1.556193,54.485611],[-1.557612,54.485911],[-1.558349,54.486053],[-1.560867,54.486531],[-1.561636,54.486705],[-1.562808,54.487073],[-1.564012,54.487504],[-1.564492,54.487694],[-1.564779,54.487855],[-1.56628,54.488454],[-1.567912,54.488898],[-1.569101,54.489141],[-1.56997,54.489406],[-1.570794,54.489704],[-1.571295,54.489838],[-1.57212,54.490241],[-1.572421,54.49063],[-1.572656,54.491025],[-1.573156,54.492141],[-1.573455,54.492499],[-1.575022,54.493935],[-1.576116,54.494646],[-1.576377,54.494784],[-1.576939,54.495165],[-1.577135,54.495247],[-1.577613,54.495569],[-1.578734,54.496159],[-1.579152,54.496284],[-1.581286,54.49689],[-1.581476,54.497026],[-1.581789,54.497372],[-1.581958,54.497673],[-1.581738,54.498056],[-1.581538,54.498221],[-1.580675,54.498803],[-1.579466,54.499678],[-1.578766,54.500243],[-1.578573,54.500535],[-1.578457,54.500725],[-1.578207,54.501674],[-1.57806,54.502216],[-1.57759,54.503173],[-1.577307,54.503525],[-1.577194,54.503679],[-1.577128,54.504199],[-1.577127,54.504357],[-1.577543,54.504966],[-1.577776,54.50511],[-1.578339,54.505271],[-1.579027,54.505256],[-1.579752,54.505142],[-1.583231,54.504441],[-1.58407,54.504204],[-1.585179,54.503877],[-1.586779,54.503651],[-1.587248,54.503526],[-1.587903,54.503455],[-1.589012,54.503454],[-1.589213,54.503463],[-1.589531,54.50358],[-1.589886,54.503729],[-1.590013,54.503822],[-1.590311,54.504153],[-1.59043,54.504479],[-1.59037,54.504847],[-1.590384,54.50509],[-1.59033,54.505284],[-1.590007,54.505578],[-1.58889,54.505965],[-1.588128,54.506134],[-1.58617,54.506558],[-1.585472,54.506793],[-1.584189,54.507308],[-1.582779,54.507815],[-1.582763,54.507821],[-1.582485,54.507636],[-1.582193,54.507419],[-1.581801,54.507214],[-1.581457,54.50698],[-1.581,54.506747],[-1.580909,54.506728],[-1.580532,54.506684],[-1.580228,54.506639],[-1.579976,54.506621],[-1.579439,54.506685],[-1.579004,54.506706],[-1.578668,54.506755],[-1.578169,54.506931],[-1.577846,54.506994],[-1.577624,54.507049],[-1.577379,54.507093],[-1.576879,54.507199],[-1.576489,54.507289],[-1.576168,54.507352],[-1.575886,54.507401],[-1.575696,54.507424],[-1.575542,54.507437],[-1.575379,54.50744],[-1.575113,54.507438],[-1.57483,54.507413],[-1.574452,54.50738],[-1.574202,54.507428],[-1.57346,54.507481],[-1.572842,54.507533],[-1.572176,54.507582],[-1.571935,54.507592],[-1.571459,54.507662],[-1.57142,54.507408],[-1.570468,54.507079],[-1.57034,54.507085],[-1.569567,54.507121],[-1.569161,54.507153],[-1.568701,54.507595],[-1.568662,54.507665],[-1.568038,54.507592],[-1.56745,54.50753],[-1.567111,54.507498],[-1.566797,54.507477],[-1.56649,54.507458],[-1.566311,54.507455],[-1.566046,54.507457],[-1.565845,54.507452],[-1.565328,54.507425],[-1.564934,54.507403],[-1.564733,54.507387],[-1.564344,54.507357],[-1.564072,54.507339],[-1.563886,54.507322],[-1.563603,54.507304],[-1.563392,54.507287],[-1.562958,54.507268],[-1.562715,54.507254],[-1.562462,54.507238],[-1.562241,54.507239],[-1.561925,54.507232],[-1.561451,54.507215],[-1.561175,54.507204],[-1.560778,54.507176],[-1.560403,54.507152],[-1.560201,54.507137],[-1.55985,54.507103],[-1.559282,54.507098],[-1.558958,54.507117],[-1.558738,54.507122],[-1.55858,54.507135],[-1.558439,54.507209],[-1.558316,54.507275],[-1.558121,54.507378],[-1.558003,54.507494],[-1.55791,54.507599],[-1.5578,54.507719],[-1.557662,54.507871],[-1.557513,54.507997],[-1.557338,54.508088],[-1.557082,54.508157],[-1.556876,54.508197],[-1.556633,54.508219],[-1.556375,54.508217],[-1.556104,54.508195],[-1.555938,54.508171],[-1.555777,54.508094],[-1.555673,54.507971],[-1.555621,54.507871],[-1.555379,54.507883],[-1.555177,54.507918],[-1.554954,54.507756],[-1.554674,54.507779],[-1.55424,54.507813],[-1.553872,54.507842],[-1.553625,54.507861],[-1.553388,54.507879],[-1.553087,54.507902],[-1.552766,54.507927],[-1.552543,54.507945],[-1.552287,54.507963],[-1.551905,54.507993],[-1.551134,54.508069],[-1.550951,54.508068],[-1.550761,54.508084],[-1.550582,54.508098],[-1.550367,54.508114],[-1.550223,54.508125],[-1.550052,54.508139],[-1.549876,54.508152],[-1.549683,54.508167],[-1.549457,54.508184],[-1.549245,54.5082],[-1.549154,54.508208],[-1.548986,54.508221],[-1.548828,54.508234],[-1.54869,54.508244],[-1.548498,54.508259],[-1.548329,54.508272],[-1.548146,54.508286],[-1.547996,54.508299],[-1.547805,54.508311],[-1.54763,54.508325],[-1.547486,54.508496],[-1.547389,54.508844],[-1.547337,54.509047],[-1.54729,54.509223],[-1.547257,54.509346],[-1.54722,54.509486],[-1.547174,54.509621],[-1.547124,54.509813],[-1.547059,54.51003],[-1.546956,54.510444],[-1.546872,54.510793],[-1.546819,54.511058],[-1.546774,54.51127],[-1.546755,54.511419],[-1.546745,54.511491],[-1.546716,54.511681],[-1.546166,54.511707],[-1.545472,54.511709],[-1.54529,54.511709],[-1.544908,54.51171],[-1.544268,54.511709],[-1.543738,54.51171],[-1.543248,54.511712],[-1.542714,54.511712],[-1.542637,54.511664],[-1.542406,54.51151],[-1.542079,54.511292],[-1.541995,54.51123],[-1.541914,54.511173],[-1.541788,54.511085],[-1.541619,54.510973],[-1.541483,54.510881],[-1.541409,54.510832],[-1.541311,54.510766],[-1.541154,54.510661],[-1.541035,54.510579],[-1.54089,54.510485],[-1.540778,54.510412],[-1.540593,54.510305],[-1.540482,54.510235],[-1.540377,54.510166],[-1.540244,54.510076],[-1.540121,54.510003],[-1.539996,54.509943],[-1.539804,54.509851],[-1.539757,54.509828],[-1.539615,54.50976],[-1.539435,54.509677],[-1.539322,54.509625],[-1.539194,54.509564],[-1.539057,54.509504],[-1.538848,54.509414],[-1.538664,54.509337],[-1.538489,54.509268],[-1.538292,54.509185],[-1.538097,54.509099],[-1.537912,54.509019],[-1.537694,54.508926],[-1.537538,54.508857],[-1.537367,54.508775],[-1.537218,54.508713],[-1.537077,54.508643],[-1.536935,54.508577],[-1.536758,54.508496],[-1.536561,54.508411],[-1.536321,54.508295],[-1.535689,54.508024],[-1.535182,54.507803],[-1.535003,54.50773],[-1.534751,54.507765],[-1.534836,54.507638],[-1.534132,54.507317],[-1.533474,54.507036],[-1.533032,54.506833],[-1.532512,54.506601],[-1.532216,54.506467],[-1.531772,54.50627],[-1.53132,54.506069],[-1.530398,54.505656],[-1.530281,54.505573],[-1.530194,54.505668],[-1.530145,54.505815],[-1.530053,54.505826],[-1.529879,54.505781],[-1.52965,54.505684],[-1.529474,54.505583],[-1.529152,54.505332],[-1.528577,54.504858],[-1.528408,54.504682],[-1.528237,54.50459],[-1.528072,54.504624],[-1.527888,54.504658],[-1.527816,54.504755],[-1.527825,54.504799],[-1.527907,54.504897],[-1.52797,54.504976],[-1.527984,54.505164],[-1.528198,54.50521],[-1.528374,54.505248],[-1.528492,54.505369],[-1.528508,54.505557],[-1.52851,54.505621],[-1.528573,54.505709],[-1.528708,54.505825],[-1.52876,54.505954],[-1.528686,54.506116],[-1.528584,54.506317],[-1.528571,54.50646],[-1.528521,54.506727],[-1.528468,54.506945],[-1.528391,54.507243],[-1.528318,54.507414],[-1.528215,54.507558],[-1.528103,54.507713],[-1.528001,54.507803],[-1.527823,54.507964],[-1.52756,54.508133],[-1.527416,54.508207],[-1.526987,54.508433],[-1.526744,54.50856],[-1.526611,54.508545],[-1.526418,54.508577],[-1.526265,54.508584],[-1.526027,54.508512],[-1.525761,54.508452],[-1.525561,54.508486],[-1.525497,54.508527],[-1.525363,54.508578],[-1.525076,54.508649],[-1.524822,54.508665],[-1.524717,54.508674],[-1.524571,54.508704],[-1.524482,54.50873],[-1.524235,54.508761],[-1.524007,54.508798],[-1.523773,54.508827],[-1.523484,54.508856],[-1.523273,54.508853],[-1.523077,54.508832],[-1.522859,54.508875],[-1.522628,54.508933],[-1.522501,54.508985],[-1.522328,54.509089],[-1.522163,54.509151],[-1.521906,54.509225],[-1.521762,54.509332],[-1.521606,54.509484],[-1.521525,54.509593],[-1.521356,54.509733],[-1.521203,54.509818],[-1.521077,54.50986],[-1.520937,54.509888],[-1.520734,54.509898],[-1.520429,54.509955],[-1.520126,54.510014],[-1.519777,54.510054],[-1.519572,54.510069],[-1.519403,54.510102],[-1.519357,54.510162],[-1.519312,54.510307],[-1.519377,54.510453],[-1.519418,54.510703],[-1.51933,54.510785],[-1.51918,54.51087],[-1.518975,54.510917],[-1.518587,54.510933],[-1.518303,54.510916],[-1.517959,54.510847],[-1.517745,54.510827],[-1.517496,54.510796],[-1.5172,54.510752],[-1.516765,54.510829],[-1.51645,54.5109],[-1.516143,54.510964],[-1.515687,54.511023],[-1.515219,54.511083],[-1.514956,54.511127],[-1.51472,54.51116],[-1.514319,54.51121],[-1.514057,54.51125],[-1.513868,54.511298],[-1.513618,54.511359],[-1.513342,54.511408],[-1.513082,54.511451],[-1.512862,54.511492],[-1.512603,54.511553],[-1.512243,54.511656],[-1.512063,54.51171],[-1.511786,54.511798],[-1.511517,54.511897],[-1.51127,54.511969],[-1.511063,54.512037],[-1.510732,54.512153],[-1.510583,54.512206],[-1.510212,54.512305],[-1.509959,54.512381],[-1.509681,54.512472],[-1.509469,54.512558],[-1.509508,54.512666],[-1.509601,54.512733],[-1.509901,54.512866],[-1.510132,54.512998],[-1.510289,54.513134],[-1.510428,54.513257],[-1.510605,54.513362],[-1.510836,54.513467],[-1.511086,54.513575],[-1.511319,54.513714],[-1.511428,54.51392],[-1.511511,54.514129],[-1.511653,54.514514],[-1.511731,54.514715],[-1.511838,54.514823],[-1.511978,54.514995],[-1.51211,54.51518],[-1.512156,54.515297],[-1.5122,54.515464],[-1.512271,54.515689],[-1.51232,54.51581],[-1.512457,54.516],[-1.512545,54.51612],[-1.51261,54.516256],[-1.512656,54.516324],[-1.512679,54.516353],[-1.51271,54.516405],[-1.512803,54.516472],[-1.512925,54.516578],[-1.512921,54.516723],[-1.512916,54.516817],[-1.512902,54.516958],[-1.512905,54.517006],[-1.512917,54.517189],[-1.512897,54.517348],[-1.51288,54.517401],[-1.512875,54.517478],[-1.512848,54.517614],[-1.512804,54.51778],[-1.512761,54.517895],[-1.512677,54.518],[-1.512635,54.518166],[-1.512571,54.518361],[-1.512503,54.518537],[-1.512466,54.518693],[-1.512455,54.518795],[-1.512431,54.518893],[-1.512384,54.519059],[-1.512337,54.519213],[-1.51227,54.519356],[-1.512248,54.519511],[-1.51232,54.519604],[-1.512333,54.519672],[-1.512128,54.519657],[-1.512112,54.519733],[-1.512172,54.519879],[-1.512154,54.519965],[-1.512094,54.520144],[-1.512053,54.52029],[-1.511995,54.520468],[-1.51195,54.520618],[-1.511949,54.520733],[-1.511958,54.52086],[-1.511789,54.520858],[-1.511364,54.52078],[-1.511124,54.520745],[-1.510873,54.520709],[-1.510666,54.520676],[-1.51026,54.520649],[-1.510046,54.520626],[-1.509777,54.520603],[-1.509512,54.520573],[-1.509324,54.520554],[-1.509117,54.520539],[-1.508765,54.52052],[-1.508508,54.520513],[-1.5083,54.520498],[-1.507941,54.520476],[-1.507714,54.520452],[-1.507481,54.520438],[-1.50709,54.520408],[-1.506603,54.520381],[-1.506261,54.520365],[-1.506045,54.520356],[-1.505781,54.520323],[-1.505541,54.520316],[-1.505262,54.520371],[-1.505057,54.520392],[-1.50488,54.520415],[-1.50453,54.520445],[-1.504275,54.520488],[-1.504086,54.520504],[-1.50218,54.520775],[-1.5017,54.520829],[-1.501145,54.520948],[-1.500935,54.521025],[-1.500749,54.521084],[-1.5005,54.52122],[-1.50058,54.521331],[-1.500796,54.521506],[-1.50095,54.521595],[-1.501168,54.521767],[-1.501371,54.521969],[-1.501468,54.522125],[-1.501551,54.52225],[-1.501659,54.522404],[-1.501683,54.522455],[-1.501728,54.522572],[-1.501728,54.522865],[-1.501736,54.522987],[-1.501766,54.523142],[-1.501807,54.52332],[-1.50184,54.523404],[-1.501864,54.523549],[-1.501878,54.523581],[-1.501944,54.523727],[-1.501942,54.523784],[-1.501951,54.523842],[-1.501966,54.524055],[-1.501992,54.524206],[-1.502014,54.524632],[-1.502006,54.52501],[-1.501988,54.525347],[-1.502023,54.525744],[-1.502067,54.526153],[-1.502141,54.526544],[-1.502197,54.526685],[-1.502335,54.526952],[-1.502415,54.527134],[-1.502613,54.527372],[-1.50272,54.527537],[-1.502873,54.527683],[-1.503013,54.528014],[-1.50301,54.528113],[-1.503027,54.528264],[-1.503082,54.528471],[-1.503106,54.528601],[-1.503044,54.52876],[-1.502915,54.529071],[-1.5028,54.52927],[-1.502717,54.529428],[-1.502621,54.529534],[-1.502489,54.52973],[-1.502584,54.529905],[-1.502597,54.530011],[-1.50259,54.530223],[-1.502617,54.530521],[-1.502665,54.530679],[-1.502726,54.530877],[-1.502784,54.53098],[-1.502876,54.531035],[-1.503014,54.531074],[-1.503276,54.531139],[-1.503606,54.531245],[-1.503855,54.531383],[-1.503971,54.531461],[-1.504123,54.531588],[-1.504257,54.531727],[-1.504324,54.53185],[-1.504396,54.532002],[-1.504448,54.532154],[-1.504447,54.532309],[-1.504477,54.532445],[-1.504502,54.532604],[-1.504645,54.532839],[-1.504864,54.532934],[-1.505045,54.532965],[-1.505299,54.533011],[-1.505431,54.533024],[-1.505717,54.533163],[-1.505909,54.533258],[-1.506017,54.533363],[-1.506211,54.533488],[-1.506313,54.533489],[-1.506518,54.533518],[-1.506569,54.533532],[-1.506643,54.533553],[-1.506722,54.533587],[-1.506818,54.533627],[-1.506877,54.533694],[-1.506914,54.533744],[-1.507256,54.533829],[-1.507522,54.533852],[-1.507618,54.533868],[-1.507761,54.533938],[-1.50796,54.533963],[-1.508203,54.534002],[-1.508508,54.534011],[-1.508714,54.534062],[-1.508837,54.534166],[-1.509014,54.53418],[-1.509312,54.534239],[-1.509478,54.534274],[-1.50963,54.534353],[-1.50974,54.534448],[-1.509941,54.534504],[-1.510116,54.534558],[-1.510335,54.534594],[-1.510529,54.534671],[-1.510642,54.534763],[-1.510867,54.534848],[-1.511063,54.53493],[-1.511175,54.534987],[-1.511285,54.535006],[-1.511451,54.535031],[-1.511623,54.535069],[-1.511804,54.535101],[-1.512054,54.53514],[-1.512263,54.535168],[-1.512569,54.535201],[-1.512845,54.535239],[-1.513132,54.535287],[-1.513504,54.535323],[-1.513632,54.53534],[-1.513957,54.535389],[-1.514343,54.535433],[-1.514687,54.535367],[-1.5148,54.535291],[-1.514872,54.535267],[-1.515039,54.535296],[-1.515302,54.535398],[-1.515392,54.535427],[-1.51577,54.535493],[-1.515862,54.535498],[-1.51652,54.535622],[-1.516605,54.535656],[-1.516612,54.535686],[-1.516468,54.535698],[-1.516276,54.535733],[-1.516076,54.535793],[-1.515878,54.535863],[-1.515752,54.535924],[-1.51561,54.535992],[-1.515328,54.536141],[-1.515274,54.53618],[-1.51523,54.536219],[-1.51511,54.536368],[-1.515059,54.536432],[-1.514977,54.536497],[-1.514537,54.536714],[-1.514115,54.536927],[-1.513668,54.537145],[-1.513379,54.53727],[-1.512991,54.537411],[-1.512869,54.537446],[-1.512726,54.537483],[-1.512489,54.537548],[-1.512172,54.53764],[-1.511919,54.537711],[-1.511489,54.537839],[-1.511289,54.5379],[-1.511093,54.537964],[-1.510907,54.538019],[-1.510695,54.538078],[-1.510489,54.538132],[-1.510294,54.538197],[-1.510153,54.538307],[-1.510107,54.53837],[-1.51005,54.538455],[-1.50997,54.53859],[-1.509915,54.538756],[-1.509883,54.538951],[-1.509857,54.539084],[-1.50982,54.539181],[-1.509832,54.539305],[-1.509887,54.539416],[-1.510006,54.539537],[-1.510144,54.539637],[-1.510254,54.539755],[-1.510403,54.539968],[-1.510496,54.540111],[-1.510565,54.54025],[-1.51057,54.540349],[-1.510588,54.540451],[-1.510683,54.540633],[-1.510779,54.540751],[-1.510814,54.540796],[-1.510894,54.540957],[-1.510918,54.541026],[-1.510941,54.541107],[-1.510996,54.541289],[-1.511014,54.541336],[-1.511065,54.54145],[-1.511126,54.541556],[-1.511158,54.541649],[-1.511162,54.541785],[-1.511121,54.541925],[-1.511036,54.542021],[-1.510984,54.542084],[-1.510838,54.542235],[-1.510749,54.542326],[-1.510569,54.542497],[-1.510407,54.542636],[-1.510367,54.542658],[-1.510224,54.542795],[-1.510183,54.542831],[-1.510102,54.542923],[-1.510022,54.543035],[-1.50996,54.543136],[-1.509884,54.543255],[-1.509802,54.543397],[-1.509778,54.543573],[-1.509801,54.543661],[-1.509883,54.543824],[-1.510121,54.544255],[-1.51016,54.544389],[-1.510244,54.544514],[-1.510276,54.544603],[-1.510375,54.544796],[-1.510482,54.544984],[-1.51056,54.545136],[-1.510588,54.545199],[-1.510621,54.545264],[-1.510644,54.545314],[-1.510652,54.545392],[-1.510653,54.545466],[-1.510597,54.545614],[-1.510422,54.545829],[-1.510435,54.545924],[-1.510474,54.546014],[-1.510498,54.546132],[-1.510501,54.546191],[-1.510487,54.546454],[-1.510484,54.546592],[-1.510494,54.546659],[-1.510517,54.546757],[-1.510466,54.546896],[-1.51039,54.546983],[-1.510289,54.5471],[-1.510117,54.547247],[-1.509848,54.547387],[-1.509282,54.547498],[-1.508628,54.54759],[-1.50746,54.54784],[-1.507251,54.547966],[-1.506646,54.548143],[-1.506312,54.548239],[-1.50602,54.548457],[-1.505762,54.548719],[-1.505636,54.548824],[-1.50541,54.548944],[-1.505252,54.548997],[-1.505113,54.549062],[-1.504961,54.549156],[-1.504783,54.549417],[-1.504649,54.549592],[-1.504658,54.549648],[-1.504869,54.550038],[-1.50481,54.550159],[-1.504542,54.550561],[-1.504366,54.550719],[-1.504036,54.550729],[-1.503816,54.550776],[-1.503782,54.550845],[-1.503786,54.550929],[-1.503927,54.551188],[-1.503882,54.551255],[-1.50365,54.55146],[-1.504139,54.5516],[-1.504926,54.551811],[-1.505806,54.552039],[-1.506314,54.552172],[-1.506936,54.552195],[-1.508568,54.551998],[-1.508805,54.551973],[-1.509344,54.551898],[-1.509776,54.551848],[-1.509989,54.551809],[-1.510287,54.551794],[-1.511803,54.551669],[-1.512133,54.55164],[-1.512387,54.551606],[-1.512489,54.551626],[-1.512634,54.551325],[-1.51288,54.551068],[-1.51303,54.551082],[-1.513337,54.551071],[-1.513734,54.551054],[-1.514016,54.551042],[-1.514279,54.551032],[-1.514543,54.551026],[-1.514784,54.551021],[-1.515086,54.551012],[-1.515353,54.551004],[-1.515564,54.550997],[-1.515857,54.550989],[-1.516246,54.550979],[-1.516274,54.550733],[-1.516236,54.550536],[-1.516212,54.550395],[-1.516475,54.550369],[-1.516952,54.550341],[-1.517275,54.550321],[-1.517507,54.550308],[-1.517572,54.550305],[-1.517864,54.550291],[-1.517957,54.550287],[-1.518059,54.550333],[-1.518154,54.550539],[-1.518688,54.550462],[-1.519171,54.550396],[-1.519792,54.550302],[-1.520083,54.550241],[-1.520207,54.550167],[-1.520308,54.550124],[-1.520545,54.550075],[-1.520695,54.550018],[-1.520775,54.549968],[-1.520909,54.549861],[-1.521019,54.549751],[-1.521126,54.549683],[-1.52114,54.549676],[-1.521339,54.549595],[-1.521495,54.549579],[-1.521584,54.549574],[-1.521778,54.549569],[-1.522245,54.549565],[-1.522395,54.549547],[-1.522618,54.549541],[-1.522687,54.549542],[-1.52278,54.549537],[-1.522999,54.549528],[-1.523246,54.549517],[-1.523552,54.549513],[-1.523834,54.549502],[-1.524039,54.549489],[-1.524298,54.549484],[-1.524672,54.549478],[-1.524848,54.549474],[-1.525156,54.549463],[-1.525182,54.549331],[-1.525224,54.549198],[-1.52528,54.54899],[-1.525389,54.548667],[-1.525662,54.548592],[-1.525891,54.54857],[-1.526098,54.548541],[-1.526294,54.548517],[-1.526461,54.548494],[-1.526643,54.548469],[-1.52692,54.548435],[-1.527319,54.54839],[-1.527626,54.548332],[-1.527757,54.548316],[-1.528025,54.548282],[-1.528113,54.54824],[-1.528419,54.548271],[-1.528798,54.548302],[-1.528768,54.548408],[-1.528726,54.548815],[-1.528738,54.548879],[-1.529784,54.548862],[-1.530573,54.549138],[-1.531357,54.549517],[-1.532639,54.550179],[-1.532988,54.55036],[-1.533427,54.550582],[-1.533983,54.550869],[-1.534394,54.551087],[-1.535177,54.55149],[-1.535634,54.551728],[-1.536142,54.551917],[-1.536708,54.5521],[-1.53749,54.552362],[-1.538088,54.552593],[-1.538391,54.552723],[-1.538564,54.552781],[-1.538632,54.553013],[-1.538628,54.553311],[-1.538609,54.553744],[-1.538603,54.554078],[-1.538576,54.554474],[-1.538778,54.55456],[-1.538992,54.554599],[-1.538896,54.554652],[-1.53858,54.554857],[-1.538475,54.555013],[-1.538541,54.555079],[-1.538579,54.555327],[-1.538589,54.555723],[-1.538597,54.556086],[-1.538619,54.556275],[-1.538627,54.556366],[-1.538695,54.556759],[-1.538732,54.556918],[-1.538808,54.55722],[-1.538834,54.557359],[-1.538838,54.557506],[-1.538837,54.557623],[-1.538827,54.557875],[-1.538856,54.558012],[-1.538967,54.55818],[-1.539052,54.558307],[-1.539104,54.558447],[-1.539156,54.558582],[-1.539251,54.558898],[-1.53958,54.558916],[-1.539876,54.55863],[-1.540022,54.558498],[-1.540137,54.55839],[-1.540267,54.558266],[-1.540379,54.558144],[-1.54065,54.557805],[-1.540723,54.557711],[-1.540879,54.557532],[-1.541121,54.557265],[-1.541294,54.557066],[-1.541422,54.556906],[-1.541588,54.556696],[-1.541715,54.556566],[-1.541793,54.556487],[-1.542108,54.556053],[-1.542167,54.555876],[-1.542294,54.555792],[-1.542737,54.555645],[-1.54288,54.555486],[-1.543586,54.554963],[-1.544015,54.554589],[-1.544394,54.554393],[-1.544515,54.554342],[-1.545188,54.554177],[-1.54538,54.554057],[-1.545662,54.553896],[-1.54586,54.55383],[-1.546395,54.55375],[-1.546429,54.553563],[-1.546501,54.553468],[-1.546596,54.553376],[-1.546483,54.553086],[-1.546409,54.552893],[-1.547048,54.552839],[-1.547341,54.552774],[-1.547548,54.552749],[-1.547828,54.55274],[-1.54848,54.552717],[-1.548739,54.552699],[-1.5491,54.552566],[-1.549147,54.55254],[-1.549345,54.552447],[-1.549596,54.55229],[-1.549805,54.55219],[-1.550131,54.552039],[-1.550432,54.551855],[-1.550549,54.551797],[-1.550715,54.551783],[-1.550847,54.551805],[-1.550971,54.551853],[-1.551295,54.552128],[-1.5516,54.552274],[-1.551665,54.552294],[-1.552178,54.552304],[-1.552492,54.552309],[-1.552576,54.552342],[-1.552824,54.552483],[-1.552869,54.552487],[-1.55309,54.552473],[-1.553528,54.552391],[-1.553979,54.552303],[-1.554253,54.552311],[-1.554352,54.55228],[-1.554638,54.552194],[-1.555185,54.552326],[-1.555434,54.552352],[-1.555648,54.552295],[-1.555836,54.552224],[-1.556603,54.552478],[-1.559564,54.552802],[-1.55965,54.552966],[-1.560703,54.552993],[-1.560911,54.552949],[-1.561317,54.552967],[-1.561828,54.553011],[-1.562508,54.553081],[-1.563282,54.553175],[-1.563919,54.553251],[-1.564568,54.553308],[-1.565407,54.553361],[-1.565576,54.553385],[-1.565516,54.553603],[-1.565578,54.553705],[-1.565787,54.554011],[-1.565869,54.554103],[-1.566096,54.554237],[-1.5663,54.554302],[-1.566549,54.554348],[-1.566771,54.554367],[-1.567013,54.554373],[-1.567501,54.554329],[-1.567642,54.554309],[-1.568123,54.554227],[-1.568485,54.554179],[-1.568671,54.55415],[-1.569133,54.554017],[-1.569239,54.553986],[-1.569462,54.553925],[-1.570119,54.553782],[-1.57035,54.553745],[-1.570598,54.553699],[-1.570806,54.55363],[-1.5711,54.553594],[-1.571573,54.553681],[-1.571833,54.553693],[-1.572059,54.553656],[-1.572255,54.553604],[-1.57248,54.553571],[-1.572713,54.553557],[-1.573367,54.553531],[-1.573944,54.553538],[-1.574281,54.553563],[-1.574304,54.553689],[-1.574316,54.553805],[-1.574304,54.55392],[-1.574293,54.55403],[-1.57428,54.55414],[-1.57428,54.554445],[-1.57461,54.554469],[-1.574643,54.554473]]]}},{"type":"Feature","properties":{"name":"City of Durham","label":"109","results":{"1997":{"winning_party":"Lab","con_votes":8598,"lab_votes":31102,"lib_votes":7499,"ruk_votes":0,"grn_votes":0,"oth_votes":1936,"con_pct":17.5,"lab_pct":63.3,"lib_pct":15.3,"ruk_pct":0.0,"grn_pct":0.0,"oth_pct":3.9,"total_votes":49135,"turnout":0.708,"mp_name":"nan"},"2001":{"winning_party":"Lab","con_votes":7167,"lab_votes":23254,"lib_votes":9813,"ruk_votes":0,"grn_votes":0,"oth_votes":1252,"con_pct":17.3,"lab_pct":56.1,"lib_pct":23.7,"ruk_pct":0.0,"grn_pct":0.0,"oth_pct":3.0,"total_votes":41486,"turnout":0.596,"mp_name":"nan"},"2005":{"winning_party":"Lab","con_votes":4179,"lab_votes":20928,"lib_votes":17654,"ruk_votes":0,"grn_votes":0,"oth_votes":1603,"con_pct":9.4,"lab_pct":47.2,"lib_pct":39.8,"ruk_pct":0.0,"grn_pct":0.0,"oth_pct":3.6,"total_votes":44364,"turnout":0.628,"mp_name":"nan"}}},"geometry":{"type":"Polygon","coordinates":[[[-1.655284,54.826456],[-1.654636,54.82649],[-1.652436,54.826806],[-1.651526,54.826817],[-1.650559,54.825445],[-1.64999,54.824715],[-1.646199,54.825704],[-1.644743,54.823776],[-1.644592,54.823304],[-1.642674,54.821671],[-1.639792,54.821092],[-1.638515,54.820817],[-1.637204,54.820457],[-1.637165,54.820356],[-1.637687,54.819966],[-1.637711,54.819007],[-1.638467,54.819093],[-1.63828,54.81865],[-1.637628,54.818113],[-1.637461,54.817937],[-1.637395,54.81773],[-1.637402,54.817601],[-1.637501,54.817502],[-1.637553,54.817384],[-1.636934,54.816414],[-1.637373,54.816013],[-1.637906,54.815906],[-1.63904,54.815926],[-1.639933,54.81572],[-1.6395,54.814356],[-1.638627,54.814356],[-1.638234,54.814301],[-1.636638,54.813892],[-1.636035,54.813588],[-1.634406,54.814349],[-1.634242,54.814304],[-1.633943,54.814192],[-1.632627,54.813677],[-1.631462,54.813466],[-1.631078,54.813385],[-1.629903,54.813129],[-1.629298,54.812959],[-1.628848,54.812742],[-1.628611,54.812663],[-1.62824,54.812564],[-1.628051,54.812507],[-1.627486,54.812441],[-1.626489,54.812194],[-1.626134,54.812111],[-1.624057,54.811657],[-1.622125,54.811317],[-1.621874,54.811864],[-1.6213,54.812609],[-1.620082,54.81285],[-1.619783,54.812527],[-1.619173,54.812868],[-1.61859,54.813176],[-1.617479,54.813565],[-1.617034,54.813705],[-1.616451,54.813876],[-1.615706,54.81412],[-1.616039,54.814498],[-1.615429,54.814807],[-1.615607,54.814955],[-1.614349,54.815238],[-1.611227,54.816049],[-1.609938,54.816422],[-1.606291,54.817333],[-1.605384,54.817523],[-1.599432,54.816952],[-1.597155,54.816433],[-1.596404,54.816285],[-1.595485,54.816254],[-1.594214,54.816176],[-1.593358,54.816788],[-1.592949,54.816954],[-1.592415,54.817101],[-1.590927,54.817198],[-1.590456,54.817422],[-1.590277,54.818121],[-1.589975,54.819326],[-1.589728,54.819762],[-1.588375,54.820173],[-1.588183,54.820235],[-1.587951,54.820304],[-1.58781,54.820381],[-1.587667,54.8206],[-1.587676,54.820684],[-1.587762,54.82081],[-1.587967,54.82119],[-1.587358,54.821375],[-1.586112,54.821747],[-1.585813,54.821873],[-1.584357,54.822472],[-1.583351,54.82272],[-1.582576,54.822924],[-1.582187,54.822926],[-1.580777,54.822586],[-1.577876,54.822692],[-1.574316,54.82182],[-1.571679,54.820072],[-1.571062,54.820574],[-1.570125,54.82211],[-1.565494,54.825363],[-1.564295,54.825643],[-1.564119,54.825657],[-1.562045,54.825462],[-1.561337,54.826203],[-1.560645,54.826272],[-1.560371,54.826273],[-1.559806,54.826228],[-1.559477,54.826174],[-1.557358,54.825715],[-1.555356,54.825653],[-1.554073,54.824426],[-1.553867,54.824456],[-1.55345,54.82443],[-1.553314,54.824558],[-1.552431,54.825049],[-1.551759,54.825],[-1.550816,54.824728],[-1.549354,54.82455],[-1.548814,54.824559],[-1.548051,54.824697],[-1.547696,54.8248],[-1.547019,54.824683],[-1.546761,54.824541],[-1.546394,54.824379],[-1.545877,54.824433],[-1.545417,54.824543],[-1.545249,54.824618],[-1.544805,54.824713],[-1.543916,54.824869],[-1.543434,54.825021],[-1.542455,54.825306],[-1.542146,54.825218],[-1.541313,54.82519],[-1.540113,54.824943],[-1.539117,54.825013],[-1.538519,54.825016],[-1.537919,54.825254],[-1.537207,54.825374],[-1.535973,54.826046],[-1.535681,54.82632],[-1.535501,54.826483],[-1.535175,54.826831],[-1.534352,54.827278],[-1.534102,54.827423],[-1.533927,54.827491],[-1.533834,54.827512],[-1.533616,54.827702],[-1.533127,54.82799],[-1.532738,54.828237],[-1.532179,54.828735],[-1.530435,54.829118],[-1.529701,54.829088],[-1.528313,54.829084],[-1.526234,54.829301],[-1.524258,54.82927],[-1.522962,54.829288],[-1.522131,54.829257],[-1.521678,54.829218],[-1.51981,54.829199],[-1.518291,54.829143],[-1.516962,54.829163],[-1.516077,54.829098],[-1.515489,54.829014],[-1.513694,54.828652],[-1.512821,54.828359],[-1.512591,54.829175],[-1.512646,54.829469],[-1.513286,54.830837],[-1.513755,54.832308],[-1.514061,54.832673],[-1.514719,54.834241],[-1.514824,54.834727],[-1.514414,54.834859],[-1.513124,54.835353],[-1.511729,54.835778],[-1.510298,54.836002],[-1.508385,54.836345],[-1.507661,54.836874],[-1.5069,54.836686],[-1.504517,54.837063],[-1.501962,54.837342],[-1.501738,54.836588],[-1.501679,54.836397],[-1.501427,54.835714],[-1.501327,54.835428],[-1.501277,54.835158],[-1.501263,54.834807],[-1.501278,54.834482],[-1.501404,54.833976],[-1.501707,54.833113],[-1.502373,54.831816],[-1.501363,54.829595],[-1.499149,54.826807],[-1.49799,54.825514],[-1.49722,54.824499],[-1.496212,54.823504],[-1.495925,54.822572],[-1.495616,54.82256],[-1.495204,54.822579],[-1.492139,54.823363],[-1.490993,54.822272],[-1.490482,54.82181],[-1.489635,54.821145],[-1.489035,54.82058],[-1.488792,54.820217],[-1.488878,54.819927],[-1.490793,54.818507],[-1.490403,54.818273],[-1.491171,54.817274],[-1.49157,54.816922],[-1.492706,54.815902],[-1.491644,54.815388],[-1.490457,54.81482],[-1.488102,54.813671],[-1.486929,54.813049],[-1.484721,54.812041],[-1.48423,54.811973],[-1.483548,54.81175],[-1.483649,54.811467],[-1.483482,54.811354],[-1.483246,54.811185],[-1.482973,54.810817],[-1.482238,54.810138],[-1.48082,54.80991],[-1.480488,54.809476],[-1.481975,54.808953],[-1.48315,54.80853],[-1.48389,54.808102],[-1.485249,54.807174],[-1.486137,54.806578],[-1.486953,54.806013],[-1.488144,54.80517],[-1.488278,54.804995],[-1.488806,54.8047],[-1.489707,54.804023],[-1.490505,54.803258],[-1.491584,54.802091],[-1.491963,54.801667],[-1.492496,54.801305],[-1.492743,54.800929],[-1.492197,54.800218],[-1.491909,54.799885],[-1.490454,54.799521],[-1.488708,54.799178],[-1.48825,54.799196],[-1.486349,54.799331],[-1.483492,54.799569],[-1.482767,54.799464],[-1.481643,54.799122],[-1.480485,54.798939],[-1.48018,54.798955],[-1.479536,54.799147],[-1.478749,54.799556],[-1.478449,54.79965],[-1.476276,54.799959],[-1.47578,54.799955],[-1.470835,54.799839],[-1.468202,54.800066],[-1.466741,54.800168],[-1.464,54.800575],[-1.461288,54.801105],[-1.45722,54.801417],[-1.456314,54.801306],[-1.454429,54.800802],[-1.454644,54.800301],[-1.453457,54.800425],[-1.452343,54.800005],[-1.450313,54.800185],[-1.450161,54.800197],[-1.448677,54.80053],[-1.446662,54.800893],[-1.445812,54.801136],[-1.444776,54.801461],[-1.443527,54.80193],[-1.441915,54.802104],[-1.441569,54.801956],[-1.440895,54.801776],[-1.440269,54.80168],[-1.439579,54.801645],[-1.439131,54.801584],[-1.438846,54.801503],[-1.439257,54.800706],[-1.439102,54.799574],[-1.43748,54.799974],[-1.435649,54.799867],[-1.43541,54.799251],[-1.434954,54.797897],[-1.434885,54.797367],[-1.43495,54.796837],[-1.435,54.796244],[-1.435091,54.796044],[-1.43525,54.795891],[-1.435648,54.795651],[-1.435899,54.795222],[-1.436518,54.794981],[-1.436869,54.794004],[-1.437662,54.793905],[-1.438051,54.793812],[-1.438301,54.793694],[-1.439007,54.793028],[-1.439572,54.792666],[-1.4401,54.792389],[-1.440812,54.792089],[-1.44214,54.791757],[-1.443359,54.791322],[-1.443992,54.791106],[-1.443954,54.790949],[-1.444187,54.790856],[-1.444254,54.790809],[-1.444454,54.79057],[-1.444675,54.790463],[-1.445043,54.790354],[-1.445306,54.790073],[-1.445335,54.789902],[-1.445413,54.789839],[-1.445688,54.789744],[-1.44593,54.789674],[-1.445977,54.789609],[-1.446042,54.789411],[-1.446242,54.789216],[-1.446633,54.788791],[-1.446866,54.788725],[-1.447228,54.788694],[-1.447418,54.788791],[-1.44767,54.788886],[-1.44787,54.788898],[-1.448044,54.789076],[-1.448306,54.789135],[-1.448979,54.789117],[-1.449189,54.789109],[-1.449577,54.789226],[-1.449785,54.789331],[-1.449916,54.789447],[-1.450082,54.789486],[-1.450882,54.78949],[-1.450994,54.789502],[-1.45117,54.7896],[-1.451444,54.789743],[-1.451574,54.789758],[-1.451838,54.789738],[-1.452334,54.789943],[-1.452482,54.789989],[-1.452919,54.790055],[-1.453118,54.790066],[-1.453505,54.790058],[-1.454123,54.789947],[-1.454333,54.789922],[-1.45444,54.790062],[-1.45548,54.790066],[-1.458123,54.790385],[-1.458443,54.790771],[-1.462008,54.790734],[-1.463508,54.791021],[-1.465097,54.790815],[-1.465576,54.790756],[-1.46666,54.790546],[-1.466902,54.790351],[-1.467366,54.790193],[-1.467183,54.789334],[-1.466545,54.788903],[-1.465933,54.788723],[-1.465879,54.787924],[-1.46595,54.787362],[-1.465947,54.786922],[-1.46598,54.786343],[-1.466448,54.785573],[-1.46708,54.784796],[-1.467263,54.784501],[-1.467596,54.784077],[-1.467735,54.783803],[-1.467751,54.783722],[-1.46782,54.783413],[-1.467764,54.78295],[-1.467503,54.781699],[-1.467824,54.781614],[-1.468126,54.781166],[-1.468399,54.780451],[-1.468578,54.78006],[-1.468832,54.779718],[-1.469316,54.779283],[-1.469728,54.778607],[-1.469389,54.778621],[-1.468069,54.778687],[-1.466408,54.778511],[-1.465886,54.77821],[-1.462793,54.776316],[-1.461833,54.775716],[-1.460061,54.774595],[-1.458734,54.773958],[-1.458472,54.773602],[-1.456307,54.772249],[-1.45557,54.771921],[-1.454842,54.771718],[-1.453044,54.772008],[-1.452609,54.771987],[-1.452235,54.771877],[-1.450685,54.771471],[-1.451026,54.770497],[-1.450666,54.770006],[-1.450251,54.76986],[-1.449105,54.768914],[-1.448379,54.768295],[-1.448274,54.76816],[-1.445284,54.769364],[-1.444727,54.769479],[-1.44436,54.769493],[-1.443898,54.769545],[-1.443129,54.770027],[-1.44283,54.770311],[-1.442659,54.770416],[-1.442155,54.770579],[-1.441427,54.770692],[-1.440935,54.770658],[-1.440058,54.770656],[-1.439298,54.770709],[-1.438715,54.770786],[-1.437963,54.770994],[-1.43711,54.771318],[-1.436706,54.771353],[-1.436384,54.771595],[-1.435871,54.771842],[-1.435559,54.771853],[-1.435384,54.771962],[-1.435258,54.772102],[-1.435129,54.772172],[-1.434914,54.772233],[-1.434668,54.772246],[-1.434221,54.772196],[-1.433338,54.772078],[-1.432403,54.771937],[-1.431839,54.771785],[-1.431278,54.771731],[-1.430646,54.771658],[-1.429636,54.771588],[-1.4289,54.771492],[-1.42796,54.771431],[-1.427203,54.771415],[-1.426602,54.771375],[-1.425052,54.771283],[-1.424836,54.771259],[-1.423714,54.77114],[-1.422616,54.771055],[-1.421194,54.770955],[-1.420462,54.770892],[-1.418847,54.770772],[-1.416984,54.770491],[-1.414439,54.769895],[-1.413422,54.769707],[-1.411845,54.769417],[-1.410315,54.769117],[-1.409519,54.768863],[-1.408669,54.768725],[-1.407857,54.768701],[-1.406018,54.76859],[-1.405094,54.768506],[-1.404359,54.768067],[-1.404423,54.767964],[-1.404541,54.76786],[-1.404857,54.767736],[-1.405673,54.767592],[-1.405822,54.767529],[-1.406155,54.767274],[-1.406419,54.767154],[-1.406634,54.766907],[-1.406755,54.766698],[-1.406754,54.766101],[-1.406613,54.765798],[-1.406347,54.765614],[-1.405937,54.765276],[-1.405824,54.765028],[-1.405851,54.764837],[-1.406154,54.764373],[-1.406193,54.764162],[-1.406109,54.763992],[-1.405891,54.763738],[-1.405838,54.763603],[-1.405852,54.763514],[-1.40597,54.763303],[-1.405871,54.762945],[-1.40565,54.762714],[-1.405316,54.762514],[-1.404804,54.76222],[-1.403828,54.761511],[-1.403303,54.76108],[-1.403085,54.760843],[-1.402945,54.760639],[-1.402241,54.760239],[-1.401999,54.760138],[-1.401676,54.759906],[-1.401869,54.759817],[-1.402163,54.759736],[-1.402616,54.759662],[-1.405159,54.759417],[-1.405513,54.759234],[-1.405319,54.759017],[-1.405192,54.75876],[-1.406445,54.758546],[-1.406974,54.758481],[-1.40723,54.758426],[-1.407954,54.758227],[-1.408245,54.758119],[-1.409123,54.757577],[-1.409437,54.75726],[-1.409641,54.757002],[-1.409846,54.756692],[-1.409782,54.756597],[-1.409597,54.75653],[-1.409344,54.756013],[-1.409487,54.755502],[-1.409387,54.754764],[-1.409489,54.754226],[-1.40996,54.753957],[-1.410026,54.753258],[-1.412041,54.752228],[-1.412463,54.752278],[-1.412821,54.752378],[-1.413762,54.752489],[-1.413992,54.752499],[-1.414221,54.752472],[-1.414149,54.752167],[-1.414192,54.752003],[-1.414323,54.751852],[-1.414546,54.751769],[-1.415318,54.751897],[-1.418927,54.753317],[-1.419702,54.753541],[-1.42222,54.753912],[-1.423493,54.754106],[-1.424398,54.754235],[-1.425598,54.754379],[-1.426401,54.754387],[-1.427267,54.754479],[-1.42787,54.754495],[-1.428324,54.754537],[-1.428982,54.754679],[-1.429551,54.754767],[-1.429807,54.754824],[-1.430119,54.754925],[-1.430702,54.755315],[-1.430933,54.755468],[-1.431057,54.755632],[-1.43116,54.755844],[-1.431353,54.755841],[-1.431716,54.755922],[-1.432408,54.756149],[-1.432669,54.756185],[-1.433646,54.756155],[-1.434507,54.756228],[-1.435541,54.755865],[-1.435587,54.755799],[-1.435974,54.755682],[-1.436072,54.75565],[-1.436191,54.755556],[-1.436312,54.7555],[-1.436416,54.755473],[-1.436544,54.755454],[-1.436854,54.755415],[-1.437397,54.755285],[-1.438657,54.754997],[-1.439277,54.754821],[-1.439957,54.754582],[-1.440264,54.754406],[-1.440852,54.754204],[-1.44161,54.753911],[-1.4421,54.753614],[-1.44229,54.753353],[-1.442446,54.753233],[-1.442835,54.753064],[-1.442931,54.753091],[-1.443317,54.752833],[-1.443588,54.752471],[-1.443966,54.752149],[-1.444028,54.752109],[-1.44446,54.751952],[-1.444736,54.751827],[-1.445029,54.751632],[-1.445229,54.751434],[-1.44543,54.751198],[-1.445601,54.750918],[-1.445834,54.750579],[-1.445964,54.750384],[-1.446298,54.750183],[-1.446905,54.749783],[-1.447254,54.749611],[-1.448168,54.749354],[-1.448702,54.74921],[-1.449618,54.748992],[-1.450138,54.748847],[-1.451156,54.748479],[-1.451841,54.748097],[-1.452365,54.747802],[-1.453231,54.74751],[-1.453751,54.747454],[-1.454332,54.747407],[-1.454561,54.747321],[-1.454649,54.747266],[-1.454762,54.747141],[-1.454943,54.746932],[-1.455714,54.746313],[-1.45599,54.746068],[-1.45659,54.745377],[-1.45709,54.744914],[-1.457377,54.744457],[-1.457839,54.743103],[-1.457839,54.742564],[-1.457517,54.741466],[-1.457372,54.740773],[-1.457197,54.739888],[-1.456902,54.739202],[-1.456671,54.73898],[-1.457675,54.738686],[-1.458432,54.738519],[-1.459131,54.73837],[-1.460066,54.738157],[-1.461385,54.737982],[-1.462682,54.737663],[-1.463091,54.737552],[-1.463687,54.736968],[-1.461591,54.734831],[-1.461053,54.734302],[-1.460659,54.734163],[-1.458617,54.733676],[-1.456399,54.733342],[-1.452399,54.732861],[-1.451626,54.732852],[-1.451266,54.732891],[-1.450413,54.733128],[-1.448592,54.733645],[-1.446722,54.73407],[-1.44558,54.734227],[-1.445357,54.733873],[-1.444457,54.73312],[-1.443717,54.732937],[-1.442982,54.732842],[-1.442535,54.732837],[-1.439521,54.732724],[-1.438844,54.7326],[-1.437279,54.732305],[-1.436303,54.732154],[-1.435919,54.732643],[-1.434894,54.732732],[-1.43457,54.73274],[-1.433948,54.732707],[-1.433099,54.732812],[-1.432269,54.732917],[-1.431491,54.732614],[-1.431219,54.732565],[-1.430508,54.732487],[-1.429981,54.732548],[-1.429645,54.732549],[-1.429315,54.732512],[-1.428593,54.731488],[-1.428456,54.731055],[-1.427974,54.729889],[-1.427722,54.72892],[-1.427521,54.728135],[-1.427292,54.727501],[-1.427291,54.726557],[-1.42727,54.725613],[-1.42731,54.725023],[-1.42729,54.724395],[-1.427265,54.722223],[-1.427247,54.721388],[-1.42726,54.720277],[-1.42791,54.719518],[-1.42882,54.719282],[-1.429653,54.719096],[-1.430337,54.71869],[-1.430409,54.718057],[-1.430881,54.718181],[-1.431318,54.718346],[-1.43166,54.71839],[-1.433328,54.718335],[-1.433594,54.716912],[-1.433524,54.716238],[-1.433352,54.715602],[-1.433206,54.715076],[-1.434992,54.714797],[-1.437022,54.7145],[-1.437689,54.714254],[-1.437893,54.714112],[-1.438125,54.713833],[-1.437867,54.713423],[-1.437658,54.713158],[-1.437481,54.712685],[-1.437558,54.712279],[-1.437654,54.712088],[-1.437933,54.711788],[-1.438307,54.711558],[-1.440018,54.710928],[-1.441095,54.710649],[-1.442349,54.710489],[-1.443755,54.710472],[-1.446246,54.710411],[-1.446771,54.710333],[-1.448121,54.710062],[-1.448846,54.70981],[-1.449559,54.709635],[-1.450243,54.709546],[-1.45244,54.709306],[-1.452443,54.708902],[-1.451723,54.707177],[-1.45107,54.707222],[-1.449739,54.707336],[-1.449072,54.706972],[-1.448619,54.705716],[-1.44825,54.704647],[-1.44799,54.703107],[-1.447782,54.701771],[-1.447531,54.700923],[-1.447516,54.700544],[-1.447457,54.700245],[-1.447131,54.698709],[-1.448986,54.698455],[-1.449724,54.698365],[-1.450142,54.698352],[-1.45155,54.698376],[-1.452291,54.698318],[-1.453216,54.698085],[-1.453515,54.698028],[-1.454948,54.697894],[-1.455569,54.697829],[-1.456874,54.697732],[-1.457295,54.697684],[-1.458318,54.697423],[-1.45907,54.697397],[-1.460011,54.697409],[-1.461517,54.697451],[-1.462767,54.697472],[-1.463685,54.697464],[-1.46458,54.697506],[-1.466014,54.69767],[-1.467838,54.697979],[-1.471007,54.698725],[-1.471912,54.699037],[-1.473921,54.699636],[-1.476019,54.700021],[-1.477112,54.700377],[-1.477432,54.700517],[-1.479879,54.701652],[-1.481969,54.702885],[-1.482412,54.703098],[-1.484179,54.703728],[-1.484882,54.703979],[-1.485447,54.704222],[-1.4874,54.705253],[-1.487723,54.705442],[-1.488587,54.706003],[-1.489808,54.706721],[-1.49066,54.707095],[-1.491364,54.707406],[-1.491859,54.70758],[-1.492217,54.707934],[-1.492623,54.708096],[-1.494049,54.707797],[-1.494348,54.707749],[-1.495496,54.707716],[-1.496921,54.70775],[-1.497139,54.707793],[-1.497545,54.707916],[-1.497731,54.707937],[-1.497872,54.707931],[-1.498201,54.707839],[-1.498591,54.707787],[-1.498669,54.707818],[-1.498696,54.707878],[-1.498685,54.707906],[-1.498426,54.708222],[-1.498403,54.708318],[-1.498481,54.708362],[-1.498939,54.708175],[-1.499813,54.707831],[-1.500252,54.707685],[-1.500578,54.707644],[-1.501548,54.707443],[-1.502773,54.707779],[-1.503937,54.708021],[-1.504841,54.708057],[-1.506124,54.708172],[-1.506451,54.708177],[-1.507476,54.708156],[-1.507961,54.708128],[-1.508336,54.708053],[-1.508864,54.707808],[-1.509197,54.70765],[-1.509369,54.707614],[-1.509754,54.707644],[-1.509908,54.707622],[-1.509941,54.70751],[-1.509802,54.70722],[-1.509887,54.707078],[-1.510015,54.707023],[-1.510298,54.706995],[-1.510494,54.706995],[-1.510878,54.707027],[-1.511298,54.707017],[-1.511559,54.706926],[-1.511936,54.706742],[-1.51212,54.706735],[-1.512222,54.706816],[-1.512222,54.706935],[-1.512216,54.706996],[-1.512495,54.70706],[-1.51331,54.707345],[-1.513619,54.707441],[-1.513928,54.707511],[-1.514244,54.707543],[-1.514333,54.707621],[-1.514558,54.707664],[-1.514686,54.707622],[-1.51471,54.707571],[-1.514594,54.707506],[-1.5146,54.707408],[-1.51466,54.707373],[-1.514772,54.707378],[-1.51495,54.707469],[-1.514972,54.707506],[-1.515094,54.70762],[-1.515279,54.707617],[-1.515634,54.707546],[-1.516383,54.707446],[-1.516624,54.707475],[-1.516685,54.707468],[-1.516752,54.707421],[-1.517047,54.707237],[-1.517276,54.707226],[-1.5175,54.707325],[-1.517517,54.70739],[-1.517266,54.707508],[-1.517193,54.707547],[-1.517252,54.707643],[-1.517303,54.707662],[-1.517432,54.70766],[-1.517613,54.707626],[-1.51762,54.70763],[-1.517639,54.707679],[-1.517607,54.707753],[-1.517697,54.707827],[-1.517829,54.707839],[-1.517985,54.707788],[-1.518063,54.707794],[-1.518119,54.70785],[-1.518219,54.708126],[-1.5183,54.708157],[-1.518348,54.708155],[-1.518564,54.708123],[-1.518698,54.708189],[-1.519157,54.708511],[-1.519497,54.708773],[-1.519615,54.708911],[-1.519703,54.708913],[-1.52019,54.708699],[-1.520383,54.709005],[-1.517728,54.71089],[-1.516817,54.711544],[-1.516666,54.711883],[-1.516573,54.712098],[-1.516555,54.712366],[-1.516588,54.712487],[-1.516826,54.71292],[-1.517167,54.713327],[-1.517615,54.713638],[-1.518881,54.714108],[-1.519352,54.714181],[-1.520547,54.714184],[-1.523575,54.714009],[-1.526946,54.713853],[-1.527468,54.713902],[-1.528511,54.713094],[-1.528994,54.712865],[-1.529524,54.712913],[-1.529808,54.712943],[-1.530303,54.712937],[-1.531177,54.713325],[-1.531526,54.713413],[-1.532173,54.713554],[-1.532612,54.713345],[-1.532697,54.713174],[-1.532327,54.712881],[-1.53231,54.712344],[-1.532682,54.71209],[-1.53275,54.711952],[-1.533643,54.711706],[-1.533956,54.711307],[-1.534406,54.710831],[-1.534392,54.710648],[-1.534338,54.710624],[-1.534236,54.710539],[-1.533836,54.709928],[-1.533346,54.709394],[-1.534333,54.709279],[-1.535085,54.70906],[-1.535624,54.708911],[-1.537108,54.708546],[-1.537525,54.708447],[-1.538732,54.708204],[-1.54301,54.70757],[-1.545367,54.707159],[-1.546219,54.707037],[-1.547663,54.706978],[-1.547859,54.706957],[-1.548344,54.706831],[-1.549046,54.706796],[-1.550601,54.706617],[-1.551025,54.706585],[-1.552085,54.706407],[-1.553974,54.706026],[-1.55563,54.705758],[-1.55841,54.705531],[-1.560519,54.705448],[-1.563482,54.705428],[-1.564636,54.705333],[-1.565087,54.706787],[-1.565457,54.707999],[-1.56595,54.709033],[-1.566459,54.709763],[-1.568141,54.712493],[-1.568675,54.713355],[-1.569229,54.714332],[-1.569733,54.714572],[-1.57038,54.715288],[-1.571967,54.717154],[-1.572693,54.718202],[-1.573753,54.719345],[-1.575927,54.718587],[-1.577104,54.718028],[-1.580087,54.71802],[-1.580118,54.718254],[-1.580192,54.719081],[-1.580378,54.719101],[-1.580822,54.719747],[-1.581632,54.72062],[-1.581792,54.720828],[-1.582152,54.721129],[-1.582675,54.721448],[-1.583526,54.721608],[-1.58391,54.721864],[-1.584784,54.722241],[-1.585965,54.722208],[-1.586862,54.722317],[-1.587519,54.723236],[-1.588076,54.723534],[-1.589076,54.723793],[-1.58957,54.724137],[-1.58929,54.724474],[-1.589414,54.724658],[-1.589894,54.724941],[-1.589914,54.725167],[-1.590165,54.7254],[-1.59028,54.725545],[-1.590465,54.725667],[-1.590507,54.72574],[-1.590543,54.725857],[-1.590929,54.726009],[-1.591025,54.726157],[-1.591188,54.726193],[-1.59136,54.726176],[-1.591296,54.726357],[-1.592354,54.726487],[-1.592667,54.726457],[-1.593481,54.726476],[-1.59446,54.726647],[-1.5948,54.726641],[-1.595014,54.72686],[-1.595278,54.726984],[-1.595625,54.726922],[-1.595864,54.726929],[-1.596158,54.726944],[-1.596529,54.727138],[-1.596885,54.727219],[-1.597144,54.727446],[-1.596526,54.727873],[-1.595704,54.728556],[-1.594454,54.729462],[-1.594477,54.729888],[-1.594489,54.730056],[-1.597002,54.730649],[-1.597745,54.730735],[-1.598356,54.730764],[-1.599753,54.730499],[-1.603344,54.728999],[-1.605207,54.728312],[-1.60743,54.727502],[-1.609646,54.726742],[-1.611782,54.726125],[-1.612627,54.72585],[-1.613337,54.725758],[-1.613674,54.725681],[-1.614096,54.725529],[-1.614739,54.725212],[-1.615126,54.724956],[-1.615789,54.724308],[-1.617194,54.723694],[-1.618128,54.722989],[-1.618822,54.722485],[-1.619543,54.722135],[-1.61983,54.721873],[-1.619923,54.721768],[-1.620738,54.721472],[-1.621713,54.721007],[-1.622024,54.720781],[-1.62232,54.720512],[-1.622804,54.719995],[-1.62298,54.719688],[-1.623094,54.719252],[-1.622872,54.71849],[-1.622888,54.718195],[-1.623017,54.718013],[-1.623125,54.717919],[-1.623654,54.717628],[-1.624556,54.717254],[-1.625047,54.717174],[-1.625322,54.717165],[-1.626059,54.717188],[-1.626567,54.717142],[-1.627084,54.717028],[-1.629203,54.716143],[-1.630255,54.71565],[-1.631571,54.715643],[-1.631626,54.715713],[-1.631892,54.715717],[-1.632591,54.71544],[-1.633185,54.715241],[-1.633697,54.715184],[-1.634643,54.715002],[-1.63588,54.714703],[-1.636329,54.714672],[-1.637258,54.715042],[-1.638199,54.715905],[-1.639951,54.71813],[-1.640513,54.718862],[-1.640694,54.719259],[-1.64076,54.719547],[-1.640834,54.719827],[-1.640849,54.719934],[-1.640855,54.720424],[-1.640909,54.720564],[-1.641065,54.720688],[-1.6418,54.721125],[-1.642306,54.721489],[-1.643399,54.722411],[-1.644634,54.723449],[-1.645619,54.724281],[-1.64717,54.725476],[-1.647392,54.725701],[-1.647513,54.725889],[-1.647879,54.726709],[-1.648196,54.727151],[-1.649857,54.728757],[-1.650605,54.729526],[-1.651272,54.730045],[-1.651857,54.730269],[-1.652056,54.730293],[-1.653345,54.730341],[-1.654498,54.730349],[-1.655114,54.730305],[-1.655838,54.730268],[-1.656092,54.730272],[-1.656257,54.730263],[-1.656438,54.730299],[-1.656523,54.730398],[-1.656455,54.73061],[-1.656121,54.731301],[-1.655996,54.731841],[-1.655859,54.732418],[-1.655694,54.732806],[-1.655525,54.733273],[-1.65558,54.733361],[-1.655753,54.733488],[-1.655847,54.733603],[-1.655803,54.733884],[-1.655982,54.733955],[-1.656353,54.734025],[-1.656714,54.734135],[-1.657301,54.734403],[-1.658054,54.734732],[-1.65841,54.734909],[-1.658684,54.735113],[-1.658932,54.735367],[-1.658999,54.735406],[-1.659353,54.735653],[-1.659529,54.735735],[-1.659755,54.735787],[-1.659862,54.735882],[-1.659847,54.736015],[-1.659849,54.736115],[-1.660041,54.736275],[-1.660559,54.736602],[-1.66117,54.737071],[-1.661371,54.737224],[-1.661558,54.737252],[-1.661684,54.737294],[-1.661936,54.737499],[-1.662348,54.737595],[-1.662548,54.737884],[-1.662767,54.737975],[-1.662844,54.738053],[-1.662818,54.73824],[-1.662902,54.738311],[-1.663281,54.738403],[-1.6637,54.738433],[-1.664002,54.738476],[-1.66408,54.738526],[-1.663979,54.738841],[-1.664024,54.738908],[-1.664139,54.738937],[-1.664993,54.738831],[-1.665241,54.738783],[-1.665358,54.738789],[-1.665489,54.738833],[-1.665764,54.738974],[-1.666003,54.739003],[-1.666433,54.738978],[-1.666838,54.739023],[-1.667528,54.739156],[-1.66817,54.73907],[-1.668239,54.739052],[-1.668495,54.739057],[-1.6687,54.739184],[-1.669112,54.739383],[-1.669307,54.739396],[-1.669443,54.739366],[-1.669535,54.739304],[-1.669556,54.739209],[-1.669844,54.739168],[-1.670389,54.739335],[-1.670508,54.739445],[-1.670489,54.73952],[-1.670432,54.739586],[-1.670504,54.739677],[-1.670742,54.739665],[-1.670968,54.739574],[-1.671207,54.739334],[-1.671467,54.739203],[-1.671788,54.739326],[-1.671942,54.739359],[-1.672118,54.739365],[-1.672252,54.739315],[-1.672367,54.739095],[-1.672502,54.738907],[-1.672705,54.738701],[-1.672849,54.738673],[-1.672894,54.738703],[-1.672946,54.73879],[-1.673177,54.738904],[-1.673482,54.738931],[-1.673645,54.738911],[-1.673769,54.738849],[-1.673841,54.738749],[-1.673962,54.738779],[-1.674075,54.739],[-1.673957,54.739145],[-1.673938,54.739176],[-1.674073,54.739346],[-1.674376,54.739361],[-1.674573,54.739303],[-1.674762,54.738916],[-1.674809,54.738856],[-1.674922,54.738793],[-1.675139,54.738786],[-1.675448,54.73884],[-1.675885,54.738799],[-1.675991,54.738687],[-1.67606,54.738676],[-1.676235,54.738836],[-1.676361,54.738859],[-1.676527,54.738744],[-1.676624,54.738569],[-1.676561,54.738466],[-1.67659,54.738412],[-1.676658,54.738374],[-1.676831,54.738346],[-1.677155,54.738293],[-1.677565,54.73829],[-1.678001,54.738328],[-1.678103,54.738256],[-1.678126,54.737877],[-1.678987,54.737804],[-1.679136,54.73776],[-1.6794,54.737785],[-1.679568,54.737853],[-1.679766,54.737748],[-1.67981,54.73772],[-1.680257,54.737779],[-1.680606,54.737927],[-1.680714,54.738034],[-1.680714,54.738171],[-1.680836,54.738197],[-1.681286,54.738091],[-1.681448,54.73804],[-1.681667,54.737781],[-1.681784,54.737619],[-1.681913,54.737569],[-1.682102,54.737568],[-1.682476,54.73752],[-1.683171,54.737451],[-1.683524,54.737468],[-1.683893,54.737446],[-1.684498,54.737312],[-1.684674,54.737273],[-1.685268,54.737195],[-1.685599,54.737124],[-1.685974,54.73716],[-1.686009,54.737139],[-1.686076,54.737084],[-1.68608,54.737084],[-1.68621,54.737095],[-1.686406,54.737168],[-1.686574,54.737135],[-1.686593,54.737114],[-1.686587,54.736969],[-1.686453,54.736708],[-1.686506,54.736689],[-1.686591,54.736683],[-1.686711,54.73666],[-1.687302,54.736403],[-1.687836,54.736359],[-1.688529,54.736346],[-1.688837,54.736312],[-1.689002,54.736225],[-1.689349,54.73619],[-1.689615,54.7362],[-1.689737,54.736196],[-1.689867,54.736231],[-1.690357,54.736338],[-1.690453,54.736369],[-1.691014,54.736622],[-1.691137,54.736544],[-1.691374,54.736395],[-1.691519,54.736432],[-1.691654,54.736441],[-1.691669,54.736271],[-1.691813,54.7362],[-1.692185,54.736252],[-1.692439,54.736454],[-1.692671,54.736484],[-1.692952,54.736577],[-1.693134,54.736568],[-1.693269,54.736493],[-1.693268,54.73646],[-1.693215,54.736432],[-1.693074,54.736341],[-1.693144,54.736319],[-1.693353,54.736314],[-1.69353,54.736278],[-1.693598,54.736224],[-1.693747,54.736257],[-1.693829,54.736342],[-1.694109,54.736423],[-1.694333,54.736479],[-1.694396,54.736479],[-1.694542,54.73638],[-1.694597,54.736375],[-1.694636,54.736392],[-1.694645,54.736423],[-1.694629,54.736512],[-1.694781,54.736548],[-1.69512,54.736594],[-1.695329,54.736727],[-1.695424,54.736772],[-1.695751,54.73671],[-1.695796,54.736728],[-1.695924,54.736816],[-1.6961,54.736748],[-1.696534,54.736703],[-1.69667,54.736666],[-1.696755,54.736695],[-1.696633,54.736797],[-1.696643,54.736854],[-1.696963,54.736917],[-1.69703,54.736976],[-1.697087,54.736992],[-1.697562,54.736853],[-1.698432,54.736703],[-1.699175,54.736524],[-1.699992,54.735979],[-1.700513,54.735758],[-1.701451,54.735266],[-1.701962,54.735072],[-1.704113,54.734309],[-1.704826,54.73404],[-1.705102,54.733974],[-1.70599,54.73393],[-1.707505,54.733792],[-1.70766,54.733784],[-1.708655,54.734001],[-1.709919,54.734366],[-1.71008,54.734437],[-1.710608,54.734524],[-1.711615,54.734632],[-1.712858,54.734542],[-1.714328,54.734507],[-1.715749,54.734502],[-1.716285,54.734465],[-1.716412,54.734754],[-1.717292,54.734417],[-1.721344,54.733889],[-1.721668,54.732861],[-1.721868,54.732514],[-1.722367,54.73195],[-1.723904,54.730724],[-1.725066,54.730204],[-1.725805,54.730074],[-1.726271,54.730044],[-1.726548,54.730008],[-1.726787,54.729946],[-1.726899,54.729931],[-1.727192,54.729936],[-1.727803,54.730068],[-1.729082,54.730284],[-1.729523,54.730449],[-1.730278,54.730734],[-1.730917,54.730896],[-1.731444,54.73091],[-1.733179,54.730936],[-1.733661,54.731542],[-1.734477,54.732689],[-1.734964,54.733442],[-1.735287,54.733993],[-1.735387,54.73418],[-1.735815,54.73512],[-1.736348,54.736285],[-1.736958,54.737577],[-1.737555,54.73908],[-1.737844,54.739802],[-1.738216,54.741128],[-1.73837,54.741753],[-1.73759,54.743321],[-1.736734,54.743596],[-1.73515,54.744255],[-1.73268,54.745074],[-1.731375,54.745529],[-1.731934,54.746364],[-1.732094,54.746686],[-1.732149,54.746978],[-1.732188,54.747672],[-1.732246,54.747833],[-1.732357,54.747923],[-1.732564,54.748079],[-1.732454,54.748285],[-1.731996,54.748454],[-1.731702,54.748547],[-1.731551,54.748904],[-1.731501,54.749077],[-1.73141,54.749115],[-1.731316,54.749211],[-1.731281,54.749237],[-1.731071,54.749243],[-1.730479,54.749283],[-1.730424,54.749354],[-1.730531,54.749466],[-1.730448,54.749701],[-1.730308,54.749779],[-1.730175,54.749766],[-1.730114,54.749658],[-1.73007,54.749635],[-1.729949,54.749626],[-1.729657,54.749754],[-1.729523,54.749999],[-1.729467,54.750248],[-1.729305,54.750389],[-1.728935,54.75059],[-1.728784,54.750656],[-1.728754,54.750692],[-1.728786,54.750847],[-1.728774,54.751009],[-1.7287,54.751131],[-1.728427,54.751351],[-1.728467,54.751515],[-1.728526,54.751529],[-1.728518,54.751664],[-1.728519,54.751764],[-1.728641,54.751879],[-1.728738,54.752173],[-1.728499,54.753023],[-1.728334,54.753145],[-1.72846,54.7537],[-1.728414,54.753993],[-1.728298,54.754087],[-1.728084,54.754128],[-1.72811,54.754469],[-1.728121,54.754594],[-1.728002,54.754705],[-1.727889,54.754739],[-1.728026,54.754984],[-1.72806,54.755055],[-1.72803,54.755144],[-1.727836,54.755326],[-1.727496,54.755516],[-1.727157,54.755645],[-1.72715,54.755657],[-1.727195,54.755737],[-1.72705,54.75591],[-1.727021,54.756054],[-1.726933,54.756175],[-1.726957,54.756337],[-1.727051,54.756441],[-1.727283,54.756569],[-1.72729,54.756627],[-1.727012,54.756721],[-1.726786,54.756836],[-1.726777,54.757056],[-1.726736,54.757219],[-1.726697,54.757266],[-1.726446,54.757457],[-1.726329,54.757604],[-1.726293,54.757728],[-1.726203,54.757769],[-1.726047,54.75783],[-1.726145,54.757956],[-1.726409,54.758134],[-1.726838,54.758164],[-1.727172,54.758177],[-1.727318,54.758174],[-1.727396,54.758138],[-1.727502,54.757991],[-1.727593,54.757925],[-1.728069,54.757684],[-1.728185,54.757636],[-1.728382,54.757609],[-1.728703,54.757641],[-1.728902,54.757949],[-1.729122,54.757928],[-1.729431,54.757908],[-1.729627,54.758034],[-1.729898,54.758139],[-1.730156,54.758098],[-1.730424,54.758038],[-1.730579,54.757919],[-1.73068,54.757804],[-1.730723,54.757766],[-1.730892,54.757691],[-1.731012,54.757691],[-1.731183,54.757742],[-1.731576,54.757939],[-1.731916,54.758038],[-1.732181,54.757976],[-1.732296,54.757959],[-1.73249,54.758122],[-1.732676,54.758174],[-1.732906,54.758135],[-1.733159,54.758156],[-1.733354,54.758222],[-1.733524,54.758372],[-1.73408,54.758406],[-1.734191,54.758409],[-1.734417,54.758389],[-1.7346,54.758386],[-1.734787,54.758368],[-1.73487,54.758536],[-1.73518,54.758471],[-1.735578,54.758429],[-1.735632,54.758412],[-1.735935,54.758243],[-1.736054,54.758268],[-1.736441,54.758335],[-1.736598,54.758391],[-1.736656,54.758461],[-1.736687,54.758564],[-1.73688,54.758652],[-1.737204,54.758688],[-1.738545,54.758907],[-1.738992,54.759027],[-1.739311,54.759199],[-1.739385,54.759243],[-1.739487,54.759246],[-1.739666,54.759088],[-1.739793,54.758981],[-1.739895,54.75897],[-1.739965,54.759022],[-1.740264,54.759032],[-1.740489,54.759109],[-1.740715,54.759156],[-1.741273,54.759261],[-1.741453,54.759413],[-1.741528,54.759401],[-1.741728,54.759353],[-1.742037,54.7594],[-1.742218,54.75933],[-1.742358,54.759296],[-1.742813,54.759319],[-1.743266,54.759421],[-1.743331,54.759463],[-1.743706,54.759937],[-1.743723,54.760104],[-1.743908,54.760597],[-1.744059,54.760919],[-1.744109,54.76125],[-1.74442,54.761972],[-1.744443,54.762361],[-1.744547,54.762565],[-1.744729,54.762854],[-1.744734,54.763767],[-1.746119,54.764912],[-1.747391,54.765366],[-1.748238,54.765907],[-1.748944,54.766229],[-1.75074,54.766809],[-1.752222,54.767228],[-1.753491,54.767574],[-1.753636,54.767781],[-1.752275,54.767769],[-1.751241,54.767839],[-1.74832,54.768247],[-1.746449,54.768585],[-1.74529,54.768887],[-1.744261,54.769206],[-1.742531,54.769741],[-1.741897,54.769949],[-1.741001,54.770191],[-1.739912,54.770594],[-1.739504,54.770688],[-1.738096,54.771038],[-1.736705,54.771504],[-1.736921,54.771822],[-1.735926,54.772238],[-1.73451,54.773225],[-1.732543,54.773215],[-1.732093,54.77329],[-1.731765,54.773304],[-1.731487,54.773284],[-1.730606,54.77326],[-1.72935,54.773171],[-1.728915,54.773102],[-1.728153,54.77289],[-1.727667,54.772805],[-1.726914,54.77257],[-1.726207,54.772465],[-1.725827,54.77244],[-1.724744,54.772725],[-1.724393,54.772843],[-1.724124,54.772886],[-1.723637,54.77287],[-1.723498,54.772912],[-1.723246,54.772916],[-1.722592,54.773106],[-1.721054,54.773396],[-1.720139,54.773556],[-1.719927,54.77366],[-1.719605,54.773839],[-1.719378,54.773891],[-1.719274,54.773935],[-1.719114,54.774139],[-1.719017,54.774177],[-1.718631,54.774382],[-1.71834,54.774563],[-1.718135,54.774689],[-1.717892,54.774739],[-1.71753,54.774745],[-1.717454,54.774764],[-1.717003,54.774836],[-1.71694,54.774826],[-1.716686,54.774757],[-1.716589,54.774766],[-1.716216,54.774879],[-1.715811,54.774858],[-1.715677,54.774858],[-1.715569,54.774888],[-1.715479,54.774943],[-1.715317,54.774974],[-1.714956,54.774969],[-1.714811,54.774932],[-1.714762,54.774895],[-1.713989,54.774669],[-1.713723,54.774692],[-1.713535,54.774783],[-1.713454,54.774749],[-1.712995,54.774581],[-1.712676,54.774558],[-1.712584,54.774563],[-1.712449,54.774593],[-1.712221,54.774543],[-1.712081,54.774542],[-1.71203,54.774551],[-1.711951,54.774592],[-1.711685,54.77461],[-1.711532,54.774548],[-1.711445,54.774418],[-1.711193,54.774323],[-1.711034,54.774303],[-1.710397,54.774468],[-1.710193,54.774572],[-1.709945,54.774488],[-1.709813,54.774481],[-1.709726,54.774516],[-1.709493,54.774688],[-1.709386,54.774831],[-1.70927,54.774869],[-1.709118,54.774844],[-1.708886,54.774792],[-1.708795,54.774707],[-1.708771,54.774649],[-1.708825,54.77462],[-1.708881,54.774606],[-1.708844,54.774528],[-1.708556,54.774431],[-1.708163,54.774354],[-1.707937,54.774297],[-1.70762,54.77426],[-1.707454,54.774268],[-1.707249,54.774149],[-1.707083,54.774096],[-1.706961,54.774079],[-1.706413,54.774022],[-1.706215,54.773999],[-1.705995,54.774007],[-1.705678,54.774093],[-1.705422,54.774206],[-1.705255,54.774242],[-1.704662,54.774295],[-1.704404,54.77425],[-1.704106,54.774122],[-1.703922,54.774063],[-1.703673,54.773995],[-1.703474,54.773831],[-1.703402,54.773643],[-1.703285,54.77353],[-1.702992,54.773445],[-1.702832,54.773347],[-1.702722,54.773203],[-1.702691,54.773181],[-1.702641,54.773169],[-1.702369,54.773153],[-1.701911,54.773117],[-1.701713,54.773091],[-1.701487,54.773048],[-1.701354,54.772984],[-1.701017,54.772876],[-1.70075,54.772805],[-1.70061,54.772822],[-1.700511,54.77292],[-1.700388,54.773002],[-1.700309,54.773021],[-1.699787,54.7731],[-1.699023,54.773264],[-1.698656,54.773282],[-1.698539,54.773301],[-1.698477,54.773508],[-1.698382,54.773553],[-1.698012,54.773576],[-1.696784,54.773798],[-1.696595,54.773831],[-1.696228,54.773962],[-1.696166,54.774147],[-1.696012,54.774432],[-1.695936,54.774501],[-1.695799,54.774611],[-1.695675,54.77466],[-1.695455,54.774708],[-1.69522,54.774754],[-1.694939,54.774621],[-1.694715,54.774617],[-1.694612,54.774641],[-1.694477,54.774712],[-1.694418,54.77482],[-1.694421,54.774868],[-1.694421,54.775069],[-1.694371,54.775179],[-1.694304,54.775244],[-1.694038,54.775429],[-1.693881,54.775426],[-1.693815,54.775434],[-1.693769,54.77545],[-1.693694,54.775485],[-1.69358,54.775473],[-1.693433,54.775307],[-1.693299,54.77523],[-1.693145,54.775198],[-1.692851,54.775204],[-1.692624,54.775232],[-1.692305,54.77528],[-1.691704,54.775225],[-1.691524,54.77502],[-1.691474,54.774988],[-1.691342,54.774955],[-1.691273,54.774954],[-1.691151,54.774988],[-1.689289,54.776007],[-1.687373,54.777028],[-1.686987,54.77724],[-1.684515,54.778521],[-1.683466,54.778695],[-1.68098,54.779252],[-1.680106,54.779486],[-1.678651,54.779992],[-1.677845,54.780235],[-1.6774,54.780345],[-1.675861,54.780649],[-1.674918,54.781039],[-1.675099,54.781437],[-1.673743,54.781688],[-1.673441,54.781256],[-1.671587,54.781498],[-1.670423,54.781678],[-1.669587,54.781771],[-1.669271,54.781789],[-1.66887,54.781796],[-1.667863,54.782182],[-1.666067,54.785775],[-1.664791,54.78562],[-1.663368,54.785454],[-1.661757,54.78545],[-1.660729,54.785305],[-1.656794,54.784526],[-1.6531,54.783989],[-1.648565,54.783368],[-1.646441,54.783592],[-1.647011,54.78436],[-1.646268,54.78519],[-1.646603,54.786071],[-1.646926,54.786256],[-1.647954,54.78678],[-1.649295,54.787241],[-1.650126,54.787621],[-1.651916,54.788919],[-1.65305,54.789873],[-1.653921,54.790933],[-1.655199,54.792357],[-1.655784,54.792902],[-1.657113,54.793136],[-1.657961,54.793189],[-1.658837,54.793332],[-1.65947,54.794031],[-1.659763,54.794447],[-1.659872,54.794681],[-1.659961,54.794947],[-1.660212,54.795481],[-1.660282,54.795593],[-1.660583,54.79592],[-1.660727,54.796035],[-1.661532,54.796553],[-1.66196,54.796894],[-1.662108,54.797045],[-1.662297,54.797309],[-1.662384,54.7975],[-1.662441,54.797697],[-1.66247,54.797813],[-1.662609,54.798126],[-1.662732,54.798348],[-1.662823,54.798516],[-1.662969,54.798808],[-1.663077,54.798942],[-1.663189,54.799052],[-1.663485,54.799317],[-1.66371,54.799547],[-1.664398,54.800075],[-1.664446,54.800101],[-1.664525,54.800332],[-1.664672,54.801189],[-1.664302,54.801304],[-1.663753,54.801269],[-1.663536,54.801305],[-1.663141,54.801333],[-1.662848,54.801232],[-1.662315,54.801286],[-1.661645,54.801455],[-1.660969,54.801436],[-1.660451,54.801641],[-1.659713,54.8018],[-1.659512,54.801809],[-1.659017,54.801901],[-1.658573,54.802082],[-1.658396,54.802216],[-1.658074,54.802553],[-1.658005,54.802599],[-1.657648,54.802696],[-1.65681,54.8028],[-1.656462,54.802966],[-1.656149,54.803196],[-1.655751,54.803575],[-1.655576,54.803638],[-1.655435,54.803662],[-1.655034,54.803684],[-1.654788,54.803654],[-1.654519,54.803521],[-1.654115,54.803211],[-1.653694,54.802503],[-1.651317,54.800581],[-1.65036,54.800024],[-1.650063,54.799936],[-1.649908,54.800035],[-1.650013,54.800117],[-1.650114,54.800192],[-1.650073,54.800277],[-1.650147,54.800388],[-1.650188,54.800415],[-1.650053,54.800481],[-1.650037,54.800509],[-1.65008,54.80058],[-1.650314,54.800578],[-1.650422,54.800618],[-1.650372,54.800754],[-1.650588,54.800793],[-1.650674,54.800865],[-1.6508,54.800973],[-1.650953,54.800919],[-1.651074,54.800917],[-1.65113,54.800972],[-1.651031,54.801176],[-1.650966,54.801259],[-1.650964,54.801294],[-1.651046,54.801347],[-1.651082,54.801523],[-1.651185,54.801646],[-1.651329,54.801726],[-1.651761,54.802369],[-1.651776,54.802435],[-1.651628,54.802604],[-1.651568,54.802604],[-1.651147,54.8029],[-1.650728,54.803067],[-1.650616,54.80311],[-1.650742,54.803494],[-1.650882,54.803798],[-1.650922,54.804126],[-1.650958,54.804162],[-1.651185,54.804364],[-1.651482,54.804643],[-1.651607,54.804777],[-1.651587,54.804802],[-1.651321,54.804867],[-1.651227,54.804914],[-1.651149,54.805053],[-1.651228,54.805179],[-1.651135,54.805487],[-1.651149,54.805881],[-1.651139,54.806129],[-1.651224,54.806196],[-1.651325,54.806208],[-1.65147,54.806191],[-1.651902,54.806165],[-1.652492,54.806158],[-1.653086,54.806418],[-1.653264,54.806513],[-1.653688,54.806795],[-1.653761,54.806863],[-1.653769,54.80688],[-1.653756,54.806957],[-1.653724,54.8071],[-1.653803,54.8073],[-1.653851,54.807336],[-1.654126,54.807417],[-1.654282,54.8075],[-1.654303,54.807515],[-1.654347,54.807578],[-1.65443,54.807877],[-1.654588,54.808142],[-1.654693,54.808225],[-1.654871,54.808274],[-1.654973,54.808309],[-1.655107,54.808451],[-1.655162,54.808493],[-1.655085,54.808653],[-1.655123,54.808736],[-1.655193,54.808735],[-1.655273,54.808757],[-1.655377,54.80884],[-1.655593,54.809062],[-1.655703,54.809182],[-1.655806,54.809277],[-1.65581,54.809356],[-1.655822,54.809563],[-1.655727,54.80955],[-1.655698,54.809541],[-1.655655,54.809707],[-1.655592,54.809895],[-1.655541,54.80991],[-1.655287,54.809991],[-1.655251,54.810205],[-1.655272,54.810343],[-1.655181,54.81046],[-1.655166,54.810553],[-1.655172,54.810723],[-1.655231,54.810826],[-1.655193,54.810919],[-1.655249,54.811005],[-1.655204,54.811134],[-1.655008,54.811233],[-1.65501,54.811493],[-1.654935,54.811671],[-1.65503,54.811778],[-1.655017,54.811859],[-1.655113,54.812086],[-1.655093,54.812165],[-1.654957,54.81214],[-1.654899,54.812139],[-1.654642,54.812456],[-1.654718,54.81257],[-1.654783,54.81263],[-1.654781,54.812867],[-1.654774,54.813098],[-1.654923,54.813223],[-1.654957,54.813326],[-1.654948,54.813397],[-1.654969,54.81362],[-1.654772,54.813808],[-1.654608,54.813921],[-1.654585,54.814066],[-1.654613,54.814179],[-1.654505,54.814403],[-1.654487,54.814714],[-1.654231,54.814961],[-1.654098,54.815048],[-1.654014,54.81508],[-1.653771,54.815185],[-1.653633,54.815349],[-1.653634,54.815488],[-1.653733,54.815584],[-1.654098,54.815811],[-1.654351,54.816106],[-1.65462,54.816319],[-1.654726,54.816385],[-1.654924,54.816444],[-1.655492,54.816949],[-1.656066,54.817686],[-1.656296,54.817982],[-1.656733,54.818498],[-1.657043,54.818683],[-1.657461,54.818965],[-1.658047,54.819212],[-1.658734,54.819636],[-1.658978,54.820135],[-1.659047,54.820286],[-1.65921,54.820466],[-1.659657,54.820751],[-1.659905,54.821044],[-1.659971,54.821214],[-1.659988,54.821389],[-1.659935,54.821701],[-1.660026,54.821896],[-1.66012,54.821981],[-1.660744,54.822368],[-1.660914,54.822546],[-1.661036,54.822735],[-1.661158,54.824029],[-1.661264,54.824373],[-1.661519,54.824673],[-1.662526,54.825213],[-1.660157,54.825636],[-1.6582,54.82596],[-1.655284,54.826456]]]}},{"type":"Feature","properties":{"name":"North Durham","label":"309","results":{"1997":{"winning_party":"Lab","con_votes":6843,"lab_votes":33142,"lib_votes":5225,"ruk_votes":0,"grn_votes":0,"oth_votes":1958,"con_pct":14.5,"lab_pct":70.3,"lib_pct":11.1,"ruk_pct":0.0,"grn_pct":0.0,"oth_pct":4.2,"total_votes":47168,"turnout":0.692,"mp_name":"nan"},"2001":{"winning_party":"Lab","con_votes":7237,"lab_votes":25920,"lib_votes":5411,"ruk_votes":0,"grn_votes":0,"oth_votes":0,"con_pct":18.8,"lab_pct":67.2,"lib_pct":14.0,"ruk_pct":0.0,"grn_pct":0.0,"oth_pct":0.0,"total_votes":38568,"turnout":0.569,"mp_name":"nan"},"2005":{"winning_party":"Lab","con_votes":6258,"lab_votes":23932,"lib_votes":7151,"ruk_votes":0,"grn_votes":0,"oth_votes":0,"con_pct":16.8,"lab_pct":64.1,"lib_pct":19.2,"ruk_pct":0.0,"grn_pct":0.0,"oth_pct":0.0,"total_votes":37341,"turnout":0.551,"mp_name":"nan"}}},"geometry":{"type":"Polygon","coordinates":[[[-1.615645,54.814941],[-1.616111,54.81459],[-1.615728,54.814143],[-1.616117,54.813986],[-1.61659,54.813835],[-1.617404,54.813589],[-1.617815,54.813456],[-1.618716,54.813135],[-1.619244,54.812828],[-1.619794,54.812521],[-1.621002,54.812677],[-1.622673,54.81238],[-1.620929,54.811273],[-1.622627,54.811345],[-1.625775,54.812032],[-1.626286,54.812144],[-1.627294,54.812393],[-1.627813,54.812491],[-1.628104,54.81251],[-1.628503,54.812638],[-1.628765,54.812714],[-1.629208,54.812915],[-1.629614,54.813047],[-1.630053,54.81316],[-1.631439,54.813462],[-1.632362,54.813618],[-1.633142,54.813814],[-1.63412,54.814259],[-1.634388,54.814345],[-1.635316,54.81407],[-1.636165,54.813647],[-1.637552,54.814136],[-1.638535,54.814343],[-1.638917,54.814505],[-1.639789,54.815339],[-1.63918,54.815901],[-1.638466,54.81581],[-1.637654,54.815964],[-1.636868,54.816207],[-1.637286,54.816972],[-1.637577,54.817494],[-1.637413,54.817543],[-1.637396,54.817633],[-1.637409,54.81781],[-1.637558,54.81805],[-1.63803,54.81845],[-1.638418,54.818984],[-1.638437,54.819263],[-1.637658,54.819575],[-1.63744,54.820138],[-1.637186,54.82041],[-1.637204,54.820457],[-1.639219,54.820956],[-1.641077,54.821304],[-1.644316,54.822051],[-1.644621,54.823552],[-1.646042,54.825482],[-1.649147,54.824965],[-1.649995,54.82472],[-1.651168,54.826341],[-1.651608,54.82684],[-1.653373,54.826722],[-1.655068,54.826486],[-1.6582,54.82596],[-1.660157,54.825636],[-1.662771,54.825299],[-1.663348,54.825566],[-1.663679,54.825637],[-1.664488,54.82575],[-1.664744,54.825862],[-1.664948,54.826021],[-1.665055,54.826216],[-1.665042,54.826505],[-1.664881,54.827005],[-1.664906,54.827315],[-1.664844,54.827711],[-1.664564,54.828169],[-1.66445,54.828422],[-1.664435,54.828564],[-1.664418,54.829246],[-1.664507,54.829616],[-1.664452,54.830119],[-1.664531,54.830735],[-1.664106,54.831285],[-1.663938,54.831638],[-1.663593,54.831936],[-1.663624,54.832166],[-1.663574,54.832299],[-1.663131,54.83233],[-1.662659,54.832598],[-1.662193,54.832978],[-1.661876,54.833206],[-1.661766,54.833346],[-1.661626,54.833485],[-1.661049,54.833736],[-1.660618,54.833889],[-1.660406,54.833995],[-1.66028,54.834126],[-1.659897,54.834854],[-1.659914,54.835079],[-1.659832,54.835276],[-1.659691,54.835333],[-1.658897,54.835413],[-1.658729,54.835467],[-1.658625,54.835577],[-1.658649,54.835772],[-1.658871,54.836132],[-1.658898,54.836232],[-1.658902,54.836319],[-1.658831,54.83644],[-1.65884,54.836515],[-1.658968,54.836648],[-1.658934,54.836713],[-1.658832,54.836738],[-1.658745,54.836678],[-1.658711,54.836661],[-1.658645,54.836649],[-1.658567,54.836731],[-1.658538,54.837082],[-1.658607,54.83737],[-1.658857,54.837426],[-1.658921,54.837465],[-1.658737,54.837786],[-1.65873,54.837894],[-1.658862,54.838113],[-1.658835,54.838256],[-1.658811,54.83844],[-1.658308,54.838647],[-1.658308,54.838834],[-1.658652,54.839306],[-1.658919,54.839889],[-1.659195,54.840353],[-1.659478,54.840405],[-1.65992,54.841116],[-1.660021,54.841415],[-1.660105,54.841606],[-1.658743,54.842442],[-1.656896,54.843351],[-1.654852,54.844054],[-1.654104,54.844427],[-1.654086,54.844458],[-1.654045,54.844597],[-1.654009,54.844716],[-1.653958,54.844839],[-1.653875,54.845038],[-1.653489,54.845816],[-1.653273,54.846252],[-1.653233,54.846343],[-1.65283,54.847087],[-1.652938,54.847225],[-1.652321,54.848208],[-1.652191,54.848805],[-1.654356,54.848024],[-1.657217,54.847028],[-1.658121,54.846384],[-1.658863,54.844318],[-1.659209,54.844317],[-1.659376,54.844376],[-1.659527,54.84421],[-1.66,54.843171],[-1.66013,54.842901],[-1.661448,54.842846],[-1.661893,54.84285],[-1.662538,54.84283],[-1.662603,54.842859],[-1.662934,54.843167],[-1.663089,54.843434],[-1.663251,54.843885],[-1.66499,54.843722],[-1.665196,54.8437],[-1.666822,54.84416],[-1.667121,54.844221],[-1.668918,54.844207],[-1.669911,54.844464],[-1.670534,54.845639],[-1.67296,54.84555],[-1.674055,54.847589],[-1.681942,54.846089],[-1.682342,54.847505],[-1.68606,54.847685],[-1.687379,54.847778],[-1.688426,54.847671],[-1.689216,54.847422],[-1.691729,54.84664],[-1.693541,54.846083],[-1.69553,54.845397],[-1.696326,54.845088],[-1.697274,54.844588],[-1.697662,54.844344],[-1.697992,54.844147],[-1.698604,54.843681],[-1.698622,54.843157],[-1.698508,54.840927],[-1.698623,54.840891],[-1.703371,54.840393],[-1.705389,54.843666],[-1.709049,54.84285],[-1.711073,54.842473],[-1.716165,54.841359],[-1.71973,54.840997],[-1.721402,54.84261],[-1.723293,54.843577],[-1.723698,54.843799],[-1.724752,54.844349],[-1.726586,54.845321],[-1.727621,54.845947],[-1.728913,54.845898],[-1.729011,54.844418],[-1.72905,54.843687],[-1.729182,54.843312],[-1.72932,54.843061],[-1.729771,54.842455],[-1.730031,54.842174],[-1.730824,54.84221],[-1.731949,54.842526],[-1.73229,54.842634],[-1.733704,54.843184],[-1.736397,54.844031],[-1.738723,54.844767],[-1.739781,54.845231],[-1.744007,54.847511],[-1.74473,54.847844],[-1.747949,54.848994],[-1.751845,54.850088],[-1.753102,54.849481],[-1.754826,54.849647],[-1.755175,54.849854],[-1.755386,54.850022],[-1.758935,54.851338],[-1.758677,54.852855],[-1.758806,54.852876],[-1.759199,54.852872],[-1.75981,54.852995],[-1.76039,54.852934],[-1.764593,54.854505],[-1.769243,54.855585],[-1.76974,54.855696],[-1.771118,54.856161],[-1.771409,54.856271],[-1.771569,54.856359],[-1.771934,54.856781],[-1.772431,54.856887],[-1.771689,54.857476],[-1.770886,54.85877],[-1.769076,54.862027],[-1.768803,54.862523],[-1.768629,54.862977],[-1.768595,54.863026],[-1.7664,54.86615],[-1.765201,54.866459],[-1.764169,54.867247],[-1.763515,54.868147],[-1.762708,54.869286],[-1.761579,54.870797],[-1.75985,54.872138],[-1.758324,54.873432],[-1.75812,54.87383],[-1.757492,54.873827],[-1.755539,54.873335],[-1.753045,54.872687],[-1.751556,54.872302],[-1.75046,54.872013],[-1.749917,54.871912],[-1.749189,54.87186],[-1.74916,54.872856],[-1.749586,54.874088],[-1.749568,54.874382],[-1.749542,54.874749],[-1.749489,54.874911],[-1.749419,54.875076],[-1.749362,54.875209],[-1.749132,54.875732],[-1.748987,54.876056],[-1.748738,54.876589],[-1.748403,54.877354],[-1.748296,54.877674],[-1.748138,54.878068],[-1.747991,54.878294],[-1.747664,54.878694],[-1.74743,54.879013],[-1.747327,54.879154],[-1.747077,54.879432],[-1.746929,54.8796],[-1.746718,54.879842],[-1.746336,54.880283],[-1.746236,54.880404],[-1.745942,54.880773],[-1.745718,54.881057],[-1.745445,54.881407],[-1.745021,54.881952],[-1.74475,54.882313],[-1.744521,54.882689],[-1.744367,54.883204],[-1.744311,54.883405],[-1.744141,54.883784],[-1.74401,54.884075],[-1.743854,54.884423],[-1.743566,54.885066],[-1.743377,54.885487],[-1.743337,54.885578],[-1.74297,54.886418],[-1.742586,54.887211],[-1.742281,54.887787],[-1.742137,54.888131],[-1.741208,54.888458],[-1.740009,54.888961],[-1.739229,54.888809],[-1.738463,54.888697],[-1.73739,54.888551],[-1.735739,54.888295],[-1.734606,54.888085],[-1.733712,54.887946],[-1.732141,54.887712],[-1.731728,54.888313],[-1.730844,54.889825],[-1.730958,54.890922],[-1.731881,54.891406],[-1.731467,54.891947],[-1.730749,54.891382],[-1.730258,54.891648],[-1.728954,54.892054],[-1.728372,54.89298],[-1.726972,54.894293],[-1.726773,54.894161],[-1.726438,54.894541],[-1.726382,54.894598],[-1.72515,54.894643],[-1.724342,54.894663],[-1.723699,54.894727],[-1.723184,54.894759],[-1.722714,54.894842],[-1.722206,54.895023],[-1.720775,54.895831],[-1.72048,54.896024],[-1.720305,54.896101],[-1.719595,54.896199],[-1.719269,54.8962],[-1.718816,54.896225],[-1.718363,54.896288],[-1.718211,54.896589],[-1.718139,54.896641],[-1.71734,54.896868],[-1.716416,54.897107],[-1.71545,54.897395],[-1.715129,54.897533],[-1.713128,54.899519],[-1.709227,54.899691],[-1.709726,54.900028],[-1.708982,54.900906],[-1.705604,54.90391],[-1.705604,54.904195],[-1.706462,54.905734],[-1.706612,54.905869],[-1.706949,54.906282],[-1.707217,54.906439],[-1.707364,54.906486],[-1.707722,54.906822],[-1.707159,54.907341],[-1.706708,54.907444],[-1.706356,54.907512],[-1.706406,54.90797],[-1.70607,54.908276],[-1.705482,54.908046],[-1.704537,54.907979],[-1.704239,54.907969],[-1.703769,54.907831],[-1.703649,54.907786],[-1.703596,54.907781],[-1.703197,54.907747],[-1.702331,54.907526],[-1.70212,54.907451],[-1.701746,54.907436],[-1.701318,54.907568],[-1.700426,54.907815],[-1.700147,54.907878],[-1.700045,54.907876],[-1.699586,54.907819],[-1.699374,54.907851],[-1.698727,54.907938],[-1.698062,54.907652],[-1.697534,54.907524],[-1.697444,54.907415],[-1.696646,54.906721],[-1.695992,54.906137],[-1.695168,54.905601],[-1.694809,54.905271],[-1.694427,54.904962],[-1.69421,54.904763],[-1.694079,54.904632],[-1.693413,54.904375],[-1.692437,54.904034],[-1.692014,54.903405],[-1.691728,54.903093],[-1.691006,54.902848],[-1.690212,54.902539],[-1.689829,54.902538],[-1.68937,54.902559],[-1.689024,54.902641],[-1.689288,54.903341],[-1.689192,54.903526],[-1.689278,54.903671],[-1.68937,54.903926],[-1.689225,54.90445],[-1.689154,54.904547],[-1.688804,54.904786],[-1.688583,54.904922],[-1.68805,54.905277],[-1.688004,54.905219],[-1.687694,54.905555],[-1.687704,54.90577],[-1.687734,54.905804],[-1.687971,54.906422],[-1.687565,54.906872],[-1.687248,54.907062],[-1.686455,54.907427],[-1.686077,54.907822],[-1.685733,54.907845],[-1.685117,54.908026],[-1.68318,54.90833],[-1.681922,54.908443],[-1.680917,54.907951],[-1.68048,54.907731],[-1.679432,54.907888],[-1.67849,54.908111],[-1.678076,54.908287],[-1.67667,54.908786],[-1.675388,54.909164],[-1.674383,54.909397],[-1.673908,54.909418],[-1.673246,54.909252],[-1.673465,54.908329],[-1.673815,54.907547],[-1.673771,54.907101],[-1.674131,54.906062],[-1.674481,54.905548],[-1.674948,54.904192],[-1.675097,54.903682],[-1.675105,54.903288],[-1.675297,54.902852],[-1.676314,54.901755],[-1.676457,54.901108],[-1.676554,54.899748],[-1.675454,54.899233],[-1.674887,54.898878],[-1.67427,54.898226],[-1.673675,54.897845],[-1.671444,54.896956],[-1.670953,54.896805],[-1.669428,54.896382],[-1.667981,54.895785],[-1.667651,54.895553],[-1.666202,54.895239],[-1.664146,54.895109],[-1.66368,54.895149],[-1.662578,54.895399],[-1.661463,54.895845],[-1.661028,54.895499],[-1.660758,54.895283],[-1.660615,54.895147],[-1.660449,54.895028],[-1.660525,54.894916],[-1.660501,54.89483],[-1.660467,54.894797],[-1.660414,54.894775],[-1.660363,54.894741],[-1.660345,54.894719],[-1.660319,54.894682],[-1.660252,54.894572],[-1.660142,54.894486],[-1.659972,54.894402],[-1.659923,54.894348],[-1.659873,54.89427],[-1.659797,54.894178],[-1.659739,54.894146],[-1.659674,54.894118],[-1.659621,54.894095],[-1.659519,54.894058],[-1.659318,54.894041],[-1.659296,54.89398],[-1.659271,54.893918],[-1.659138,54.893891],[-1.659027,54.893853],[-1.65898,54.893815],[-1.658937,54.893761],[-1.658891,54.893729],[-1.658852,54.893715],[-1.658789,54.893705],[-1.658716,54.893699],[-1.658628,54.893679],[-1.658502,54.89363],[-1.658478,54.893608],[-1.658448,54.893585],[-1.658401,54.893551],[-1.658331,54.893516],[-1.658254,54.893513],[-1.658083,54.893487],[-1.658088,54.893418],[-1.658093,54.893358],[-1.65789,54.893237],[-1.657708,54.892813],[-1.657612,54.892727],[-1.657714,54.892305],[-1.658089,54.891803],[-1.65843,54.891061],[-1.658503,54.890902],[-1.65855,54.890786],[-1.658405,54.890612],[-1.658368,54.890565],[-1.656957,54.890574],[-1.656215,54.890524],[-1.65583,54.89053],[-1.654915,54.890667],[-1.654686,54.890772],[-1.654637,54.891025],[-1.654657,54.891374],[-1.654458,54.891942],[-1.653355,54.892265],[-1.652367,54.892693],[-1.652169,54.892811],[-1.652038,54.892873],[-1.651927,54.892907],[-1.651753,54.892939],[-1.65155,54.892943],[-1.651344,54.892941],[-1.651272,54.892944],[-1.651222,54.892948],[-1.650994,54.892975],[-1.650913,54.893002],[-1.650896,54.893007],[-1.650535,54.89313],[-1.64976,54.893349],[-1.649621,54.893364],[-1.648429,54.893528],[-1.647839,54.892914],[-1.646897,54.891637],[-1.646003,54.889143],[-1.645276,54.888534],[-1.645038,54.888297],[-1.64516,54.888207],[-1.645291,54.888086],[-1.645119,54.887098],[-1.644947,54.886861],[-1.645174,54.886195],[-1.646218,54.8854],[-1.646313,54.88478],[-1.646157,54.8843],[-1.646192,54.884149],[-1.646129,54.883986],[-1.645652,54.883249],[-1.645384,54.882979],[-1.645136,54.882629],[-1.645107,54.882496],[-1.645156,54.88224],[-1.645395,54.882052],[-1.64512,54.88178],[-1.644799,54.881437],[-1.644771,54.881238],[-1.644909,54.881107],[-1.64586,54.880885],[-1.646151,54.880868],[-1.646371,54.880819],[-1.646669,54.880766],[-1.647361,54.880779],[-1.648186,54.880787],[-1.648938,54.880686],[-1.649157,54.880602],[-1.649328,54.880463],[-1.649484,54.880209],[-1.649421,54.879636],[-1.649331,54.879447],[-1.649084,54.879256],[-1.648915,54.879215],[-1.64848,54.879254],[-1.648136,54.879353],[-1.647832,54.879434],[-1.647648,54.879458],[-1.647384,54.879455],[-1.64681,54.879293],[-1.645549,54.879108],[-1.645162,54.879001],[-1.644868,54.878945],[-1.644068,54.878762],[-1.643801,54.878706],[-1.642106,54.878704],[-1.641624,54.878801],[-1.640513,54.879193],[-1.638815,54.879599],[-1.638453,54.879679],[-1.638099,54.87988],[-1.637885,54.88038],[-1.637575,54.880597],[-1.636392,54.880743],[-1.635896,54.880761],[-1.635014,54.880919],[-1.633911,54.88167],[-1.633839,54.881739],[-1.633748,54.881893],[-1.633608,54.882233],[-1.633341,54.882467],[-1.632629,54.882592],[-1.632413,54.882657],[-1.632296,54.882751],[-1.632191,54.882892],[-1.631854,54.883105],[-1.631492,54.883193],[-1.631012,54.88314],[-1.630837,54.883155],[-1.63067,54.883247],[-1.630434,54.883611],[-1.629742,54.883988],[-1.62976,54.884076],[-1.630022,54.884308],[-1.629141,54.88475],[-1.62887,54.884742],[-1.628407,54.884692],[-1.627943,54.884704],[-1.626934,54.884989],[-1.626801,54.885276],[-1.626031,54.886209],[-1.625597,54.886288],[-1.624921,54.886395],[-1.624755,54.886492],[-1.624505,54.886583],[-1.624389,54.886603],[-1.624149,54.886788],[-1.623826,54.886872],[-1.623557,54.886833],[-1.623355,54.886798],[-1.622502,54.887194],[-1.622261,54.88724],[-1.622006,54.887236],[-1.621761,54.887177],[-1.62111,54.886804],[-1.62086,54.886704],[-1.62077,54.886654],[-1.620698,54.886641],[-1.620557,54.886686],[-1.62054,54.886724],[-1.620541,54.886753],[-1.620541,54.886772],[-1.620509,54.886832],[-1.620479,54.886863],[-1.620367,54.886906],[-1.620307,54.886916],[-1.620148,54.886925],[-1.620036,54.886954],[-1.619975,54.886991],[-1.61994,54.88702],[-1.619903,54.887056],[-1.619857,54.887089],[-1.619696,54.887169],[-1.619487,54.887234],[-1.619361,54.88725],[-1.619252,54.887253],[-1.619085,54.887249],[-1.618801,54.887214],[-1.618692,54.88719],[-1.618338,54.887143],[-1.617358,54.886947],[-1.617291,54.886937],[-1.617178,54.886952],[-1.617139,54.886971],[-1.61707,54.887025],[-1.617037,54.88707],[-1.617011,54.887134],[-1.617006,54.887186],[-1.617013,54.887232],[-1.617007,54.887395],[-1.616949,54.887586],[-1.616979,54.887718],[-1.617389,54.888483],[-1.617317,54.888957],[-1.617283,54.88917],[-1.61728,54.889213],[-1.617253,54.889265],[-1.617219,54.889301],[-1.617159,54.889345],[-1.617083,54.889385],[-1.616846,54.889689],[-1.616769,54.889985],[-1.61648,54.890155],[-1.616061,54.890361],[-1.615255,54.890734],[-1.61505,54.890863],[-1.614795,54.891139],[-1.61454,54.891557],[-1.614184,54.891843],[-1.613899,54.891993],[-1.613546,54.892199],[-1.613242,54.892334],[-1.612805,54.892764],[-1.612183,54.893265],[-1.611554,54.893869],[-1.611235,54.894303],[-1.610552,54.894895],[-1.610514,54.894938],[-1.610413,54.895095],[-1.610173,54.895215],[-1.609819,54.895215],[-1.609325,54.895167],[-1.608853,54.895185],[-1.608445,54.895355],[-1.608351,54.895424],[-1.607938,54.8956],[-1.607265,54.895949],[-1.606945,54.896136],[-1.606731,54.89627],[-1.606538,54.8967],[-1.606176,54.896884],[-1.606014,54.896879],[-1.605801,54.896849],[-1.605526,54.896886],[-1.605419,54.896925],[-1.60537,54.896946],[-1.605284,54.897],[-1.605272,54.897082],[-1.605282,54.897115],[-1.605298,54.897149],[-1.605424,54.89729],[-1.605635,54.89756],[-1.605622,54.89767],[-1.605594,54.897787],[-1.605759,54.897942],[-1.605843,54.898041],[-1.605835,54.898119],[-1.605832,54.89815],[-1.605829,54.89818],[-1.605354,54.898338],[-1.605186,54.898323],[-1.604982,54.898299],[-1.604743,54.898329],[-1.604442,54.898261],[-1.604095,54.898186],[-1.603989,54.898158],[-1.603839,54.898138],[-1.603737,54.898137],[-1.603666,54.89814],[-1.603587,54.898148],[-1.60351,54.898169],[-1.603469,54.898187],[-1.603433,54.898207],[-1.603391,54.898271],[-1.6034,54.898306],[-1.603424,54.898474],[-1.603339,54.898574],[-1.603204,54.898648],[-1.602743,54.898563],[-1.602595,54.898407],[-1.602555,54.898337],[-1.602482,54.898273],[-1.602432,54.898245],[-1.602385,54.898224],[-1.602319,54.898208],[-1.602152,54.898204],[-1.601739,54.898227],[-1.601069,54.898288],[-1.600611,54.898329],[-1.600461,54.898352],[-1.60023,54.898488],[-1.600065,54.898545],[-1.599358,54.898627],[-1.59907,54.898783],[-1.598831,54.898841],[-1.598774,54.89885],[-1.598716,54.898867],[-1.598656,54.898898],[-1.598609,54.89894],[-1.598587,54.899007],[-1.598599,54.899047],[-1.598622,54.899069],[-1.598673,54.899094],[-1.599044,54.899262],[-1.599181,54.899496],[-1.599187,54.899668],[-1.599121,54.899743],[-1.598632,54.90002],[-1.597874,54.900503],[-1.596966,54.901026],[-1.596518,54.901278],[-1.596352,54.901377],[-1.596272,54.901418],[-1.596191,54.901455],[-1.596112,54.901484],[-1.596056,54.901499],[-1.595926,54.901514],[-1.595753,54.901499],[-1.595696,54.901495],[-1.595619,54.901495],[-1.595607,54.901495],[-1.595539,54.901507],[-1.595402,54.901567],[-1.595347,54.901605],[-1.595249,54.901643],[-1.595129,54.901662],[-1.594997,54.901665],[-1.59462,54.901621],[-1.594587,54.901618],[-1.594482,54.901619],[-1.594358,54.901684],[-1.594271,54.901744],[-1.59423,54.901772],[-1.59412,54.90182],[-1.594032,54.901839],[-1.593999,54.901843],[-1.593939,54.901841],[-1.593455,54.901801],[-1.593094,54.901797],[-1.592765,54.90186],[-1.592464,54.901834],[-1.592037,54.901466],[-1.592209,54.901067],[-1.592023,54.900736],[-1.591673,54.900486],[-1.590769,54.900142],[-1.590312,54.899765],[-1.590008,54.899326],[-1.590087,54.899048],[-1.589929,54.899004],[-1.589346,54.898627],[-1.589088,54.898196],[-1.588821,54.897443],[-1.588539,54.896906],[-1.588117,54.896138],[-1.587811,54.895789],[-1.587413,54.895512],[-1.586944,54.895281],[-1.587005,54.894998],[-1.586733,54.894494],[-1.5866,54.894357],[-1.586334,54.894263],[-1.586065,54.89424],[-1.585435,54.894227],[-1.584993,54.894163],[-1.584753,54.894084],[-1.584467,54.89394],[-1.58406,54.893754],[-1.583716,54.893612],[-1.583048,54.893216],[-1.582587,54.892967],[-1.582346,54.892574],[-1.58242,54.89206],[-1.58245,54.891551],[-1.581948,54.89105],[-1.581685,54.890375],[-1.581512,54.889479],[-1.581316,54.889014],[-1.581124,54.888735],[-1.581008,54.888238],[-1.580806,54.887159],[-1.580389,54.886042],[-1.580117,54.885076],[-1.579804,54.883755],[-1.579627,54.882979],[-1.57944,54.882176],[-1.579278,54.881548],[-1.579121,54.880957],[-1.578974,54.880369],[-1.578411,54.878064],[-1.576312,54.877916],[-1.575213,54.878114],[-1.574468,54.87818],[-1.574287,54.878226],[-1.57432,54.878853],[-1.57417,54.878863],[-1.572969,54.878968],[-1.572278,54.879018],[-1.572073,54.879036],[-1.571382,54.879096],[-1.571056,54.879125],[-1.570861,54.879142],[-1.570561,54.879174],[-1.570204,54.879218],[-1.569887,54.879271],[-1.569484,54.879352],[-1.569212,54.879433],[-1.568575,54.879651],[-1.56808,54.879854],[-1.567764,54.879977],[-1.567434,54.88005],[-1.567253,54.880119],[-1.567053,54.880212],[-1.566477,54.880371],[-1.56588,54.880451],[-1.565636,54.880484],[-1.564824,54.88059],[-1.564213,54.880619],[-1.563629,54.880637],[-1.56305,54.880654],[-1.562436,54.880672],[-1.561759,54.880699],[-1.561404,54.880713],[-1.560786,54.880748],[-1.560417,54.880738],[-1.5596,54.881131],[-1.559565,54.881218],[-1.559223,54.881345],[-1.558535,54.881628],[-1.557816,54.881936],[-1.557994,54.881462],[-1.558257,54.880857],[-1.55861,54.880083],[-1.559306,54.879171],[-1.559851,54.878572],[-1.560032,54.878392],[-1.560354,54.878081],[-1.560691,54.87779],[-1.560701,54.87755],[-1.560349,54.877264],[-1.560317,54.876783],[-1.560294,54.876413],[-1.560259,54.875962],[-1.560183,54.875614],[-1.559664,54.8756],[-1.559111,54.875589],[-1.558696,54.875585],[-1.558139,54.875598],[-1.557515,54.875626],[-1.556993,54.875641],[-1.556028,54.875661],[-1.555241,54.875727],[-1.554387,54.875747],[-1.55375,54.875768],[-1.55293,54.875811],[-1.55248,54.875831],[-1.551714,54.875855],[-1.551435,54.87581],[-1.550657,54.875554],[-1.549441,54.875314],[-1.547763,54.875027],[-1.546953,54.874885],[-1.546096,54.874754],[-1.544355,54.874339],[-1.543185,54.874088],[-1.542154,54.873857],[-1.539898,54.873412],[-1.537276,54.875322],[-1.535381,54.874487],[-1.532414,54.875928],[-1.531777,54.876348],[-1.531369,54.876896],[-1.531261,54.877691],[-1.531177,54.877799],[-1.530506,54.87807],[-1.530363,54.878088],[-1.530183,54.878087],[-1.529833,54.878036],[-1.529191,54.877792],[-1.529067,54.877701],[-1.528414,54.877019],[-1.527621,54.87716],[-1.527437,54.877268],[-1.527273,54.877178],[-1.52687,54.877067],[-1.526504,54.877043],[-1.525998,54.876915],[-1.525852,54.876882],[-1.525717,54.876906],[-1.525213,54.877081],[-1.524537,54.877316],[-1.523828,54.877361],[-1.523224,54.877029],[-1.521983,54.876461],[-1.521896,54.87633],[-1.521374,54.876133],[-1.520582,54.876012],[-1.519451,54.875859],[-1.51898,54.875928],[-1.518527,54.875939],[-1.517969,54.875887],[-1.517396,54.875833],[-1.515694,54.875642],[-1.515553,54.87562],[-1.515518,54.875498],[-1.515495,54.875486],[-1.515434,54.875461],[-1.515327,54.875393],[-1.515303,54.875357],[-1.515281,54.875269],[-1.515286,54.875222],[-1.515319,54.875154],[-1.515389,54.875037],[-1.515029,54.874884],[-1.514878,54.874932],[-1.514527,54.875018],[-1.514273,54.875048],[-1.513945,54.875061],[-1.513729,54.875058],[-1.513527,54.875043],[-1.513329,54.875018],[-1.513138,54.87498],[-1.513045,54.874956],[-1.512782,54.874868],[-1.512134,54.874641],[-1.511555,54.874394],[-1.510515,54.873995],[-1.509464,54.873511],[-1.508766,54.873005],[-1.508311,54.872832],[-1.506402,54.871762],[-1.505402,54.87122],[-1.505315,54.870682],[-1.505809,54.87005],[-1.505852,54.869938],[-1.506179,54.869446],[-1.506716,54.868832],[-1.506983,54.868156],[-1.50713,54.867873],[-1.507504,54.867151],[-1.508072,54.865668],[-1.508421,54.86448],[-1.508593,54.863676],[-1.508757,54.86249],[-1.508766,54.860893],[-1.508674,54.860034],[-1.508606,54.85956],[-1.508517,54.858946],[-1.508416,54.858493],[-1.508078,54.857425],[-1.507952,54.85701],[-1.507881,54.856778],[-1.507575,54.855766],[-1.507348,54.854996],[-1.506941,54.853673],[-1.506208,54.851306],[-1.506223,54.850898],[-1.506104,54.850348],[-1.506021,54.850275],[-1.506026,54.84999],[-1.505736,54.849112],[-1.505554,54.847621],[-1.505472,54.847022],[-1.505469,54.846977],[-1.505434,54.846857],[-1.505419,54.846827],[-1.505396,54.846799],[-1.505352,54.846776],[-1.50527,54.84675],[-1.504997,54.846512],[-1.504791,54.846164],[-1.504578,54.845959],[-1.504307,54.84506],[-1.504145,54.844586],[-1.503793,54.843554],[-1.503434,54.842422],[-1.503175,54.84154],[-1.502846,54.840382],[-1.502796,54.840204],[-1.502727,54.83996],[-1.50217,54.838124],[-1.501969,54.837371],[-1.506138,54.836815],[-1.507003,54.83691],[-1.507648,54.836486],[-1.508673,54.83629],[-1.510987,54.835941],[-1.512139,54.835664],[-1.5138,54.835079],[-1.514571,54.834806],[-1.514711,54.834671],[-1.514648,54.833949],[-1.513974,54.832552],[-1.513585,54.831851],[-1.512806,54.829922],[-1.512618,54.829365],[-1.512593,54.828397],[-1.513369,54.828562],[-1.514673,54.828875],[-1.515781,54.829057],[-1.516901,54.82917],[-1.517459,54.82908],[-1.518532,54.829158],[-1.520337,54.829212],[-1.521751,54.829225],[-1.522348,54.829299],[-1.523422,54.829274],[-1.525526,54.829271],[-1.527337,54.829204],[-1.529293,54.829012],[-1.530435,54.829118],[-1.53144,54.828929],[-1.532468,54.828516],[-1.532966,54.828054],[-1.533127,54.827989],[-1.533747,54.827582],[-1.533857,54.827507],[-1.533983,54.827473],[-1.534199,54.82737],[-1.53472,54.827109],[-1.535341,54.826651],[-1.535597,54.826371],[-1.535969,54.82605],[-1.536505,54.825542],[-1.537437,54.825308],[-1.53832,54.825028],[-1.538626,54.825018],[-1.53938,54.824976],[-1.540304,54.824945],[-1.541828,54.825255],[-1.542365,54.825212],[-1.542828,54.825055],[-1.543774,54.824919],[-1.544196,54.824801],[-1.545088,54.824659],[-1.545287,54.824607],[-1.54544,54.824528],[-1.546261,54.824377],[-1.546503,54.824508],[-1.546835,54.824579],[-1.547577,54.824758],[-1.547752,54.824805],[-1.548456,54.824601],[-1.549152,54.824537],[-1.549847,54.824501],[-1.550968,54.824872],[-1.552329,54.825053],[-1.553182,54.824816],[-1.553413,54.824443],[-1.553501,54.82442],[-1.553869,54.824456],[-1.554962,54.824922],[-1.556705,54.825679],[-1.557665,54.825755],[-1.559601,54.826197],[-1.559994,54.826251],[-1.560557,54.826273],[-1.560863,54.82626],[-1.561912,54.825396],[-1.563847,54.825648],[-1.564196,54.825653],[-1.56472,54.825557],[-1.56696,54.824826],[-1.570606,54.821326],[-1.571478,54.819928],[-1.571774,54.820135],[-1.576037,54.822647],[-1.57808,54.822688],[-1.581988,54.822883],[-1.582345,54.822932],[-1.582698,54.822907],[-1.583814,54.822608],[-1.585321,54.822127],[-1.585925,54.821825],[-1.586898,54.821474],[-1.587961,54.821233],[-1.587841,54.820949],[-1.587681,54.820699],[-1.587668,54.820638],[-1.587698,54.820501],[-1.587863,54.820344],[-1.588137,54.820239],[-1.588332,54.820183],[-1.588801,54.820177],[-1.589816,54.819694],[-1.590062,54.818979],[-1.590363,54.817811],[-1.590502,54.817198],[-1.59205,54.817176],[-1.592571,54.817059],[-1.593193,54.816864],[-1.593564,54.816664],[-1.594433,54.816037],[-1.595889,54.816267],[-1.596753,54.81633],[-1.597861,54.816638],[-1.601326,54.817146],[-1.605496,54.817531],[-1.607824,54.816954],[-1.61092,54.816153],[-1.611912,54.815859],[-1.614793,54.81514],[-1.615645,54.814941]]]}}]}