{"type":"FeatureCollection","features":[{"type":"Feature","properties":{"name":"North Durham","code":"E14000840","results":{"2010":{"winning_party":"Lab","con_votes":8622,"lab_votes":20698,"lib_votes":8617,"ruk_votes":0,"grn_votes":0,"oth_votes":3030,"con_pct":21.0,"lab_pct":50.5,"lib_pct":21.0,"ruk_pct":0.0,"grn_pct":0.0,"oth_pct":7.4,"total_votes":40967,"turnout":0.607,"mp_name":"Kevan Jones"},"2015":{"winning_party":"Lab","con_votes":8403,"lab_votes":22047,"lib_votes":2046,"ruk_votes":0,"grn_votes":0,"oth_votes":7650,"con_pct":20.9,"lab_pct":54.9,"lib_pct":5.1,"ruk_pct":0.0,"grn_pct":0.0,"oth_pct":19.1,"total_votes":40146,"turnout":0.614,"mp_name":"Kevan Jones"},"2017":{"winning_party":"Lab","con_votes":12978,"lab_votes":25917,"lib_votes":1981,"ruk_votes":0,"grn_votes":0,"oth_votes":2408,"con_pct":30.0,"lab_pct":59.9,"lib_pct":4.6,"ruk_pct":0.0,"grn_pct":0.0,"oth_pct":5.6,"total_votes":43284,"turnout":0.646,"mp_name":"Kevan Jones"},"2019":{"winning_party":"Lab","con_votes":13897,"lab_votes":18639,"lib_votes":2879,"ruk_votes":0,"grn_votes":0,"oth_votes":6780,"con_pct":32.9,"lab_pct":44.2,"lib_pct":6.8,"ruk_pct":0.0,"grn_pct":0.0,"oth_pct":16.1,"total_votes":42195,"turnout":0.632,"mp_name":"Kevan Jones"}}},"geometry":{"type":"Polygon","coordinates":[[[-1.728913,54.845898],[-1.729011,54.844418],[-1.72905,54.843687],[-1.729188,54.843301],[-1.72932,54.843061],[-1.729725,54.842508],[-1.729976,54.842225],[-1.730184,54.842031],[-1.730827,54.842211],[-1.731949,54.842526],[-1.732498,54.842763],[-1.734018,54.843284],[-1.736397,54.844031],[-1.738498,54.844694],[-1.739225,54.844955],[-1.741237,54.845999],[-1.744399,54.847703],[-1.745006,54.847937],[-1.747949,54.848994],[-1.751845,54.850088],[-1.753102,54.849481],[-1.754826,54.849647],[-1.754873,54.849672],[-1.755211,54.849882],[-1.756683,54.850506],[-1.758935,54.851338],[-1.758004,54.852614],[-1.75876,54.85287],[-1.758809,54.852876],[-1.759518,54.852934],[-1.760081,54.853056],[-1.763361,54.854073],[-1.764336,54.854434],[-1.766329,54.854909],[-1.769556,54.855745],[-1.770367,54.855836],[-1.771118,54.856161],[-1.771409,54.856271],[-1.771569,54.856359],[-1.771933,54.85678],[-1.771951,54.856894],[-1.772394,54.856916],[-1.771689,54.857476],[-1.771533,54.857686],[-1.770886,54.85877],[-1.769076,54.862027],[-1.768803,54.862523],[-1.768629,54.862977],[-1.768627,54.862985],[-1.767154,54.86509],[-1.766326,54.866233],[-1.764736,54.866549],[-1.763953,54.867532],[-1.763297,54.868457],[-1.763048,54.868811],[-1.762474,54.869604],[-1.761588,54.870786],[-1.761417,54.870923],[-1.759265,54.872577],[-1.758402,54.873337],[-1.758244,54.873595],[-1.758042,54.873965],[-1.756822,54.873658],[-1.755539,54.873335],[-1.753738,54.872867],[-1.752824,54.87263],[-1.750749,54.872093],[-1.75046,54.872013],[-1.750056,54.871934],[-1.749584,54.871875],[-1.749173,54.871862],[-1.74916,54.872856],[-1.749562,54.873867],[-1.749579,54.874205],[-1.74956,54.874606],[-1.749557,54.874704],[-1.749532,54.87478],[-1.749493,54.874899],[-1.749461,54.874978],[-1.749419,54.875076],[-1.749392,54.87514],[-1.749362,54.875209],[-1.74918,54.875624],[-1.749088,54.875831],[-1.749023,54.875977],[-1.748906,54.876229],[-1.748738,54.876589],[-1.748482,54.87714],[-1.748402,54.877358],[-1.748334,54.877561],[-1.748291,54.877688],[-1.748138,54.878068],[-1.748076,54.878163],[-1.747822,54.8785],[-1.747664,54.878694],[-1.747495,54.878923],[-1.74743,54.879013],[-1.747346,54.879127],[-1.747325,54.879156],[-1.747162,54.879337],[-1.747042,54.879471],[-1.746974,54.879547],[-1.746818,54.879727],[-1.746612,54.879965],[-1.746446,54.880157],[-1.746395,54.880216],[-1.746286,54.880341],[-1.746236,54.880404],[-1.746159,54.880501],[-1.746052,54.880635],[-1.745848,54.880891],[-1.745718,54.881057],[-1.745638,54.88116],[-1.745204,54.881718],[-1.745156,54.881779],[-1.744931,54.882068],[-1.744693,54.882392],[-1.744521,54.882689],[-1.744437,54.882946],[-1.744352,54.883258],[-1.744308,54.88341],[-1.744161,54.883739],[-1.744113,54.883847],[-1.74401,54.884075],[-1.743984,54.884133],[-1.743865,54.8844],[-1.743815,54.884509],[-1.743685,54.884799],[-1.743415,54.885402],[-1.74334,54.885572],[-1.743033,54.886277],[-1.742966,54.886426],[-1.742885,54.886593],[-1.742586,54.887211],[-1.7423,54.887743],[-1.74226,54.887839],[-1.742016,54.888174],[-1.741208,54.888458],[-1.740009,54.888961],[-1.739334,54.888923],[-1.738519,54.888705],[-1.737946,54.888628],[-1.737322,54.888541],[-1.735778,54.888301],[-1.735478,54.888251],[-1.734278,54.888034],[-1.733712,54.887946],[-1.732141,54.887712],[-1.731728,54.888313],[-1.730844,54.889825],[-1.730399,54.890737],[-1.731189,54.891026],[-1.732102,54.891538],[-1.731643,54.891833],[-1.731139,54.891785],[-1.730749,54.891382],[-1.730416,54.891513],[-1.729432,54.891571],[-1.72885,54.89216],[-1.728546,54.892504],[-1.728379,54.892971],[-1.72787,54.893621],[-1.727296,54.894341],[-1.727037,54.894383],[-1.726815,54.894244],[-1.726404,54.894286],[-1.72639,54.894556],[-1.725645,54.894602],[-1.724611,54.894661],[-1.724237,54.894664],[-1.72368,54.894728],[-1.723184,54.894759],[-1.722714,54.894842],[-1.72235,54.89496],[-1.72097,54.895666],[-1.72048,54.896024],[-1.7203,54.896102],[-1.719547,54.896195],[-1.719269,54.8962],[-1.71894,54.896222],[-1.718433,54.896222],[-1.718366,54.89632],[-1.718152,54.896635],[-1.718113,54.89665],[-1.717681,54.896784],[-1.717143,54.896916],[-1.716416,54.897107],[-1.71545,54.897395],[-1.715129,54.897533],[-1.713128,54.899519],[-1.710416,54.898851],[-1.7091,54.899779],[-1.709735,54.900033],[-1.708982,54.900906],[-1.707,54.902604],[-1.705468,54.903919],[-1.706245,54.905383],[-1.706541,54.905792],[-1.706896,54.906229],[-1.707217,54.906439],[-1.707364,54.906486],[-1.707722,54.906822],[-1.707159,54.907341],[-1.706708,54.907444],[-1.706356,54.907512],[-1.706406,54.90797],[-1.70607,54.908276],[-1.705482,54.908046],[-1.704537,54.907979],[-1.704239,54.907969],[-1.703769,54.907831],[-1.703649,54.907786],[-1.703596,54.907781],[-1.703197,54.907747],[-1.702331,54.907526],[-1.70212,54.907451],[-1.701746,54.907436],[-1.701318,54.907568],[-1.700426,54.907815],[-1.700147,54.907878],[-1.699932,54.907856],[-1.69957,54.90782],[-1.699322,54.907869],[-1.698642,54.907812],[-1.697716,54.907592],[-1.697526,54.907517],[-1.697326,54.907332],[-1.696502,54.90658],[-1.695687,54.905897],[-1.695166,54.905599],[-1.694619,54.905067],[-1.694277,54.90485],[-1.694122,54.904658],[-1.69363,54.904419],[-1.692647,54.904173],[-1.692018,54.903415],[-1.691813,54.903126],[-1.691359,54.902964],[-1.69022,54.902541],[-1.689829,54.902538],[-1.68937,54.902559],[-1.689157,54.902959],[-1.68921,54.903424],[-1.689228,54.903607],[-1.689371,54.903922],[-1.689244,54.904391],[-1.689177,54.904529],[-1.688833,54.904761],[-1.688613,54.90489],[-1.688225,54.905194],[-1.688004,54.905219],[-1.687809,54.905418],[-1.687704,54.90577],[-1.687745,54.905886],[-1.687971,54.906422],[-1.687565,54.906872],[-1.687248,54.907062],[-1.686455,54.907427],[-1.686077,54.907822],[-1.685733,54.907845],[-1.685117,54.908026],[-1.68318,54.90833],[-1.681922,54.908443],[-1.680917,54.907951],[-1.68048,54.907731],[-1.679432,54.907888],[-1.67849,54.908111],[-1.678076,54.908287],[-1.677669,54.908491],[-1.675747,54.909062],[-1.674773,54.909326],[-1.674208,54.909421],[-1.673197,54.909465],[-1.673257,54.909207],[-1.673797,54.907549],[-1.673844,54.907344],[-1.674073,54.906186],[-1.674146,54.906034],[-1.674481,54.905548],[-1.674785,54.904842],[-1.67506,54.903765],[-1.675163,54.903308],[-1.674955,54.903238],[-1.675955,54.902129],[-1.676441,54.901449],[-1.6765,54.900429],[-1.675806,54.899401],[-1.675336,54.899176],[-1.674887,54.898878],[-1.674409,54.89836],[-1.673997,54.898],[-1.672291,54.897267],[-1.671161,54.896862],[-1.669794,54.896559],[-1.668005,54.895796],[-1.667647,54.895575],[-1.666691,54.895307],[-1.665704,54.895192],[-1.664059,54.895111],[-1.663306,54.895228],[-1.662408,54.895471],[-1.661236,54.895696],[-1.661003,54.895485],[-1.660727,54.895266],[-1.6605,54.895084],[-1.660525,54.894922],[-1.660514,54.89485],[-1.660472,54.894801],[-1.660414,54.894775],[-1.660363,54.894741],[-1.660344,54.894718],[-1.660304,54.894653],[-1.660218,54.894534],[-1.660097,54.894465],[-1.659968,54.894399],[-1.659911,54.894327],[-1.659811,54.894187],[-1.659776,54.894165],[-1.659723,54.894138],[-1.659637,54.894103],[-1.659556,54.894067],[-1.65945,54.894056],[-1.659296,54.893982],[-1.659271,54.893918],[-1.659138,54.893891],[-1.659027,54.893853],[-1.65898,54.893815],[-1.658937,54.893761],[-1.658891,54.893729],[-1.658848,54.893714],[-1.658771,54.893704],[-1.658651,54.893685],[-1.65858,54.893665],[-1.6585,54.89363],[-1.658474,54.893604],[-1.658415,54.893561],[-1.658385,54.893539],[-1.658277,54.893513],[-1.65821,54.893515],[-1.658083,54.893435],[-1.658091,54.893402],[-1.657964,54.893287],[-1.657726,54.89307],[-1.657635,54.892761],[-1.657674,54.892389],[-1.658089,54.891803],[-1.658421,54.891212],[-1.65849,54.89092],[-1.658544,54.890839],[-1.658486,54.890688],[-1.658371,54.890566],[-1.656964,54.890574],[-1.656387,54.89053],[-1.655844,54.890529],[-1.655152,54.890613],[-1.654719,54.890754],[-1.654637,54.891025],[-1.654625,54.891554],[-1.654271,54.892044],[-1.652822,54.892405],[-1.652367,54.892693],[-1.652169,54.892811],[-1.652038,54.892873],[-1.651927,54.892907],[-1.651753,54.892939],[-1.65155,54.892943],[-1.651287,54.892944],[-1.651261,54.892945],[-1.651039,54.892965],[-1.650983,54.892978],[-1.650906,54.893004],[-1.65067,54.893084],[-1.649954,54.893313],[-1.649634,54.893363],[-1.648953,54.893438],[-1.647846,54.892913],[-1.647178,54.892057],[-1.646163,54.889589],[-1.645346,54.888533],[-1.645067,54.888382],[-1.64516,54.888207],[-1.645291,54.888086],[-1.645119,54.887098],[-1.644947,54.886861],[-1.645094,54.885838],[-1.646346,54.884988],[-1.646171,54.884479],[-1.646184,54.884231],[-1.646191,54.884123],[-1.64608,54.883914],[-1.645531,54.883042],[-1.645384,54.882979],[-1.645119,54.88255],[-1.645107,54.882496],[-1.645225,54.882179],[-1.645395,54.882052],[-1.645222,54.881887],[-1.645016,54.881677],[-1.644779,54.881383],[-1.64479,54.881199],[-1.644943,54.881091],[-1.645993,54.88086],[-1.646219,54.880863],[-1.646422,54.880796],[-1.646887,54.880752],[-1.647733,54.880797],[-1.648307,54.880782],[-1.649073,54.880643],[-1.649269,54.880518],[-1.649484,54.880209],[-1.649421,54.879636],[-1.649331,54.879447],[-1.649084,54.879256],[-1.64884,54.879213],[-1.64845,54.879259],[-1.648012,54.879394],[-1.647832,54.879434],[-1.647646,54.879458],[-1.647345,54.879451],[-1.64578,54.879125],[-1.645448,54.879093],[-1.645162,54.879001],[-1.644868,54.878945],[-1.644363,54.878878],[-1.643944,54.878729],[-1.643774,54.878702],[-1.641879,54.878733],[-1.641361,54.8789],[-1.63968,54.879394],[-1.638646,54.879628],[-1.638218,54.879772],[-1.638007,54.880095],[-1.63785,54.880482],[-1.637355,54.880633],[-1.636305,54.880747],[-1.635822,54.880779],[-1.634475,54.88136],[-1.633911,54.88167],[-1.633829,54.881754],[-1.633722,54.882014],[-1.633608,54.882233],[-1.633341,54.882467],[-1.632629,54.882592],[-1.632442,54.882645],[-1.632302,54.882741],[-1.632196,54.882888],[-1.632077,54.88298],[-1.631545,54.88319],[-1.631244,54.883177],[-1.630898,54.883144],[-1.630724,54.883208],[-1.630515,54.883517],[-1.629744,54.883983],[-1.629759,54.884074],[-1.630022,54.884308],[-1.629141,54.88475],[-1.628709,54.884726],[-1.628296,54.884702],[-1.627182,54.88491],[-1.626834,54.885021],[-1.626801,54.885276],[-1.626022,54.886211],[-1.625621,54.886285],[-1.625064,54.886372],[-1.624799,54.886446],[-1.624572,54.886575],[-1.624389,54.886603],[-1.624149,54.886788],[-1.623826,54.886872],[-1.623557,54.886833],[-1.623301,54.886898],[-1.622405,54.88722],[-1.622222,54.887244],[-1.621772,54.887181],[-1.621285,54.886917],[-1.62086,54.886704],[-1.62077,54.886654],[-1.620698,54.886641],[-1.620557,54.886686],[-1.62054,54.886724],[-1.620541,54.886753],[-1.62054,54.886776],[-1.6205,54.886843],[-1.620432,54.886887],[-1.620351,54.886909],[-1.62027,54.886921],[-1.620097,54.886932],[-1.620022,54.886962],[-1.619952,54.88701],[-1.619909,54.887051],[-1.619871,54.88708],[-1.619785,54.88713],[-1.619583,54.887209],[-1.619421,54.887245],[-1.619307,54.887253],[-1.619181,54.887253],[-1.618928,54.887234],[-1.618765,54.887207],[-1.618423,54.887154],[-1.617369,54.88695],[-1.617297,54.886937],[-1.6172,54.886945],[-1.617162,54.886958],[-1.617085,54.887007],[-1.617043,54.887062],[-1.61702,54.887107],[-1.617007,54.887179],[-1.617011,54.887219],[-1.617007,54.887395],[-1.616949,54.887586],[-1.616979,54.887718],[-1.617389,54.888483],[-1.617317,54.888957],[-1.617283,54.88917],[-1.61728,54.889213],[-1.617253,54.889265],[-1.617219,54.8893],[-1.617159,54.889345],[-1.617083,54.889385],[-1.616957,54.889507],[-1.616781,54.889916],[-1.616662,54.89008],[-1.616167,54.890296],[-1.615469,54.890602],[-1.615159,54.890794],[-1.614795,54.891139],[-1.61454,54.891557],[-1.614184,54.891843],[-1.613899,54.891993],[-1.613546,54.892199],[-1.613242,54.892334],[-1.612805,54.892764],[-1.612183,54.893265],[-1.611415,54.894009],[-1.610689,54.894753],[-1.610541,54.894906],[-1.61043,54.895059],[-1.610395,54.895134],[-1.610158,54.895217],[-1.609788,54.895215],[-1.609115,54.895149],[-1.608966,54.895151],[-1.608673,54.895247],[-1.608416,54.895371],[-1.608001,54.895576],[-1.607331,54.895916],[-1.607059,54.896077],[-1.606731,54.89627],[-1.606538,54.8967],[-1.606176,54.896884],[-1.606014,54.896879],[-1.605589,54.896869],[-1.605477,54.896902],[-1.605418,54.896926],[-1.605347,54.896957],[-1.605279,54.897008],[-1.60528,54.897108],[-1.605283,54.897117],[-1.605311,54.897167],[-1.605457,54.897321],[-1.605639,54.897572],[-1.605616,54.897694],[-1.605629,54.897857],[-1.605805,54.897974],[-1.605846,54.898047],[-1.605835,54.898121],[-1.605832,54.898157],[-1.605739,54.898238],[-1.605225,54.898326],[-1.605184,54.898322],[-1.604971,54.898297],[-1.604661,54.898325],[-1.604397,54.898247],[-1.604081,54.898182],[-1.60394,54.898149],[-1.603787,54.898136],[-1.603702,54.898138],[-1.603633,54.898142],[-1.603583,54.898148],[-1.60348,54.898182],[-1.603442,54.898202],[-1.603402,54.898237],[-1.603398,54.898299],[-1.603416,54.898363],[-1.603397,54.898505],[-1.60326,54.898633],[-1.602833,54.898593],[-1.602598,54.898413],[-1.602577,54.89837],[-1.602532,54.898312],[-1.602448,54.898254],[-1.602424,54.89824],[-1.60236,54.898217],[-1.602211,54.898204],[-1.602096,54.898207],[-1.601492,54.89825],[-1.600757,54.898314],[-1.600585,54.898332],[-1.600374,54.898398],[-1.600066,54.898545],[-1.599579,54.898603],[-1.599096,54.898777],[-1.599037,54.898791],[-1.59882,54.898842],[-1.59873,54.898862],[-1.598703,54.898872],[-1.598638,54.898911],[-1.598592,54.898972],[-1.598589,54.899027],[-1.598602,54.899053],[-1.598663,54.899089],[-1.599022,54.899246],[-1.599179,54.899488],[-1.599188,54.89966],[-1.599141,54.899724],[-1.598724,54.899961],[-1.598199,54.900298],[-1.597092,54.900958],[-1.596557,54.901255],[-1.596367,54.901369],[-1.596272,54.901418],[-1.596191,54.901455],[-1.596112,54.901484],[-1.596056,54.901499],[-1.595926,54.901514],[-1.595753,54.901499],[-1.595696,54.901495],[-1.59561,54.901495],[-1.595554,54.901503],[-1.59541,54.901563],[-1.595369,54.901591],[-1.595286,54.901634],[-1.595182,54.901655],[-1.594998,54.901665],[-1.59462,54.901621],[-1.594587,54.901618],[-1.594482,54.901619],[-1.594358,54.901684],[-1.594271,54.901744],[-1.59423,54.901772],[-1.59412,54.90182],[-1.594032,54.901839],[-1.593999,54.901843],[-1.593939,54.901841],[-1.593455,54.901801],[-1.592986,54.901812],[-1.592692,54.901882],[-1.592301,54.901706],[-1.592186,54.901282],[-1.592199,54.901037],[-1.592022,54.900735],[-1.591673,54.900486],[-1.59077,54.900142],[-1.590371,54.899816],[-1.59008,54.899532],[-1.590067,54.899097],[-1.590087,54.899048],[-1.589742,54.898936],[-1.589346,54.898627],[-1.589088,54.898196],[-1.588821,54.897443],[-1.588539,54.896906],[-1.588117,54.896138],[-1.587811,54.895789],[-1.587413,54.895512],[-1.586944,54.895281],[-1.587005,54.894998],[-1.586733,54.894494],[-1.586526,54.894324],[-1.586264,54.894245],[-1.585972,54.894242],[-1.585161,54.894199],[-1.584967,54.894156],[-1.584703,54.894064],[-1.584271,54.89381],[-1.583949,54.893734],[-1.583654,54.893568],[-1.582899,54.893158],[-1.582528,54.892903],[-1.582337,54.892533],[-1.582469,54.891802],[-1.582279,54.891297],[-1.581906,54.890981],[-1.581685,54.890375],[-1.581512,54.889479],[-1.581316,54.889014],[-1.581196,54.888935],[-1.581063,54.888436],[-1.580901,54.887634],[-1.580705,54.886548],[-1.580389,54.886042],[-1.580036,54.884789],[-1.579755,54.883543],[-1.579598,54.882855],[-1.579405,54.882027],[-1.579192,54.881241],[-1.579121,54.880957],[-1.578993,54.880444],[-1.578715,54.879407],[-1.57802,54.877691],[-1.57564,54.878035],[-1.574788,54.878151],[-1.574468,54.87818],[-1.574285,54.878196],[-1.574313,54.878548],[-1.574291,54.878855],[-1.57417,54.878863],[-1.573264,54.878947],[-1.572654,54.878991],[-1.572278,54.879018],[-1.572156,54.879028],[-1.57194,54.879047],[-1.571574,54.87908],[-1.571223,54.87911],[-1.571056,54.879125],[-1.570943,54.879135],[-1.570808,54.879147],[-1.570607,54.879169],[-1.570376,54.879194],[-1.57023,54.879213],[-1.569933,54.879263],[-1.569676,54.879313],[-1.569484,54.879352],[-1.569184,54.879443],[-1.568603,54.879642],[-1.56855,54.879662],[-1.567904,54.879931],[-1.567766,54.879977],[-1.567558,54.880022],[-1.567374,54.880063],[-1.567293,54.8801],[-1.567147,54.880169],[-1.567073,54.880203],[-1.566921,54.880264],[-1.566477,54.880371],[-1.566323,54.880392],[-1.565877,54.880452],[-1.565646,54.880483],[-1.564985,54.880582],[-1.564497,54.880606],[-1.564143,54.880621],[-1.563867,54.88063],[-1.563446,54.880642],[-1.563161,54.880651],[-1.56292,54.880658],[-1.562395,54.880674],[-1.562249,54.880679],[-1.561662,54.880703],[-1.561404,54.880713],[-1.561341,54.880717],[-1.560542,54.880741],[-1.559848,54.880999],[-1.5596,54.881131],[-1.559569,54.881193],[-1.559382,54.881287],[-1.559022,54.881418],[-1.558541,54.881625],[-1.557949,54.881879],[-1.557942,54.881579],[-1.558016,54.881409],[-1.558257,54.880857],[-1.558576,54.880167],[-1.558695,54.879936],[-1.55939,54.879072],[-1.559686,54.87875],[-1.559916,54.878508],[-1.560032,54.878392],[-1.560235,54.878189],[-1.56041,54.878033],[-1.56064,54.877835],[-1.560834,54.877658],[-1.560504,54.87739],[-1.560331,54.876998],[-1.560317,54.876774],[-1.560302,54.876549],[-1.560283,54.876246],[-1.56027,54.876055],[-1.560228,54.875714],[-1.560183,54.875614],[-1.559883,54.875604],[-1.559636,54.875599],[-1.559111,54.875589],[-1.558799,54.875583],[-1.558692,54.875585],[-1.558193,54.875596],[-1.557854,54.875611],[-1.557558,54.875624],[-1.557279,54.875635],[-1.556718,54.875647],[-1.556326,54.875655],[-1.555313,54.875725],[-1.554401,54.875746],[-1.554032,54.875758],[-1.553745,54.875768],[-1.552936,54.875811],[-1.552636,54.875825],[-1.552373,54.875835],[-1.551714,54.875855],[-1.551404,54.875799],[-1.550594,54.875535],[-1.548558,54.875166],[-1.547619,54.875002],[-1.546953,54.874885],[-1.546096,54.874754],[-1.544378,54.874344],[-1.544034,54.874268],[-1.542612,54.873961],[-1.541999,54.873818],[-1.540603,54.873495],[-1.539654,54.873593],[-1.537276,54.875322],[-1.536841,54.874998],[-1.536229,54.874541],[-1.535381,54.874487],[-1.534556,54.874637],[-1.533681,54.875144],[-1.533212,54.875434],[-1.532706,54.875747],[-1.532132,54.876114],[-1.531617,54.876489],[-1.531297,54.87707],[-1.531259,54.877742],[-1.531177,54.877799],[-1.530724,54.877999],[-1.530414,54.878081],[-1.530183,54.878087],[-1.529833,54.878036],[-1.529691,54.877982],[-1.529182,54.877786],[-1.529067,54.877701],[-1.528477,54.877087],[-1.52781,54.87709],[-1.527518,54.877213],[-1.527423,54.877278],[-1.527096,54.877097],[-1.52669,54.877064],[-1.526295,54.877007],[-1.52598,54.876911],[-1.525794,54.876886],[-1.525643,54.876932],[-1.525213,54.877081],[-1.524364,54.877381],[-1.523975,54.877459],[-1.523571,54.877223],[-1.523163,54.876997],[-1.521983,54.876461],[-1.52174,54.87626],[-1.521281,54.876109],[-1.520311,54.875957],[-1.519235,54.875851],[-1.518913,54.875971],[-1.518405,54.875928],[-1.517609,54.875854],[-1.516434,54.875755],[-1.515619,54.87563],[-1.515542,54.875513],[-1.5155,54.875488],[-1.515444,54.875465],[-1.515338,54.875404],[-1.515303,54.875357],[-1.515288,54.87532],[-1.515282,54.875248],[-1.515303,54.875179],[-1.515345,54.875111],[-1.515088,54.874882],[-1.514909,54.874922],[-1.514701,54.874981],[-1.514338,54.875042],[-1.514088,54.875058],[-1.513931,54.875061],[-1.513688,54.875055],[-1.513541,54.875044],[-1.513394,54.875028],[-1.513193,54.874992],[-1.513073,54.874963],[-1.512867,54.8749],[-1.512213,54.874693],[-1.512096,54.87462],[-1.511555,54.874394],[-1.510969,54.874183],[-1.510049,54.873802],[-1.508949,54.87317],[-1.508694,54.873027],[-1.508193,54.872747],[-1.506971,54.872062],[-1.50596,54.871525],[-1.505068,54.871037],[-1.505767,54.870162],[-1.505815,54.870036],[-1.505959,54.869706],[-1.506442,54.869145],[-1.506615,54.868948],[-1.506772,54.868502],[-1.506985,54.868153],[-1.50723,54.867673],[-1.507803,54.86646],[-1.507989,54.865931],[-1.508072,54.865666],[-1.508209,54.865231],[-1.508421,54.86448],[-1.508512,54.864037],[-1.508677,54.863212],[-1.508744,54.86264],[-1.508757,54.86249],[-1.508784,54.862064],[-1.508766,54.860893],[-1.508676,54.860043],[-1.508636,54.859771],[-1.508602,54.859526],[-1.508517,54.858946],[-1.508416,54.858493],[-1.508078,54.857425],[-1.507991,54.857139],[-1.507952,54.85701],[-1.507887,54.856799],[-1.507754,54.856363],[-1.507593,54.855826],[-1.507445,54.855325],[-1.50696,54.85373],[-1.506658,54.852823],[-1.506204,54.851293],[-1.506227,54.850799],[-1.506204,54.850499],[-1.506052,54.850303],[-1.506119,54.850217],[-1.505869,54.849459],[-1.505593,54.847916],[-1.505515,54.847335],[-1.505496,54.847195],[-1.50547,54.846984],[-1.505459,54.846924],[-1.505432,54.846853],[-1.505415,54.84682],[-1.505395,54.846798],[-1.505338,54.84677],[-1.505255,54.846747],[-1.504939,54.846203],[-1.504623,54.84613],[-1.504577,54.845955],[-1.504307,54.84506],[-1.50418,54.844688],[-1.503843,54.843708],[-1.503614,54.843002],[-1.503434,54.842422],[-1.503258,54.841821],[-1.502894,54.84055],[-1.502877,54.840488],[-1.502828,54.840316],[-1.502796,54.840204],[-1.502758,54.840071],[-1.502727,54.83996],[-1.502636,54.839637],[-1.502496,54.839142],[-1.503411,54.837205],[-1.5069,54.836686],[-1.507661,54.836874],[-1.508385,54.836345],[-1.510298,54.836002],[-1.511729,54.835778],[-1.51266,54.835515],[-1.5138,54.835079],[-1.514546,54.834814],[-1.514711,54.834671],[-1.514648,54.833949],[-1.513974,54.832552],[-1.513585,54.831851],[-1.512806,54.829922],[-1.512618,54.829365],[-1.512598,54.828751],[-1.513262,54.828522],[-1.51392,54.828713],[-1.515489,54.829014],[-1.516077,54.829098],[-1.516962,54.829163],[-1.518291,54.829143],[-1.51981,54.829199],[-1.521678,54.829218],[-1.522191,54.829263],[-1.523289,54.829285],[-1.525115,54.829271],[-1.526234,54.829301],[-1.528313,54.829084],[-1.529701,54.829088],[-1.53144,54.828929],[-1.53226,54.828674],[-1.532765,54.828215],[-1.533389,54.827823],[-1.533752,54.827578],[-1.533857,54.827507],[-1.533983,54.827473],[-1.534199,54.82737],[-1.53472,54.827109],[-1.535341,54.826651],[-1.535597,54.826371],[-1.535969,54.82605],[-1.536505,54.825542],[-1.537437,54.825308],[-1.53832,54.825028],[-1.538626,54.825018],[-1.539117,54.825013],[-1.540113,54.824943],[-1.541313,54.82519],[-1.542146,54.825218],[-1.542612,54.8252],[-1.543571,54.82499],[-1.544066,54.824833],[-1.544805,54.824713],[-1.54525,54.824618],[-1.545417,54.824543],[-1.545877,54.824433],[-1.546394,54.824379],[-1.546768,54.824544],[-1.547427,54.824704],[-1.547733,54.824804],[-1.548051,54.824697],[-1.548987,54.824546],[-1.549551,54.824524],[-1.550939,54.824852],[-1.552288,54.825054],[-1.553182,54.824816],[-1.553413,54.824443],[-1.553501,54.82442],[-1.554073,54.824426],[-1.555356,54.825653],[-1.557358,54.825715],[-1.559477,54.826174],[-1.559806,54.826228],[-1.560184,54.826264],[-1.560635,54.826272],[-1.561048,54.826238],[-1.562044,54.825462],[-1.564062,54.825659],[-1.564265,54.825646],[-1.56472,54.825557],[-1.56696,54.824826],[-1.570259,54.821898],[-1.571062,54.820574],[-1.571679,54.820072],[-1.572562,54.820657],[-1.577046,54.822672],[-1.578535,54.82268],[-1.581103,54.822571],[-1.582187,54.822926],[-1.582576,54.822924],[-1.583351,54.82272],[-1.584357,54.822472],[-1.585813,54.821873],[-1.586112,54.821747],[-1.586898,54.821474],[-1.587961,54.821233],[-1.587841,54.820949],[-1.587681,54.820699],[-1.587668,54.820638],[-1.587698,54.820501],[-1.587863,54.820344],[-1.588137,54.820239],[-1.588332,54.820183],[-1.588393,54.820169],[-1.589745,54.819749],[-1.589999,54.81926],[-1.590306,54.818016],[-1.590456,54.817422],[-1.590927,54.817198],[-1.592443,54.817095],[-1.593083,54.816908],[-1.593358,54.816788],[-1.593707,54.816557],[-1.594825,54.816118],[-1.595889,54.816267],[-1.596753,54.81633],[-1.597506,54.816535],[-1.599432,54.816952],[-1.603411,54.817327],[-1.605644,54.817495],[-1.607086,54.817134],[-1.609734,54.816479],[-1.61092,54.816153],[-1.611912,54.815859],[-1.614793,54.81514],[-1.61549,54.814845],[-1.616112,54.81459],[-1.615728,54.814143],[-1.616117,54.813986],[-1.616475,54.813869],[-1.61673,54.813794],[-1.61712,54.81368],[-1.617484,54.813563],[-1.618249,54.813287],[-1.618807,54.813082],[-1.619244,54.812828],[-1.619798,54.812526],[-1.621102,54.812656],[-1.622674,54.81238],[-1.620929,54.811273],[-1.622249,54.811324],[-1.625401,54.81195],[-1.626134,54.812111],[-1.626286,54.812144],[-1.626489,54.812194],[-1.627294,54.812393],[-1.627492,54.812442],[-1.628051,54.812507],[-1.628308,54.812591],[-1.628606,54.812661],[-1.628765,54.812714],[-1.628919,54.812777],[-1.629252,54.812937],[-1.629484,54.813011],[-1.629747,54.813085],[-1.629948,54.813138],[-1.631193,54.813412],[-1.631441,54.813462],[-1.632566,54.813662],[-1.633142,54.813814],[-1.634095,54.81425],[-1.634279,54.814314],[-1.634726,54.814425],[-1.636129,54.81363],[-1.637363,54.814085],[-1.638526,54.814342],[-1.638917,54.814505],[-1.63969,54.815039],[-1.63918,54.8159],[-1.638108,54.815858],[-1.637426,54.816004],[-1.636868,54.816207],[-1.637547,54.817375],[-1.637501,54.817502],[-1.637402,54.817601],[-1.637401,54.817762],[-1.637496,54.817983],[-1.637765,54.818203],[-1.638383,54.81884],[-1.63853,54.819158],[-1.637688,54.819247],[-1.63744,54.820138],[-1.637177,54.820389],[-1.637204,54.820457],[-1.639219,54.820956],[-1.640435,54.821198],[-1.643726,54.821902],[-1.644621,54.823526],[-1.645091,54.824198],[-1.646199,54.825704],[-1.649806,54.824769],[-1.650558,54.825444],[-1.651518,54.826808],[-1.651761,54.826834],[-1.654217,54.826554],[-1.655115,54.826486],[-1.6582,54.82596],[-1.660157,54.825636],[-1.662779,54.825303],[-1.663348,54.825566],[-1.663679,54.825637],[-1.664488,54.82575],[-1.664744,54.825862],[-1.664948,54.826021],[-1.665055,54.826216],[-1.665042,54.826505],[-1.664881,54.827005],[-1.664906,54.827315],[-1.664844,54.827711],[-1.66468,54.828002],[-1.664502,54.828279],[-1.664439,54.828509],[-1.664445,54.828817],[-1.664403,54.829282],[-1.664501,54.829666],[-1.664502,54.830225],[-1.664443,54.83099],[-1.663965,54.831537],[-1.663619,54.831895],[-1.663573,54.832025],[-1.663611,54.832208],[-1.663131,54.83233],[-1.662451,54.832716],[-1.662193,54.832978],[-1.661876,54.833206],[-1.661766,54.833346],[-1.661626,54.833485],[-1.661049,54.833736],[-1.660618,54.833889],[-1.660406,54.833995],[-1.66028,54.834126],[-1.659897,54.834854],[-1.659906,54.835025],[-1.65991,54.835204],[-1.659708,54.835327],[-1.659202,54.835396],[-1.658855,54.835423],[-1.658698,54.835486],[-1.658624,54.835642],[-1.658699,54.835871],[-1.658833,54.836048],[-1.65889,54.836188],[-1.658898,54.836233],[-1.658902,54.836319],[-1.658831,54.83644],[-1.65884,54.836515],[-1.658968,54.836677],[-1.658931,54.836715],[-1.658832,54.836738],[-1.65877,54.836702],[-1.658713,54.836662],[-1.65865,54.836649],[-1.658559,54.836692],[-1.658561,54.836866],[-1.658519,54.837259],[-1.658767,54.837396],[-1.658918,54.837462],[-1.658937,54.8375],[-1.658721,54.837819],[-1.658732,54.837897],[-1.658862,54.838113],[-1.658835,54.838256],[-1.658811,54.83844],[-1.658308,54.838647],[-1.658272,54.838808],[-1.658622,54.83926],[-1.658749,54.839475],[-1.659048,54.840083],[-1.659203,54.840354],[-1.659478,54.840405],[-1.65992,54.841116],[-1.660021,54.841415],[-1.660105,54.841606],[-1.657458,54.843094],[-1.656896,54.843351],[-1.654925,54.844029],[-1.654175,54.844296],[-1.654095,54.844442],[-1.65408,54.844479],[-1.654053,54.844571],[-1.654021,54.84468],[-1.654003,54.844731],[-1.653958,54.844839],[-1.653916,54.84494],[-1.653868,54.845056],[-1.653506,54.845787],[-1.653333,54.846118],[-1.653241,54.846324],[-1.653226,54.846357],[-1.652924,54.846944],[-1.652938,54.847225],[-1.652518,54.847829],[-1.652191,54.848805],[-1.654356,54.848024],[-1.657217,54.847028],[-1.658121,54.846384],[-1.658863,54.844318],[-1.659333,54.844323],[-1.659478,54.844274],[-1.659945,54.843321],[-1.660078,54.842908],[-1.660451,54.842901],[-1.661723,54.842853],[-1.6624,54.842822],[-1.662591,54.842853],[-1.6629,54.84312],[-1.663072,54.843409],[-1.663223,54.843653],[-1.66499,54.843722],[-1.665223,54.843706],[-1.666844,54.844232],[-1.667855,54.844224],[-1.668918,54.844207],[-1.669911,54.844464],[-1.671082,54.845476],[-1.673251,54.84607],[-1.674079,54.847585],[-1.681855,54.846101],[-1.682235,54.847251],[-1.68606,54.847685],[-1.687413,54.847778],[-1.688493,54.847635],[-1.691292,54.846784],[-1.691831,54.846607],[-1.694376,54.845815],[-1.695533,54.845396],[-1.696495,54.845009],[-1.697575,54.844429],[-1.697984,54.844152],[-1.698581,54.843817],[-1.69861,54.843647],[-1.698584,54.841968],[-1.698558,54.840897],[-1.702093,54.840518],[-1.703377,54.840393],[-1.705651,54.843604],[-1.710232,54.84266],[-1.713733,54.841878],[-1.719508,54.840669],[-1.720587,54.842164],[-1.721737,54.842777],[-1.72352,54.843681],[-1.723722,54.843848],[-1.724879,54.84441],[-1.726586,54.845321],[-1.727621,54.845947],[-1.728913,54.845898]]]}},{"type":"Feature","properties":{"name":"Bishop Auckland","code":"E14000569","results":{"2010":{"winning_party":"Lab","con_votes":10805,"lab_votes":16023,"lib_votes":9189,"ruk_votes":0,"grn_votes":0,"oth_votes":5119,"con_pct":26.3,"lab_pct":39.0,"lib_pct":22.3,"ruk_pct":0.0,"grn_pct":0.0,"oth_pct":12.4,"total_votes":41136,"turnout":0.602,"mp_name":"Helen Goodman"},"2015":{"winning_party":"Lab","con_votes":12799,"lab_votes":16307,"lib_votes":1723,"ruk_votes":0,"grn_votes":0,"oth_votes":8560,"con_pct":32.5,"lab_pct":41.4,"lib_pct":4.4,"ruk_pct":0.0,"grn_pct":0.0,"oth_pct":21.7,"total_votes":39389,"turnout":0.596,"mp_name":"Helen Goodman"},"2017":{"winning_party":"Lab","con_votes":20306,"lab_votes":20808,"lib_votes":1176,"ruk_votes":0,"grn_votes":0,"oth_votes":991,"con_pct":46.9,"lab_pct":48.1,"lib_pct":2.7,"ruk_pct":0.0,"grn_pct":0.0,"oth_pct":2.3,"total_votes":43281,"turnout":0.64,"mp_name":"Helen Goodman"},"2019":{"winning_party":"Con","con_votes":24067,"lab_votes":16105,"lib_votes":2133,"ruk_votes":0,"grn_votes":0,"oth_votes":2500,"con_pct":53.7,"lab_pct":35.9,"lib_pct":4.8,"ruk_pct":0.0,"grn_pct":0.0,"oth_pct":5.6,"total_votes":44805,"turnout":0.657,"mp_name":"Dehenna Davison"}}},"geometry":{"type":"Polygon","coordinates":[[[-1.770671,54.671295],[-1.768745,54.67162],[-1.76738,54.67206],[-1.766709,54.672329],[-1.766343,54.672513],[-1.766172,54.672619],[-1.765941,54.672832],[-1.765567,54.67337],[-1.765512,54.673635],[-1.765523,54.67437],[-1.765409,54.675164],[-1.765324,54.675333],[-1.765211,54.675461],[-1.764889,54.675663],[-1.763805,54.676199],[-1.763424,54.676341],[-1.762794,54.676524],[-1.762214,54.676624],[-1.761483,54.676659],[-1.760529,54.676621],[-1.75848,54.676441],[-1.756214,54.675967],[-1.755401,54.675684],[-1.754621,54.675305],[-1.75365,54.674633],[-1.752871,54.674032],[-1.752066,54.673626],[-1.751745,54.673542],[-1.751482,54.673526],[-1.751065,54.67358],[-1.749983,54.673958],[-1.74912,54.674332],[-1.747923,54.674874],[-1.747384,54.675048],[-1.746393,54.675517],[-1.745852,54.675847],[-1.743979,54.676469],[-1.742664,54.676772],[-1.741903,54.67687],[-1.741285,54.676854],[-1.740364,54.676744],[-1.739906,54.676624],[-1.739672,54.676448],[-1.739563,54.676308],[-1.739381,54.675329],[-1.739059,54.674746],[-1.739227,54.674512],[-1.739667,54.673831],[-1.739941,54.672984],[-1.739872,54.672876],[-1.739205,54.672599],[-1.738765,54.672455],[-1.737912,54.672294],[-1.737057,54.672215],[-1.736696,54.672189],[-1.735304,54.672185],[-1.734096,54.672247],[-1.73268,54.672493],[-1.730807,54.672832],[-1.729583,54.672962],[-1.72913,54.672968],[-1.728541,54.672936],[-1.728172,54.672865],[-1.727694,54.672679],[-1.727195,54.672378],[-1.727065,54.672101],[-1.727047,54.671836],[-1.727136,54.671339],[-1.72766,54.670324],[-1.72785,54.670068],[-1.72799,54.669716],[-1.727914,54.669419],[-1.727651,54.669145],[-1.727599,54.669122],[-1.727483,54.669113],[-1.726155,54.669371],[-1.724767,54.669634],[-1.724587,54.669688],[-1.723436,54.670167],[-1.721907,54.670979],[-1.721315,54.671221],[-1.720715,54.671394],[-1.718903,54.671781],[-1.717124,54.672237],[-1.716557,54.672268],[-1.716172,54.672227],[-1.715432,54.672022],[-1.715064,54.672452],[-1.713963,54.672653],[-1.712055,54.672296],[-1.711248,54.67235],[-1.711075,54.672549],[-1.710813,54.672766],[-1.710634,54.672916],[-1.710467,54.673053],[-1.709302,54.672968],[-1.708937,54.672911],[-1.708533,54.672829],[-1.705015,54.672183],[-1.704523,54.672968],[-1.704205,54.67402],[-1.703784,54.674526],[-1.703513,54.674486],[-1.702452,54.674293],[-1.701858,54.674184],[-1.700081,54.67385],[-1.698344,54.67361],[-1.697008,54.673498],[-1.696424,54.673443],[-1.696117,54.673415],[-1.695764,54.673375],[-1.695047,54.673279],[-1.69408,54.673128],[-1.693676,54.673052],[-1.693203,54.672954],[-1.692148,54.673219],[-1.691795,54.673465],[-1.691868,54.673613],[-1.691901,54.673658],[-1.691891,54.673703],[-1.691822,54.673748],[-1.691714,54.673775],[-1.691168,54.673851],[-1.689825,54.674003],[-1.688199,54.674099],[-1.688027,54.673721],[-1.687771,54.673579],[-1.68754,54.673556],[-1.687061,54.673575],[-1.685902,54.673589],[-1.685512,54.673511],[-1.684664,54.673336],[-1.683846,54.673333],[-1.683401,54.673243],[-1.683083,54.673079],[-1.68283,54.673043],[-1.682158,54.673034],[-1.681953,54.673017],[-1.681583,54.672892],[-1.681478,54.672924],[-1.681085,54.673217],[-1.680909,54.673496],[-1.681462,54.673929],[-1.681691,54.674223],[-1.681804,54.674613],[-1.681867,54.675404],[-1.682198,54.67623],[-1.682418,54.676595],[-1.683099,54.677507],[-1.683705,54.678823],[-1.683764,54.679149],[-1.683699,54.67957],[-1.683301,54.680328],[-1.682463,54.681394],[-1.681373,54.68299],[-1.681266,54.683218],[-1.681007,54.683962],[-1.680973,54.684148],[-1.680975,54.684838],[-1.68103,54.685094],[-1.681025,54.685446],[-1.680941,54.685728],[-1.680657,54.686141],[-1.680408,54.686365],[-1.680025,54.686571],[-1.679597,54.686716],[-1.679082,54.686789],[-1.677877,54.686782],[-1.67601,54.6868],[-1.6758,54.686823],[-1.675571,54.686902],[-1.67543,54.687008],[-1.675176,54.687464],[-1.675058,54.687873],[-1.674912,54.689585],[-1.674904,54.690627],[-1.674588,54.691603],[-1.67465,54.691968],[-1.674833,54.692135],[-1.674984,54.692213],[-1.67524,54.692285],[-1.675722,54.692323],[-1.676798,54.692323],[-1.679092,54.692221],[-1.680662,54.692069],[-1.683081,54.692107],[-1.684325,54.692168],[-1.685264,54.692222],[-1.686506,54.692217],[-1.687509,54.692147],[-1.688287,54.692032],[-1.689506,54.691713],[-1.690356,54.691359],[-1.690746,54.691208],[-1.691039,54.691192],[-1.691313,54.691265],[-1.691492,54.691368],[-1.691609,54.691716],[-1.691581,54.691961],[-1.691255,54.692433],[-1.691009,54.692781],[-1.690443,54.693838],[-1.689664,54.695098],[-1.689069,54.696776],[-1.689146,54.697563],[-1.689659,54.698749],[-1.689977,54.699322],[-1.690059,54.699857],[-1.690065,54.700398],[-1.690032,54.700605],[-1.689841,54.701078],[-1.689718,54.701147],[-1.688953,54.701848],[-1.687967,54.702829],[-1.687477,54.703206],[-1.687055,54.703502],[-1.68567,54.704352],[-1.684833,54.704707],[-1.684422,54.704834],[-1.684122,54.704906],[-1.682291,54.705194],[-1.681212,54.705278],[-1.68045,54.705256],[-1.680028,54.705192],[-1.679136,54.704971],[-1.67869,54.704803],[-1.677901,54.704561],[-1.676945,54.70396],[-1.675981,54.703539],[-1.67578,54.70351],[-1.675396,54.703523],[-1.67496,54.703627],[-1.673461,54.704138],[-1.672666,54.704487],[-1.672208,54.704732],[-1.671351,54.705311],[-1.670656,54.705852],[-1.670299,54.706081],[-1.670079,54.706202],[-1.66969,54.70639],[-1.668999,54.706673],[-1.668625,54.706759],[-1.668305,54.706796],[-1.668017,54.706815],[-1.666809,54.706682],[-1.666608,54.706593],[-1.666505,54.706463],[-1.666358,54.70571],[-1.666221,54.70542],[-1.666068,54.705309],[-1.665843,54.705262],[-1.665431,54.705245],[-1.66516,54.705265],[-1.664622,54.705364],[-1.664048,54.705539],[-1.663224,54.705782],[-1.660746,54.70641],[-1.660319,54.706548],[-1.659729,54.706733],[-1.658915,54.706921],[-1.6586,54.706974],[-1.655962,54.707371],[-1.654968,54.707488],[-1.653203,54.707588],[-1.65137,54.707609],[-1.649984,54.707614],[-1.648726,54.707701],[-1.647963,54.707747],[-1.64727,54.707748],[-1.646771,54.707843],[-1.646119,54.708113],[-1.645847,54.708264],[-1.645302,54.708614],[-1.644975,54.708898],[-1.644688,54.709231],[-1.644307,54.709627],[-1.643982,54.710482],[-1.643792,54.711346],[-1.643648,54.711585],[-1.642884,54.712414],[-1.642495,54.712707],[-1.642347,54.712778],[-1.642134,54.712866],[-1.641863,54.712953],[-1.641546,54.713023],[-1.639789,54.713249],[-1.639042,54.713301],[-1.637571,54.71332],[-1.636635,54.713249],[-1.635262,54.713096],[-1.635,54.713104],[-1.634543,54.713196],[-1.634067,54.713392],[-1.633413,54.713806],[-1.631832,54.714803],[-1.631081,54.715192],[-1.629203,54.716143],[-1.627084,54.717028],[-1.626567,54.717142],[-1.626059,54.717188],[-1.625322,54.717165],[-1.625047,54.717174],[-1.624556,54.717254],[-1.623654,54.717628],[-1.623125,54.717919],[-1.623017,54.718013],[-1.622888,54.718195],[-1.622872,54.71849],[-1.623094,54.719252],[-1.62298,54.719688],[-1.622804,54.719995],[-1.62232,54.720512],[-1.622081,54.720735],[-1.621859,54.720913],[-1.620845,54.721427],[-1.620133,54.721701],[-1.61983,54.721873],[-1.619543,54.722135],[-1.618822,54.722485],[-1.618128,54.722989],[-1.617194,54.723694],[-1.615789,54.724308],[-1.615126,54.724956],[-1.614739,54.725212],[-1.614096,54.725529],[-1.613674,54.725681],[-1.613337,54.725758],[-1.612627,54.72585],[-1.611782,54.726125],[-1.610412,54.726496],[-1.608773,54.727028],[-1.606159,54.727991],[-1.603848,54.728774],[-1.601869,54.729636],[-1.599474,54.730564],[-1.598102,54.730755],[-1.597529,54.730714],[-1.595957,54.730418],[-1.594489,54.730056],[-1.594387,54.729756],[-1.59427,54.729598],[-1.595288,54.7289],[-1.596362,54.728002],[-1.59693,54.727578],[-1.597144,54.727446],[-1.596885,54.727219],[-1.596529,54.727138],[-1.596521,54.727096],[-1.596063,54.726951],[-1.595864,54.726929],[-1.595632,54.726921],[-1.595305,54.726979],[-1.595019,54.726867],[-1.594936,54.726757],[-1.5948,54.726641],[-1.594492,54.726645],[-1.594056,54.726585],[-1.592986,54.726485],[-1.592572,54.726446],[-1.592354,54.726487],[-1.591389,54.726385],[-1.591367,54.726234],[-1.591358,54.726171],[-1.591152,54.726198],[-1.591024,54.726157],[-1.590929,54.726009],[-1.590543,54.725857],[-1.590515,54.725789],[-1.590505,54.725731],[-1.590321,54.725571],[-1.59015,54.725472],[-1.590165,54.7254],[-1.589914,54.725167],[-1.589847,54.724919],[-1.589392,54.724644],[-1.589298,54.724369],[-1.58957,54.724137],[-1.589115,54.723804],[-1.58843,54.723616],[-1.587958,54.723507],[-1.587519,54.723236],[-1.586862,54.722317],[-1.586235,54.722209],[-1.585422,54.722207],[-1.584162,54.722019],[-1.583836,54.721785],[-1.583035,54.721452],[-1.582235,54.721248],[-1.581906,54.720914],[-1.581646,54.720636],[-1.580823,54.719748],[-1.580464,54.7193],[-1.580192,54.719081],[-1.580118,54.718254],[-1.580087,54.71802],[-1.577957,54.717493],[-1.576037,54.718539],[-1.574907,54.718912],[-1.573753,54.719345],[-1.572693,54.718202],[-1.571967,54.717154],[-1.570389,54.715298],[-1.569753,54.714595],[-1.569235,54.71434],[-1.568932,54.713881],[-1.568675,54.713355],[-1.56817,54.712539],[-1.567775,54.711916],[-1.566219,54.709526],[-1.565672,54.708473],[-1.565393,54.707809],[-1.564977,54.706382],[-1.564636,54.705333],[-1.563482,54.705428],[-1.564212,54.704731],[-1.564329,54.703907],[-1.564183,54.702777],[-1.563921,54.702105],[-1.562665,54.700156],[-1.561037,54.697526],[-1.560797,54.696662],[-1.561941,54.696468],[-1.563851,54.696342],[-1.567703,54.696427],[-1.574068,54.696596],[-1.576027,54.696842],[-1.57696,54.696779],[-1.578177,54.696771],[-1.580491,54.696483],[-1.581086,54.696386],[-1.581059,54.69627],[-1.580458,54.694966],[-1.579799,54.693064],[-1.579624,54.692114],[-1.579297,54.690777],[-1.579707,54.69025],[-1.579745,54.689813],[-1.579808,54.689421],[-1.579901,54.688804],[-1.579986,54.688416],[-1.58011,54.687464],[-1.580167,54.686376],[-1.579832,54.68543],[-1.5799,54.685053],[-1.580024,54.684738],[-1.580549,54.684082],[-1.580646,54.683887],[-1.580906,54.683601],[-1.578742,54.682755],[-1.577123,54.682142],[-1.576998,54.682101],[-1.575071,54.681005],[-1.573236,54.679938],[-1.57238,54.679151],[-1.570752,54.677721],[-1.570131,54.67715],[-1.569513,54.676356],[-1.571163,54.676635],[-1.571666,54.676544],[-1.571499,54.676436],[-1.570961,54.675832],[-1.570522,54.675342],[-1.569175,54.673922],[-1.568929,54.673678],[-1.568093,54.672782],[-1.567664,54.672371],[-1.567294,54.67209],[-1.568118,54.67184],[-1.56905,54.671406],[-1.570636,54.670831],[-1.572027,54.670393],[-1.573727,54.669581],[-1.574193,54.669178],[-1.574264,54.668543],[-1.574327,54.66785],[-1.575092,54.666948],[-1.575215,54.66675],[-1.575358,54.666396],[-1.575832,54.66618],[-1.57612,54.666073],[-1.576842,54.6655],[-1.576741,54.665357],[-1.57661,54.6651],[-1.57665,54.665017],[-1.576838,54.664786],[-1.57701,54.664681],[-1.577097,54.664552],[-1.577182,54.664478],[-1.57715,54.664169],[-1.577113,54.664062],[-1.576964,54.663946],[-1.57719,54.663765],[-1.577315,54.663654],[-1.577224,54.663466],[-1.577121,54.66342],[-1.576906,54.663432],[-1.576636,54.663231],[-1.576136,54.662925],[-1.575772,54.66288],[-1.575436,54.662902],[-1.575368,54.66272],[-1.575479,54.66264],[-1.575509,54.662582],[-1.575464,54.662501],[-1.574875,54.662289],[-1.574721,54.662099],[-1.574593,54.662006],[-1.574317,54.661853],[-1.574165,54.661715],[-1.573885,54.661354],[-1.573569,54.660876],[-1.5729,54.660707],[-1.572579,54.660753],[-1.572335,54.660744],[-1.572218,54.660693],[-1.572056,54.660531],[-1.572111,54.660323],[-1.572059,54.660264],[-1.571955,54.660271],[-1.571772,54.660309],[-1.571361,54.660189],[-1.570618,54.659816],[-1.570298,54.659517],[-1.570004,54.65933],[-1.569706,54.659056],[-1.569627,54.6589],[-1.569496,54.658828],[-1.569318,54.658813],[-1.569088,54.658698],[-1.569156,54.658576],[-1.56911,54.658345],[-1.568932,54.658189],[-1.569076,54.658042],[-1.569396,54.657879],[-1.569523,54.657435],[-1.569539,54.657213],[-1.569774,54.65713],[-1.570174,54.657296],[-1.570576,54.657413],[-1.57101,54.657419],[-1.571406,54.657477],[-1.571719,54.657499],[-1.572281,54.657646],[-1.572359,54.657738],[-1.572525,54.657803],[-1.572713,54.657801],[-1.572903,54.657834],[-1.57343,54.658048],[-1.574528,54.657999],[-1.57505,54.657844],[-1.575666,54.657862],[-1.576258,54.657969],[-1.57755,54.657984],[-1.577753,54.657944],[-1.578159,54.657691],[-1.578518,54.657416],[-1.578604,54.657333],[-1.578769,54.657102],[-1.578831,54.656662],[-1.578715,54.656382],[-1.578965,54.656187],[-1.579158,54.656143],[-1.579924,54.656085],[-1.580265,54.656075],[-1.580837,54.656116],[-1.581316,54.656364],[-1.581542,54.656422],[-1.581837,54.656467],[-1.582074,54.656437],[-1.582371,54.656332],[-1.582783,54.656157],[-1.583763,54.656125],[-1.585112,54.656114],[-1.585812,54.656079],[-1.586495,54.656186],[-1.587189,54.656425],[-1.587361,54.656467],[-1.587477,54.656477],[-1.587938,54.65649],[-1.58829,54.656456],[-1.588455,54.65641],[-1.588662,54.656327],[-1.589027,54.656197],[-1.589371,54.656044],[-1.590631,54.655699],[-1.590787,54.655674],[-1.591381,54.655646],[-1.591824,54.655687],[-1.591798,54.655884],[-1.591783,54.656295],[-1.591772,54.656449],[-1.592153,54.656479],[-1.593179,54.656803],[-1.594443,54.65708],[-1.595595,54.656851],[-1.596536,54.657026],[-1.597409,54.657198],[-1.598127,54.657338],[-1.600318,54.657339],[-1.601539,54.657284],[-1.6031,54.657178],[-1.604309,54.657044],[-1.604499,54.657051],[-1.605211,54.65716],[-1.606004,54.65738],[-1.607006,54.657653],[-1.607682,54.657821],[-1.607908,54.65793],[-1.608028,54.657585],[-1.608108,54.657203],[-1.6082,54.65658],[-1.608318,54.655726],[-1.608359,54.655617],[-1.608653,54.654931],[-1.608732,54.65469],[-1.608534,54.65391],[-1.608411,54.652871],[-1.608583,54.652317],[-1.608548,54.652019],[-1.608503,54.651113],[-1.608509,54.650656],[-1.608635,54.650645],[-1.60868,54.650368],[-1.608799,54.649776],[-1.608784,54.649483],[-1.609136,54.648353],[-1.609213,54.64817],[-1.609089,54.647578],[-1.609141,54.647245],[-1.609321,54.646578],[-1.609547,54.645265],[-1.609705,54.644128],[-1.609861,54.643528],[-1.606349,54.643362],[-1.605355,54.643313],[-1.603568,54.642836],[-1.60332,54.641857],[-1.603351,54.641393],[-1.603496,54.640977],[-1.603734,54.640724],[-1.603858,54.640467],[-1.604123,54.639661],[-1.604268,54.639266],[-1.604391,54.638854],[-1.604992,54.638711],[-1.605297,54.638726],[-1.606568,54.638725],[-1.608779,54.638732],[-1.61017,54.638833],[-1.610612,54.638907],[-1.610926,54.638981],[-1.61122,54.638476],[-1.611715,54.636572],[-1.61179,54.636061],[-1.611975,54.635165],[-1.612102,54.634735],[-1.612252,54.634432],[-1.612621,54.634075],[-1.612777,54.633797],[-1.613082,54.633688],[-1.613209,54.633451],[-1.614186,54.633111],[-1.614368,54.632507],[-1.614509,54.631997],[-1.614624,54.631666],[-1.614719,54.631554],[-1.615041,54.630477],[-1.615086,54.629744],[-1.615105,54.629632],[-1.615319,54.62909],[-1.61538,54.628825],[-1.615409,54.628475],[-1.615453,54.628234],[-1.615596,54.627921],[-1.615597,54.627541],[-1.615893,54.626977],[-1.616096,54.62646],[-1.616541,54.625559],[-1.61667,54.625232],[-1.616907,54.624794],[-1.616983,54.624661],[-1.61715,54.624199],[-1.617392,54.623501],[-1.617513,54.623047],[-1.617578,54.622889],[-1.617689,54.622491],[-1.617759,54.621986],[-1.617797,54.620697],[-1.617844,54.620517],[-1.617813,54.620289],[-1.617842,54.620087],[-1.61763,54.619945],[-1.617604,54.619886],[-1.617556,54.619721],[-1.61748,54.619663],[-1.617206,54.619513],[-1.617136,54.619202],[-1.617042,54.619032],[-1.621714,54.618824],[-1.622348,54.618487],[-1.624303,54.618439],[-1.627639,54.6183],[-1.629824,54.618324],[-1.629935,54.616021],[-1.631668,54.615995],[-1.633116,54.616119],[-1.636101,54.616571],[-1.636171,54.617018],[-1.636722,54.617097],[-1.639206,54.617268],[-1.639555,54.617984],[-1.639919,54.618746],[-1.640805,54.619139],[-1.643696,54.618739],[-1.644456,54.618534],[-1.646703,54.618065],[-1.648172,54.617825],[-1.649853,54.616934],[-1.651241,54.616805],[-1.653007,54.616291],[-1.655063,54.61548],[-1.65612,54.615347],[-1.657897,54.615508],[-1.659291,54.615558],[-1.660108,54.615705],[-1.660881,54.61572],[-1.661491,54.615435],[-1.662355,54.615536],[-1.663485,54.615696],[-1.664039,54.615851],[-1.664741,54.61598],[-1.665159,54.615953],[-1.66704,54.616375],[-1.669539,54.616916],[-1.671212,54.617105],[-1.672075,54.617288],[-1.673228,54.617444],[-1.677111,54.617695],[-1.677405,54.617701],[-1.678707,54.617641],[-1.680752,54.61714],[-1.680534,54.61534],[-1.680199,54.614007],[-1.680076,54.612824],[-1.679761,54.611135],[-1.6795,54.608473],[-1.679839,54.608153],[-1.680164,54.607598],[-1.679672,54.606908],[-1.679434,54.606692],[-1.679184,54.606227],[-1.678989,54.603695],[-1.678986,54.602279],[-1.679033,54.599947],[-1.679196,54.597843],[-1.679046,54.597698],[-1.679084,54.596924],[-1.67888,54.594006],[-1.678802,54.592981],[-1.678326,54.589731],[-1.67802,54.587583],[-1.677833,54.586478],[-1.67913,54.585728],[-1.681176,54.585819],[-1.685109,54.586035],[-1.688532,54.586423],[-1.692087,54.586734],[-1.69222,54.58634],[-1.692137,54.585836],[-1.692119,54.58532],[-1.692508,54.584942],[-1.692843,54.584914],[-1.694434,54.584681],[-1.696601,54.584392],[-1.697888,54.584363],[-1.698472,54.58404],[-1.698647,54.583607],[-1.698617,54.582489],[-1.699474,54.58188],[-1.700609,54.581525],[-1.701661,54.579839],[-1.701517,54.579717],[-1.702431,54.57808],[-1.703043,54.578055],[-1.704133,54.578211],[-1.704576,54.577652],[-1.704788,54.577362],[-1.705823,54.575973],[-1.706813,54.574737],[-1.707084,54.573972],[-1.706541,54.573875],[-1.705446,54.573778],[-1.705109,54.573709],[-1.704729,54.573731],[-1.704368,54.573645],[-1.704025,54.57365],[-1.703896,54.573606],[-1.703826,54.573475],[-1.703755,54.573381],[-1.703711,54.573336],[-1.703326,54.572989],[-1.702921,54.572025],[-1.703728,54.571401],[-1.704571,54.570743],[-1.705953,54.569605],[-1.706696,54.568926],[-1.706482,54.567933],[-1.70743,54.566625],[-1.707908,54.566104],[-1.708109,54.565677],[-1.708145,54.564656],[-1.707897,54.563645],[-1.707723,54.563041],[-1.706227,54.563027],[-1.7057,54.562695],[-1.705241,54.56261],[-1.704927,54.562586],[-1.704089,54.561889],[-1.704037,54.561467],[-1.704175,54.56119],[-1.704334,54.560765],[-1.70432,54.560488],[-1.701938,54.558661],[-1.701143,54.558486],[-1.70102,54.558418],[-1.700766,54.558346],[-1.700235,54.558124],[-1.699856,54.558116],[-1.699426,54.55808],[-1.698985,54.558004],[-1.698632,54.558056],[-1.698538,54.558053],[-1.696991,54.557977],[-1.696206,54.557885],[-1.695652,54.557767],[-1.694757,54.557579],[-1.694595,54.557472],[-1.694372,54.557132],[-1.694217,54.556994],[-1.693672,54.556841],[-1.693461,54.556711],[-1.693134,54.556498],[-1.69157,54.556239],[-1.690274,54.556156],[-1.690727,54.555147],[-1.692155,54.555179],[-1.692706,54.555171],[-1.694846,54.555499],[-1.69729,54.554244],[-1.699161,54.553575],[-1.699163,54.552668],[-1.697834,54.551903],[-1.69932,54.550128],[-1.69992,54.54986],[-1.701262,54.550259],[-1.70284,54.550066],[-1.703042,54.548237],[-1.703011,54.54692],[-1.702963,54.546129],[-1.702866,54.545915],[-1.702317,54.545406],[-1.700162,54.544622],[-1.698718,54.544206],[-1.696781,54.544068],[-1.697143,54.543283],[-1.696655,54.541596],[-1.696457,54.5406],[-1.696863,54.540492],[-1.696218,54.539271],[-1.696056,54.538833],[-1.695367,54.535864],[-1.696946,54.535947],[-1.700133,54.53625],[-1.702554,54.536523],[-1.705825,54.537353],[-1.707405,54.537774],[-1.709097,54.538196],[-1.710554,54.538693],[-1.71232,54.539115],[-1.713689,54.539569],[-1.714289,54.539814],[-1.71608,54.54068],[-1.716324,54.540815],[-1.71739,54.541507],[-1.717598,54.541923],[-1.717744,54.542044],[-1.718062,54.542156],[-1.71876,54.542207],[-1.720121,54.542135],[-1.721763,54.54163],[-1.722327,54.541451],[-1.721911,54.541213],[-1.7213,54.540838],[-1.721223,54.540532],[-1.721184,54.53998],[-1.72121,54.539792],[-1.721488,54.539241],[-1.721842,54.53889],[-1.72229,54.538382],[-1.722566,54.538145],[-1.723079,54.537113],[-1.723086,54.536653],[-1.723244,54.535854],[-1.723788,54.534641],[-1.724187,54.534033],[-1.724395,54.533647],[-1.724501,54.53349],[-1.724813,54.532983],[-1.725391,54.531741],[-1.725574,54.53092],[-1.725729,54.53037],[-1.72577,54.530324],[-1.727835,54.530396],[-1.729065,54.530486],[-1.729811,54.53054],[-1.730185,54.530274],[-1.730713,54.529609],[-1.730902,54.529335],[-1.731313,54.528537],[-1.731501,54.527809],[-1.73224,54.527554],[-1.733542,54.527651],[-1.733902,54.527713],[-1.734631,54.52793],[-1.73543,54.528053],[-1.735822,54.528101],[-1.736446,54.528172],[-1.737092,54.528227],[-1.737866,54.528391],[-1.738315,54.528482],[-1.73855,54.528578],[-1.739681,54.529165],[-1.740821,54.529439],[-1.741327,54.52955],[-1.741956,54.529635],[-1.74255,54.52948],[-1.74297,54.529393],[-1.74345,54.529463],[-1.745985,54.529149],[-1.746669,54.529195],[-1.748136,54.529416],[-1.748998,54.529463],[-1.749348,54.529893],[-1.749695,54.530013],[-1.750163,54.530031],[-1.750781,54.529578],[-1.751444,54.529146],[-1.753751,54.528546],[-1.755278,54.528623],[-1.756923,54.528673],[-1.759033,54.528795],[-1.759693,54.528815],[-1.761118,54.529065],[-1.761958,54.529267],[-1.76277,54.52958],[-1.763483,54.529921],[-1.765327,54.531755],[-1.765899,54.532283],[-1.767182,54.532588],[-1.767782,54.53266],[-1.769222,54.532753],[-1.770287,54.532748],[-1.773105,54.532521],[-1.774076,54.532428],[-1.777516,54.531855],[-1.778453,54.530251],[-1.778729,54.528894],[-1.779335,54.527887],[-1.779332,54.526416],[-1.777281,54.525816],[-1.77525,54.524298],[-1.775166,54.522239],[-1.774945,54.520032],[-1.775802,54.519234],[-1.775956,54.51842],[-1.775996,54.517559],[-1.776015,54.515714],[-1.776022,54.515084],[-1.77567,54.51372],[-1.775223,54.511619],[-1.775224,54.511062],[-1.774797,54.509474],[-1.774621,54.507888],[-1.774584,54.506584],[-1.774989,54.506575],[-1.775727,54.506379],[-1.776148,54.506259],[-1.777402,54.506466],[-1.777807,54.506431],[-1.778099,54.506358],[-1.77838,54.506506],[-1.779025,54.506589],[-1.779396,54.506764],[-1.780386,54.506872],[-1.781033,54.505624],[-1.782226,54.505006],[-1.782366,54.504891],[-1.782445,54.504177],[-1.782416,54.503399],[-1.782869,54.503168],[-1.783055,54.502928],[-1.783579,54.502669],[-1.783571,54.502382],[-1.783508,54.501357],[-1.785124,54.500988],[-1.785461,54.500326],[-1.785496,54.499034],[-1.785827,54.498238],[-1.786119,54.497767],[-1.786145,54.497389],[-1.786753,54.495954],[-1.787345,54.495001],[-1.787989,54.493888],[-1.78831,54.493378],[-1.788272,54.492308],[-1.787476,54.491778],[-1.787477,54.491647],[-1.7881,54.490928],[-1.788874,54.490158],[-1.789546,54.489283],[-1.790193,54.487621],[-1.790403,54.487012],[-1.790917,54.485617],[-1.791131,54.485031],[-1.791402,54.484221],[-1.79332,54.485009],[-1.794249,54.485396],[-1.797733,54.486739],[-1.799038,54.487191],[-1.800086,54.487474],[-1.801178,54.487686],[-1.805187,54.489094],[-1.806445,54.489579],[-1.807298,54.489863],[-1.808128,54.490096],[-1.811403,54.491218],[-1.813104,54.491903],[-1.813989,54.492441],[-1.81554,54.493266],[-1.816097,54.493541],[-1.816386,54.493618],[-1.818409,54.494027],[-1.819009,54.494234],[-1.820903,54.495033],[-1.820912,54.495442],[-1.821343,54.49642],[-1.821713,54.496793],[-1.822178,54.497074],[-1.822739,54.497437],[-1.822977,54.498115],[-1.822885,54.499093],[-1.822847,54.50001],[-1.823283,54.500087],[-1.824425,54.500373],[-1.824909,54.500525],[-1.825222,54.500986],[-1.825686,54.501219],[-1.825851,54.501711],[-1.825872,54.501785],[-1.826116,54.502432],[-1.826227,54.502588],[-1.826776,54.502666],[-1.830007,54.502496],[-1.830095,54.503309],[-1.83008,54.503502],[-1.83011,54.503641],[-1.830781,54.50499],[-1.831365,54.505213],[-1.831874,54.505503],[-1.834173,54.507178],[-1.834901,54.507814],[-1.835554,54.508027],[-1.836148,54.508085],[-1.83753,54.508216],[-1.838893,54.50749],[-1.839332,54.507175],[-1.83964,54.506962],[-1.840184,54.506487],[-1.840506,54.50634],[-1.841543,54.505689],[-1.841975,54.505538],[-1.842452,54.505289],[-1.843193,54.504862],[-1.843759,54.504762],[-1.844224,54.50464],[-1.845462,54.504132],[-1.846067,54.503869],[-1.84629,54.503701],[-1.846818,54.503515],[-1.847308,54.503409],[-1.847935,54.503413],[-1.848866,54.503437],[-1.849587,54.503442],[-1.850867,54.503824],[-1.85144,54.503803],[-1.852219,54.503746],[-1.852785,54.503576],[-1.853543,54.503415],[-1.855202,54.503362],[-1.856271,54.503036],[-1.856356,54.501848],[-1.856668,54.500807],[-1.856947,54.499802],[-1.857125,54.499205],[-1.857089,54.498092],[-1.857055,54.497089],[-1.856888,54.495796],[-1.856688,54.495184],[-1.856285,54.493836],[-1.856633,54.493238],[-1.856799,54.493333],[-1.85716,54.493314],[-1.857586,54.492832],[-1.857722,54.492202],[-1.857829,54.491845],[-1.85763,54.490743],[-1.85762,54.489438],[-1.857887,54.488347],[-1.858364,54.48726],[-1.858765,54.48513],[-1.858467,54.484695],[-1.857417,54.483261],[-1.857307,54.48293],[-1.858292,54.481813],[-1.861139,54.48191],[-1.865721,54.481972],[-1.867576,54.481194],[-1.870146,54.480156],[-1.874258,54.478655],[-1.876022,54.47792],[-1.877391,54.477019],[-1.881523,54.474355],[-1.884614,54.47222],[-1.888736,54.468906],[-1.889181,54.468551],[-1.890556,54.467638],[-1.903185,54.463969],[-1.91003,54.462261],[-1.911655,54.461846],[-1.91925,54.459066],[-1.923115,54.457639],[-1.927499,54.456446],[-1.932501,54.457173],[-1.939769,54.453827],[-1.941152,54.453253],[-1.941409,54.453199],[-1.941747,54.453243],[-1.941833,54.453308],[-1.942806,54.453479],[-1.943781,54.453778],[-1.944264,54.45384],[-1.944316,54.453862],[-1.944496,54.453999],[-1.94489,54.453994],[-1.945592,54.454084],[-1.946482,54.454058],[-1.946849,54.453991],[-1.94711,54.454005],[-1.947528,54.454068],[-1.947636,54.454066],[-1.947725,54.454045],[-1.948494,54.453732],[-1.948937,54.453635],[-1.94965,54.453537],[-1.949885,54.453346],[-1.949973,54.453289],[-1.951374,54.453329],[-1.951635,54.453464],[-1.951721,54.453495],[-1.951841,54.453447],[-1.952137,54.453299],[-1.952261,54.453314],[-1.952467,54.453502],[-1.953177,54.453615],[-1.954031,54.453636],[-1.954245,54.453447],[-1.954338,54.453424],[-1.95454,54.453354],[-1.954781,54.453279],[-1.955016,54.453069],[-1.955112,54.453058],[-1.955432,54.453034],[-1.955505,54.45301],[-1.95584,54.453057],[-1.956606,54.452833],[-1.956994,54.45284],[-1.957126,54.452704],[-1.957946,54.452453],[-1.958047,54.452482],[-1.958221,54.452398],[-1.958227,54.452389],[-1.958271,54.4523],[-1.958393,54.452266],[-1.958859,54.452048],[-1.959148,54.451998],[-1.959533,54.451948],[-1.960252,54.451875],[-1.960664,54.451887],[-1.961232,54.451698],[-1.962051,54.451609],[-1.963337,54.451812],[-1.963428,54.451858],[-1.963564,54.451879],[-1.963755,54.451835],[-1.964424,54.451484],[-1.96474,54.451539],[-1.965223,54.451552],[-1.966168,54.451615],[-1.966917,54.451626],[-1.967343,54.451492],[-1.96783,54.451357],[-1.968071,54.451334],[-1.969804,54.453147],[-1.970207,54.453943],[-1.969717,54.454428],[-1.969567,54.454604],[-1.970002,54.454932],[-1.971512,54.456269],[-1.972409,54.457523],[-1.974606,54.459582],[-1.975061,54.459714],[-1.977464,54.46003],[-1.981023,54.459964],[-1.983372,54.459738],[-1.983735,54.459718],[-1.983951,54.459756],[-1.98475,54.460179],[-1.984702,54.461099],[-1.984951,54.461366],[-1.98864,54.463418],[-1.990957,54.464605],[-1.994956,54.466612],[-1.995343,54.466782],[-2.000833,54.468126],[-2.00218,54.468477],[-2.006109,54.46955],[-2.011458,54.470953],[-2.014606,54.471541],[-2.015957,54.471683],[-2.019632,54.472016],[-2.022124,54.472254],[-2.025001,54.472508],[-2.028055,54.472811],[-2.03268,54.473627],[-2.034653,54.473993],[-2.037151,54.474369],[-2.043218,54.475043],[-2.043033,54.476249],[-2.042446,54.479295],[-2.042307,54.480053],[-2.041683,54.483312],[-2.042867,54.483194],[-2.044315,54.482964],[-2.047084,54.482303],[-2.04803,54.481625],[-2.048959,54.48116],[-2.052627,54.480587],[-2.057023,54.480863],[-2.061595,54.479469],[-2.062302,54.478533],[-2.062987,54.478333],[-2.063166,54.478245],[-2.063385,54.478082],[-2.064703,54.477517],[-2.068411,54.475521],[-2.069359,54.474456],[-2.073245,54.473211],[-2.076303,54.471945],[-2.080118,54.46973],[-2.083183,54.468755],[-2.085299,54.468187],[-2.091857,54.467277],[-2.094831,54.466719],[-2.097155,54.466274],[-2.098268,54.46591],[-2.101079,54.465062],[-2.105663,54.464419],[-2.107829,54.464192],[-2.112803,54.464051],[-2.117195,54.461773],[-2.120328,54.461446],[-2.121954,54.461373],[-2.122594,54.461428],[-2.123976,54.46182],[-2.12441,54.461912],[-2.125064,54.461957],[-2.126134,54.461882],[-2.127987,54.461707],[-2.133471,54.461364],[-2.135372,54.461284],[-2.136405,54.461291],[-2.136995,54.461476],[-2.137273,54.461513],[-2.137583,54.461477],[-2.13799,54.461369],[-2.138707,54.461099],[-2.139346,54.460893],[-2.140333,54.460744],[-2.140992,54.460675],[-2.147836,54.459935],[-2.149323,54.459612],[-2.150326,54.459065],[-2.151649,54.458203],[-2.152541,54.45764],[-2.153877,54.456864],[-2.155134,54.456386],[-2.155519,54.456209],[-2.156264,54.45575],[-2.157732,54.455371],[-2.158428,54.456341],[-2.163225,54.456355],[-2.165217,54.457316],[-2.168071,54.457926],[-2.163473,54.462126],[-2.160012,54.46494],[-2.159568,54.466175],[-2.158108,54.470459],[-2.157812,54.471281],[-2.158718,54.474451],[-2.159539,54.476485],[-2.16089,54.479856],[-2.163042,54.484974],[-2.163223,54.485436],[-2.165039,54.489792],[-2.163845,54.493549],[-2.162972,54.496447],[-2.161434,54.501398],[-2.161041,54.502996],[-2.160943,54.503616],[-2.162002,54.506447],[-2.162571,54.507818],[-2.164125,54.511814],[-2.166211,54.517055],[-2.167757,54.519727],[-2.17239,54.521372],[-2.172502,54.524314],[-2.170509,54.527524],[-2.16969,54.528872],[-2.171032,54.532292],[-2.177025,54.534357],[-2.180951,54.53567],[-2.187738,54.534338],[-2.191059,54.533632],[-2.196087,54.532537],[-2.199859,54.535823],[-2.202814,54.538508],[-2.205545,54.540856],[-2.207213,54.542329],[-2.208527,54.545161],[-2.208311,54.547677],[-2.209701,54.55225],[-2.216016,54.554518],[-2.224653,54.55766],[-2.233935,54.56111],[-2.23917,54.563028],[-2.24518,54.565403],[-2.24938,54.567757],[-2.258883,54.573068],[-2.260839,54.574199],[-2.262592,54.57582],[-2.265995,54.579048],[-2.269394,54.582073],[-2.271225,54.582828],[-2.277157,54.585341],[-2.281131,54.587004],[-2.285696,54.588905],[-2.291583,54.591357],[-2.299195,54.594512],[-2.303015,54.596115],[-2.303058,54.596299],[-2.303698,54.598637],[-2.304224,54.600544],[-2.305712,54.606196],[-2.306214,54.608076],[-2.306689,54.609871],[-2.307441,54.611995],[-2.308186,54.612847],[-2.311177,54.616409],[-2.313355,54.619084],[-2.316917,54.623431],[-2.319339,54.626312],[-2.322447,54.630187],[-2.32267,54.631726],[-2.322333,54.631866],[-2.321219,54.632648],[-2.320512,54.633174],[-2.319992,54.633399],[-2.319565,54.633632],[-2.318642,54.634239],[-2.318112,54.634468],[-2.317072,54.634689],[-2.316916,54.634729],[-2.316332,54.634983],[-2.315483,54.635341],[-2.314903,54.635648],[-2.314,54.636073],[-2.312755,54.636817],[-2.312395,54.636949],[-2.312217,54.636972],[-2.310883,54.637039],[-2.310687,54.637082],[-2.309641,54.637522],[-2.309406,54.63772],[-2.308929,54.638204],[-2.308379,54.638653],[-2.307774,54.639153],[-2.307801,54.639413],[-2.307578,54.639573],[-2.307358,54.639673],[-2.307288,54.639819],[-2.30692,54.639918],[-2.306767,54.640168],[-2.306876,54.640671],[-2.30676,54.640791],[-2.306394,54.641073],[-2.306247,54.641268],[-2.305727,54.641937],[-2.305281,54.642289],[-2.304758,54.642509],[-2.304068,54.642681],[-2.302859,54.642713],[-2.302468,54.642645],[-2.301948,54.642592],[-2.301428,54.642641],[-2.301228,54.64277],[-2.300782,54.643531],[-2.300641,54.643664],[-2.300341,54.643787],[-2.299794,54.643812],[-2.299553,54.643853],[-2.299397,54.643959],[-2.299267,54.644249],[-2.299,54.644401],[-2.298731,54.644444],[-2.298491,54.644532],[-2.29841,54.644601],[-2.298255,54.644793],[-2.298133,54.644825],[-2.298023,54.644896],[-2.297854,54.645196],[-2.297557,54.645454],[-2.297179,54.645687],[-2.296746,54.645899],[-2.296265,54.646144],[-2.295332,54.646741],[-2.294922,54.647226],[-2.294531,54.647611],[-2.294252,54.647872],[-2.293969,54.64814],[-2.293678,54.648465],[-2.293298,54.648809],[-2.292976,54.649055],[-2.292326,54.649406],[-2.291517,54.649706],[-2.290719,54.649847],[-2.289391,54.649996],[-2.288697,54.650058],[-2.287996,54.650166],[-2.287403,54.650314],[-2.286732,54.650368],[-2.286993,54.650615],[-2.287438,54.650929],[-2.287655,54.651219],[-2.287833,54.651565],[-2.287723,54.651839],[-2.28764,54.651962],[-2.287662,54.652301],[-2.28777,54.652727],[-2.287741,54.653051],[-2.287834,54.65311],[-2.288198,54.65315],[-2.288261,54.65317],[-2.288329,54.653361],[-2.288309,54.654477],[-2.288364,54.654658],[-2.288722,54.655136],[-2.289006,54.655309],[-2.289324,54.655381],[-2.290295,54.655487],[-2.29054,54.655665],[-2.290441,54.656766],[-2.290208,54.6572],[-2.289841,54.657892],[-2.289937,54.658692],[-2.290209,54.659258],[-2.290853,54.660155],[-2.291242,54.660938],[-2.291346,54.661656],[-2.291317,54.663498],[-2.291343,54.663663],[-2.291511,54.663913],[-2.291766,54.66405],[-2.29244,54.664202],[-2.29455,54.664673],[-2.295243,54.66495],[-2.296974,54.665466],[-2.298671,54.665814],[-2.299979,54.665988],[-2.301003,54.66624],[-2.302149,54.666914],[-2.302278,54.667103],[-2.302346,54.667312],[-2.302348,54.66739],[-2.302084,54.667743],[-2.301308,54.668759],[-2.301311,54.669105],[-2.301574,54.669421],[-2.301683,54.669478],[-2.301964,54.669534],[-2.302893,54.669589],[-2.303634,54.669739],[-2.304297,54.669979],[-2.304668,54.67004],[-2.30527,54.669987],[-2.305958,54.669811],[-2.306175,54.669724],[-2.306379,54.669567],[-2.306841,54.669382],[-2.307466,54.66932],[-2.308821,54.669332],[-2.309404,54.669375],[-2.310139,54.669368],[-2.311962,54.669213],[-2.313218,54.669044],[-2.314391,54.6687],[-2.31488,54.668626],[-2.315135,54.668639],[-2.31573,54.668805],[-2.317024,54.669232],[-2.318568,54.669272],[-2.319344,54.669133],[-2.320609,54.66891],[-2.320828,54.668895],[-2.321497,54.668996],[-2.32223,54.669304],[-2.323494,54.669995],[-2.325028,54.670376],[-2.325511,54.670444],[-2.325757,54.670526],[-2.325933,54.670612],[-2.32626,54.670873],[-2.326337,54.670972],[-2.326432,54.671282],[-2.326384,54.671418],[-2.326269,54.671543],[-2.326046,54.671696],[-2.325208,54.672116],[-2.324889,54.672419],[-2.324903,54.672778],[-2.324959,54.672961],[-2.325057,54.673083],[-2.325532,54.673472],[-2.32652,54.674034],[-2.327629,54.674541],[-2.327852,54.674572],[-2.328474,54.674487],[-2.329492,54.674493],[-2.329931,54.674564],[-2.331547,54.67475],[-2.332243,54.674813],[-2.333962,54.675089],[-2.334178,54.675181],[-2.335269,54.67578],[-2.335975,54.676407],[-2.336457,54.676791],[-2.337336,54.677319],[-2.337841,54.677572],[-2.338269,54.677978],[-2.338564,54.678101],[-2.339949,54.678569],[-2.340201,54.678713],[-2.340546,54.679152],[-2.34114,54.680016],[-2.341462,54.680604],[-2.341843,54.681515],[-2.342144,54.682179],[-2.342329,54.682253],[-2.343024,54.682485],[-2.343678,54.682938],[-2.344522,54.683524],[-2.345754,54.683917],[-2.346193,54.683915],[-2.34669,54.683817],[-2.346929,54.683755],[-2.347237,54.683752],[-2.347433,54.68378],[-2.347657,54.683852],[-2.348003,54.68409],[-2.348283,54.684506],[-2.348373,54.685421],[-2.348465,54.685509],[-2.348773,54.685546],[-2.34993,54.685564],[-2.350219,54.685631],[-2.35033,54.685681],[-2.350443,54.685785],[-2.350421,54.686849],[-2.350354,54.687316],[-2.350031,54.687982],[-2.34959,54.688622],[-2.349003,54.689328],[-2.348953,54.689602],[-2.349106,54.690079],[-2.349218,54.690314],[-2.349534,54.690535],[-2.350007,54.690726],[-2.351369,54.691054],[-2.352492,54.691311],[-2.35281,54.691869],[-2.352842,54.692418],[-2.352657,54.69272],[-2.352326,54.692956],[-2.3508,54.693775],[-2.350708,54.693934],[-2.350776,54.694377],[-2.351456,54.695017],[-2.35185,54.695412],[-2.352076,54.695519],[-2.352566,54.695796],[-2.352684,54.696028],[-2.352757,54.696378],[-2.352788,54.696519],[-2.353059,54.696762],[-2.353621,54.696961],[-2.354029,54.697116],[-2.354075,54.697284],[-2.354249,54.697465],[-2.354254,54.697617],[-2.354054,54.697776],[-2.353898,54.697805],[-2.353127,54.697893],[-2.352869,54.697859],[-2.352599,54.697749],[-2.352288,54.697685],[-2.352187,54.697695],[-2.352046,54.697758],[-2.351742,54.698097],[-2.351384,54.698829],[-2.350776,54.699788],[-2.349958,54.700375],[-2.349596,54.700613],[-2.348845,54.700704],[-2.3486,54.700805],[-2.348113,54.701068],[-2.348022,54.701047],[-2.347976,54.70101],[-2.347919,54.700845],[-2.347767,54.700772],[-2.347181,54.70084],[-2.346877,54.701001],[-2.346818,54.701009],[-2.346611,54.700972],[-2.345902,54.700805],[-2.345291,54.700721],[-2.344981,54.700728],[-2.344714,54.70087],[-2.344533,54.700961],[-2.344153,54.701011],[-2.34396,54.701237],[-2.343928,54.701377],[-2.343846,54.70143],[-2.343484,54.70146],[-2.343051,54.701563],[-2.342898,54.701702],[-2.342996,54.701813],[-2.343014,54.701916],[-2.342864,54.702146],[-2.342643,54.7022],[-2.342516,54.702275],[-2.34248,54.702373],[-2.342525,54.70257],[-2.342038,54.703045],[-2.341921,54.703142],[-2.341921,54.703545],[-2.341856,54.703721],[-2.34191,54.703913],[-2.341902,54.704206],[-2.34171,54.704331],[-2.341391,54.704381],[-2.341137,54.704557],[-2.34108,54.704683],[-2.341287,54.704921],[-2.341209,54.705058],[-2.340666,54.705245],[-2.340167,54.705537],[-2.339929,54.705953],[-2.339996,54.706176],[-2.340424,54.706493],[-2.340932,54.706761],[-2.341009,54.706895],[-2.341187,54.707005],[-2.341803,54.707126],[-2.342037,54.707153],[-2.342204,54.707304],[-2.342313,54.707439],[-2.34249,54.707524],[-2.342509,54.707858],[-2.342575,54.708006],[-2.342643,54.708185],[-2.342699,54.708342],[-2.342963,54.708626],[-2.343153,54.708734],[-2.343403,54.708797],[-2.343498,54.708864],[-2.343512,54.709029],[-2.343515,54.709236],[-2.343167,54.709338],[-2.34284,54.709422],[-2.342706,54.709684],[-2.342333,54.709804],[-2.34206,54.709841],[-2.341768,54.710039],[-2.341642,54.710082],[-2.341423,54.710123],[-2.34099,54.710176],[-2.340818,54.71026],[-2.340413,54.710358],[-2.340165,54.710333],[-2.339991,54.710323],[-2.339838,54.7104],[-2.339777,54.710496],[-2.339732,54.710659],[-2.339798,54.710695],[-2.340326,54.710976],[-2.340347,54.711062],[-2.340533,54.71124],[-2.340664,54.711396],[-2.340732,54.711642],[-2.340607,54.711901],[-2.340521,54.712168],[-2.340446,54.712296],[-2.340373,54.712298],[-2.340246,54.712404],[-2.340408,54.712441],[-2.340497,54.712484],[-2.340518,54.712564],[-2.340611,54.71293],[-2.340517,54.713064],[-2.340522,54.713441],[-2.340485,54.713662],[-2.340448,54.713833],[-2.340406,54.713875],[-2.340097,54.713981],[-2.340084,54.714047],[-2.340157,54.714166],[-2.340098,54.714269],[-2.340112,54.714488],[-2.339922,54.71468],[-2.33999,54.714747],[-2.340246,54.714763],[-2.340268,54.714815],[-2.340131,54.714974],[-2.340343,54.715288],[-2.340456,54.715332],[-2.340586,54.715336],[-2.34067,54.715376],[-2.340539,54.715785],[-2.340539,54.716036],[-2.340253,54.716179],[-2.340088,54.71644],[-2.339963,54.716541],[-2.339497,54.716623],[-2.33899,54.716614],[-2.3387,54.716534],[-2.337845,54.716468],[-2.33752,54.716482],[-2.336949,54.716576],[-2.336724,54.716652],[-2.336495,54.716717],[-2.336452,54.716899],[-2.336035,54.717139],[-2.33602,54.717324],[-2.336123,54.717652],[-2.336033,54.717774],[-2.335995,54.717879],[-2.335948,54.718064],[-2.335825,54.718208],[-2.335933,54.718443],[-2.335927,54.718572],[-2.336114,54.718903],[-2.336198,54.71894],[-2.336259,54.719051],[-2.336115,54.719058],[-2.336204,54.719149],[-2.336294,54.719204],[-2.336268,54.719243],[-2.335989,54.719281],[-2.336008,54.719351],[-2.336072,54.719464],[-2.336011,54.719474],[-2.335774,54.719401],[-2.335646,54.719433],[-2.335656,54.719608],[-2.335637,54.719647],[-2.335529,54.719639],[-2.335329,54.719479],[-2.335106,54.719611],[-2.334643,54.719498],[-2.334604,54.719572],[-2.334551,54.719636],[-2.334427,54.71976],[-2.334328,54.719876],[-2.334064,54.719924],[-2.33386,54.720126],[-2.333662,54.720183],[-2.333461,54.720304],[-2.332866,54.720469],[-2.33267,54.720694],[-2.33228,54.72085],[-2.332121,54.721033],[-2.331645,54.721323],[-2.330959,54.721627],[-2.330697,54.721826],[-2.330411,54.722123],[-2.329476,54.722551],[-2.329,54.722817],[-2.328086,54.723601],[-2.32721,54.724398],[-2.326353,54.725016],[-2.324895,54.726247],[-2.324316,54.72649],[-2.323955,54.726126],[-2.323338,54.725727],[-2.322777,54.725383],[-2.321729,54.7248],[-2.321066,54.723837],[-2.320927,54.723224],[-2.320477,54.722845],[-2.320217,54.722687],[-2.320004,54.722589],[-2.319958,54.722483],[-2.319256,54.722179],[-2.318695,54.722196],[-2.318374,54.722271],[-2.318102,54.722313],[-2.317268,54.722489],[-2.316166,54.723126],[-2.316294,54.723504],[-2.316255,54.723592],[-2.315963,54.723689],[-2.315613,54.723567],[-2.315562,54.723478],[-2.31498,54.72337],[-2.314605,54.723318],[-2.314157,54.723363],[-2.313806,54.723446],[-2.313335,54.723513],[-2.312288,54.723627],[-2.311236,54.723723],[-2.310732,54.724031],[-2.310691,54.724189],[-2.310652,54.724323],[-2.310313,54.724584],[-2.308942,54.725205],[-2.308166,54.725522],[-2.30705,54.725852],[-2.306194,54.725829],[-2.305818,54.725955],[-2.304022,54.726137],[-2.303345,54.725878],[-2.302954,54.725507],[-2.302845,54.725367],[-2.302391,54.725189],[-2.301081,54.725177],[-2.299507,54.724741],[-2.29867,54.724896],[-2.297742,54.724379],[-2.297312,54.724166],[-2.296924,54.724097],[-2.296113,54.723928],[-2.295645,54.723859],[-2.295521,54.723802],[-2.294946,54.723313],[-2.293529,54.722805],[-2.292292,54.722813],[-2.291843,54.722651],[-2.288783,54.722014],[-2.287411,54.721806],[-2.286747,54.721795],[-2.286222,54.721705],[-2.285693,54.721545],[-2.285135,54.720865],[-2.284118,54.720596],[-2.28204,54.720151],[-2.280673,54.719671],[-2.280521,54.719435],[-2.280271,54.719361],[-2.279905,54.719125],[-2.278798,54.718497],[-2.278227,54.718148],[-2.277586,54.717991],[-2.276528,54.717967],[-2.276185,54.718018],[-2.275479,54.718285],[-2.27531,54.71833],[-2.275251,54.718328],[-2.275179,54.718298],[-2.274867,54.717921],[-2.273735,54.718043],[-2.273386,54.718231],[-2.272874,54.718381],[-2.272743,54.71842],[-2.272568,54.7184],[-2.272293,54.718272],[-2.271668,54.718214],[-2.270791,54.71825],[-2.270067,54.718446],[-2.269156,54.718469],[-2.268465,54.718331],[-2.26812,54.718102],[-2.267819,54.71785],[-2.267568,54.717803],[-2.267254,54.717832],[-2.266356,54.7176],[-2.265163,54.717667],[-2.263894,54.717136],[-2.263346,54.716644],[-2.2621,54.715601],[-2.26128,54.715057],[-2.260657,54.714734],[-2.260408,54.7145],[-2.261203,54.713774],[-2.261118,54.713406],[-2.261099,54.712981],[-2.261815,54.711994],[-2.260285,54.710695],[-2.259779,54.710261],[-2.259312,54.709822],[-2.258774,54.709218],[-2.258492,54.709],[-2.258031,54.70881],[-2.257482,54.708481],[-2.25697,54.708047],[-2.253314,54.709643],[-2.249706,54.710386],[-2.246913,54.710767],[-2.24579,54.711129],[-2.244467,54.712306],[-2.244061,54.712842],[-2.243957,54.713325],[-2.240799,54.713822],[-2.239466,54.713813],[-2.238742,54.713844],[-2.238165,54.713898],[-2.237402,54.714032],[-2.235681,54.714328],[-2.232865,54.714978],[-2.231653,54.715562],[-2.231497,54.715645],[-2.230867,54.715722],[-2.229989,54.715805],[-2.228853,54.715992],[-2.228192,54.716203],[-2.227735,54.716442],[-2.227264,54.716638],[-2.227083,54.716432],[-2.226849,54.716185],[-2.225781,54.71521],[-2.224932,54.714389],[-2.224799,54.714126],[-2.224566,54.713904],[-2.223719,54.713431],[-2.223076,54.713215],[-2.222739,54.713079],[-2.222293,54.712943],[-2.22088,54.712265],[-2.220444,54.711993],[-2.220323,54.711845],[-2.219833,54.711688],[-2.21945,54.711506],[-2.219152,54.711497],[-2.218976,54.711536],[-2.218681,54.711625],[-2.218421,54.71165],[-2.218358,54.711649],[-2.218058,54.711594],[-2.217478,54.71126],[-2.216278,54.710599],[-2.215477,54.710327],[-2.214529,54.710155],[-2.214191,54.710109],[-2.213404,54.709954],[-2.212705,54.709791],[-2.211721,54.709435],[-2.21163,54.70878],[-2.21118,54.70849],[-2.210005,54.707592],[-2.209257,54.707117],[-2.208302,54.706661],[-2.207409,54.706212],[-2.20601,54.705833],[-2.204374,54.705199],[-2.203643,54.704861],[-2.202323,54.704395],[-2.200046,54.704473],[-2.196956,54.705294],[-2.195953,54.705622],[-2.193967,54.705751],[-2.193438,54.70468],[-2.193605,54.703994],[-2.19358,54.702615],[-2.193671,54.700219],[-2.192743,54.698355],[-2.190082,54.69505],[-2.186784,54.695473],[-2.185342,54.695663],[-2.183071,54.69554],[-2.180977,54.695069],[-2.175001,54.69391],[-2.173628,54.693746],[-2.172283,54.693708],[-2.167866,54.694253],[-2.165569,54.694104],[-2.163078,54.693942],[-2.161523,54.693809],[-2.157022,54.693519],[-2.155958,54.693618],[-2.150565,54.693954],[-2.14924,54.694529],[-2.148329,54.695044],[-2.145732,54.695493],[-2.144593,54.695666],[-2.141099,54.694804],[-2.139968,54.694519],[-2.138755,54.693735],[-2.138191,54.693271],[-2.137738,54.693283],[-2.136493,54.693657],[-2.135568,54.693445],[-2.134716,54.692553],[-2.134288,54.692201],[-2.133564,54.692085],[-2.133112,54.691837],[-2.132614,54.691376],[-2.131171,54.690734],[-2.130176,54.690654],[-2.129506,54.69065],[-2.129243,54.690661],[-2.12906,54.690522],[-2.128784,54.690443],[-2.128421,54.69059],[-2.126425,54.690279],[-2.125827,54.690277],[-2.125604,54.690433],[-2.124549,54.690078],[-2.123843,54.68974],[-2.123241,54.689364],[-2.122954,54.689267],[-2.122548,54.6892],[-2.122255,54.689215],[-2.121227,54.689212],[-2.120721,54.689119],[-2.120297,54.68879],[-2.120311,54.688621],[-2.120459,54.68844],[-2.120459,54.688208],[-2.120378,54.688076],[-2.120239,54.687996],[-2.120075,54.687965],[-2.119685,54.687834],[-2.119041,54.687575],[-2.118522,54.687711],[-2.11761,54.687856],[-2.116719,54.6879],[-2.114849,54.687884],[-2.114568,54.687847],[-2.114345,54.687799],[-2.113684,54.687542],[-2.113353,54.687481],[-2.11303,54.687494],[-2.11277,54.687558],[-2.106831,54.689055],[-2.105417,54.689518],[-2.104129,54.690085],[-2.10348,54.690253],[-2.102945,54.690355],[-2.102447,54.690528],[-2.10069,54.691325],[-2.098575,54.69202],[-2.096956,54.692471],[-2.09578,54.692627],[-2.094595,54.692838],[-2.093774,54.693142],[-2.092952,54.69322],[-2.091969,54.693366],[-2.09037,54.693806],[-2.088345,54.694034],[-2.079294,54.694457],[-2.067723,54.692114],[-2.065485,54.691428],[-2.063073,54.690337],[-2.061458,54.689136],[-2.060736,54.688897],[-2.060288,54.688208],[-2.058418,54.688034],[-2.057033,54.688125],[-2.055834,54.687967],[-2.054532,54.687073],[-2.052409,54.686607],[-2.046848,54.685543],[-2.042364,54.685038],[-2.040442,54.685111],[-2.030933,54.685142],[-2.029593,54.684676],[-2.026824,54.684414],[-2.026764,54.684328],[-2.026607,54.684234],[-2.026258,54.684154],[-2.025979,54.684148],[-2.024909,54.684359],[-2.022946,54.683739],[-2.02227,54.683641],[-2.019421,54.683214],[-2.012987,54.681646],[-2.009217,54.68136],[-2.008235,54.681317],[-2.007126,54.681465],[-2.006824,54.681527],[-2.003957,54.680335],[-1.99992,54.682209],[-1.998104,54.682563],[-1.997585,54.682591],[-1.995747,54.682488],[-1.995353,54.682469],[-1.99315,54.682948],[-1.991567,54.683292],[-1.989029,54.683944],[-1.986249,54.682558],[-1.983181,54.679601],[-1.981178,54.677758],[-1.978787,54.675501],[-1.977909,54.674696],[-1.976982,54.673922],[-1.976836,54.673794],[-1.976616,54.673474],[-1.976138,54.673127],[-1.975909,54.6726],[-1.97564,54.672491],[-1.975147,54.672441],[-1.973495,54.672695],[-1.972149,54.672799],[-1.971621,54.672906],[-1.971142,54.673086],[-1.970845,54.673176],[-1.970742,54.673177],[-1.970196,54.673048],[-1.968915,54.673214],[-1.967913,54.673407],[-1.967401,54.673427],[-1.967339,54.673317],[-1.967212,54.673236],[-1.96702,54.673213],[-1.966696,54.673218],[-1.966548,54.673095],[-1.966441,54.673014],[-1.965782,54.672948],[-1.965676,54.672858],[-1.965429,54.672819],[-1.964846,54.672839],[-1.964709,54.672784],[-1.964605,54.672637],[-1.964339,54.672523],[-1.963358,54.672153],[-1.963003,54.672037],[-1.962569,54.671938],[-1.962287,54.671853],[-1.961227,54.672048],[-1.957865,54.671638],[-1.955959,54.671425],[-1.954551,54.671287],[-1.95344,54.671202],[-1.951913,54.67098],[-1.949435,54.67073],[-1.947815,54.670533],[-1.946365,54.67042],[-1.947497,54.674117],[-1.947984,54.675914],[-1.947659,54.676224],[-1.947074,54.676362],[-1.946778,54.676757],[-1.946102,54.676963],[-1.945611,54.67718],[-1.944761,54.677326],[-1.944215,54.67741],[-1.943706,54.677449],[-1.943351,54.677585],[-1.942929,54.677764],[-1.942807,54.677806],[-1.942187,54.677732],[-1.941206,54.677803],[-1.941114,54.677753],[-1.940986,54.677587],[-1.940898,54.677566],[-1.94079,54.677617],[-1.940849,54.677734],[-1.940793,54.677843],[-1.940715,54.677871],[-1.940582,54.677881],[-1.93998,54.677763],[-1.939771,54.677692],[-1.93966,54.677696],[-1.939104,54.677893],[-1.938705,54.677863],[-1.93836,54.677863],[-1.937953,54.678054],[-1.937649,54.678226],[-1.937174,54.678251],[-1.936786,54.678373],[-1.936612,54.678418],[-1.9363,54.67867],[-1.93624,54.678653],[-1.935914,54.678528],[-1.935608,54.678493],[-1.935441,54.67853],[-1.934957,54.678759],[-1.934629,54.678846],[-1.933877,54.678971],[-1.933131,54.679124],[-1.932811,54.679094],[-1.932315,54.679158],[-1.932246,54.679315],[-1.932312,54.679415],[-1.932199,54.679495],[-1.931292,54.67923],[-1.930456,54.679491],[-1.930125,54.679514],[-1.92993,54.679455],[-1.929559,54.679267],[-1.929457,54.679271],[-1.929178,54.679379],[-1.928083,54.679537],[-1.927838,54.679579],[-1.927437,54.679531],[-1.92717,54.679417],[-1.926982,54.67938],[-1.926532,54.679486],[-1.926164,54.679492],[-1.925478,54.679561],[-1.924873,54.679532],[-1.924588,54.679777],[-1.924099,54.679664],[-1.923955,54.679485],[-1.923706,54.679346],[-1.923532,54.679378],[-1.923473,54.679416],[-1.922854,54.679459],[-1.922634,54.679453],[-1.92251,54.679478],[-1.922401,54.679588],[-1.922268,54.679626],[-1.922092,54.679574],[-1.921909,54.679554],[-1.921782,54.679574],[-1.921401,54.679789],[-1.920826,54.6798],[-1.920457,54.679822],[-1.920253,54.679952],[-1.914728,54.68438],[-1.912958,54.685014],[-1.911092,54.685699],[-1.908364,54.686665],[-1.903941,54.688234],[-1.900713,54.689276],[-1.895397,54.690293],[-1.893877,54.690581],[-1.89162,54.691016],[-1.890508,54.691217],[-1.889854,54.691285],[-1.88742,54.691754],[-1.885499,54.692155],[-1.882873,54.692968],[-1.880575,54.694154],[-1.878614,54.695167],[-1.876993,54.696014],[-1.875923,54.69681],[-1.873736,54.698339],[-1.870657,54.69954],[-1.868625,54.700207],[-1.868387,54.70024],[-1.86693,54.700293],[-1.866772,54.700335],[-1.866667,54.700398],[-1.86659,54.700514],[-1.866123,54.700607],[-1.865467,54.700932],[-1.863884,54.701388],[-1.859391,54.702445],[-1.856496,54.703132],[-1.852649,54.704013],[-1.85175,54.704233],[-1.84907,54.704663],[-1.848123,54.704818],[-1.845391,54.705236],[-1.843658,54.705508],[-1.840263,54.706014],[-1.836328,54.706598],[-1.832749,54.707403],[-1.831102,54.707766],[-1.830532,54.707465],[-1.829572,54.707001],[-1.826939,54.70743],[-1.82521,54.707819],[-1.824455,54.707796],[-1.823237,54.707954],[-1.822735,54.708003],[-1.821597,54.708428],[-1.819684,54.707335],[-1.818855,54.706283],[-1.818558,54.705871],[-1.818121,54.705608],[-1.816414,54.704632],[-1.815085,54.703721],[-1.813956,54.702879],[-1.813408,54.702397],[-1.813261,54.702123],[-1.813242,54.702033],[-1.813131,54.701639],[-1.812939,54.701382],[-1.812513,54.700964],[-1.811169,54.699567],[-1.810654,54.698972],[-1.809619,54.697971],[-1.807618,54.696184],[-1.806624,54.695119],[-1.805599,54.693574],[-1.805487,54.693378],[-1.805048,54.692371],[-1.804789,54.691032],[-1.804739,54.689844],[-1.804758,54.688998],[-1.804644,54.688717],[-1.804447,54.688401],[-1.804109,54.687998],[-1.80338,54.68734],[-1.802559,54.686741],[-1.800181,54.685472],[-1.798514,54.684769],[-1.798173,54.684659],[-1.797807,54.684562],[-1.794907,54.683951],[-1.793701,54.683563],[-1.790879,54.682476],[-1.789763,54.682175],[-1.789123,54.68198],[-1.788574,54.681747],[-1.788233,54.681452],[-1.788087,54.681241],[-1.787993,54.680982],[-1.788049,54.680146],[-1.788482,54.679073],[-1.788951,54.678407],[-1.789415,54.677931],[-1.789987,54.677244],[-1.79046,54.676773],[-1.791514,54.675904],[-1.792075,54.675427],[-1.792145,54.675312],[-1.792171,54.674907],[-1.792032,54.6747],[-1.791828,54.674529],[-1.791572,54.674415],[-1.791026,54.674329],[-1.79054,54.674325],[-1.789879,54.674297],[-1.789445,54.67423],[-1.789183,54.674166],[-1.78749,54.673459],[-1.786534,54.672895],[-1.78581,54.672328],[-1.785201,54.671903],[-1.784133,54.671416],[-1.78386,54.671347],[-1.782978,54.671205],[-1.781713,54.671143],[-1.78133,54.671217],[-1.780824,54.671297],[-1.780453,54.671324],[-1.780034,54.671327],[-1.778631,54.671132],[-1.777371,54.670901],[-1.774625,54.670881],[-1.772091,54.671155],[-1.770671,54.671295]]]}},{"type":"Feature","properties":{"name":"North West Durham","code":"E14000856","results":{"2010":{"winning_party":"Lab","con_votes":8766,"lab_votes":18539,"lib_votes":10927,"ruk_votes":0,"grn_votes":0,"oth_votes":5583,"con_pct":20.0,"lab_pct":42.3,"lib_pct":24.9,"ruk_pct":0.0,"grn_pct":0.0,"oth_pct":12.7,"total_votes":43815,"turnout":0.623,"mp_name":"Pat Glass"},"2015":{"winning_party":"Lab","con_votes":10018,"lab_votes":20074,"lib_votes":3894,"ruk_votes":0,"grn_votes":0,"oth_votes":8832,"con_pct":23.4,"lab_pct":46.9,"lib_pct":9.1,"ruk_pct":0.0,"grn_pct":0.0,"oth_pct":20.6,"total_votes":42818,"turnout":0.613,"mp_name":"Pat Glass"},"2017":{"winning_party":"Lab","con_votes":16516,"lab_votes":25308,"lib_votes":3398,"ruk_votes":0,"grn_votes":0,"oth_votes":2680,"con_pct":34.5,"lab_pct":52.8,"lib_pct":7.1,"ruk_pct":0.0,"grn_pct":0.0,"oth_pct":5.6,"total_votes":47902,"turnout":0.666,"mp_name":"Laura Pidcock"},"2019":{"winning_party":"Con","con_votes":19990,"lab_votes":18846,"lib_votes":2831,"ruk_votes":0,"grn_votes":0,"oth_votes":5996,"con_pct":41.9,"lab_pct":39.5,"lib_pct":5.9,"ruk_pct":0.0,"grn_pct":0.0,"oth_pct":12.6,"total_votes":47663,"turnout":0.66,"mp_name":"Richard Holden"}}},"geometry":{"type":"Polygon","coordinates":[[[-1.728913,54.845898],[-1.727621,54.845947],[-1.726586,54.845321],[-1.724879,54.84441],[-1.723722,54.843848],[-1.72352,54.843681],[-1.721737,54.842777],[-1.720587,54.842164],[-1.719508,54.840669],[-1.713733,54.841878],[-1.710232,54.84266],[-1.705651,54.843604],[-1.703377,54.840393],[-1.702093,54.840518],[-1.698558,54.840897],[-1.698584,54.841968],[-1.69861,54.843647],[-1.698581,54.843817],[-1.697984,54.844152],[-1.697575,54.844429],[-1.696495,54.845009],[-1.695533,54.845396],[-1.694376,54.845815],[-1.691831,54.846607],[-1.691292,54.846784],[-1.688493,54.847635],[-1.687413,54.847778],[-1.68606,54.847685],[-1.682235,54.847251],[-1.681855,54.846101],[-1.674079,54.847585],[-1.673251,54.84607],[-1.671082,54.845476],[-1.669911,54.844464],[-1.668918,54.844207],[-1.667855,54.844224],[-1.666844,54.844232],[-1.665223,54.843706],[-1.66499,54.843722],[-1.663223,54.843653],[-1.663072,54.843409],[-1.6629,54.84312],[-1.662591,54.842853],[-1.6624,54.842822],[-1.661723,54.842853],[-1.660451,54.842901],[-1.660078,54.842908],[-1.659945,54.843321],[-1.659478,54.844274],[-1.659333,54.844323],[-1.658863,54.844318],[-1.658121,54.846384],[-1.657217,54.847028],[-1.654356,54.848024],[-1.652191,54.848805],[-1.652518,54.847829],[-1.652938,54.847225],[-1.652924,54.846944],[-1.653226,54.846357],[-1.653241,54.846324],[-1.653333,54.846118],[-1.653506,54.845787],[-1.653868,54.845056],[-1.653916,54.84494],[-1.653958,54.844839],[-1.654003,54.844731],[-1.654021,54.84468],[-1.654053,54.844571],[-1.65408,54.844479],[-1.654095,54.844442],[-1.654175,54.844296],[-1.654925,54.844029],[-1.656896,54.843351],[-1.657458,54.843094],[-1.660105,54.841606],[-1.660021,54.841415],[-1.65992,54.841116],[-1.659478,54.840405],[-1.659203,54.840354],[-1.659048,54.840083],[-1.658749,54.839475],[-1.658622,54.83926],[-1.658272,54.838808],[-1.658308,54.838647],[-1.658811,54.83844],[-1.658835,54.838256],[-1.658862,54.838113],[-1.658732,54.837897],[-1.658721,54.837819],[-1.658937,54.8375],[-1.658918,54.837462],[-1.658767,54.837396],[-1.658519,54.837259],[-1.658561,54.836866],[-1.658559,54.836692],[-1.65865,54.836649],[-1.658713,54.836662],[-1.65877,54.836702],[-1.658832,54.836738],[-1.658931,54.836715],[-1.658968,54.836677],[-1.65884,54.836515],[-1.658831,54.83644],[-1.658902,54.836319],[-1.658898,54.836233],[-1.65889,54.836188],[-1.658833,54.836048],[-1.658699,54.835871],[-1.658624,54.835642],[-1.658698,54.835486],[-1.658855,54.835423],[-1.659202,54.835396],[-1.659708,54.835327],[-1.65991,54.835204],[-1.659906,54.835025],[-1.659897,54.834854],[-1.66028,54.834126],[-1.660406,54.833995],[-1.660618,54.833889],[-1.661049,54.833736],[-1.661626,54.833485],[-1.661766,54.833346],[-1.661876,54.833206],[-1.662193,54.832978],[-1.662451,54.832716],[-1.663131,54.83233],[-1.663611,54.832208],[-1.663573,54.832025],[-1.663619,54.831895],[-1.663965,54.831537],[-1.664443,54.83099],[-1.664502,54.830225],[-1.664501,54.829666],[-1.664403,54.829282],[-1.664445,54.828817],[-1.664439,54.828509],[-1.664502,54.828279],[-1.66468,54.828002],[-1.664844,54.827711],[-1.664906,54.827315],[-1.664881,54.827005],[-1.665042,54.826505],[-1.665055,54.826216],[-1.664948,54.826021],[-1.664744,54.825862],[-1.664488,54.82575],[-1.663679,54.825637],[-1.663348,54.825566],[-1.662779,54.825303],[-1.661898,54.825015],[-1.661361,54.824505],[-1.661209,54.824267],[-1.661093,54.823185],[-1.661019,54.822688],[-1.660914,54.822545],[-1.660742,54.822366],[-1.660109,54.821973],[-1.659985,54.821839],[-1.659935,54.821639],[-1.659988,54.821309],[-1.659954,54.821164],[-1.659801,54.820894],[-1.659509,54.820644],[-1.65915,54.820419],[-1.659046,54.820286],[-1.658965,54.820103],[-1.658687,54.819582],[-1.657766,54.819106],[-1.657446,54.818956],[-1.657004,54.818657],[-1.656732,54.818497],[-1.656252,54.817937],[-1.655899,54.817457],[-1.655288,54.816752],[-1.654911,54.816437],[-1.654671,54.816359],[-1.654586,54.816283],[-1.654221,54.815971],[-1.654068,54.815785],[-1.653667,54.815529],[-1.653611,54.815393],[-1.653753,54.815235],[-1.653808,54.815154],[-1.654098,54.815048],[-1.654231,54.814961],[-1.654501,54.814699],[-1.654595,54.814233],[-1.654613,54.814175],[-1.654572,54.814014],[-1.65461,54.81392],[-1.65482,54.813775],[-1.654984,54.813593],[-1.654943,54.813385],[-1.654978,54.813287],[-1.65492,54.813221],[-1.654774,54.813097],[-1.654754,54.812792],[-1.654783,54.812629],[-1.65465,54.812543],[-1.654745,54.812366],[-1.654923,54.812139],[-1.654997,54.812152],[-1.655131,54.812147],[-1.655107,54.812079],[-1.655031,54.811836],[-1.654973,54.811722],[-1.654941,54.811627],[-1.655032,54.811408],[-1.655063,54.811188],[-1.655227,54.811112],[-1.655193,54.810919],[-1.655241,54.810794],[-1.655156,54.810695],[-1.655177,54.810498],[-1.655266,54.810358],[-1.655251,54.810208],[-1.65529,54.810044],[-1.65549,54.809915],[-1.655592,54.809895],[-1.655655,54.809707],[-1.655704,54.809542],[-1.655779,54.809569],[-1.65585,54.809516],[-1.655812,54.809337],[-1.655762,54.809219],[-1.655607,54.809083],[-1.655526,54.808959],[-1.655361,54.808819],[-1.655272,54.808756],[-1.655184,54.808732],[-1.655079,54.80872],[-1.655182,54.808563],[-1.65511,54.808453],[-1.654973,54.808309],[-1.654871,54.808274],[-1.654693,54.808225],[-1.654588,54.808142],[-1.654391,54.807772],[-1.654327,54.807538],[-1.654292,54.807504],[-1.654228,54.807478],[-1.654119,54.807414],[-1.65382,54.807315],[-1.653735,54.807145],[-1.653756,54.806957],[-1.653769,54.806874],[-1.653744,54.806838],[-1.653666,54.806786],[-1.653261,54.806509],[-1.652883,54.806312],[-1.6524,54.806157],[-1.651902,54.806165],[-1.65147,54.806191],[-1.651325,54.806208],[-1.651224,54.806196],[-1.651139,54.806129],[-1.651149,54.805881],[-1.651135,54.805487],[-1.651228,54.805179],[-1.651149,54.805053],[-1.651227,54.804914],[-1.651282,54.804879],[-1.651587,54.804802],[-1.651577,54.804712],[-1.651341,54.804507],[-1.651008,54.804197],[-1.650923,54.804127],[-1.650866,54.803974],[-1.650861,54.803664],[-1.650556,54.803154],[-1.650728,54.803067],[-1.651147,54.8029],[-1.651568,54.802604],[-1.651629,54.802604],[-1.651777,54.802432],[-1.651479,54.802003],[-1.651286,54.801698],[-1.651083,54.801524],[-1.651114,54.801413],[-1.650983,54.801327],[-1.650966,54.80126],[-1.650987,54.801224],[-1.651116,54.801055],[-1.651074,54.800917],[-1.650953,54.800919],[-1.6508,54.800973],[-1.650674,54.800865],[-1.650588,54.800793],[-1.650372,54.800754],[-1.650407,54.800576],[-1.65027,54.800588],[-1.650036,54.800511],[-1.650053,54.800482],[-1.650168,54.800447],[-1.650016,54.800333],[-1.650077,54.800277],[-1.650113,54.800191],[-1.650008,54.800114],[-1.649902,54.800017],[-1.650184,54.799965],[-1.650372,54.800029],[-1.652595,54.801578],[-1.653694,54.802503],[-1.654115,54.803211],[-1.654519,54.803521],[-1.654788,54.803654],[-1.655034,54.803684],[-1.655436,54.803662],[-1.655638,54.803625],[-1.655751,54.803575],[-1.656149,54.803196],[-1.656462,54.802966],[-1.65681,54.8028],[-1.657648,54.802696],[-1.658005,54.802599],[-1.658071,54.802556],[-1.658164,54.802452],[-1.658531,54.802108],[-1.658925,54.801926],[-1.659342,54.80183],[-1.659566,54.801802],[-1.659803,54.801795],[-1.660451,54.801641],[-1.660969,54.801436],[-1.661645,54.801455],[-1.661655,54.801278],[-1.662443,54.80124],[-1.663082,54.801328],[-1.663528,54.80134],[-1.66376,54.801282],[-1.664434,54.801282],[-1.66467,54.801146],[-1.664659,54.800911],[-1.66452,54.800313],[-1.664446,54.800101],[-1.664322,54.800038],[-1.664055,54.7999],[-1.663799,54.799638],[-1.663612,54.799447],[-1.663485,54.799317],[-1.663283,54.799136],[-1.663174,54.799037],[-1.663094,54.798961],[-1.663038,54.798897],[-1.662922,54.79873],[-1.662823,54.798516],[-1.662778,54.798429],[-1.662708,54.798306],[-1.662609,54.798126],[-1.662554,54.798007],[-1.662464,54.797799],[-1.662425,54.797611],[-1.662382,54.797495],[-1.662349,54.797406],[-1.662286,54.797292],[-1.662215,54.797181],[-1.662003,54.796932],[-1.66171,54.796688],[-1.66143,54.79649],[-1.66068,54.795997],[-1.660474,54.795815],[-1.660278,54.795588],[-1.660163,54.795388],[-1.659961,54.794947],[-1.659879,54.794705],[-1.659808,54.794529],[-1.659525,54.794101],[-1.659087,54.793624],[-1.658733,54.793233],[-1.657951,54.793189],[-1.656867,54.793104],[-1.655766,54.792896],[-1.654482,54.791598],[-1.653381,54.790258],[-1.652756,54.789588],[-1.651211,54.788381],[-1.649911,54.787494],[-1.648881,54.787111],[-1.647544,54.786563],[-1.646649,54.786098],[-1.646393,54.785617],[-1.646679,54.784708],[-1.646441,54.783594],[-1.646763,54.783126],[-1.648565,54.783368],[-1.652569,54.783918],[-1.655687,54.784352],[-1.658285,54.784806],[-1.660726,54.785304],[-1.660948,54.785349],[-1.661383,54.785438],[-1.662245,54.785466],[-1.663596,54.785469],[-1.666044,54.78582],[-1.666705,54.784543],[-1.668091,54.781748],[-1.669001,54.781794],[-1.669528,54.781776],[-1.67004,54.781726],[-1.670692,54.781639],[-1.672216,54.781423],[-1.673441,54.781256],[-1.674635,54.781544],[-1.674883,54.781178],[-1.674802,54.78084],[-1.677191,54.780391],[-1.677844,54.780235],[-1.678508,54.78004],[-1.679847,54.779564],[-1.680222,54.779451],[-1.68229,54.778997],[-1.682737,54.778884],[-1.68386,54.77864],[-1.68555,54.777995],[-1.687048,54.777206],[-1.687238,54.777102],[-1.688286,54.776527],[-1.68938,54.77597],[-1.691232,54.774959],[-1.691282,54.774954],[-1.691412,54.774968],[-1.691521,54.775018],[-1.691636,54.775187],[-1.692286,54.775279],[-1.692406,54.775275],[-1.69265,54.775226],[-1.692886,54.775202],[-1.693151,54.775199],[-1.693355,54.775254],[-1.69344,54.775314],[-1.693581,54.775473],[-1.693695,54.775485],[-1.693778,54.775446],[-1.693831,54.775431],[-1.693968,54.775433],[-1.69423,54.775315],[-1.694321,54.775228],[-1.694408,54.775111],[-1.694427,54.77503],[-1.694421,54.774868],[-1.694418,54.77482],[-1.694456,54.774729],[-1.694553,54.774662],[-1.694614,54.774641],[-1.694715,54.774617],[-1.694837,54.774604],[-1.695175,54.774731],[-1.695369,54.774742],[-1.695483,54.774702],[-1.69569,54.774657],[-1.695799,54.774611],[-1.695908,54.774526],[-1.696003,54.77444],[-1.696083,54.774301],[-1.6962,54.774073],[-1.696196,54.773925],[-1.696595,54.773831],[-1.696937,54.773752],[-1.698066,54.773572],[-1.698418,54.773542],[-1.698507,54.773442],[-1.698577,54.773289],[-1.698953,54.773268],[-1.699421,54.773202],[-1.699891,54.773075],[-1.700319,54.773018],[-1.700399,54.772996],[-1.700515,54.772917],[-1.700624,54.772818],[-1.70077,54.77281],[-1.701017,54.772876],[-1.701343,54.77298],[-1.701449,54.773033],[-1.701536,54.773061],[-1.701689,54.773088],[-1.701797,54.773102],[-1.701943,54.773121],[-1.702369,54.773153],[-1.702625,54.773166],[-1.702678,54.773178],[-1.702695,54.773182],[-1.702774,54.773302],[-1.702876,54.77338],[-1.702992,54.773445],[-1.703285,54.77353],[-1.703392,54.773631],[-1.703466,54.77382],[-1.703615,54.773966],[-1.703749,54.774022],[-1.704042,54.7741],[-1.704233,54.774193],[-1.704495,54.774271],[-1.704688,54.774297],[-1.705256,54.774242],[-1.705498,54.774182],[-1.705678,54.774093],[-1.705895,54.774033],[-1.706037,54.774],[-1.706215,54.773999],[-1.70633,54.774009],[-1.706414,54.774022],[-1.706961,54.774079],[-1.707083,54.774096],[-1.707249,54.774149],[-1.7074,54.77425],[-1.70762,54.77426],[-1.707937,54.774297],[-1.708076,54.774333],[-1.708282,54.774376],[-1.708556,54.774431],[-1.708815,54.774512],[-1.708913,54.774573],[-1.708825,54.77462],[-1.708787,54.774636],[-1.70877,54.774652],[-1.708857,54.774778],[-1.7089,54.774797],[-1.709122,54.774844],[-1.70927,54.774869],[-1.709332,54.774856],[-1.709409,54.774788],[-1.709494,54.774687],[-1.709726,54.774515],[-1.709853,54.77448],[-1.709961,54.774492],[-1.710207,54.774578],[-1.710397,54.774468],[-1.711034,54.774303],[-1.711193,54.774323],[-1.711445,54.774418],[-1.711532,54.774548],[-1.711631,54.7746],[-1.711757,54.774609],[-1.711976,54.774579],[-1.712036,54.77455],[-1.712098,54.774539],[-1.712271,54.774554],[-1.712452,54.774593],[-1.712644,54.774559],[-1.712687,54.774558],[-1.712993,54.774581],[-1.713342,54.774658],[-1.713472,54.774764],[-1.713535,54.774783],[-1.713723,54.774692],[-1.713989,54.774669],[-1.714562,54.774793],[-1.714774,54.774901],[-1.714946,54.774968],[-1.715054,54.774973],[-1.715317,54.774974],[-1.71543,54.774964],[-1.715618,54.77487],[-1.715717,54.774855],[-1.716002,54.774884],[-1.716216,54.774879],[-1.716589,54.774766],[-1.716686,54.774757],[-1.71694,54.774826],[-1.717153,54.774839],[-1.717465,54.774761],[-1.717676,54.774734],[-1.717937,54.774738],[-1.718162,54.774676],[-1.71844,54.774506],[-1.718633,54.774381],[-1.719019,54.774176],[-1.719114,54.774139],[-1.719231,54.773968],[-1.719377,54.773891],[-1.719461,54.773884],[-1.71983,54.773724],[-1.720133,54.773558],[-1.720855,54.773427],[-1.722241,54.773193],[-1.723186,54.772922],[-1.723497,54.772912],[-1.723606,54.772876],[-1.723933,54.772872],[-1.724254,54.772876],[-1.724588,54.772767],[-1.725708,54.772447],[-1.72617,54.77246],[-1.72686,54.772561],[-1.727506,54.772758],[-1.72782,54.772839],[-1.728864,54.773088],[-1.729215,54.773158],[-1.730124,54.773247],[-1.730995,54.77326],[-1.731764,54.773304],[-1.732093,54.77329],[-1.732543,54.773215],[-1.73451,54.773225],[-1.735926,54.772238],[-1.736921,54.771822],[-1.736705,54.771504],[-1.738096,54.771038],[-1.739504,54.770688],[-1.739912,54.770594],[-1.741001,54.770191],[-1.741897,54.769949],[-1.742531,54.769741],[-1.743831,54.76932],[-1.744813,54.769045],[-1.746176,54.768678],[-1.747413,54.768397],[-1.750158,54.76803],[-1.752156,54.767772],[-1.753483,54.767782],[-1.754127,54.767765],[-1.75241,54.76728],[-1.75084,54.766844],[-1.749246,54.766315],[-1.748711,54.766143],[-1.747851,54.765648],[-1.7473,54.765328],[-1.746119,54.764912],[-1.744814,54.764337],[-1.744763,54.763103],[-1.744515,54.762512],[-1.744424,54.762311],[-1.744418,54.761861],[-1.744093,54.761121],[-1.744059,54.760919],[-1.743909,54.760742],[-1.743847,54.760381],[-1.743716,54.759988],[-1.74365,54.759834],[-1.743298,54.759437],[-1.742982,54.759345],[-1.742437,54.759305],[-1.742309,54.759302],[-1.742086,54.759391],[-1.741833,54.759386],[-1.741655,54.75935],[-1.741454,54.759413],[-1.741313,54.7593],[-1.740883,54.759161],[-1.740602,54.75918],[-1.74032,54.759046],[-1.73997,54.759064],[-1.739899,54.758971],[-1.739794,54.75898],[-1.739669,54.759084],[-1.739577,54.7592],[-1.739431,54.759251],[-1.739311,54.759199],[-1.738835,54.759015],[-1.737898,54.758686],[-1.73708,54.758686],[-1.736863,54.758646],[-1.736685,54.758563],[-1.736656,54.758454],[-1.736545,54.758364],[-1.736441,54.758335],[-1.736054,54.758268],[-1.735929,54.758244],[-1.735632,54.758412],[-1.735427,54.758413],[-1.734983,54.758512],[-1.734866,54.758519],[-1.734787,54.758368],[-1.7346,54.758386],[-1.734479,54.758388],[-1.734259,54.758403],[-1.73415,54.758412],[-1.734052,54.758404],[-1.733683,54.758376],[-1.733491,54.75834],[-1.733345,54.758217],[-1.733078,54.758152],[-1.732927,54.758137],[-1.732723,54.758174],[-1.73249,54.758122],[-1.732296,54.757959],[-1.732181,54.757976],[-1.731962,54.758031],[-1.731714,54.757992],[-1.731533,54.757923],[-1.731331,54.757827],[-1.731168,54.757735],[-1.730952,54.757683],[-1.730892,54.757691],[-1.730782,54.757735],[-1.730712,54.757776],[-1.730622,54.757879],[-1.730475,54.758003],[-1.730399,54.758054],[-1.730156,54.758098],[-1.729898,54.758139],[-1.729749,54.758082],[-1.729572,54.757995],[-1.729354,54.757886],[-1.729042,54.757938],[-1.728828,54.757861],[-1.728684,54.757639],[-1.728372,54.757607],[-1.728185,54.757636],[-1.728069,54.757684],[-1.727593,54.757925],[-1.727502,54.757991],[-1.727396,54.758138],[-1.727318,54.758174],[-1.727132,54.758172],[-1.726827,54.758165],[-1.726397,54.758129],[-1.726145,54.757956],[-1.726047,54.75783],[-1.726203,54.757769],[-1.726314,54.757696],[-1.726348,54.757579],[-1.726489,54.75738],[-1.726736,54.757219],[-1.726777,54.757056],[-1.726786,54.756836],[-1.727012,54.756721],[-1.72729,54.756627],[-1.727243,54.756538],[-1.727016,54.756413],[-1.726953,54.756328],[-1.726935,54.756166],[-1.727067,54.755981],[-1.727135,54.755796],[-1.72719,54.755728],[-1.72715,54.755656],[-1.72717,54.75562],[-1.727578,54.755481],[-1.727964,54.755231],[-1.728055,54.755092],[-1.728031,54.75499],[-1.727869,54.754748],[-1.728002,54.754705],[-1.728174,54.754541],[-1.72802,54.754264],[-1.728102,54.754118],[-1.728374,54.754031],[-1.72851,54.753761],[-1.728294,54.753411],[-1.728476,54.753039],[-1.728776,54.752299],[-1.728684,54.751921],[-1.728534,54.751795],[-1.728518,54.751664],[-1.728526,54.751529],[-1.728396,54.75148],[-1.728428,54.751349],[-1.728746,54.751068],[-1.728781,54.750985],[-1.728749,54.750779],[-1.728773,54.750663],[-1.728893,54.75061],[-1.729103,54.750499],[-1.729378,54.750338],[-1.729502,54.750192],[-1.729587,54.749851],[-1.729812,54.749667],[-1.729959,54.749625],[-1.730081,54.749641],[-1.730135,54.74968],[-1.730176,54.749767],[-1.730414,54.749734],[-1.730536,54.749477],[-1.730446,54.74939],[-1.730479,54.749283],[-1.731071,54.749243],[-1.731281,54.749237],[-1.73132,54.749204],[-1.731431,54.749103],[-1.731524,54.748998],[-1.731501,54.748647],[-1.731807,54.748461],[-1.732204,54.748367],[-1.732543,54.748205],[-1.732438,54.747964],[-1.732301,54.747884],[-1.732204,54.747753],[-1.732145,54.747166],[-1.732142,54.74692],[-1.732034,54.746542],[-1.731621,54.745944],[-1.73221,54.745205],[-1.734278,54.744558],[-1.735565,54.7441],[-1.737151,54.74347],[-1.738785,54.742772],[-1.738282,54.741444],[-1.738211,54.741101],[-1.737843,54.739801],[-1.737531,54.739023],[-1.736958,54.737577],[-1.736316,54.73621],[-1.735815,54.73512],[-1.735442,54.734292],[-1.735336,54.734077],[-1.735287,54.733993],[-1.734964,54.733442],[-1.73478,54.733158],[-1.73424,54.732341],[-1.733407,54.73119],[-1.732322,54.730916],[-1.731137,54.730919],[-1.730617,54.730834],[-1.73025,54.730725],[-1.729411,54.730404],[-1.728931,54.730259],[-1.727762,54.73006],[-1.727192,54.729936],[-1.726899,54.729931],[-1.726787,54.729946],[-1.726548,54.730008],[-1.726271,54.730044],[-1.725805,54.730074],[-1.724548,54.730358],[-1.723167,54.73129],[-1.7223,54.732009],[-1.721868,54.732516],[-1.721332,54.733525],[-1.719965,54.7341],[-1.717093,54.734709],[-1.71638,54.734683],[-1.715794,54.734502],[-1.714333,54.734506],[-1.713903,54.734548],[-1.712731,54.734552],[-1.710981,54.734583],[-1.710542,54.734516],[-1.710068,54.734409],[-1.709542,54.734281],[-1.708046,54.733886],[-1.707609,54.73378],[-1.70744,54.733821],[-1.705789,54.73393],[-1.705102,54.733974],[-1.704826,54.73404],[-1.704113,54.734309],[-1.701962,54.735072],[-1.701451,54.735266],[-1.700513,54.735758],[-1.699992,54.735979],[-1.69912,54.736542],[-1.6979,54.736799],[-1.697517,54.736856],[-1.697085,54.736991],[-1.697005,54.736944],[-1.696754,54.736872],[-1.69664,54.736852],[-1.696635,54.736793],[-1.69667,54.736666],[-1.696534,54.736703],[-1.6961,54.736748],[-1.695924,54.736816],[-1.695796,54.736728],[-1.695751,54.73671],[-1.695424,54.736772],[-1.695329,54.736727],[-1.69512,54.736594],[-1.694781,54.736548],[-1.694629,54.736512],[-1.694644,54.736419],[-1.694635,54.736391],[-1.694542,54.73638],[-1.694497,54.73642],[-1.694343,54.736479],[-1.694117,54.736424],[-1.693911,54.736381],[-1.693747,54.736257],[-1.693598,54.736224],[-1.69353,54.736278],[-1.693353,54.736314],[-1.693144,54.736319],[-1.693074,54.736341],[-1.693225,54.736437],[-1.693269,54.736493],[-1.693125,54.736572],[-1.692952,54.736577],[-1.69253,54.736463],[-1.692215,54.736369],[-1.692036,54.73623],[-1.691733,54.73621],[-1.691684,54.736405],[-1.691519,54.736432],[-1.691401,54.736396],[-1.691291,54.736451],[-1.691014,54.736622],[-1.690453,54.736369],[-1.690357,54.736338],[-1.689867,54.736231],[-1.689737,54.736196],[-1.689615,54.7362],[-1.689185,54.736173],[-1.688962,54.736244],[-1.688778,54.736327],[-1.688148,54.736348],[-1.687543,54.736359],[-1.687189,54.73644],[-1.686695,54.736663],[-1.686568,54.736685],[-1.686498,54.736691],[-1.686433,54.736731],[-1.686611,54.737063],[-1.686575,54.737134],[-1.686502,54.737161],[-1.686354,54.737158],[-1.686164,54.737089],[-1.686076,54.737084],[-1.686009,54.737139],[-1.685843,54.737161],[-1.685494,54.737135],[-1.684841,54.737267],[-1.68458,54.737291],[-1.684217,54.737396],[-1.683709,54.737466],[-1.683396,54.737449],[-1.683005,54.737472],[-1.682103,54.737568],[-1.681961,54.737566],[-1.681817,54.737603],[-1.681739,54.73766],[-1.681522,54.737985],[-1.681333,54.738079],[-1.681005,54.738165],[-1.680753,54.738188],[-1.680689,54.738142],[-1.680687,54.738],[-1.680384,54.737834],[-1.67998,54.737725],[-1.679772,54.73774],[-1.679632,54.737864],[-1.679565,54.737852],[-1.679385,54.737781],[-1.67905,54.737775],[-1.678693,54.737857],[-1.678126,54.737878],[-1.678056,54.738305],[-1.677995,54.738329],[-1.677251,54.738285],[-1.677019,54.73831],[-1.676718,54.738357],[-1.67662,54.738391],[-1.67657,54.738436],[-1.676578,54.738513],[-1.676573,54.738696],[-1.6764,54.738847],[-1.676281,54.738857],[-1.67606,54.738676],[-1.675978,54.738707],[-1.675654,54.738842],[-1.675373,54.738818],[-1.67501,54.738781],[-1.674889,54.738804],[-1.674808,54.738857],[-1.674758,54.738925],[-1.674516,54.739326],[-1.674342,54.739364],[-1.674073,54.739346],[-1.673957,54.739145],[-1.674064,54.738954],[-1.673907,54.738753],[-1.673798,54.738769],[-1.673704,54.738892],[-1.673512,54.738929],[-1.67324,54.738907],[-1.672992,54.738838],[-1.672911,54.73872],[-1.672849,54.738673],[-1.672673,54.73875],[-1.67249,54.738919],[-1.672253,54.739314],[-1.672177,54.739352],[-1.671959,54.73936],[-1.671787,54.739326],[-1.671348,54.739247],[-1.671207,54.739334],[-1.670968,54.739574],[-1.670742,54.739665],[-1.670503,54.739677],[-1.670437,54.739575],[-1.670512,54.739454],[-1.670423,54.739354],[-1.669969,54.739192],[-1.669595,54.739174],[-1.669542,54.739289],[-1.669466,54.739356],[-1.669388,54.739384],[-1.669197,54.739396],[-1.668946,54.739336],[-1.66856,54.73908],[-1.668377,54.73904],[-1.668198,54.739063],[-1.66764,54.739166],[-1.66734,54.739107],[-1.666437,54.738977],[-1.666014,54.739004],[-1.665779,54.738978],[-1.665578,54.738887],[-1.665423,54.738803],[-1.66528,54.738783],[-1.665124,54.738795],[-1.66461,54.738882],[-1.664077,54.738929],[-1.664022,54.738908],[-1.664033,54.738715],[-1.664079,54.738525],[-1.663923,54.738456],[-1.6637,54.738433],[-1.663256,54.7384],[-1.66284,54.738281],[-1.662851,54.738118],[-1.662844,54.738053],[-1.662767,54.737975],[-1.662548,54.737884],[-1.662348,54.737595],[-1.661936,54.737499],[-1.661639,54.737272],[-1.661531,54.737246],[-1.661361,54.737218],[-1.660864,54.736829],[-1.660559,54.736602],[-1.660362,54.736485],[-1.659959,54.736214],[-1.65984,54.736076],[-1.659847,54.736015],[-1.659839,54.735841],[-1.659702,54.735771],[-1.659459,54.735718],[-1.659217,54.735502],[-1.65898,54.735395],[-1.658924,54.73536],[-1.658684,54.735113],[-1.658462,54.73494],[-1.658236,54.734815],[-1.657791,54.734631],[-1.657583,54.734536],[-1.656861,54.734202],[-1.656212,54.734012],[-1.65587,54.733911],[-1.655853,54.733754],[-1.655796,54.733526],[-1.655617,54.733397],[-1.655546,54.733316],[-1.655521,54.733171],[-1.655706,54.732783],[-1.655898,54.73228],[-1.65599,54.731874],[-1.656009,54.731776],[-1.656121,54.731301],[-1.656455,54.73061],[-1.656523,54.730398],[-1.656438,54.730299],[-1.656374,54.73028],[-1.656199,54.730263],[-1.65584,54.730268],[-1.655576,54.730237],[-1.655114,54.730305],[-1.654498,54.730349],[-1.653644,54.730344],[-1.652589,54.730314],[-1.651946,54.730284],[-1.651703,54.730228],[-1.650978,54.729824],[-1.649996,54.728889],[-1.649052,54.728002],[-1.648076,54.72701],[-1.647829,54.72662],[-1.647453,54.725787],[-1.647361,54.725667],[-1.647169,54.725475],[-1.645619,54.724281],[-1.64477,54.723554],[-1.643585,54.722619],[-1.643158,54.722243],[-1.641976,54.721239],[-1.641372,54.720862],[-1.640989,54.720638],[-1.640883,54.720525],[-1.640901,54.720042],[-1.640848,54.719931],[-1.640844,54.719756],[-1.64076,54.719544],[-1.640602,54.719058],[-1.640498,54.718842],[-1.639423,54.717401],[-1.638199,54.715905],[-1.637376,54.71515],[-1.636329,54.714672],[-1.63588,54.714703],[-1.634643,54.715002],[-1.633697,54.715184],[-1.633185,54.715241],[-1.632591,54.71544],[-1.631892,54.715717],[-1.631626,54.715713],[-1.631571,54.715643],[-1.631832,54.714803],[-1.633413,54.713806],[-1.634067,54.713392],[-1.634543,54.713196],[-1.635,54.713104],[-1.635262,54.713096],[-1.636635,54.713249],[-1.637571,54.71332],[-1.639042,54.713301],[-1.639789,54.713249],[-1.641546,54.713023],[-1.641863,54.712953],[-1.642134,54.712866],[-1.642347,54.712778],[-1.642495,54.712707],[-1.642884,54.712414],[-1.643648,54.711585],[-1.643792,54.711346],[-1.643982,54.710482],[-1.644307,54.709627],[-1.644688,54.709231],[-1.644975,54.708898],[-1.645302,54.708614],[-1.645847,54.708264],[-1.646119,54.708113],[-1.646771,54.707843],[-1.64727,54.707748],[-1.647963,54.707747],[-1.648726,54.707701],[-1.649984,54.707614],[-1.65137,54.707609],[-1.653203,54.707588],[-1.654968,54.707488],[-1.655962,54.707371],[-1.6586,54.706974],[-1.658915,54.706921],[-1.659729,54.706733],[-1.660319,54.706548],[-1.660746,54.70641],[-1.663224,54.705782],[-1.664048,54.705539],[-1.664622,54.705364],[-1.66516,54.705265],[-1.665431,54.705245],[-1.665843,54.705262],[-1.666068,54.705309],[-1.666221,54.70542],[-1.666358,54.70571],[-1.666505,54.706463],[-1.666608,54.706593],[-1.666809,54.706682],[-1.668017,54.706815],[-1.668305,54.706796],[-1.668625,54.706759],[-1.668999,54.706673],[-1.66969,54.70639],[-1.670079,54.706202],[-1.670299,54.706081],[-1.670656,54.705852],[-1.671351,54.705311],[-1.672208,54.704732],[-1.672666,54.704487],[-1.673461,54.704138],[-1.67496,54.703627],[-1.675396,54.703523],[-1.67578,54.70351],[-1.675981,54.703539],[-1.676945,54.70396],[-1.677901,54.704561],[-1.67869,54.704803],[-1.679136,54.704971],[-1.680028,54.705192],[-1.68045,54.705256],[-1.681212,54.705278],[-1.682291,54.705194],[-1.684122,54.704906],[-1.684422,54.704834],[-1.684833,54.704707],[-1.68567,54.704352],[-1.687055,54.703502],[-1.687477,54.703206],[-1.687967,54.702829],[-1.688953,54.701848],[-1.689718,54.701147],[-1.689841,54.701078],[-1.690032,54.700605],[-1.690065,54.700398],[-1.690059,54.699857],[-1.689977,54.699322],[-1.689659,54.698749],[-1.689146,54.697563],[-1.689069,54.696776],[-1.689664,54.695098],[-1.690443,54.693838],[-1.691009,54.692781],[-1.691255,54.692433],[-1.691581,54.691961],[-1.691609,54.691716],[-1.691492,54.691368],[-1.691313,54.691265],[-1.691039,54.691192],[-1.690746,54.691208],[-1.690356,54.691359],[-1.689506,54.691713],[-1.688287,54.692032],[-1.687509,54.692147],[-1.686506,54.692217],[-1.685264,54.692222],[-1.684325,54.692168],[-1.683081,54.692107],[-1.680662,54.692069],[-1.679092,54.692221],[-1.676798,54.692323],[-1.675722,54.692323],[-1.67524,54.692285],[-1.674984,54.692213],[-1.674833,54.692135],[-1.67465,54.691968],[-1.674588,54.691603],[-1.674904,54.690627],[-1.674912,54.689585],[-1.675058,54.687873],[-1.675176,54.687464],[-1.67543,54.687008],[-1.675571,54.686902],[-1.6758,54.686823],[-1.67601,54.6868],[-1.677877,54.686782],[-1.679082,54.686789],[-1.679597,54.686716],[-1.680025,54.686571],[-1.680408,54.686365],[-1.680657,54.686141],[-1.680941,54.685728],[-1.681025,54.685446],[-1.68103,54.685094],[-1.680975,54.684838],[-1.680973,54.684148],[-1.681007,54.683962],[-1.681266,54.683218],[-1.681373,54.68299],[-1.682463,54.681394],[-1.683301,54.680328],[-1.683699,54.67957],[-1.683764,54.679149],[-1.683705,54.678823],[-1.683099,54.677507],[-1.682418,54.676595],[-1.682198,54.67623],[-1.681867,54.675404],[-1.681804,54.674613],[-1.681691,54.674223],[-1.681462,54.673929],[-1.680909,54.673496],[-1.681085,54.673217],[-1.681478,54.672924],[-1.681583,54.672892],[-1.681953,54.673017],[-1.682158,54.673034],[-1.68283,54.673043],[-1.683083,54.673079],[-1.683401,54.673243],[-1.683846,54.673333],[-1.684664,54.673336],[-1.685512,54.673511],[-1.685902,54.673589],[-1.687061,54.673575],[-1.68754,54.673556],[-1.687771,54.673579],[-1.688027,54.673721],[-1.688199,54.674099],[-1.689825,54.674003],[-1.691168,54.673851],[-1.691714,54.673775],[-1.691822,54.673748],[-1.691891,54.673703],[-1.691901,54.673658],[-1.691868,54.673613],[-1.691795,54.673465],[-1.692148,54.673219],[-1.693203,54.672954],[-1.693676,54.673052],[-1.69408,54.673128],[-1.695047,54.673279],[-1.695764,54.673375],[-1.696117,54.673415],[-1.696424,54.673443],[-1.697008,54.673498],[-1.698344,54.67361],[-1.700081,54.67385],[-1.701858,54.674184],[-1.702452,54.674293],[-1.703513,54.674486],[-1.703784,54.674526],[-1.704205,54.67402],[-1.704523,54.672968],[-1.705015,54.672183],[-1.708533,54.672829],[-1.708937,54.672911],[-1.709302,54.672968],[-1.710467,54.673053],[-1.710634,54.672916],[-1.710813,54.672766],[-1.711075,54.672549],[-1.711248,54.67235],[-1.712055,54.672296],[-1.713963,54.672653],[-1.715064,54.672452],[-1.715432,54.672022],[-1.716172,54.672227],[-1.716557,54.672268],[-1.717124,54.672237],[-1.718903,54.671781],[-1.720715,54.671394],[-1.721315,54.671221],[-1.721907,54.670979],[-1.723436,54.670167],[-1.724587,54.669688],[-1.724767,54.669634],[-1.726155,54.669371],[-1.727483,54.669113],[-1.727599,54.669122],[-1.727651,54.669145],[-1.727914,54.669419],[-1.72799,54.669716],[-1.72785,54.670068],[-1.72766,54.670324],[-1.727136,54.671339],[-1.727047,54.671836],[-1.727065,54.672101],[-1.727195,54.672378],[-1.727694,54.672679],[-1.728172,54.672865],[-1.728541,54.672936],[-1.72913,54.672968],[-1.729583,54.672962],[-1.730807,54.672832],[-1.73268,54.672493],[-1.734096,54.672247],[-1.735304,54.672185],[-1.736696,54.672189],[-1.737057,54.672215],[-1.737912,54.672294],[-1.738765,54.672455],[-1.739205,54.672599],[-1.739872,54.672876],[-1.739941,54.672984],[-1.739667,54.673831],[-1.739227,54.674512],[-1.739059,54.674746],[-1.739381,54.675329],[-1.739563,54.676308],[-1.739672,54.676448],[-1.739906,54.676624],[-1.740364,54.676744],[-1.741285,54.676854],[-1.741903,54.67687],[-1.742664,54.676772],[-1.743979,54.676469],[-1.745852,54.675847],[-1.746393,54.675517],[-1.747384,54.675048],[-1.747923,54.674874],[-1.74912,54.674332],[-1.749983,54.673958],[-1.751065,54.67358],[-1.751482,54.673526],[-1.751745,54.673542],[-1.752066,54.673626],[-1.752871,54.674032],[-1.75365,54.674633],[-1.754621,54.675305],[-1.755401,54.675684],[-1.756214,54.675967],[-1.75848,54.676441],[-1.760529,54.676621],[-1.761483,54.676659],[-1.762214,54.676624],[-1.762794,54.676524],[-1.763424,54.676341],[-1.763805,54.676199],[-1.764889,54.675663],[-1.765211,54.675461],[-1.765324,54.675333],[-1.765409,54.675164],[-1.765523,54.67437],[-1.765512,54.673635],[-1.765567,54.67337],[-1.765941,54.672832],[-1.766172,54.672619],[-1.766343,54.672513],[-1.766709,54.672329],[-1.76738,54.67206],[-1.768745,54.67162],[-1.770671,54.671295],[-1.772091,54.671155],[-1.774625,54.670881],[-1.777371,54.670901],[-1.778631,54.671132],[-1.780034,54.671327],[-1.780453,54.671324],[-1.780824,54.671297],[-1.78133,54.671217],[-1.781713,54.671143],[-1.782978,54.671205],[-1.78386,54.671347],[-1.784133,54.671416],[-1.785201,54.671903],[-1.78581,54.672328],[-1.786534,54.672895],[-1.78749,54.673459],[-1.789183,54.674166],[-1.789445,54.67423],[-1.789879,54.674297],[-1.79054,54.674325],[-1.791026,54.674329],[-1.791572,54.674415],[-1.791828,54.674529],[-1.792032,54.6747],[-1.792171,54.674907],[-1.792145,54.675312],[-1.792075,54.675427],[-1.791514,54.675904],[-1.79046,54.676773],[-1.789987,54.677244],[-1.789415,54.677931],[-1.788951,54.678407],[-1.788482,54.679073],[-1.788049,54.680146],[-1.787993,54.680982],[-1.788087,54.681241],[-1.788233,54.681452],[-1.788574,54.681747],[-1.789123,54.68198],[-1.789763,54.682175],[-1.790879,54.682476],[-1.793701,54.683563],[-1.794907,54.683951],[-1.797807,54.684562],[-1.798173,54.684659],[-1.798514,54.684769],[-1.800181,54.685472],[-1.802559,54.686741],[-1.80338,54.68734],[-1.804109,54.687998],[-1.804447,54.688401],[-1.804644,54.688717],[-1.804758,54.688998],[-1.804739,54.689844],[-1.804789,54.691032],[-1.805048,54.692371],[-1.805487,54.693378],[-1.805599,54.693574],[-1.806624,54.695119],[-1.807618,54.696184],[-1.809619,54.697971],[-1.810654,54.698972],[-1.811169,54.699567],[-1.812513,54.700964],[-1.812939,54.701382],[-1.813131,54.701639],[-1.813242,54.702033],[-1.813261,54.702123],[-1.813408,54.702397],[-1.813956,54.702879],[-1.815085,54.703721],[-1.816414,54.704632],[-1.818121,54.705608],[-1.818558,54.705871],[-1.818855,54.706283],[-1.819684,54.707335],[-1.821597,54.708428],[-1.822735,54.708003],[-1.823237,54.707954],[-1.824455,54.707796],[-1.82521,54.707819],[-1.826939,54.70743],[-1.829572,54.707001],[-1.830532,54.707465],[-1.831102,54.707766],[-1.832749,54.707403],[-1.836328,54.706598],[-1.840263,54.706014],[-1.843658,54.705508],[-1.845391,54.705236],[-1.848123,54.704818],[-1.84907,54.704663],[-1.85175,54.704233],[-1.852649,54.704013],[-1.856496,54.703132],[-1.859391,54.702445],[-1.863884,54.701388],[-1.865467,54.700932],[-1.866123,54.700607],[-1.86659,54.700514],[-1.866667,54.700398],[-1.866772,54.700335],[-1.86693,54.700293],[-1.868387,54.70024],[-1.868625,54.700207],[-1.870657,54.69954],[-1.873736,54.698339],[-1.875923,54.69681],[-1.876993,54.696014],[-1.878614,54.695167],[-1.880575,54.694154],[-1.882873,54.692968],[-1.885499,54.692155],[-1.88742,54.691754],[-1.889854,54.691285],[-1.890508,54.691217],[-1.89162,54.691016],[-1.893877,54.690581],[-1.895397,54.690293],[-1.900713,54.689276],[-1.903941,54.688234],[-1.908364,54.686665],[-1.911092,54.685699],[-1.912958,54.685014],[-1.914728,54.68438],[-1.920253,54.679952],[-1.920457,54.679822],[-1.920826,54.6798],[-1.921401,54.679789],[-1.921782,54.679574],[-1.921909,54.679554],[-1.922092,54.679574],[-1.922268,54.679626],[-1.922401,54.679588],[-1.92251,54.679478],[-1.922634,54.679453],[-1.922854,54.679459],[-1.923473,54.679416],[-1.923532,54.679378],[-1.923706,54.679346],[-1.923955,54.679485],[-1.924099,54.679664],[-1.924588,54.679777],[-1.924873,54.679532],[-1.925478,54.679561],[-1.926164,54.679492],[-1.926532,54.679486],[-1.926982,54.67938],[-1.92717,54.679417],[-1.927437,54.679531],[-1.927838,54.679579],[-1.928083,54.679537],[-1.929178,54.679379],[-1.929457,54.679271],[-1.929559,54.679267],[-1.92993,54.679455],[-1.930125,54.679514],[-1.930456,54.679491],[-1.931292,54.67923],[-1.932199,54.679495],[-1.932312,54.679415],[-1.932246,54.679315],[-1.932315,54.679158],[-1.932811,54.679094],[-1.933131,54.679124],[-1.933877,54.678971],[-1.934629,54.678846],[-1.934957,54.678759],[-1.935441,54.67853],[-1.935608,54.678493],[-1.935914,54.678528],[-1.93624,54.678653],[-1.9363,54.67867],[-1.936612,54.678418],[-1.936786,54.678373],[-1.937174,54.678251],[-1.937649,54.678226],[-1.937953,54.678054],[-1.93836,54.677863],[-1.938705,54.677863],[-1.939104,54.677893],[-1.93966,54.677696],[-1.939771,54.677692],[-1.93998,54.677763],[-1.940582,54.677881],[-1.940715,54.677871],[-1.940793,54.677843],[-1.940849,54.677734],[-1.94079,54.677617],[-1.940898,54.677566],[-1.940986,54.677587],[-1.941114,54.677753],[-1.941206,54.677803],[-1.942187,54.677732],[-1.942807,54.677806],[-1.942929,54.677764],[-1.943351,54.677585],[-1.943706,54.677449],[-1.944215,54.67741],[-1.944761,54.677326],[-1.945611,54.67718],[-1.946102,54.676963],[-1.946778,54.676757],[-1.947074,54.676362],[-1.947659,54.676224],[-1.947984,54.675914],[-1.947497,54.674117],[-1.946365,54.67042],[-1.947815,54.670533],[-1.949435,54.67073],[-1.951913,54.67098],[-1.95344,54.671202],[-1.954551,54.671287],[-1.955959,54.671425],[-1.957865,54.671638],[-1.961227,54.672048],[-1.962287,54.671853],[-1.962569,54.671938],[-1.963003,54.672037],[-1.963358,54.672153],[-1.964339,54.672523],[-1.964605,54.672637],[-1.964709,54.672784],[-1.964846,54.672839],[-1.965429,54.672819],[-1.965676,54.672858],[-1.965782,54.672948],[-1.966441,54.673014],[-1.966548,54.673095],[-1.966696,54.673218],[-1.96702,54.673213],[-1.967212,54.673236],[-1.967339,54.673317],[-1.967401,54.673427],[-1.967913,54.673407],[-1.968915,54.673214],[-1.970196,54.673048],[-1.970742,54.673177],[-1.970845,54.673176],[-1.971142,54.673086],[-1.971621,54.672906],[-1.972149,54.672799],[-1.973495,54.672695],[-1.975147,54.672441],[-1.97564,54.672491],[-1.975909,54.6726],[-1.976138,54.673127],[-1.976616,54.673474],[-1.976836,54.673794],[-1.976982,54.673922],[-1.977909,54.674696],[-1.978787,54.675501],[-1.981178,54.677758],[-1.983181,54.679601],[-1.986249,54.682558],[-1.989029,54.683944],[-1.991567,54.683292],[-1.99315,54.682948],[-1.995353,54.682469],[-1.995747,54.682488],[-1.997585,54.682591],[-1.998104,54.682563],[-1.99992,54.682209],[-2.003957,54.680335],[-2.006824,54.681527],[-2.007126,54.681465],[-2.008235,54.681317],[-2.009217,54.68136],[-2.012987,54.681646],[-2.019421,54.683214],[-2.02227,54.683641],[-2.022946,54.683739],[-2.024909,54.684359],[-2.025979,54.684148],[-2.026258,54.684154],[-2.026607,54.684234],[-2.026764,54.684328],[-2.026824,54.684414],[-2.029593,54.684676],[-2.030933,54.685142],[-2.040442,54.685111],[-2.042364,54.685038],[-2.046848,54.685543],[-2.052409,54.686607],[-2.054532,54.687073],[-2.055834,54.687967],[-2.057033,54.688125],[-2.058418,54.688034],[-2.060288,54.688208],[-2.060736,54.688897],[-2.061458,54.689136],[-2.063073,54.690337],[-2.065485,54.691428],[-2.067723,54.692114],[-2.079294,54.694457],[-2.088345,54.694034],[-2.09037,54.693806],[-2.091969,54.693366],[-2.092952,54.69322],[-2.093774,54.693142],[-2.094595,54.692838],[-2.09578,54.692627],[-2.096956,54.692471],[-2.098575,54.69202],[-2.10069,54.691325],[-2.102447,54.690528],[-2.102945,54.690355],[-2.10348,54.690253],[-2.104129,54.690085],[-2.105417,54.689518],[-2.106831,54.689055],[-2.11277,54.687558],[-2.11303,54.687494],[-2.113353,54.687481],[-2.113684,54.687542],[-2.114345,54.687799],[-2.114568,54.687847],[-2.114849,54.687884],[-2.116719,54.6879],[-2.11761,54.687856],[-2.118522,54.687711],[-2.119041,54.687575],[-2.119685,54.687834],[-2.120075,54.687965],[-2.120239,54.687996],[-2.120378,54.688076],[-2.120459,54.688208],[-2.120459,54.68844],[-2.120311,54.688621],[-2.120297,54.68879],[-2.120721,54.689119],[-2.121227,54.689212],[-2.122255,54.689215],[-2.122548,54.6892],[-2.122954,54.689267],[-2.123241,54.689364],[-2.123843,54.68974],[-2.124549,54.690078],[-2.125604,54.690433],[-2.125827,54.690277],[-2.126425,54.690279],[-2.128421,54.69059],[-2.128784,54.690443],[-2.12906,54.690522],[-2.129243,54.690661],[-2.129506,54.69065],[-2.130176,54.690654],[-2.131171,54.690734],[-2.132614,54.691376],[-2.133112,54.691837],[-2.133564,54.692085],[-2.134288,54.692201],[-2.134716,54.692553],[-2.135568,54.693445],[-2.136493,54.693657],[-2.137738,54.693283],[-2.138191,54.693271],[-2.138755,54.693735],[-2.139968,54.694519],[-2.141099,54.694804],[-2.144593,54.695666],[-2.145732,54.695493],[-2.148329,54.695044],[-2.14924,54.694529],[-2.150565,54.693954],[-2.155958,54.693618],[-2.157022,54.693519],[-2.161523,54.693809],[-2.163078,54.693942],[-2.165569,54.694104],[-2.167866,54.694253],[-2.172283,54.693708],[-2.173628,54.693746],[-2.175001,54.69391],[-2.180977,54.695069],[-2.183071,54.69554],[-2.185342,54.695663],[-2.186784,54.695473],[-2.190082,54.69505],[-2.192743,54.698355],[-2.193671,54.700219],[-2.19358,54.702615],[-2.193605,54.703994],[-2.193438,54.70468],[-2.193967,54.705751],[-2.195953,54.705622],[-2.196956,54.705294],[-2.200046,54.704473],[-2.202323,54.704395],[-2.203643,54.704861],[-2.204374,54.705199],[-2.20601,54.705833],[-2.207409,54.706212],[-2.208302,54.706661],[-2.209257,54.707117],[-2.210005,54.707592],[-2.21118,54.70849],[-2.21163,54.70878],[-2.211721,54.709435],[-2.212705,54.709791],[-2.213404,54.709954],[-2.214191,54.710109],[-2.214529,54.710155],[-2.215477,54.710327],[-2.216278,54.710599],[-2.217478,54.71126],[-2.218058,54.711594],[-2.218358,54.711649],[-2.218421,54.71165],[-2.218681,54.711625],[-2.218976,54.711536],[-2.219152,54.711497],[-2.21945,54.711506],[-2.219833,54.711688],[-2.220323,54.711845],[-2.220444,54.711993],[-2.22088,54.712265],[-2.222293,54.712943],[-2.222739,54.713079],[-2.223076,54.713215],[-2.223719,54.713431],[-2.224566,54.713904],[-2.224799,54.714126],[-2.224932,54.714389],[-2.225781,54.71521],[-2.226849,54.716185],[-2.227083,54.716432],[-2.227264,54.716638],[-2.227735,54.716442],[-2.228192,54.716203],[-2.228853,54.715992],[-2.229989,54.715805],[-2.230867,54.715722],[-2.231497,54.715645],[-2.231653,54.715562],[-2.232865,54.714978],[-2.235681,54.714328],[-2.237402,54.714032],[-2.238165,54.713898],[-2.238742,54.713844],[-2.239466,54.713813],[-2.240799,54.713822],[-2.243957,54.713325],[-2.244061,54.712842],[-2.244467,54.712306],[-2.24579,54.711129],[-2.246913,54.710767],[-2.249706,54.710386],[-2.253314,54.709643],[-2.25697,54.708047],[-2.257482,54.708481],[-2.258031,54.70881],[-2.258492,54.709],[-2.258774,54.709218],[-2.259312,54.709822],[-2.259779,54.710261],[-2.260285,54.710695],[-2.261815,54.711994],[-2.261099,54.712981],[-2.261118,54.713406],[-2.261203,54.713774],[-2.260408,54.7145],[-2.260657,54.714734],[-2.26128,54.715057],[-2.2621,54.715601],[-2.263346,54.716644],[-2.263894,54.717136],[-2.265163,54.717667],[-2.266356,54.7176],[-2.267254,54.717832],[-2.267568,54.717803],[-2.267819,54.71785],[-2.26812,54.718102],[-2.268465,54.718331],[-2.269156,54.718469],[-2.270067,54.718446],[-2.270791,54.71825],[-2.271668,54.718214],[-2.272293,54.718272],[-2.272568,54.7184],[-2.272743,54.71842],[-2.272874,54.718381],[-2.273386,54.718231],[-2.273735,54.718043],[-2.274867,54.717921],[-2.275179,54.718298],[-2.275251,54.718328],[-2.27531,54.71833],[-2.275479,54.718285],[-2.276185,54.718018],[-2.276528,54.717967],[-2.277586,54.717991],[-2.278227,54.718148],[-2.278798,54.718497],[-2.279905,54.719125],[-2.280271,54.719361],[-2.280521,54.719435],[-2.280673,54.719671],[-2.28204,54.720151],[-2.284118,54.720596],[-2.285135,54.720865],[-2.285693,54.721545],[-2.286222,54.721705],[-2.286747,54.721795],[-2.287411,54.721806],[-2.288783,54.722014],[-2.291843,54.722651],[-2.292292,54.722813],[-2.293529,54.722805],[-2.294946,54.723313],[-2.295521,54.723802],[-2.295645,54.723859],[-2.296113,54.723928],[-2.296924,54.724097],[-2.297312,54.724166],[-2.297742,54.724379],[-2.29867,54.724896],[-2.299507,54.724741],[-2.301081,54.725177],[-2.302391,54.725189],[-2.302845,54.725367],[-2.302954,54.725507],[-2.303345,54.725878],[-2.304022,54.726137],[-2.305818,54.725955],[-2.306194,54.725829],[-2.30705,54.725852],[-2.308166,54.725522],[-2.308942,54.725205],[-2.310313,54.724584],[-2.310652,54.724323],[-2.310691,54.724189],[-2.310732,54.724031],[-2.311236,54.723723],[-2.312288,54.723627],[-2.313335,54.723513],[-2.313806,54.723446],[-2.314157,54.723363],[-2.314605,54.723318],[-2.31498,54.72337],[-2.315562,54.723478],[-2.315613,54.723567],[-2.315963,54.723689],[-2.316255,54.723592],[-2.316294,54.723504],[-2.316166,54.723126],[-2.317268,54.722489],[-2.318102,54.722313],[-2.318374,54.722271],[-2.318695,54.722196],[-2.319256,54.722179],[-2.319958,54.722483],[-2.320004,54.722589],[-2.320217,54.722687],[-2.320477,54.722845],[-2.320927,54.723224],[-2.321066,54.723837],[-2.321729,54.7248],[-2.322777,54.725383],[-2.323338,54.725727],[-2.323955,54.726126],[-2.324529,54.72665],[-2.325483,54.726894],[-2.325833,54.726909],[-2.326222,54.726865],[-2.326521,54.726969],[-2.326954,54.727325],[-2.327735,54.727363],[-2.328212,54.727533],[-2.32902,54.728532],[-2.329181,54.728897],[-2.32914,54.729897],[-2.329139,54.730041],[-2.329199,54.73029],[-2.329362,54.730503],[-2.329613,54.730642],[-2.330367,54.731124],[-2.330815,54.731814],[-2.33075,54.73205],[-2.330638,54.732103],[-2.330229,54.732508],[-2.330429,54.733174],[-2.330422,54.733378],[-2.330047,54.734065],[-2.329504,54.734772],[-2.329294,54.735117],[-2.328889,54.73527],[-2.327755,54.735864],[-2.326558,54.736863],[-2.325737,54.737351],[-2.325404,54.7378],[-2.326417,54.739002],[-2.326121,54.739646],[-2.325315,54.740366],[-2.325279,54.74154],[-2.325631,54.742283],[-2.325907,54.742786],[-2.325998,54.743394],[-2.325745,54.74427],[-2.325645,54.744387],[-2.325353,54.744808],[-2.325224,54.745314],[-2.325171,54.746026],[-2.325267,54.74682],[-2.325354,54.747093],[-2.323359,54.74973],[-2.322575,54.75056],[-2.321436,54.751799],[-2.321306,54.752256],[-2.321368,54.752804],[-2.321352,54.752897],[-2.320739,54.753452],[-2.320009,54.754423],[-2.319377,54.754984],[-2.319607,54.756113],[-2.32051,54.757116],[-2.320568,54.757309],[-2.320967,54.757724],[-2.32102,54.75775],[-2.321037,54.75782],[-2.320808,54.75825],[-2.321077,54.758781],[-2.320743,54.759383],[-2.32178,54.759904],[-2.321585,54.760245],[-2.321588,54.760376],[-2.321761,54.760603],[-2.32136,54.761128],[-2.3214,54.761894],[-2.320967,54.763182],[-2.320982,54.76349],[-2.320893,54.764094],[-2.320312,54.764884],[-2.320029,54.765201],[-2.319662,54.765402],[-2.319196,54.766038],[-2.318038,54.766698],[-2.316523,54.767822],[-2.316299,54.767939],[-2.316098,54.767985],[-2.316023,54.768156],[-2.314458,54.769304],[-2.311791,54.770309],[-2.311662,54.770719],[-2.310256,54.771298],[-2.309547,54.771551],[-2.308466,54.771761],[-2.308436,54.772524],[-2.307356,54.773681],[-2.309162,54.775147],[-2.310541,54.777357],[-2.310252,54.778005],[-2.310979,54.779244],[-2.3113,54.77951],[-2.311987,54.780245],[-2.312433,54.781013],[-2.312049,54.783423],[-2.312233,54.783901],[-2.312045,54.785759],[-2.311633,54.786349],[-2.311499,54.787252],[-2.311493,54.787645],[-2.31203,54.788524],[-2.311996,54.789068],[-2.311967,54.789512],[-2.31213,54.789949],[-2.310787,54.790834],[-2.310236,54.790848],[-2.309476,54.790762],[-2.308379,54.790764],[-2.306974,54.791113],[-2.306447,54.792031],[-2.304722,54.79176],[-2.304232,54.791756],[-2.303659,54.792112],[-2.301465,54.79244],[-2.30087,54.792302],[-2.299062,54.79323],[-2.298025,54.793071],[-2.296674,54.793133],[-2.296273,54.79325],[-2.294584,54.793398],[-2.291696,54.793095],[-2.290987,54.793578],[-2.290182,54.794328],[-2.288601,54.795836],[-2.286028,54.79601],[-2.284525,54.796514],[-2.283167,54.797314],[-2.280718,54.798078],[-2.276417,54.796557],[-2.275174,54.796136],[-2.274607,54.796118],[-2.273162,54.796009],[-2.271377,54.795753],[-2.270267,54.79555],[-2.26936,54.795251],[-2.268353,54.794917],[-2.267014,54.794444],[-2.266697,54.794473],[-2.265416,54.794644],[-2.264407,54.793937],[-2.263144,54.793232],[-2.262422,54.792812],[-2.259594,54.79247],[-2.258127,54.791352],[-2.253645,54.790821],[-2.251979,54.790358],[-2.249795,54.789675],[-2.248952,54.789752],[-2.249388,54.78928],[-2.247163,54.787859],[-2.242061,54.787411],[-2.238407,54.787087],[-2.237111,54.786964],[-2.234082,54.786702],[-2.233179,54.785021],[-2.232476,54.784048],[-2.230568,54.783681],[-2.228802,54.783429],[-2.225196,54.782849],[-2.222949,54.782958],[-2.221281,54.783018],[-2.219542,54.782944],[-2.217411,54.782284],[-2.21591,54.782844],[-2.214424,54.783415],[-2.213475,54.784705],[-2.213349,54.785557],[-2.212965,54.786544],[-2.212634,54.786827],[-2.210934,54.788028],[-2.209713,54.789377],[-2.208206,54.791698],[-2.207793,54.792223],[-2.205529,54.793698],[-2.20391,54.795694],[-2.202604,54.797344],[-2.200189,54.799618],[-2.199883,54.799996],[-2.199564,54.800509],[-2.198522,54.801942],[-2.197532,54.803685],[-2.197467,54.805033],[-2.197093,54.806637],[-2.191315,54.806309],[-2.186,54.806164],[-2.185031,54.806206],[-2.181495,54.80695],[-2.178034,54.8069],[-2.175732,54.806694],[-2.17463,54.80647],[-2.172224,54.805845],[-2.171186,54.804928],[-2.167959,54.80351],[-2.167643,54.804888],[-2.167253,54.806424],[-2.166013,54.810006],[-2.165331,54.812145],[-2.164859,54.813731],[-2.163248,54.81525],[-2.162619,54.815829],[-2.16059,54.817451],[-2.158078,54.819082],[-2.155647,54.820378],[-2.149937,54.822645],[-2.146016,54.824639],[-2.141608,54.827097],[-2.141606,54.827983],[-2.141665,54.828522],[-2.141768,54.828718],[-2.141744,54.829028],[-2.141882,54.829229],[-2.141996,54.829655],[-2.141951,54.829922],[-2.141896,54.830043],[-2.141718,54.830296],[-2.141455,54.830774],[-2.140861,54.831205],[-2.140595,54.831419],[-2.140315,54.831772],[-2.14023,54.832269],[-2.140264,54.832584],[-2.140072,54.832887],[-2.139954,54.833102],[-2.139575,54.833295],[-2.13938,54.833492],[-2.138923,54.833838],[-2.138474,54.834228],[-2.138286,54.834483],[-2.13832,54.834621],[-2.138246,54.835007],[-2.138248,54.835505],[-2.138157,54.835894],[-2.138038,54.836098],[-2.137897,54.836742],[-2.137959,54.83718],[-2.137921,54.837768],[-2.137793,54.838052],[-2.13758,54.838248],[-2.137693,54.838403],[-2.137817,54.83855],[-2.137616,54.838838],[-2.137609,54.838923],[-2.137659,54.839015],[-2.137611,54.83921],[-2.137751,54.8395],[-2.137791,54.839952],[-2.137778,54.840087],[-2.137918,54.840549],[-2.138188,54.840866],[-2.13802,54.841171],[-2.138147,54.841498],[-2.138272,54.841774],[-2.136937,54.842149],[-2.136645,54.842273],[-2.135131,54.842561],[-2.1333,54.842756],[-2.132492,54.842204],[-2.132212,54.842047],[-2.131737,54.84208],[-2.131363,54.842093],[-2.130678,54.842286],[-2.130041,54.842439],[-2.129736,54.842506],[-2.12941,54.842602],[-2.128907,54.842544],[-2.128081,54.842474],[-2.127607,54.84236],[-2.127414,54.841981],[-2.126829,54.841737],[-2.125283,54.841698],[-2.124497,54.841569],[-2.123431,54.841563],[-2.122556,54.841298],[-2.121474,54.841049],[-2.121216,54.841061],[-2.120401,54.841255],[-2.120176,54.841217],[-2.119809,54.841094],[-2.119538,54.840903],[-2.119458,54.840781],[-2.119213,54.840712],[-2.119043,54.840722],[-2.118913,54.840767],[-2.118708,54.840982],[-2.118594,54.841115],[-2.118353,54.841215],[-2.118126,54.841239],[-2.117604,54.841138],[-2.117108,54.840981],[-2.11677,54.840807],[-2.11631,54.840826],[-2.114871,54.841128],[-2.114576,54.841017],[-2.114132,54.840727],[-2.113094,54.840433],[-2.112738,54.840357],[-2.111426,54.840196],[-2.11021,54.840051],[-2.109236,54.840104],[-2.108574,54.840279],[-2.107697,54.840504],[-2.107144,54.840578],[-2.105446,54.840221],[-2.103816,54.839929],[-2.101718,54.839972],[-2.101352,54.839756],[-2.100781,54.838805],[-2.099887,54.837568],[-2.099009,54.837161],[-2.09839,54.837156],[-2.097549,54.837295],[-2.096671,54.837091],[-2.096204,54.836665],[-2.094629,54.836741],[-2.094015,54.836824],[-2.092693,54.836796],[-2.092038,54.836797],[-2.091607,54.836927],[-2.090998,54.837287],[-2.09036,54.837479],[-2.089445,54.837617],[-2.088792,54.837636],[-2.088354,54.837584],[-2.088003,54.837507],[-2.0875,54.837324],[-2.086993,54.837034],[-2.08648,54.837455],[-2.085397,54.837863],[-2.084801,54.83796],[-2.081515,54.838056],[-2.080925,54.838134],[-2.080326,54.838579],[-2.079982,54.839056],[-2.07881,54.839369],[-2.077148,54.839087],[-2.07614,54.839385],[-2.07563,54.839725],[-2.075248,54.839977],[-2.074326,54.840239],[-2.073676,54.840317],[-2.072903,54.84054],[-2.072466,54.840732],[-2.070306,54.841871],[-2.06994,54.842064],[-2.069032,54.842632],[-2.068492,54.842936],[-2.068084,54.843121],[-2.067558,54.843273],[-2.066813,54.843601],[-2.066436,54.844052],[-2.066482,54.84428],[-2.066577,54.844507],[-2.066367,54.844703],[-2.066064,54.844751],[-2.065532,54.844801],[-2.065383,54.844818],[-2.065369,54.844829],[-2.065206,54.844714],[-2.065139,54.844675],[-2.064791,54.844327],[-2.064293,54.844023],[-2.064018,54.843949],[-2.063679,54.843817],[-2.063561,54.843805],[-2.063421,54.843822],[-2.062894,54.844173],[-2.061929,54.844302],[-2.060749,54.844402],[-2.060383,54.844438],[-2.059711,54.844628],[-2.05926,54.844904],[-2.058972,54.845069],[-2.058411,54.845368],[-2.058054,54.845575],[-2.057308,54.845752],[-2.055997,54.845893],[-2.054628,54.846347],[-2.054311,54.846457],[-2.053728,54.846745],[-2.053084,54.847031],[-2.052622,54.847126],[-2.052262,54.847203],[-2.051183,54.847391],[-2.050862,54.847438],[-2.050515,54.847454],[-2.049467,54.847487],[-2.048175,54.847443],[-2.046753,54.847753],[-2.045886,54.847824],[-2.045324,54.847824],[-2.044031,54.847691],[-2.043409,54.847757],[-2.043025,54.847862],[-2.042283,54.848106],[-2.041653,54.848156],[-2.040884,54.848097],[-2.040528,54.848016],[-2.039795,54.847967],[-2.038457,54.848137],[-2.038021,54.848281],[-2.037249,54.849066],[-2.036552,54.84975],[-2.036233,54.849961],[-2.035307,54.850314],[-2.034459,54.851148],[-2.034393,54.851523],[-2.034668,54.852012],[-2.034798,54.852219],[-2.034846,54.85238],[-2.03482,54.8525],[-2.034496,54.85275],[-2.033403,54.853365],[-2.032031,54.85386],[-2.031283,54.85409],[-2.030328,54.854295],[-2.029147,54.85462],[-2.028227,54.85505],[-2.027494,54.855323],[-2.027024,54.855622],[-2.026547,54.85602],[-2.026084,54.856291],[-2.025761,54.857551],[-2.025866,54.857876],[-2.024678,54.858718],[-2.024331,54.858863],[-2.024024,54.858907],[-2.023412,54.858865],[-2.022731,54.858678],[-2.021631,54.858464],[-2.021334,54.858488],[-2.020603,54.858909],[-2.020481,54.85913],[-2.020486,54.859348],[-2.020419,54.859768],[-2.019157,54.860955],[-2.018008,54.861933],[-2.017551,54.862285],[-2.01736,54.862368],[-2.017056,54.862439],[-2.016242,54.862487],[-2.015057,54.86254],[-2.013761,54.86306],[-2.013074,54.863276],[-2.012847,54.863427],[-2.012745,54.863585],[-2.012171,54.863954],[-2.01093,54.864233],[-2.010418,54.864582],[-2.010453,54.865154],[-2.010545,54.866251],[-2.010412,54.866486],[-2.010228,54.866619],[-2.009931,54.866681],[-2.008094,54.867022],[-2.007223,54.867204],[-2.007141,54.867297],[-2.006846,54.867668],[-2.006376,54.867819],[-2.005438,54.868014],[-2.005133,54.868097],[-2.004805,54.868301],[-2.003418,54.868206],[-2.002168,54.86803],[-2.001543,54.868068],[-2.000441,54.868237],[-2.0,54.868377],[-1.999878,54.86903],[-1.999895,54.869339],[-1.99984,54.869425],[-1.999578,54.869537],[-1.99943,54.869572],[-1.99915,54.869532],[-1.99834,54.869212],[-1.996843,54.869486],[-1.996087,54.869719],[-1.995962,54.869723],[-1.995822,54.869699],[-1.995602,54.869607],[-1.995494,54.869514],[-1.995278,54.869457],[-1.99506,54.869467],[-1.994617,54.869554],[-1.993826,54.869943],[-1.991903,54.870047],[-1.991533,54.869879],[-1.990435,54.870004],[-1.990125,54.870064],[-1.989771,54.870021],[-1.987605,54.869554],[-1.986662,54.869278],[-1.986124,54.868885],[-1.985932,54.868592],[-1.98526,54.868235],[-1.984176,54.86813],[-1.983246,54.868183],[-1.982521,54.868303],[-1.981869,54.868452],[-1.98125,54.868522],[-1.980675,54.868449],[-1.979318,54.868267],[-1.978315,54.867936],[-1.978151,54.867801],[-1.978055,54.867628],[-1.977576,54.867394],[-1.977412,54.867238],[-1.976619,54.866833],[-1.975279,54.86629],[-1.974739,54.866063],[-1.974631,54.866006],[-1.973411,54.865553],[-1.972376,54.865348],[-1.971785,54.865035],[-1.970335,54.86421],[-1.96945,54.8636],[-1.96987,54.862553],[-1.970624,54.861944],[-1.970707,54.861911],[-1.970899,54.861912],[-1.970987,54.861949],[-1.971252,54.862231],[-1.971489,54.86233],[-1.97176,54.862334],[-1.972159,54.862261],[-1.973228,54.861967],[-1.973186,54.861763],[-1.973048,54.86163],[-1.972846,54.861527],[-1.971803,54.861293],[-1.971544,54.861187],[-1.97115,54.860896],[-1.97096,54.860465],[-1.970925,54.860146],[-1.969918,54.860203],[-1.969619,54.860301],[-1.96808,54.859882],[-1.966478,54.859411],[-1.96563,54.859361],[-1.964681,54.859382],[-1.964052,54.859203],[-1.963301,54.859304],[-1.961667,54.85848],[-1.961494,54.858249],[-1.961491,54.858036],[-1.961234,54.857683],[-1.960593,54.857341],[-1.960127,54.857263],[-1.959261,54.856921],[-1.958625,54.856626],[-1.957871,54.856061],[-1.956955,54.855868],[-1.955222,54.855548],[-1.953451,54.855274],[-1.95232,54.85506],[-1.951453,54.854764],[-1.95131,54.85464],[-1.950444,54.853986],[-1.949674,54.853751],[-1.948524,54.853184],[-1.947516,54.852869],[-1.946852,54.852987],[-1.945536,54.853368],[-1.94497,54.853179],[-1.944244,54.85276],[-1.943555,54.852433],[-1.942934,54.852231],[-1.941807,54.852474],[-1.941209,54.852601],[-1.940674,54.852658],[-1.939371,54.852813],[-1.938838,54.85279],[-1.938454,54.851984],[-1.937786,54.851682],[-1.936912,54.851692],[-1.935213,54.851836],[-1.9342,54.851936],[-1.932971,54.852143],[-1.931776,54.852471],[-1.931552,54.852695],[-1.932312,54.853279],[-1.932854,54.853521],[-1.933369,54.853715],[-1.932888,54.854034],[-1.93186,54.853982],[-1.93084,54.85394],[-1.93071,54.853516],[-1.930426,54.853488],[-1.929755,54.853379],[-1.929373,54.852708],[-1.929276,54.851995],[-1.930337,54.851466],[-1.929497,54.850601],[-1.92864,54.85031],[-1.927782,54.850067],[-1.927246,54.850118],[-1.925916,54.849273],[-1.924622,54.848727],[-1.922831,54.849052],[-1.92212,54.849345],[-1.920958,54.849698],[-1.920034,54.848838],[-1.919873,54.847964],[-1.919979,54.8473],[-1.920209,54.84699],[-1.920233,54.84672],[-1.920155,54.845439],[-1.919987,54.844859],[-1.919419,54.844433],[-1.919237,54.844245],[-1.919126,54.844054],[-1.919056,54.843747],[-1.919332,54.842946],[-1.919439,54.842836],[-1.919432,54.842356],[-1.920103,54.84228],[-1.921968,54.842274],[-1.922486,54.842277],[-1.923085,54.84224],[-1.924532,54.841949],[-1.92527,54.841806],[-1.925378,54.841785],[-1.925549,54.841681],[-1.925651,54.841557],[-1.925689,54.841406],[-1.925612,54.841198],[-1.925533,54.841097],[-1.925434,54.841021],[-1.925054,54.840847],[-1.923721,54.840322],[-1.922615,54.840069],[-1.922138,54.840062],[-1.920713,54.840255],[-1.918739,54.840765],[-1.917434,54.840868],[-1.916704,54.840718],[-1.916474,54.840583],[-1.916432,54.840458],[-1.916614,54.839603],[-1.916978,54.839111],[-1.91832,54.838523],[-1.918997,54.83821],[-1.919156,54.837824],[-1.918661,54.837512],[-1.918204,54.837275],[-1.917374,54.837152],[-1.915859,54.836911],[-1.915495,54.836734],[-1.915271,54.836387],[-1.915274,54.836276],[-1.915399,54.836106],[-1.915648,54.835953],[-1.915809,54.835757],[-1.915804,54.83568],[-1.915754,54.835555],[-1.915821,54.835423],[-1.915966,54.835203],[-1.916182,54.834951],[-1.916156,54.834818],[-1.916039,54.834725],[-1.915127,54.834307],[-1.914269,54.834005],[-1.913655,54.833877],[-1.913331,54.833876],[-1.912924,54.833902],[-1.912518,54.833864],[-1.912199,54.833902],[-1.912001,54.833981],[-1.911695,54.834317],[-1.911791,54.834904],[-1.91205,54.835176],[-1.912075,54.835712],[-1.911934,54.835771],[-1.911739,54.835805],[-1.91133,54.835822],[-1.910775,54.835803],[-1.910371,54.835871],[-1.909942,54.836029],[-1.909603,54.836298],[-1.909444,54.836599],[-1.909427,54.837007],[-1.909468,54.837139],[-1.909609,54.837303],[-1.909836,54.837417],[-1.910532,54.837522],[-1.911842,54.837539],[-1.91255,54.837681],[-1.912875,54.837716],[-1.913134,54.837818],[-1.913359,54.838134],[-1.913429,54.838257],[-1.913408,54.838335],[-1.913348,54.838388],[-1.913102,54.838486],[-1.912882,54.838605],[-1.912741,54.838717],[-1.912606,54.839044],[-1.91264,54.839251],[-1.912603,54.839374],[-1.912258,54.839488],[-1.911323,54.839688],[-1.911022,54.839698],[-1.910584,54.839662],[-1.909956,54.839516],[-1.909683,54.839422],[-1.909446,54.839365],[-1.908407,54.839319],[-1.907609,54.839357],[-1.907269,54.839415],[-1.907073,54.83948],[-1.906832,54.839652],[-1.906603,54.839865],[-1.905694,54.840181],[-1.905541,54.8404],[-1.905219,54.840768],[-1.904845,54.841047],[-1.9045,54.841351],[-1.904266,54.841363],[-1.903315,54.841562],[-1.90307,54.841692],[-1.902989,54.841764],[-1.90281,54.842015],[-1.901897,54.842157],[-1.901361,54.842122],[-1.900698,54.842229],[-1.900035,54.842383],[-1.898621,54.842666],[-1.89801,54.84282],[-1.897575,54.842995],[-1.897141,54.843364],[-1.896728,54.843797],[-1.896638,54.843995],[-1.89663,54.844192],[-1.896709,54.844371],[-1.89701,54.844677],[-1.896986,54.844814],[-1.896877,54.844988],[-1.896733,54.845109],[-1.896083,54.845571],[-1.895256,54.845773],[-1.894677,54.845791],[-1.89445,54.845764],[-1.893781,54.845587],[-1.893354,54.845356],[-1.893095,54.844884],[-1.893527,54.844614],[-1.893275,54.844213],[-1.892817,54.843712],[-1.892716,54.843638],[-1.892475,54.843539],[-1.89205,54.843517],[-1.891806,54.843564],[-1.89102,54.843698],[-1.890369,54.843749],[-1.888738,54.84386],[-1.887653,54.843872],[-1.887629,54.843667],[-1.887058,54.843668],[-1.88672,54.843633],[-1.88653,54.843578],[-1.886397,54.843515],[-1.88611,54.843488],[-1.885674,54.843601],[-1.884709,54.844216],[-1.884182,54.844666],[-1.883895,54.844902],[-1.883733,54.845162],[-1.88346,54.84549],[-1.883286,54.845609],[-1.882631,54.845885],[-1.881437,54.846312],[-1.880583,54.846579],[-1.880001,54.846519],[-1.879711,54.846507],[-1.879054,54.846625],[-1.877802,54.846815],[-1.87643,54.847046],[-1.876004,54.847254],[-1.875915,54.847412],[-1.875856,54.84764],[-1.875639,54.847881],[-1.874885,54.848228],[-1.873922,54.848699],[-1.873072,54.848957],[-1.871648,54.849553],[-1.870717,54.849921],[-1.869203,54.850411],[-1.868946,54.85053],[-1.868552,54.850766],[-1.868178,54.851326],[-1.867865,54.851919],[-1.868011,54.852273],[-1.867919,54.852723],[-1.867086,54.852983],[-1.866651,54.853173],[-1.865985,54.853597],[-1.865686,54.853855],[-1.865196,54.854638],[-1.865046,54.855331],[-1.865203,54.855755],[-1.865814,54.856755],[-1.866621,54.857245],[-1.86776,54.8581],[-1.868669,54.859158],[-1.868173,54.860206],[-1.868291,54.860756],[-1.868218,54.861264],[-1.868118,54.86146],[-1.86774,54.861888],[-1.866874,54.862494],[-1.866311,54.86291],[-1.865734,54.863365],[-1.8649,54.863973],[-1.864631,54.864066],[-1.864032,54.864114],[-1.863185,54.864379],[-1.862629,54.86465],[-1.861907,54.865068],[-1.861318,54.865419],[-1.860393,54.865833],[-1.859958,54.866112],[-1.859724,54.866333],[-1.859372,54.866814],[-1.85933,54.866875],[-1.859242,54.867002],[-1.859193,54.867074],[-1.859111,54.8672],[-1.859057,54.867286],[-1.858981,54.867416],[-1.858922,54.867516],[-1.858816,54.867697],[-1.858784,54.867749],[-1.858734,54.867827],[-1.858483,54.868223],[-1.858429,54.868386],[-1.858317,54.868728],[-1.858281,54.868839],[-1.858233,54.869124],[-1.85856,54.869452],[-1.858753,54.869733],[-1.859101,54.870244],[-1.859175,54.87042],[-1.859218,54.870835],[-1.859275,54.871097],[-1.859124,54.871332],[-1.858895,54.871598],[-1.858516,54.872018],[-1.858381,54.872436],[-1.858354,54.872612],[-1.858406,54.872909],[-1.858438,54.873148],[-1.85845,54.873247],[-1.858418,54.873787],[-1.858485,54.874272],[-1.858534,54.874717],[-1.858558,54.875063],[-1.858723,54.875973],[-1.85872,54.876211],[-1.858615,54.876712],[-1.858398,54.877492],[-1.858452,54.877798],[-1.857957,54.878119],[-1.857458,54.878336],[-1.856744,54.878787],[-1.856503,54.879062],[-1.856328,54.879212],[-1.855916,54.879322],[-1.853716,54.879609],[-1.852641,54.879794],[-1.851883,54.880015],[-1.851709,54.880109],[-1.851568,54.880277],[-1.851492,54.88043],[-1.851471,54.880746],[-1.851314,54.881372],[-1.851022,54.882373],[-1.851478,54.883223],[-1.851322,54.883591],[-1.85105,54.883946],[-1.85079,54.88416],[-1.850431,54.884166],[-1.850125,54.884261],[-1.849666,54.884479],[-1.849352,54.884638],[-1.849298,54.884887],[-1.849275,54.885015],[-1.849333,54.885462],[-1.849558,54.885936],[-1.849788,54.886236],[-1.850433,54.886724],[-1.850595,54.886871],[-1.851865,54.887764],[-1.8535,54.888802],[-1.85357,54.888887],[-1.85362,54.889009],[-1.853731,54.889424],[-1.853388,54.890441],[-1.853189,54.890729],[-1.85288,54.89109],[-1.852653,54.89122],[-1.852476,54.891225],[-1.851666,54.890926],[-1.847063,54.889672],[-1.846249,54.88961],[-1.845955,54.889673],[-1.845118,54.890171],[-1.844934,54.89031],[-1.8445,54.890733],[-1.844105,54.890938],[-1.843875,54.891248],[-1.843718,54.891526],[-1.843548,54.891708],[-1.84334,54.891918],[-1.843161,54.892152],[-1.842948,54.892603],[-1.842915,54.892984],[-1.842964,54.893231],[-1.843536,54.894364],[-1.843954,54.895344],[-1.84411,54.895587],[-1.844317,54.895981],[-1.844291,54.896328],[-1.844096,54.896612],[-1.843891,54.896809],[-1.843421,54.896979],[-1.842526,54.8971],[-1.840501,54.897204],[-1.840153,54.897186],[-1.839655,54.897097],[-1.839341,54.897069],[-1.838623,54.897097],[-1.837699,54.897195],[-1.83703,54.897408],[-1.836246,54.897706],[-1.835986,54.897827],[-1.835355,54.898174],[-1.834713,54.898416],[-1.833968,54.898665],[-1.833319,54.89885],[-1.833166,54.898914],[-1.832802,54.899138],[-1.832171,54.899713],[-1.831531,54.900118],[-1.831299,54.900203],[-1.831002,54.900293],[-1.830713,54.90038],[-1.830565,54.900422],[-1.829732,54.900879],[-1.828953,54.901506],[-1.8285,54.901968],[-1.828267,54.902245],[-1.828035,54.902642],[-1.827839,54.903101],[-1.827679,54.903437],[-1.827252,54.904086],[-1.826751,54.904955],[-1.826535,54.905169],[-1.826334,54.905307],[-1.826136,54.9054],[-1.825898,54.905476],[-1.82552,54.905561],[-1.824269,54.905678],[-1.823313,54.905683],[-1.822719,54.905613],[-1.822004,54.905473],[-1.82168,54.905416],[-1.820897,54.905368],[-1.819905,54.905432],[-1.819545,54.905535],[-1.819441,54.905572],[-1.819017,54.905703],[-1.81878,54.905761],[-1.818594,54.905787],[-1.818283,54.905812],[-1.817964,54.90583],[-1.81783,54.905833],[-1.817522,54.905811],[-1.817344,54.905783],[-1.817034,54.90572],[-1.816823,54.905682],[-1.816362,54.905572],[-1.816112,54.905492],[-1.815427,54.905308],[-1.815165,54.905267],[-1.814877,54.905228],[-1.814517,54.905195],[-1.814388,54.905192],[-1.814227,54.905188],[-1.813941,54.905198],[-1.813579,54.905217],[-1.813239,54.905248],[-1.812655,54.905352],[-1.812331,54.90543],[-1.81203,54.905517],[-1.811707,54.905642],[-1.811496,54.905739],[-1.811212,54.905845],[-1.810743,54.906013],[-1.810508,54.906095],[-1.810253,54.906182],[-1.810088,54.906238],[-1.809877,54.906305],[-1.809688,54.906355],[-1.809375,54.906438],[-1.808015,54.906781],[-1.806657,54.907103],[-1.806052,54.907144],[-1.805667,54.907087],[-1.805452,54.906998],[-1.80491,54.906585],[-1.804707,54.906383],[-1.804534,54.906063],[-1.804463,54.905648],[-1.804385,54.905433],[-1.804108,54.905033],[-1.804004,54.904935],[-1.803662,54.904705],[-1.803054,54.904462],[-1.802291,54.904333],[-1.801721,54.904376],[-1.801115,54.904526],[-1.800566,54.90481],[-1.799552,54.905394],[-1.799054,54.905915],[-1.798786,54.906001],[-1.798448,54.905997],[-1.798031,54.905902],[-1.79751,54.905703],[-1.797261,54.90557],[-1.796541,54.904932],[-1.794832,54.903731],[-1.794657,54.903606],[-1.794336,54.903483],[-1.793508,54.90344],[-1.793235,54.903472],[-1.792926,54.903558],[-1.792772,54.903633],[-1.79259,54.903787],[-1.792479,54.903979],[-1.792435,54.904208],[-1.79253,54.90479],[-1.792408,54.905155],[-1.7921,54.905502],[-1.791416,54.906339],[-1.790736,54.906902],[-1.790335,54.907214],[-1.79005,54.907523],[-1.789806,54.908168],[-1.789741,54.908531],[-1.789647,54.908601],[-1.789498,54.908655],[-1.789099,54.9087],[-1.788959,54.908705],[-1.788476,54.908706],[-1.788066,54.908731],[-1.786714,54.908897],[-1.7862,54.908939],[-1.78463,54.90902],[-1.784133,54.909041],[-1.783638,54.909152],[-1.783214,54.909319],[-1.782724,54.909447],[-1.781609,54.909662],[-1.781026,54.90985],[-1.780853,54.910028],[-1.780823,54.910163],[-1.780881,54.910649],[-1.780801,54.911089],[-1.780709,54.911208],[-1.780478,54.911367],[-1.780349,54.911426],[-1.780146,54.911451],[-1.77979,54.911425],[-1.778658,54.911115],[-1.777306,54.91061],[-1.775852,54.910176],[-1.774675,54.909799],[-1.773997,54.909362],[-1.771696,54.908046],[-1.77067,54.90758],[-1.770402,54.907472],[-1.769547,54.907194],[-1.768877,54.906946],[-1.768048,54.906681],[-1.767684,54.90662],[-1.767015,54.906657],[-1.766759,54.90672],[-1.766504,54.906855],[-1.766402,54.906987],[-1.766445,54.907464],[-1.766622,54.908319],[-1.766697,54.908494],[-1.766712,54.908653],[-1.766581,54.909007],[-1.76645,54.909161],[-1.766429,54.90918],[-1.766013,54.909443],[-1.765784,54.909515],[-1.765346,54.909563],[-1.76519,54.909557],[-1.764935,54.909512],[-1.764716,54.909393],[-1.764658,54.909308],[-1.764646,54.90927],[-1.764644,54.909099],[-1.764636,54.908961],[-1.764582,54.908843],[-1.764421,54.9087],[-1.764166,54.908571],[-1.763973,54.908501],[-1.763656,54.908446],[-1.761024,54.908264],[-1.76019,54.908225],[-1.759561,54.908319],[-1.759264,54.908414],[-1.758951,54.908602],[-1.758816,54.908725],[-1.75865,54.908975],[-1.758561,54.909241],[-1.758569,54.909645],[-1.75842,54.910537],[-1.758347,54.910653],[-1.758142,54.910798],[-1.757818,54.91092],[-1.75644,54.911246],[-1.755713,54.911422],[-1.75537,54.911548],[-1.755186,54.911668],[-1.754738,54.912005],[-1.754114,54.912394],[-1.753604,54.912796],[-1.75314,54.913303],[-1.752946,54.913546],[-1.752712,54.91384],[-1.752585,54.913984],[-1.752318,54.914252],[-1.752166,54.914419],[-1.751727,54.914943],[-1.751329,54.915384],[-1.751017,54.915707],[-1.750476,54.916242],[-1.75034,54.916383],[-1.750228,54.916507],[-1.749726,54.916977],[-1.749558,54.917084],[-1.749442,54.917147],[-1.74926,54.91723],[-1.749,54.917326],[-1.748614,54.917445],[-1.748211,54.917534],[-1.747885,54.917587],[-1.747786,54.917601],[-1.74749,54.917635],[-1.747361,54.917637],[-1.746953,54.917607],[-1.746316,54.917479],[-1.746068,54.917416],[-1.745793,54.917307],[-1.745418,54.917054],[-1.745013,54.916638],[-1.744892,54.91652],[-1.744667,54.916417],[-1.744406,54.916467],[-1.74216,54.917077],[-1.741554,54.917179],[-1.741117,54.917258],[-1.740831,54.917281],[-1.740283,54.917267],[-1.740122,54.917219],[-1.739476,54.917016],[-1.73883,54.916843],[-1.73857,54.91677],[-1.738431,54.91675],[-1.738122,54.916742],[-1.737792,54.916836],[-1.737471,54.917264],[-1.737041,54.917782],[-1.736879,54.917973],[-1.736514,54.918272],[-1.736018,54.918606],[-1.735455,54.91837],[-1.735229,54.918392],[-1.73489,54.91848],[-1.734631,54.918487],[-1.734296,54.918428],[-1.733948,54.918334],[-1.733656,54.918298],[-1.733035,54.918209],[-1.732685,54.918099],[-1.732472,54.917981],[-1.732347,54.917757],[-1.732187,54.917581],[-1.731769,54.917596],[-1.731521,54.917516],[-1.731472,54.917358],[-1.731378,54.91727],[-1.731266,54.917052],[-1.730821,54.916897],[-1.730812,54.91659],[-1.730783,54.91655],[-1.73068,54.916512],[-1.730096,54.916412],[-1.729667,54.916437],[-1.729489,54.916408],[-1.729343,54.916336],[-1.729292,54.916092],[-1.729139,54.915895],[-1.729014,54.915708],[-1.728949,54.91568],[-1.729022,54.915628],[-1.728894,54.915547],[-1.728511,54.915514],[-1.728497,54.915384],[-1.728578,54.915236],[-1.728561,54.915102],[-1.728506,54.914966],[-1.728314,54.914895],[-1.728156,54.914919],[-1.728229,54.91469],[-1.727893,54.914612],[-1.727612,54.914456],[-1.727565,54.914371],[-1.72718,54.914073],[-1.72709,54.913946],[-1.727058,54.913726],[-1.726842,54.913244],[-1.726672,54.913035],[-1.726348,54.91286],[-1.726116,54.91262],[-1.726146,54.912492],[-1.726023,54.912375],[-1.725998,54.912284],[-1.726216,54.912188],[-1.72626,54.912083],[-1.726307,54.911964],[-1.726268,54.911855],[-1.726088,54.911681],[-1.726396,54.911486],[-1.726335,54.911098],[-1.726185,54.910555],[-1.726061,54.910304],[-1.725807,54.910163],[-1.725433,54.910079],[-1.724952,54.909958],[-1.7246,54.909773],[-1.724255,54.909592],[-1.724208,54.90952],[-1.724054,54.909261],[-1.723945,54.909161],[-1.723431,54.908798],[-1.723316,54.908894],[-1.722957,54.909111],[-1.722619,54.909314],[-1.721671,54.909966],[-1.721464,54.910037],[-1.721247,54.909906],[-1.720946,54.909484],[-1.720874,54.90935],[-1.720779,54.909014],[-1.720687,54.908892],[-1.720642,54.908861],[-1.720129,54.908675],[-1.719593,54.908568],[-1.719629,54.908144],[-1.719124,54.90809],[-1.718723,54.908047],[-1.718315,54.907994],[-1.717885,54.90794],[-1.717631,54.907914],[-1.717456,54.907984],[-1.717089,54.908141],[-1.71664,54.908255],[-1.716183,54.908317],[-1.715874,54.908354],[-1.715422,54.907948],[-1.714841,54.907655],[-1.713326,54.908164],[-1.711282,54.908717],[-1.708839,54.908918],[-1.70881,54.909042],[-1.706076,54.909095],[-1.704933,54.909074],[-1.702757,54.909106],[-1.701067,54.909078],[-1.699137,54.909173],[-1.698359,54.909114],[-1.696836,54.908905],[-1.69717,54.908856],[-1.697007,54.908327],[-1.696909,54.907971],[-1.696004,54.90707],[-1.695264,54.906716],[-1.695205,54.906669],[-1.695152,54.906604],[-1.695118,54.906491],[-1.695136,54.906446],[-1.69517,54.906414],[-1.695221,54.906388],[-1.695319,54.906366],[-1.6959,54.906179],[-1.696121,54.906238],[-1.696812,54.906837],[-1.697447,54.90742],[-1.697556,54.907535],[-1.698505,54.907743],[-1.6989,54.907909],[-1.699403,54.907842],[-1.699604,54.90782],[-1.700094,54.90788],[-1.700244,54.907859],[-1.701041,54.907626],[-1.701647,54.907468],[-1.701924,54.907425],[-1.702262,54.907492],[-1.702744,54.907653],[-1.70342,54.907784],[-1.703641,54.907784],[-1.703716,54.907803],[-1.703978,54.907915],[-1.704403,54.907982],[-1.705251,54.908006],[-1.705538,54.908067],[-1.706411,54.908324],[-1.706405,54.907892],[-1.706463,54.907493],[-1.707002,54.907384],[-1.70751,54.907295],[-1.707467,54.906571],[-1.707295,54.90646],[-1.707003,54.906337],[-1.706712,54.905985],[-1.706463,54.905735],[-1.7058,54.904593],[-1.705604,54.90391],[-1.70815,54.901619],[-1.709923,54.900129],[-1.709476,54.89992],[-1.709227,54.899691],[-1.710645,54.898687],[-1.715801,54.898134],[-1.71514,54.897528],[-1.715511,54.897377],[-1.716662,54.897042],[-1.717333,54.896869],[-1.717975,54.896699],[-1.718149,54.896638],[-1.718222,54.89658],[-1.718363,54.896288],[-1.718629,54.896229],[-1.719106,54.896212],[-1.71942,54.896183],[-1.719638,54.896193],[-1.720396,54.89607],[-1.720712,54.895879],[-1.721613,54.895311],[-1.722519,54.894898],[-1.722963,54.894772],[-1.723439,54.894758],[-1.723861,54.894716],[-1.724384,54.894663],[-1.72515,54.894643],[-1.726382,54.894598],[-1.726438,54.894541],[-1.726772,54.894161],[-1.726945,54.894256],[-1.727084,54.894447],[-1.727616,54.893945],[-1.728268,54.893113],[-1.728548,54.892793],[-1.728539,54.892478],[-1.729171,54.891833],[-1.729924,54.891558],[-1.7306,54.891355],[-1.730723,54.891412],[-1.731467,54.891947],[-1.731988,54.891611],[-1.731472,54.891161],[-1.730958,54.890922],[-1.730497,54.890404],[-1.731697,54.888364],[-1.732046,54.887771],[-1.733057,54.887843],[-1.734097,54.888006],[-1.734955,54.888148],[-1.735739,54.888295],[-1.736466,54.888407],[-1.737923,54.888625],[-1.73841,54.88869],[-1.738738,54.888737],[-1.73969,54.889107],[-1.740354,54.888802],[-1.741733,54.888273],[-1.742137,54.888131],[-1.742279,54.887793],[-1.742348,54.887654],[-1.742809,54.88675],[-1.742918,54.886526],[-1.742992,54.886373],[-1.743337,54.885578],[-1.743398,54.88544],[-1.743566,54.885066],[-1.743788,54.88457],[-1.743836,54.884464],[-1.743961,54.884186],[-1.743992,54.884115],[-1.744073,54.883935],[-1.744141,54.883784],[-1.744255,54.88353],[-1.744313,54.8834],[-1.744402,54.883073],[-1.744474,54.882817],[-1.74456,54.882578],[-1.744838,54.882189],[-1.745021,54.881952],[-1.745173,54.881757],[-1.745607,54.8812],[-1.745714,54.881062],[-1.745805,54.880945],[-1.74594,54.880775],[-1.746089,54.880588],[-1.746182,54.880472],[-1.746282,54.880347],[-1.746336,54.880283],[-1.746438,54.880166],[-1.746514,54.880078],[-1.746724,54.879835],[-1.746911,54.87962],[-1.747025,54.87949],[-1.747077,54.879432],[-1.747252,54.879237],[-1.747327,54.879153],[-1.747402,54.879051],[-1.747454,54.87898],[-1.74753,54.878877],[-1.747669,54.878686],[-1.747918,54.878383],[-1.748091,54.878141],[-1.748213,54.877925],[-1.748296,54.877674],[-1.748379,54.877426],[-1.748457,54.877193],[-1.748647,54.876784],[-1.748842,54.876365],[-1.748987,54.876056],[-1.749059,54.875898],[-1.749135,54.875724],[-1.749198,54.875583],[-1.749371,54.875189],[-1.749401,54.875118],[-1.749438,54.875031],[-1.749465,54.874968],[-1.749513,54.874839],[-1.749542,54.874749],[-1.749559,54.874655],[-1.749568,54.874372],[-1.749585,54.874111],[-1.749252,54.873088],[-1.748807,54.871902],[-1.749287,54.871864],[-1.749719,54.871887],[-1.750155,54.871949],[-1.750621,54.872058],[-1.751556,54.872302],[-1.753005,54.872677],[-1.754571,54.873084],[-1.756613,54.873605],[-1.75759,54.873851],[-1.75812,54.87383],[-1.758302,54.873476],[-1.758644,54.873043],[-1.760018,54.872012],[-1.761553,54.870817],[-1.761656,54.870698],[-1.76272,54.869269],[-1.763252,54.868521],[-1.763846,54.867676],[-1.764326,54.867039],[-1.766278,54.866288],[-1.766486,54.866052],[-1.768518,54.863126],[-1.768627,54.862984],[-1.768702,54.862715],[-1.768995,54.862161],[-1.770576,54.85937],[-1.771114,54.858388],[-1.771669,54.857504],[-1.772196,54.857068],[-1.772427,54.856887],[-1.771946,54.856861],[-1.771743,54.856546],[-1.771413,54.856273],[-1.771206,54.856187],[-1.770344,54.85595],[-1.769668,54.855772],[-1.769235,54.85565],[-1.764657,54.854522],[-1.763962,54.854296],[-1.760155,54.853027],[-1.75981,54.852995],[-1.759255,54.852883],[-1.758806,54.852876],[-1.758691,54.85286],[-1.757228,54.852323],[-1.756878,54.850582],[-1.755279,54.849936],[-1.755175,54.849854],[-1.75486,54.849664],[-1.753971,54.849139],[-1.752471,54.849777],[-1.751388,54.850231],[-1.747002,54.848658],[-1.744565,54.847773],[-1.742312,54.846572],[-1.740225,54.845466],[-1.738753,54.844778],[-1.737014,54.844223],[-1.735464,54.843713],[-1.733158,54.843009],[-1.732285,54.842631],[-1.73143,54.84241],[-1.73021,54.842007],[-1.730038,54.842168],[-1.729771,54.842455],[-1.729642,54.842601],[-1.729251,54.843187],[-1.729127,54.843437],[-1.729002,54.844084],[-1.728966,54.845898],[-1.728913,54.845898]]]}},{"type":"Feature","properties":{"name":"City of Durham","code":"E14000641","results":{"2010":{"winning_party":"Lab","con_votes":6146,"lab_votes":20496,"lib_votes":17429,"ruk_votes":0,"grn_votes":0,"oth_votes":2181,"con_pct":13.3,"lab_pct":44.3,"lib_pct":37.7,"ruk_pct":0.0,"grn_pct":0.0,"oth_pct":4.7,"total_votes":46252,"turnout":0.672,"mp_name":"Roberta Blackman-Woods"},"2015":{"winning_party":"Lab","con_votes":10157,"lab_votes":21596,"lib_votes":5153,"ruk_votes":0,"grn_votes":0,"oth_votes":8763,"con_pct":22.2,"lab_pct":47.3,"lib_pct":11.3,"ruk_pct":0.0,"grn_pct":0.0,"oth_pct":19.2,"total_votes":45669,"turnout":0.665,"mp_name":"Roberta Blackman-Woods"},"2017":{"winning_party":"Lab","con_votes":14408,"lab_votes":26772,"lib_votes":4787,"ruk_votes":0,"grn_votes":0,"oth_votes":2357,"con_pct":29.8,"lab_pct":55.4,"lib_pct":9.9,"ruk_pct":0.0,"grn_pct":0.0,"oth_pct":4.9,"total_votes":48324,"turnout":0.679,"mp_name":"Roberta Blackman-Woods"},"2019":{"winning_party":"Lab","con_votes":15506,"lab_votes":20531,"lib_votes":7935,"ruk_votes":0,"grn_votes":0,"oth_votes":4887,"con_pct":31.7,"lab_pct":42.0,"lib_pct":16.2,"ruk_pct":0.0,"grn_pct":0.0,"oth_pct":10.0,"total_votes":48859,"turnout":0.686,"mp_name":"Mary Kelly Foy"}}},"geometry":{"type":"Polygon","coordinates":[[[-1.631441,54.813462],[-1.631193,54.813412],[-1.629948,54.813138],[-1.629747,54.813085],[-1.629484,54.813011],[-1.629252,54.812937],[-1.628919,54.812777],[-1.628765,54.812714],[-1.628606,54.812661],[-1.628308,54.812591],[-1.628051,54.812507],[-1.627492,54.812442],[-1.627294,54.812393],[-1.626489,54.812194],[-1.626286,54.812144],[-1.626134,54.812111],[-1.625401,54.81195],[-1.622249,54.811324],[-1.620929,54.811273],[-1.622674,54.81238],[-1.621102,54.812656],[-1.619798,54.812526],[-1.619244,54.812828],[-1.618807,54.813082],[-1.618249,54.813287],[-1.617484,54.813563],[-1.61712,54.81368],[-1.61673,54.813794],[-1.616475,54.813869],[-1.616117,54.813986],[-1.615728,54.814143],[-1.616112,54.81459],[-1.61549,54.814845],[-1.614793,54.81514],[-1.611912,54.815859],[-1.61092,54.816153],[-1.609734,54.816479],[-1.607086,54.817134],[-1.605644,54.817495],[-1.603411,54.817327],[-1.599432,54.816952],[-1.597506,54.816535],[-1.596753,54.81633],[-1.595889,54.816267],[-1.594825,54.816118],[-1.593707,54.816557],[-1.593358,54.816788],[-1.593083,54.816908],[-1.592443,54.817095],[-1.590927,54.817198],[-1.590456,54.817422],[-1.590306,54.818016],[-1.589999,54.81926],[-1.589745,54.819749],[-1.588393,54.820169],[-1.588332,54.820183],[-1.588137,54.820239],[-1.587863,54.820344],[-1.587698,54.820501],[-1.587668,54.820638],[-1.587681,54.820699],[-1.587841,54.820949],[-1.587961,54.821233],[-1.586898,54.821474],[-1.586112,54.821747],[-1.585813,54.821873],[-1.584357,54.822472],[-1.583351,54.82272],[-1.582576,54.822924],[-1.582187,54.822926],[-1.581103,54.822571],[-1.578535,54.82268],[-1.577046,54.822672],[-1.572562,54.820657],[-1.571679,54.820072],[-1.571062,54.820574],[-1.570259,54.821898],[-1.56696,54.824826],[-1.56472,54.825557],[-1.564265,54.825646],[-1.564062,54.825659],[-1.562044,54.825462],[-1.561048,54.826238],[-1.560635,54.826272],[-1.560184,54.826264],[-1.559806,54.826228],[-1.559477,54.826174],[-1.557358,54.825715],[-1.555356,54.825653],[-1.554073,54.824426],[-1.553501,54.82442],[-1.553413,54.824443],[-1.553182,54.824816],[-1.552288,54.825054],[-1.550939,54.824852],[-1.549551,54.824524],[-1.548987,54.824546],[-1.548051,54.824697],[-1.547733,54.824804],[-1.547427,54.824704],[-1.546768,54.824544],[-1.546394,54.824379],[-1.545877,54.824433],[-1.545417,54.824543],[-1.54525,54.824618],[-1.544805,54.824713],[-1.544066,54.824833],[-1.543571,54.82499],[-1.542612,54.8252],[-1.542146,54.825218],[-1.541313,54.82519],[-1.540113,54.824943],[-1.539117,54.825013],[-1.538626,54.825018],[-1.53832,54.825028],[-1.537437,54.825308],[-1.536505,54.825542],[-1.535969,54.82605],[-1.535597,54.826371],[-1.535341,54.826651],[-1.53472,54.827109],[-1.534199,54.82737],[-1.533983,54.827473],[-1.533857,54.827507],[-1.533752,54.827578],[-1.533389,54.827823],[-1.532765,54.828215],[-1.53226,54.828674],[-1.53144,54.828929],[-1.529701,54.829088],[-1.528313,54.829084],[-1.526234,54.829301],[-1.525115,54.829271],[-1.523289,54.829285],[-1.522191,54.829263],[-1.521678,54.829218],[-1.51981,54.829199],[-1.518291,54.829143],[-1.516962,54.829163],[-1.516077,54.829098],[-1.515489,54.829014],[-1.51392,54.828713],[-1.513262,54.828522],[-1.512598,54.828751],[-1.512618,54.829365],[-1.512806,54.829922],[-1.513585,54.831851],[-1.513974,54.832552],[-1.514648,54.833949],[-1.514711,54.834671],[-1.514546,54.834814],[-1.5138,54.835079],[-1.51266,54.835515],[-1.511729,54.835778],[-1.510298,54.836002],[-1.508385,54.836345],[-1.507661,54.836874],[-1.5069,54.836686],[-1.503411,54.837205],[-1.501955,54.837317],[-1.501738,54.836588],[-1.501679,54.836397],[-1.501427,54.835714],[-1.501338,54.835461],[-1.501278,54.835165],[-1.501264,54.83489],[-1.50127,54.834585],[-1.501393,54.834017],[-1.501445,54.833812],[-1.501707,54.833113],[-1.502373,54.831816],[-1.501881,54.830085],[-1.500486,54.828656],[-1.498499,54.826045],[-1.497582,54.824969],[-1.49642,54.823533],[-1.496163,54.823345],[-1.495757,54.82254],[-1.495333,54.822509],[-1.492139,54.823363],[-1.490993,54.822272],[-1.490482,54.82181],[-1.489649,54.821156],[-1.489286,54.820834],[-1.488792,54.820217],[-1.488878,54.819927],[-1.490793,54.818507],[-1.490676,54.817947],[-1.491337,54.817127],[-1.492402,54.816175],[-1.492177,54.815649],[-1.49091,54.815036],[-1.489175,54.814216],[-1.488069,54.813654],[-1.486289,54.812751],[-1.484721,54.812041],[-1.484288,54.812004],[-1.483698,54.811845],[-1.483649,54.811467],[-1.483482,54.811354],[-1.483246,54.811185],[-1.482973,54.810817],[-1.482238,54.810138],[-1.48082,54.80991],[-1.480488,54.809476],[-1.481975,54.808953],[-1.48315,54.80853],[-1.48389,54.808102],[-1.485249,54.807174],[-1.485965,54.806684],[-1.486861,54.806083],[-1.487577,54.80558],[-1.488168,54.80514],[-1.488664,54.804812],[-1.489591,54.804124],[-1.490498,54.803266],[-1.491294,54.802447],[-1.491897,54.801728],[-1.492496,54.801305],[-1.492743,54.800929],[-1.492197,54.800218],[-1.491909,54.799885],[-1.491215,54.799652],[-1.49,54.799422],[-1.488708,54.799178],[-1.48788,54.799212],[-1.486349,54.799331],[-1.484198,54.79955],[-1.482767,54.799464],[-1.481148,54.799012],[-1.480485,54.798939],[-1.48018,54.798955],[-1.479536,54.799147],[-1.478749,54.799556],[-1.477384,54.799815],[-1.476068,54.799959],[-1.473843,54.799852],[-1.470835,54.799839],[-1.468202,54.800066],[-1.466985,54.800147],[-1.464382,54.800525],[-1.461757,54.801006],[-1.458571,54.80158],[-1.456577,54.80135],[-1.455489,54.801085],[-1.454735,54.80034],[-1.45346,54.800424],[-1.453203,54.800077],[-1.452343,54.800005],[-1.450539,54.800282],[-1.450161,54.800197],[-1.448677,54.80053],[-1.447131,54.800804],[-1.445896,54.801113],[-1.445238,54.801297],[-1.444491,54.801576],[-1.443527,54.80193],[-1.441915,54.802104],[-1.441569,54.801956],[-1.440895,54.801776],[-1.440462,54.801703],[-1.439798,54.801651],[-1.439281,54.80161],[-1.4389,54.801521],[-1.439004,54.800981],[-1.439478,54.800101],[-1.43832,54.79972],[-1.435732,54.800137],[-1.435477,54.79946],[-1.434962,54.797925],[-1.434886,54.797383],[-1.434909,54.797086],[-1.435,54.796251],[-1.435077,54.796061],[-1.435205,54.795927],[-1.435575,54.795688],[-1.436108,54.795456],[-1.436518,54.794981],[-1.437238,54.793965],[-1.437825,54.793874],[-1.438208,54.793752],[-1.438715,54.793254],[-1.439276,54.792847],[-1.439687,54.792601],[-1.440499,54.7922],[-1.441032,54.792035],[-1.442735,54.791574],[-1.443865,54.791097],[-1.443954,54.790949],[-1.444187,54.790856],[-1.444254,54.790809],[-1.444374,54.790639],[-1.444621,54.790476],[-1.445018,54.790366],[-1.445289,54.79012],[-1.445321,54.789935],[-1.445376,54.789862],[-1.445686,54.789745],[-1.445915,54.789684],[-1.445969,54.789635],[-1.446014,54.789444],[-1.446417,54.788995],[-1.446662,54.788773],[-1.447091,54.78869],[-1.447242,54.788698],[-1.447473,54.788818],[-1.447692,54.788891],[-1.447914,54.78892],[-1.448083,54.789091],[-1.448464,54.789151],[-1.449118,54.78911],[-1.449372,54.789147],[-1.449683,54.789273],[-1.44988,54.789423],[-1.450015,54.789479],[-1.450878,54.78949],[-1.45098,54.789499],[-1.451069,54.789527],[-1.451426,54.789736],[-1.451574,54.789758],[-1.451861,54.789743],[-1.452363,54.789953],[-1.452563,54.790006],[-1.452972,54.790058],[-1.453287,54.790066],[-1.453729,54.79003],[-1.454325,54.789922],[-1.45444,54.790061],[-1.455326,54.790057],[-1.458001,54.790334],[-1.458338,54.79062],[-1.460658,54.790811],[-1.4625,54.791182],[-1.464193,54.790908],[-1.465228,54.790806],[-1.466296,54.790608],[-1.466841,54.790516],[-1.466934,54.790318],[-1.467352,54.790111],[-1.466979,54.789098],[-1.466353,54.788836],[-1.465807,54.788129],[-1.465942,54.787681],[-1.465949,54.787338],[-1.465978,54.786672],[-1.466168,54.785868],[-1.466516,54.785525],[-1.467071,54.784791],[-1.467291,54.784459],[-1.467596,54.784077],[-1.467735,54.783803],[-1.467751,54.783722],[-1.467814,54.783429],[-1.467891,54.783231],[-1.467262,54.781766],[-1.467823,54.781614],[-1.467876,54.781581],[-1.468172,54.781071],[-1.468425,54.780395],[-1.468651,54.779942],[-1.469028,54.779533],[-1.46944,54.779183],[-1.469728,54.778607],[-1.469382,54.778621],[-1.468055,54.778687],[-1.466273,54.778493],[-1.463835,54.77692],[-1.462466,54.776104],[-1.461801,54.775697],[-1.460062,54.774595],[-1.458543,54.773871],[-1.45693,54.772626],[-1.456163,54.772172],[-1.455391,54.771797],[-1.45331,54.77199],[-1.452802,54.772004],[-1.45242,54.771941],[-1.45116,54.771502],[-1.450931,54.770858],[-1.451067,54.770265],[-1.450454,54.769897],[-1.449883,54.769575],[-1.449074,54.768888],[-1.448366,54.768287],[-1.445772,54.769234],[-1.444818,54.769467],[-1.444451,54.769494],[-1.444036,54.769447],[-1.443632,54.769725],[-1.442877,54.770262],[-1.442736,54.770377],[-1.442298,54.770543],[-1.442027,54.770606],[-1.44125,54.770699],[-1.440504,54.770664],[-1.439772,54.770668],[-1.43879,54.77077],[-1.438474,54.77085],[-1.437728,54.771085],[-1.43711,54.771318],[-1.436706,54.771353],[-1.436384,54.771595],[-1.435871,54.771842],[-1.435559,54.771853],[-1.435384,54.771962],[-1.435258,54.772102],[-1.435129,54.772172],[-1.434914,54.772233],[-1.434668,54.772246],[-1.434221,54.772196],[-1.433733,54.772157],[-1.432476,54.771952],[-1.431978,54.771821],[-1.431379,54.771737],[-1.43065,54.771658],[-1.429769,54.771607],[-1.429239,54.771508],[-1.428302,54.771444],[-1.427206,54.771415],[-1.426602,54.771375],[-1.425097,54.771287],[-1.424836,54.771259],[-1.423994,54.771162],[-1.423099,54.771073],[-1.42193,54.771002],[-1.420833,54.770924],[-1.419642,54.770838],[-1.418847,54.770772],[-1.416984,54.770491],[-1.414471,54.769904],[-1.413513,54.769721],[-1.412397,54.769522],[-1.410406,54.769144],[-1.409715,54.768922],[-1.40878,54.768734],[-1.408351,54.768707],[-1.407347,54.768676],[-1.405863,54.768639],[-1.404987,54.768497],[-1.404359,54.768067],[-1.404423,54.767964],[-1.404541,54.76786],[-1.404857,54.767736],[-1.405673,54.767592],[-1.405833,54.767522],[-1.406157,54.767273],[-1.406427,54.767146],[-1.406643,54.766895],[-1.406782,54.766632],[-1.406725,54.765953],[-1.4066,54.765786],[-1.4063,54.765585],[-1.40586,54.765187],[-1.405823,54.765002],[-1.405899,54.764736],[-1.40619,54.764262],[-1.406169,54.764097],[-1.405948,54.763815],[-1.405857,54.763667],[-1.405848,54.763525],[-1.405946,54.763368],[-1.405973,54.76326],[-1.405744,54.762798],[-1.405569,54.762652],[-1.405117,54.762413],[-1.404372,54.761894],[-1.403585,54.76131],[-1.403166,54.76094],[-1.402945,54.760639],[-1.402241,54.760239],[-1.401939,54.759954],[-1.40179,54.759849],[-1.401909,54.759804],[-1.402246,54.759719],[-1.402741,54.759646],[-1.405566,54.759312],[-1.40533,54.759032],[-1.405213,54.758823],[-1.406414,54.758552],[-1.406909,54.758488],[-1.407143,54.758447],[-1.407648,54.758291],[-1.408146,54.758161],[-1.409024,54.757659],[-1.409355,54.757354],[-1.409573,54.757078],[-1.409846,54.756692],[-1.409782,54.756597],[-1.409597,54.75653],[-1.409651,54.756009],[-1.409471,54.755421],[-1.409421,54.754502],[-1.409528,54.753899],[-1.410026,54.753258],[-1.411926,54.75225],[-1.412336,54.752217],[-1.412819,54.752378],[-1.413548,54.752474],[-1.414222,54.752497],[-1.414148,54.752192],[-1.414167,54.752066],[-1.414225,54.751949],[-1.414409,54.751792],[-1.414844,54.751708],[-1.41854,54.753185],[-1.419639,54.753526],[-1.421119,54.753733],[-1.422925,54.75402],[-1.423775,54.754149],[-1.425049,54.754315],[-1.426278,54.754384],[-1.426416,54.754388],[-1.427267,54.754479],[-1.427826,54.754495],[-1.428312,54.754535],[-1.428747,54.754643],[-1.429486,54.754756],[-1.429651,54.754788],[-1.429923,54.754856],[-1.43024,54.75499],[-1.430702,54.755315],[-1.430933,54.755468],[-1.431057,54.755632],[-1.43116,54.755844],[-1.431353,54.755841],[-1.431716,54.755922],[-1.432389,54.756143],[-1.432595,54.756183],[-1.432995,54.756171],[-1.433717,54.756158],[-1.434507,54.756228],[-1.435565,54.755948],[-1.435542,54.755861],[-1.435726,54.75573],[-1.435977,54.755681],[-1.43607,54.755651],[-1.436189,54.755557],[-1.436255,54.755523],[-1.436404,54.755476],[-1.436477,54.755462],[-1.436544,54.755454],[-1.436854,54.755415],[-1.437169,54.755339],[-1.437397,54.755285],[-1.438193,54.755107],[-1.43894,54.754921],[-1.439582,54.754719],[-1.439993,54.754566],[-1.440361,54.754368],[-1.441021,54.754142],[-1.441845,54.753768],[-1.442101,54.753613],[-1.442303,54.753339],[-1.442401,54.753263],[-1.442801,54.753054],[-1.44293,54.753091],[-1.443215,54.752937],[-1.443574,54.752487],[-1.443838,54.752249],[-1.444008,54.752122],[-1.44444,54.75196],[-1.444684,54.751856],[-1.445013,54.751645],[-1.445219,54.751445],[-1.445292,54.751363],[-1.445374,54.751267],[-1.445495,54.751101],[-1.445798,54.750639],[-1.445912,54.750451],[-1.446052,54.750318],[-1.446298,54.750183],[-1.446905,54.749783],[-1.447254,54.749611],[-1.447676,54.749487],[-1.448401,54.749291],[-1.448702,54.74921],[-1.449416,54.749039],[-1.449745,54.748961],[-1.450526,54.748684],[-1.451535,54.748309],[-1.452279,54.747842],[-1.452958,54.747632],[-1.453463,54.747459],[-1.454264,54.747415],[-1.454529,54.747336],[-1.454592,54.747305],[-1.454762,54.747141],[-1.454943,54.746932],[-1.455715,54.746312],[-1.456232,54.745753],[-1.456846,54.745161],[-1.457194,54.744749],[-1.457392,54.744414],[-1.457839,54.743103],[-1.457839,54.742564],[-1.457546,54.741567],[-1.457417,54.74104],[-1.457363,54.740718],[-1.457197,54.739888],[-1.456872,54.739179],[-1.457559,54.738716],[-1.458015,54.738602],[-1.45891,54.738414],[-1.459594,54.738239],[-1.459932,54.73818],[-1.461031,54.738047],[-1.461499,54.737961],[-1.462682,54.737663],[-1.462926,54.737597],[-1.463847,54.737349],[-1.462533,54.735795],[-1.46109,54.734322],[-1.460866,54.734216],[-1.45877,54.7337],[-1.457261,54.73348],[-1.453443,54.732995],[-1.451697,54.732847],[-1.45133,54.73288],[-1.451025,54.732943],[-1.449124,54.733508],[-1.446819,54.734049],[-1.445569,54.734278],[-1.445593,54.734112],[-1.445147,54.733689],[-1.444158,54.733051],[-1.443545,54.732905],[-1.44279,54.732835],[-1.440086,54.732774],[-1.439501,54.732721],[-1.438587,54.732429],[-1.43682,54.732234],[-1.436232,54.732225],[-1.435663,54.732618],[-1.434746,54.732739],[-1.43411,54.732722],[-1.433668,54.73266],[-1.432429,54.732936],[-1.431564,54.732645],[-1.431275,54.732569],[-1.430665,54.732465],[-1.430167,54.732534],[-1.429645,54.732549],[-1.429315,54.732512],[-1.428593,54.731488],[-1.428456,54.731055],[-1.427974,54.729889],[-1.427722,54.72892],[-1.427556,54.728188],[-1.427355,54.727737],[-1.427305,54.727213],[-1.427281,54.726434],[-1.427297,54.725342],[-1.427291,54.7245],[-1.427251,54.723027],[-1.427247,54.721994],[-1.427248,54.720872],[-1.427869,54.719529],[-1.428181,54.719447],[-1.429493,54.719127],[-1.430319,54.718966],[-1.430342,54.71861],[-1.430425,54.717942],[-1.4312,54.71831],[-1.431535,54.718383],[-1.431899,54.718375],[-1.433596,54.71711],[-1.433524,54.716239],[-1.433385,54.715842],[-1.43331,54.71534],[-1.434529,54.714861],[-1.436971,54.714507],[-1.437481,54.714435],[-1.437777,54.714201],[-1.438114,54.713867],[-1.438045,54.71363],[-1.437679,54.713188],[-1.437478,54.712787],[-1.437551,54.712295],[-1.437654,54.712088],[-1.437933,54.711788],[-1.438307,54.711558],[-1.440018,54.710928],[-1.441095,54.710649],[-1.442169,54.710499],[-1.443322,54.710474],[-1.446245,54.710411],[-1.446366,54.710396],[-1.447499,54.710226],[-1.448546,54.709936],[-1.449161,54.70972],[-1.450171,54.709554],[-1.45244,54.709306],[-1.452443,54.708902],[-1.451723,54.707177],[-1.450515,54.707236],[-1.449186,54.707391],[-1.448944,54.706674],[-1.448551,54.705425],[-1.448163,54.70436],[-1.447963,54.702805],[-1.447697,54.701455],[-1.447487,54.700746],[-1.447516,54.700544],[-1.447304,54.699777],[-1.447695,54.69863],[-1.449079,54.698444],[-1.449797,54.69836],[-1.450911,54.698401],[-1.451718,54.698368],[-1.452291,54.698318],[-1.453216,54.698085],[-1.453515,54.698028],[-1.454918,54.697897],[-1.455346,54.697844],[-1.456435,54.697762],[-1.457271,54.697688],[-1.458181,54.697447],[-1.458517,54.697395],[-1.45979,54.697405],[-1.460995,54.69744],[-1.462599,54.697473],[-1.462986,54.69747],[-1.464135,54.697476],[-1.465248,54.697569],[-1.467571,54.697931],[-1.469826,54.698373],[-1.471408,54.698856],[-1.471968,54.699058],[-1.474167,54.699683],[-1.476019,54.700021],[-1.477112,54.700377],[-1.477432,54.700517],[-1.479879,54.701652],[-1.481969,54.702885],[-1.482412,54.703098],[-1.484179,54.703728],[-1.484882,54.703979],[-1.485447,54.704222],[-1.4874,54.705253],[-1.487602,54.705371],[-1.48849,54.705948],[-1.489605,54.706601],[-1.490537,54.707036],[-1.49115,54.707326],[-1.491822,54.707558],[-1.492065,54.707863],[-1.492538,54.708062],[-1.493086,54.707999],[-1.49418,54.707776],[-1.494735,54.707712],[-1.496374,54.707719],[-1.496922,54.70775],[-1.497139,54.707793],[-1.497545,54.707916],[-1.497731,54.707937],[-1.497872,54.707931],[-1.498201,54.707839],[-1.498591,54.707787],[-1.498669,54.707818],[-1.498696,54.707878],[-1.498545,54.708108],[-1.498392,54.708282],[-1.498481,54.708362],[-1.498939,54.708175],[-1.499813,54.707831],[-1.500244,54.707686],[-1.500563,54.707646],[-1.501548,54.707443],[-1.502773,54.707779],[-1.503937,54.708021],[-1.504841,54.708057],[-1.506124,54.708172],[-1.506451,54.708177],[-1.507476,54.708156],[-1.507961,54.708128],[-1.508336,54.708053],[-1.508864,54.707808],[-1.509004,54.707725],[-1.509357,54.707615],[-1.509621,54.707641],[-1.509863,54.707633],[-1.509964,54.707559],[-1.509802,54.70722],[-1.509887,54.707078],[-1.510015,54.707023],[-1.510298,54.706995],[-1.510458,54.706994],[-1.510871,54.707026],[-1.511282,54.707021],[-1.511519,54.706946],[-1.511934,54.706742],[-1.512071,54.706724],[-1.512197,54.706784],[-1.512238,54.706892],[-1.512213,54.706993],[-1.512487,54.707059],[-1.513067,54.707258],[-1.513494,54.707406],[-1.513905,54.707509],[-1.514115,54.707517],[-1.514246,54.707544],[-1.514476,54.707671],[-1.51471,54.707595],[-1.514691,54.707549],[-1.514575,54.70745],[-1.514623,54.707389],[-1.514705,54.707366],[-1.514944,54.707465],[-1.514955,54.707478],[-1.515021,54.707588],[-1.51517,54.707629],[-1.515493,54.707571],[-1.516095,54.707469],[-1.516459,54.707451],[-1.516683,54.707468],[-1.516752,54.707421],[-1.517047,54.707237],[-1.517317,54.70723],[-1.517502,54.707327],[-1.517517,54.70739],[-1.51725,54.707517],[-1.517188,54.707589],[-1.517291,54.707659],[-1.517397,54.707667],[-1.517555,54.707623],[-1.517626,54.707639],[-1.517639,54.707679],[-1.517621,54.70778],[-1.517724,54.707836],[-1.51783,54.707839],[-1.518052,54.70779],[-1.518094,54.707809],[-1.518198,54.708104],[-1.518298,54.708156],[-1.518348,54.708155],[-1.518564,54.708123],[-1.518698,54.708189],[-1.519157,54.708511],[-1.519497,54.708773],[-1.519702,54.708913],[-1.51995,54.708794],[-1.520452,54.70896],[-1.517735,54.710885],[-1.516884,54.711455],[-1.516666,54.711883],[-1.516603,54.712009],[-1.516551,54.712292],[-1.516587,54.712487],[-1.516826,54.71292],[-1.517167,54.713327],[-1.517615,54.713638],[-1.518881,54.714108],[-1.519352,54.714181],[-1.520547,54.714184],[-1.523575,54.714009],[-1.526359,54.713867],[-1.527397,54.713896],[-1.5275,54.713704],[-1.528573,54.713063],[-1.529098,54.712848],[-1.529259,54.712849],[-1.529797,54.712942],[-1.530303,54.712937],[-1.531177,54.713325],[-1.531926,54.713528],[-1.532248,54.713512],[-1.532623,54.71334],[-1.532636,54.713098],[-1.532324,54.712873],[-1.532426,54.712227],[-1.53272,54.711975],[-1.533225,54.711806],[-1.533644,54.711706],[-1.534146,54.711095],[-1.534449,54.710727],[-1.534391,54.710648],[-1.534259,54.710584],[-1.534091,54.710203],[-1.533758,54.709869],[-1.533346,54.709394],[-1.533938,54.709387],[-1.534924,54.709107],[-1.535085,54.70906],[-1.535272,54.709007],[-1.536131,54.708779],[-1.537092,54.70855],[-1.537344,54.70849],[-1.537525,54.708447],[-1.538732,54.708204],[-1.54301,54.70757],[-1.545367,54.707159],[-1.546219,54.707037],[-1.547663,54.706978],[-1.547859,54.706957],[-1.548344,54.706831],[-1.549046,54.706796],[-1.550601,54.706617],[-1.551025,54.706585],[-1.552088,54.706358],[-1.554029,54.706016],[-1.55563,54.705758],[-1.55841,54.705531],[-1.561767,54.70542],[-1.563875,54.705424],[-1.564646,54.705363],[-1.565087,54.706787],[-1.565457,54.707999],[-1.56595,54.709033],[-1.566459,54.709763],[-1.567968,54.712221],[-1.568194,54.712578],[-1.568638,54.713393],[-1.569152,54.714214],[-1.569259,54.714376],[-1.569963,54.714827],[-1.571543,54.716608],[-1.571967,54.717154],[-1.573012,54.71857],[-1.57387,54.719301],[-1.575132,54.71884],[-1.576174,54.718476],[-1.578006,54.717462],[-1.580108,54.718074],[-1.580079,54.718416],[-1.580256,54.719088],[-1.580551,54.719504],[-1.581235,54.72017],[-1.581634,54.720756],[-1.581938,54.720939],[-1.582253,54.721273],[-1.583079,54.721466],[-1.583873,54.721824],[-1.584718,54.722244],[-1.585492,54.722207],[-1.586275,54.722211],[-1.587253,54.722634],[-1.587558,54.723334],[-1.587959,54.723507],[-1.588631,54.723663],[-1.589127,54.723812],[-1.589571,54.724138],[-1.58929,54.724474],[-1.589414,54.724658],[-1.589894,54.724941],[-1.589914,54.725167],[-1.590158,54.725434],[-1.590201,54.725501],[-1.590351,54.72559],[-1.590505,54.725732],[-1.590518,54.725802],[-1.590551,54.725873],[-1.590956,54.726052],[-1.591025,54.726157],[-1.591188,54.726193],[-1.59136,54.726176],[-1.591342,54.726262],[-1.591419,54.726387],[-1.592428,54.726473],[-1.592667,54.726457],[-1.593481,54.726476],[-1.594459,54.726647],[-1.594494,54.726645],[-1.594855,54.726651],[-1.594951,54.726777],[-1.595233,54.726964],[-1.595509,54.726943],[-1.595636,54.726921],[-1.595921,54.72694],[-1.596158,54.726944],[-1.596524,54.72711],[-1.596555,54.727174],[-1.596886,54.727219],[-1.597036,54.727512],[-1.596824,54.727643],[-1.596201,54.728128],[-1.595286,54.728901],[-1.594254,54.72961],[-1.594477,54.729888],[-1.594467,54.730104],[-1.597002,54.730649],[-1.597745,54.730735],[-1.598356,54.730764],[-1.599753,54.730499],[-1.602926,54.729185],[-1.604752,54.728444],[-1.606784,54.72775],[-1.609473,54.726798],[-1.610511,54.726464],[-1.612105,54.726021],[-1.613063,54.725803],[-1.613455,54.725736],[-1.613767,54.725653],[-1.614548,54.725318],[-1.614804,54.725175],[-1.615214,54.724887],[-1.616273,54.724535],[-1.617661,54.723348],[-1.618526,54.722692],[-1.619004,54.722381],[-1.619608,54.722106],[-1.619763,54.721798],[-1.62052,54.721561],[-1.621502,54.721119],[-1.621861,54.720912],[-1.622088,54.72073],[-1.622537,54.720309],[-1.622884,54.719869],[-1.623029,54.719568],[-1.623087,54.719139],[-1.622853,54.718367],[-1.622908,54.718153],[-1.623018,54.718012],[-1.623211,54.717858],[-1.62433,54.717307],[-1.624593,54.717246],[-1.625178,54.717168],[-1.625449,54.717173],[-1.626088,54.717186],[-1.626621,54.717133],[-1.627226,54.716972],[-1.629453,54.716047],[-1.631083,54.715191],[-1.631623,54.715712],[-1.631758,54.715741],[-1.632394,54.71553],[-1.633122,54.715257],[-1.633346,54.715216],[-1.634288,54.715064],[-1.635704,54.714732],[-1.636164,54.714677],[-1.637258,54.715042],[-1.638199,54.715905],[-1.638679,54.716458],[-1.64006,54.718272],[-1.640573,54.718993],[-1.640761,54.719541],[-1.64084,54.719749],[-1.640837,54.719894],[-1.640892,54.720007],[-1.640872,54.720487],[-1.640949,54.720601],[-1.641168,54.720753],[-1.641804,54.721128],[-1.643069,54.722152],[-1.643399,54.722411],[-1.644634,54.723449],[-1.645204,54.723891],[-1.647038,54.725373],[-1.647261,54.725558],[-1.647449,54.72578],[-1.647698,54.726346],[-1.647964,54.726843],[-1.649014,54.727966],[-1.649986,54.728878],[-1.650655,54.729568],[-1.651348,54.73008],[-1.65194,54.730283],[-1.6525,54.730311],[-1.653354,54.730341],[-1.654401,54.730352],[-1.655002,54.730315],[-1.655393,54.730266],[-1.655839,54.730268],[-1.656119,54.73027],[-1.656257,54.730263],[-1.656431,54.730296],[-1.656517,54.730364],[-1.656456,54.730607],[-1.656261,54.730962],[-1.656042,54.731604],[-1.655996,54.731841],[-1.6559,54.732275],[-1.655761,54.732683],[-1.655617,54.732946],[-1.655542,54.733307],[-1.655609,54.733389],[-1.655766,54.7335],[-1.655853,54.733752],[-1.655823,54.733892],[-1.65619,54.734007],[-1.656714,54.734135],[-1.657301,54.734403],[-1.657756,54.734618],[-1.658054,54.734732],[-1.65841,54.734909],[-1.658641,54.735075],[-1.658793,54.735237],[-1.658944,54.735375],[-1.659166,54.735465],[-1.659374,54.735668],[-1.659626,54.735759],[-1.6598,54.73581],[-1.659872,54.735952],[-1.659838,54.736067],[-1.659885,54.736158],[-1.660134,54.736336],[-1.660558,54.736602],[-1.660647,54.736658],[-1.661315,54.737192],[-1.661416,54.737236],[-1.661591,54.737259],[-1.661832,54.737427],[-1.662269,54.737565],[-1.662495,54.737825],[-1.662758,54.73797],[-1.662818,54.738019],[-1.662853,54.738112],[-1.662839,54.738281],[-1.663003,54.73834],[-1.663668,54.738432],[-1.663894,54.738449],[-1.664074,54.738515],[-1.664034,54.738712],[-1.66399,54.738877],[-1.664076,54.738928],[-1.664274,54.738935],[-1.665115,54.738797],[-1.66526,54.738782],[-1.665359,54.738789],[-1.665546,54.738868],[-1.665764,54.738974],[-1.666003,54.739003],[-1.666433,54.738978],[-1.667029,54.739047],[-1.667619,54.739168],[-1.668188,54.739065],[-1.668299,54.739042],[-1.668521,54.739063],[-1.668755,54.739218],[-1.669168,54.739392],[-1.669345,54.739393],[-1.669455,54.73936],[-1.669535,54.739304],[-1.669556,54.739209],[-1.669844,54.739168],[-1.670389,54.739335],[-1.670508,54.739445],[-1.670489,54.73952],[-1.670429,54.739645],[-1.670669,54.739676],[-1.670953,54.739582],[-1.671206,54.739335],[-1.671308,54.739262],[-1.671787,54.739326],[-1.671942,54.739359],[-1.672118,54.739365],[-1.672252,54.739315],[-1.672367,54.739095],[-1.672671,54.738753],[-1.672846,54.738673],[-1.672894,54.738703],[-1.672946,54.73879],[-1.673177,54.738904],[-1.673482,54.738931],[-1.673645,54.738911],[-1.673769,54.738849],[-1.673841,54.738749],[-1.674061,54.738939],[-1.674059,54.739042],[-1.673961,54.739261],[-1.674255,54.739366],[-1.674464,54.739347],[-1.674685,54.739206],[-1.674781,54.738887],[-1.674849,54.738825],[-1.674933,54.73879],[-1.675369,54.738817],[-1.675618,54.738844],[-1.675952,54.738745],[-1.676059,54.738676],[-1.676235,54.738836],[-1.676361,54.738859],[-1.676527,54.738744],[-1.676624,54.738569],[-1.676565,54.738451],[-1.676618,54.738392],[-1.676664,54.738372],[-1.676898,54.738333],[-1.677218,54.738287],[-1.67792,54.738338],[-1.678003,54.738327],[-1.678104,54.738255],[-1.678588,54.737862],[-1.679009,54.737794],[-1.679354,54.737775],[-1.679439,54.737795],[-1.679568,54.737853],[-1.679769,54.737744],[-1.679927,54.737716],[-1.680282,54.737787],[-1.680671,54.737985],[-1.68072,54.73806],[-1.680733,54.738179],[-1.680852,54.738196],[-1.681289,54.73809],[-1.681448,54.73804],[-1.681667,54.737781],[-1.681784,54.737619],[-1.681913,54.737569],[-1.682102,54.737568],[-1.682529,54.737512],[-1.683267,54.737444],[-1.683614,54.737471],[-1.684215,54.737396],[-1.68457,54.737294],[-1.684754,54.737266],[-1.685312,54.737186],[-1.685829,54.737159],[-1.686009,54.737141],[-1.686029,54.737103],[-1.686127,54.737086],[-1.68624,54.737103],[-1.686464,54.737168],[-1.686574,54.737135],[-1.6866,54.737107],[-1.686506,54.736874],[-1.686456,54.736707],[-1.686507,54.736689],[-1.686607,54.736682],[-1.686865,54.736589],[-1.687383,54.736383],[-1.688125,54.736349],[-1.688613,54.736344],[-1.688885,54.736295],[-1.689171,54.736176],[-1.689583,54.736202],[-1.689727,54.736194],[-1.689787,54.736205],[-1.690176,54.736321],[-1.690435,54.736361],[-1.690851,54.736582],[-1.691137,54.736544],[-1.691374,54.736395],[-1.691495,54.7364],[-1.691683,54.736405],[-1.691677,54.736246],[-1.691837,54.736199],[-1.69218,54.736301],[-1.692453,54.736458],[-1.692888,54.736547],[-1.693124,54.736572],[-1.693245,54.73652],[-1.693268,54.73646],[-1.693094,54.736399],[-1.693128,54.736321],[-1.693257,54.736325],[-1.693465,54.736295],[-1.69354,54.736275],[-1.693697,54.73624],[-1.693829,54.736342],[-1.694109,54.736423],[-1.694333,54.736479],[-1.694396,54.736479],[-1.694542,54.73638],[-1.694606,54.736378],[-1.694637,54.736393],[-1.694615,54.736468],[-1.694772,54.736549],[-1.694925,54.736554],[-1.695294,54.736665],[-1.695381,54.736757],[-1.695699,54.736707],[-1.695758,54.736712],[-1.695859,54.736819],[-1.696025,54.736766],[-1.696491,54.736716],[-1.696669,54.736666],[-1.696697,54.736766],[-1.69662,54.736824],[-1.696691,54.736871],[-1.697002,54.73694],[-1.69703,54.736976],[-1.69741,54.736884],[-1.697869,54.736805],[-1.698989,54.736584],[-1.699776,54.736102],[-1.700314,54.735845],[-1.701115,54.735464],[-1.701748,54.73515],[-1.703816,54.734404],[-1.704787,54.734051],[-1.705012,54.733989],[-1.705715,54.73393],[-1.706265,54.733929],[-1.707556,54.733782],[-1.707755,54.733802],[-1.709129,54.734139],[-1.710056,54.734381],[-1.710336,54.734508],[-1.710893,54.734576],[-1.712422,54.734592],[-1.713114,54.73452],[-1.714328,54.734507],[-1.715749,54.734502],[-1.71638,54.734682],[-1.716959,54.734718],[-1.718714,54.734242],[-1.721337,54.733671],[-1.721804,54.73265],[-1.722064,54.732236],[-1.7231,54.731341],[-1.724306,54.730463],[-1.725804,54.730074],[-1.726247,54.730045],[-1.726471,54.730033],[-1.726725,54.729957],[-1.726898,54.729931],[-1.727171,54.729933],[-1.727739,54.730055],[-1.728917,54.730258],[-1.72917,54.730309],[-1.729929,54.730612],[-1.73042,54.730779],[-1.731017,54.730909],[-1.731577,54.730901],[-1.73325,54.731015],[-1.73386,54.731788],[-1.734672,54.732991],[-1.734945,54.733412],[-1.735175,54.7338],[-1.735327,54.734063],[-1.735431,54.73427],[-1.735661,54.734753],[-1.735985,54.735526],[-1.736749,54.737172],[-1.7373,54.738483],[-1.737583,54.73915],[-1.738092,54.740454],[-1.738251,54.741318],[-1.738579,54.742244],[-1.737154,54.743469],[-1.735675,54.744059],[-1.734985,54.744315],[-1.732212,54.745204],[-1.73139,54.745553],[-1.732029,54.746533],[-1.732139,54.746891],[-1.732143,54.747145],[-1.732188,54.747672],[-1.732246,54.747833],[-1.732375,54.747933],[-1.73255,54.748163],[-1.732294,54.748338],[-1.731908,54.748445],[-1.731667,54.748564],[-1.731551,54.748904],[-1.731433,54.749102],[-1.731334,54.749177],[-1.731314,54.749214],[-1.731166,54.749255],[-1.730549,54.749284],[-1.730424,54.749354],[-1.730535,54.749476],[-1.730447,54.749702],[-1.730244,54.749785],[-1.730142,54.749689],[-1.730082,54.749641],[-1.730017,54.749627],[-1.729858,54.749642],[-1.729588,54.749849],[-1.729536,54.750105],[-1.729434,54.750283],[-1.729133,54.750483],[-1.728905,54.750604],[-1.728784,54.750656],[-1.728745,54.750736],[-1.728795,54.750941],[-1.728747,54.751067],[-1.728488,54.751302],[-1.728378,54.751443],[-1.72848,54.751518],[-1.728519,54.751663],[-1.728519,54.751764],[-1.728641,54.751879],[-1.728738,54.752173],[-1.728499,54.753023],[-1.728331,54.753161],[-1.728505,54.753754],[-1.728413,54.753994],[-1.728217,54.754111],[-1.728019,54.754263],[-1.728115,54.754475],[-1.728013,54.754639],[-1.727889,54.754739],[-1.728026,54.754984],[-1.72806,54.755055],[-1.728028,54.755147],[-1.727586,54.755477],[-1.727384,54.755554],[-1.727152,54.755654],[-1.727172,54.755694],[-1.727195,54.755737],[-1.72706,54.75595],[-1.726961,54.756118],[-1.726925,54.756262],[-1.727014,54.756412],[-1.727241,54.756536],[-1.727291,54.756625],[-1.72714,54.756694],[-1.726822,54.756801],[-1.726776,54.757048],[-1.726743,54.75721],[-1.726697,54.757266],[-1.726435,54.757471],[-1.726315,54.757688],[-1.726288,54.757731],[-1.726096,54.757792],[-1.726069,54.757887],[-1.726266,54.758081],[-1.726699,54.758179],[-1.727053,54.75817],[-1.727265,54.758181],[-1.727368,54.758156],[-1.727461,54.758035],[-1.727557,54.757945],[-1.728033,54.757705],[-1.728157,54.757645],[-1.728355,54.757605],[-1.728472,54.757619],[-1.728736,54.757687],[-1.728974,54.757946],[-1.729147,54.757924],[-1.729461,54.757917],[-1.729745,54.75808],[-1.729837,54.758116],[-1.730097,54.758109],[-1.730399,54.758054],[-1.730469,54.758008],[-1.730582,54.757916],[-1.73068,54.757804],[-1.730723,54.757766],[-1.730869,54.757697],[-1.730917,54.757687],[-1.731141,54.757723],[-1.731322,54.757822],[-1.731455,54.757893],[-1.731619,54.757955],[-1.731916,54.758038],[-1.732115,54.758001],[-1.732287,54.757956],[-1.73234,54.75798],[-1.732676,54.758174],[-1.732906,54.758135],[-1.733056,54.758151],[-1.733235,54.758159],[-1.733394,54.758243],[-1.733584,54.758373],[-1.734041,54.758403],[-1.734104,54.758408],[-1.734215,54.758407],[-1.734433,54.758389],[-1.734596,54.758387],[-1.734783,54.758368],[-1.73485,54.758455],[-1.734957,54.758518],[-1.735367,54.758399],[-1.735586,54.758427],[-1.735869,54.758253],[-1.736008,54.758252],[-1.736356,54.758326],[-1.736494,54.758347],[-1.736647,54.758438],[-1.736658,54.758535],[-1.736804,54.758625],[-1.737004,54.758684],[-1.737632,54.758667],[-1.738834,54.759015],[-1.739302,54.759146],[-1.739385,54.759243],[-1.739487,54.759246],[-1.739666,54.759088],[-1.739793,54.758981],[-1.739898,54.758971],[-1.739965,54.759022],[-1.740308,54.759043],[-1.740513,54.759124],[-1.740767,54.759151],[-1.741313,54.759299],[-1.741454,54.759413],[-1.741652,54.759351],[-1.741731,54.759353],[-1.742038,54.7594],[-1.742224,54.759328],[-1.742381,54.759299],[-1.742863,54.759326],[-1.743266,54.759421],[-1.743356,54.759484],[-1.743716,54.759987],[-1.743782,54.760234],[-1.743908,54.760597],[-1.744002,54.760883],[-1.744075,54.760977],[-1.744204,54.761553],[-1.744414,54.762243],[-1.744461,54.762406],[-1.744729,54.762854],[-1.744734,54.763767],[-1.746101,54.764904],[-1.747134,54.765272],[-1.747578,54.765461],[-1.748563,54.76608],[-1.749154,54.766293],[-1.75074,54.766809],[-1.752222,54.767228],[-1.753491,54.767574],[-1.753636,54.767781],[-1.752275,54.767769],[-1.751241,54.767839],[-1.74832,54.768247],[-1.746449,54.768585],[-1.74529,54.768887],[-1.744261,54.769206],[-1.742652,54.769692],[-1.74213,54.769884],[-1.741212,54.770073],[-1.740474,54.7704],[-1.739624,54.770665],[-1.738137,54.771023],[-1.737044,54.771394],[-1.736933,54.771818],[-1.736401,54.772018],[-1.735223,54.772681],[-1.732665,54.773202],[-1.732198,54.773279],[-1.731765,54.773304],[-1.731487,54.773284],[-1.730606,54.77326],[-1.72935,54.773171],[-1.728915,54.773102],[-1.728153,54.77289],[-1.727667,54.772805],[-1.726914,54.77257],[-1.726207,54.772465],[-1.725827,54.77244],[-1.724744,54.772725],[-1.724393,54.772843],[-1.724124,54.772886],[-1.723637,54.77287],[-1.723498,54.772912],[-1.723246,54.772916],[-1.722592,54.773106],[-1.721054,54.773396],[-1.720139,54.773556],[-1.719927,54.77366],[-1.719605,54.773839],[-1.719378,54.773891],[-1.719274,54.773935],[-1.719145,54.774102],[-1.719026,54.774174],[-1.718751,54.774276],[-1.718502,54.774471],[-1.718205,54.774655],[-1.718003,54.774729],[-1.717808,54.774739],[-1.71748,54.774757],[-1.717274,54.774823],[-1.717001,54.774836],[-1.716762,54.774762],[-1.716592,54.774766],[-1.716328,54.774857],[-1.716035,54.774884],[-1.715746,54.774854],[-1.715632,54.774865],[-1.715479,54.774943],[-1.715365,54.774975],[-1.715062,54.774973],[-1.714953,54.774969],[-1.714811,54.774932],[-1.714759,54.774893],[-1.714062,54.774679],[-1.713732,54.774689],[-1.713672,54.774744],[-1.713479,54.774769],[-1.713368,54.774679],[-1.712995,54.774581],[-1.712721,54.774557],[-1.712649,54.774559],[-1.71248,54.774587],[-1.712388,54.77459],[-1.712163,54.774537],[-1.712038,54.77455],[-1.712018,54.774557],[-1.711942,54.774593],[-1.711685,54.77461],[-1.711568,54.774578],[-1.711472,54.774451],[-1.711193,54.774322],[-1.711097,54.774307],[-1.710524,54.774405],[-1.710208,54.774578],[-1.710013,54.774504],[-1.709855,54.774479],[-1.709726,54.774515],[-1.709549,54.774646],[-1.709414,54.774779],[-1.709384,54.774834],[-1.709287,54.774869],[-1.709135,54.774847],[-1.708964,54.774818],[-1.708867,54.774785],[-1.708793,54.774705],[-1.708771,54.774649],[-1.708803,54.774625],[-1.708911,54.774576],[-1.708844,54.774528],[-1.7086,54.774442],[-1.708338,54.774386],[-1.708086,54.774336],[-1.707944,54.774299],[-1.707751,54.774266],[-1.707454,54.774268],[-1.70726,54.774154],[-1.707116,54.774101],[-1.706986,54.774081],[-1.706577,54.774062],[-1.706346,54.774012],[-1.706221,54.773999],[-1.706119,54.774],[-1.705988,54.774008],[-1.70573,54.774079],[-1.70551,54.774176],[-1.705293,54.774236],[-1.704794,54.774296],[-1.704502,54.774272],[-1.704319,54.774222],[-1.704106,54.774122],[-1.703922,54.774063],[-1.703673,54.773995],[-1.703474,54.773831],[-1.703402,54.773643],[-1.703316,54.773548],[-1.703057,54.773465],[-1.702914,54.773405],[-1.702778,54.773306],[-1.702705,54.77319],[-1.70269,54.773181],[-1.702641,54.773169],[-1.702377,54.773154],[-1.701951,54.773122],[-1.701881,54.773113],[-1.701713,54.773091],[-1.701559,54.773067],[-1.701455,54.773035],[-1.70135,54.772983],[-1.701091,54.772898],[-1.700896,54.77284],[-1.700657,54.772808],[-1.70055,54.772888],[-1.700444,54.772972],[-1.700385,54.773003],[-1.699917,54.773069],[-1.699764,54.773106],[-1.698954,54.773268],[-1.698653,54.773282],[-1.698511,54.773335],[-1.698434,54.773537],[-1.698157,54.773565],[-1.697558,54.773631],[-1.696665,54.773834],[-1.696317,54.773858],[-1.69622,54.773995],[-1.6961,54.77427],[-1.696004,54.774439],[-1.695936,54.774501],[-1.695824,54.774595],[-1.695692,54.774656],[-1.695514,54.774695],[-1.695386,54.774735],[-1.69522,54.774754],[-1.694939,54.774621],[-1.694719,54.774617],[-1.694618,54.77464],[-1.694563,54.774658],[-1.694477,54.774712],[-1.694418,54.774819],[-1.694418,54.77484],[-1.694428,54.775027],[-1.694418,54.775093],[-1.694371,54.77518],[-1.694232,54.775314],[-1.693971,54.775433],[-1.693861,54.775427],[-1.693796,54.77544],[-1.69375,54.775459],[-1.693582,54.775473],[-1.693486,54.775397],[-1.693374,54.775265],[-1.693157,54.7752],[-1.693085,54.775192],[-1.692705,54.775217],[-1.692459,54.775272],[-1.692305,54.77528],[-1.691704,54.775225],[-1.691524,54.77502],[-1.691474,54.774988],[-1.691335,54.774955],[-1.691266,54.774955],[-1.689382,54.775969],[-1.688533,54.77639],[-1.687249,54.777096],[-1.687054,54.777203],[-1.686954,54.777258],[-1.684168,54.778597],[-1.683466,54.778695],[-1.682344,54.778986],[-1.680374,54.779411],[-1.679915,54.779543],[-1.678651,54.779992],[-1.677845,54.780235],[-1.6774,54.780345],[-1.675861,54.780649],[-1.67481,54.781061],[-1.674963,54.781491],[-1.673476,54.781252],[-1.672252,54.781419],[-1.67118,54.781562],[-1.670423,54.781678],[-1.669587,54.781771],[-1.669027,54.781793],[-1.668282,54.781764],[-1.667058,54.783712],[-1.666044,54.78582],[-1.66402,54.785497],[-1.662454,54.785464],[-1.661757,54.78545],[-1.66105,54.78537],[-1.660729,54.785305],[-1.660362,54.78523],[-1.656794,54.784526],[-1.6531,54.783989],[-1.649689,54.783527],[-1.646794,54.78313],[-1.646441,54.783592],[-1.647011,54.78436],[-1.646366,54.785525],[-1.646638,54.786092],[-1.64742,54.786498],[-1.648513,54.786995],[-1.649667,54.787381],[-1.651138,54.78833],[-1.65242,54.789303],[-1.653359,54.790232],[-1.65398,54.791006],[-1.655739,54.792888],[-1.656149,54.792989],[-1.657691,54.793174],[-1.658733,54.793233],[-1.659051,54.793582],[-1.65947,54.794031],[-1.659763,54.794447],[-1.659872,54.79468],[-1.65992,54.79484],[-1.660057,54.795187],[-1.660258,54.795556],[-1.660365,54.795696],[-1.660604,54.795938],[-1.661262,54.796386],[-1.661604,54.796607],[-1.66196,54.796894],[-1.662108,54.797045],[-1.66228,54.797282],[-1.662322,54.797356],[-1.662368,54.797457],[-1.662415,54.797585],[-1.662458,54.797785],[-1.662525,54.79794],[-1.662598,54.798103],[-1.662657,54.798216],[-1.662734,54.798352],[-1.662815,54.798498],[-1.662922,54.79873],[-1.663033,54.798891],[-1.663077,54.798942],[-1.663172,54.799036],[-1.663227,54.799085],[-1.663368,54.799212],[-1.663546,54.799379],[-1.663712,54.799549],[-1.664037,54.799882],[-1.664156,54.799957],[-1.664445,54.800098],[-1.664497,54.800215],[-1.664659,54.800904],[-1.664665,54.801041],[-1.664538,54.801246],[-1.663777,54.80131],[-1.663536,54.801305],[-1.663141,54.801333],[-1.662848,54.801232],[-1.662315,54.801286],[-1.661646,54.801455],[-1.661022,54.801429],[-1.660453,54.80164],[-1.659941,54.801775],[-1.659583,54.801802],[-1.659355,54.801828],[-1.658938,54.801923],[-1.658573,54.802082],[-1.65831,54.802304],[-1.658074,54.802553],[-1.658025,54.802585],[-1.657807,54.802668],[-1.656965,54.802747],[-1.656524,54.802931],[-1.65624,54.803122],[-1.655876,54.803496],[-1.655659,54.803616],[-1.655437,54.803662],[-1.655059,54.803682],[-1.654864,54.803673],[-1.654526,54.803525],[-1.654428,54.803431],[-1.654002,54.803041],[-1.652596,54.801579],[-1.650474,54.800074],[-1.650254,54.799986],[-1.649885,54.799922],[-1.649931,54.80007],[-1.650107,54.800187],[-1.650146,54.800276],[-1.649993,54.800305],[-1.650188,54.800415],[-1.650053,54.800481],[-1.650037,54.800509],[-1.650143,54.800595],[-1.650347,54.800571],[-1.650331,54.8007],[-1.650584,54.800792],[-1.650668,54.800819],[-1.650728,54.800969],[-1.650922,54.800937],[-1.651003,54.800906],[-1.65113,54.800972],[-1.651031,54.801176],[-1.650966,54.801259],[-1.650964,54.801294],[-1.6511,54.80138],[-1.651082,54.801524],[-1.651187,54.801647],[-1.651467,54.80198],[-1.651764,54.802381],[-1.651634,54.802601],[-1.651603,54.802604],[-1.651176,54.802882],[-1.650842,54.803044],[-1.650616,54.80311],[-1.650742,54.803494],[-1.650882,54.803798],[-1.650922,54.804126],[-1.650961,54.804164],[-1.651194,54.804375],[-1.651576,54.804709],[-1.651607,54.80478],[-1.651321,54.804867],[-1.651231,54.804911],[-1.651144,54.80502],[-1.651167,54.805092],[-1.65114,54.80546],[-1.651116,54.80567],[-1.651139,54.806129],[-1.651188,54.806182],[-1.65128,54.806207],[-1.651468,54.806191],[-1.651812,54.806178],[-1.65229,54.806156],[-1.652643,54.80618],[-1.653214,54.806485],[-1.653429,54.806691],[-1.65373,54.806818],[-1.653766,54.806869],[-1.653768,54.806925],[-1.653724,54.8071],[-1.653803,54.8073],[-1.65392,54.807366],[-1.654194,54.807464],[-1.654283,54.8075],[-1.654324,54.807535],[-1.65435,54.807591],[-1.654587,54.808141],[-1.654685,54.808222],[-1.654866,54.808272],[-1.654973,54.808308],[-1.655107,54.808451],[-1.655176,54.808519],[-1.655085,54.808654],[-1.65518,54.808733],[-1.655264,54.808753],[-1.655353,54.808809],[-1.655391,54.808876],[-1.655593,54.809062],[-1.655739,54.809205],[-1.655814,54.809308],[-1.655851,54.809513],[-1.65578,54.809569],[-1.655704,54.809542],[-1.655604,54.809598],[-1.655657,54.809804],[-1.655541,54.80991],[-1.655287,54.809991],[-1.655251,54.810205],[-1.655272,54.810343],[-1.65518,54.810461],[-1.655147,54.810622],[-1.655239,54.810792],[-1.655194,54.810857],[-1.655253,54.811018],[-1.655109,54.811164],[-1.655007,54.811234],[-1.654994,54.811527],[-1.65497,54.811719],[-1.655031,54.811835],[-1.654993,54.811944],[-1.655141,54.812119],[-1.655012,54.812156],[-1.654935,54.81214],[-1.654842,54.812165],[-1.654625,54.812518],[-1.654782,54.812627],[-1.654761,54.812757],[-1.654773,54.813096],[-1.654877,54.813184],[-1.654978,54.813287],[-1.65495,54.813356],[-1.654987,54.813588],[-1.654872,54.813733],[-1.654665,54.813871],[-1.654587,54.813967],[-1.654613,54.814175],[-1.654602,54.81422],[-1.654502,54.814591],[-1.654329,54.814825],[-1.654197,54.81499],[-1.653859,54.81513],[-1.653754,54.81523],[-1.653611,54.815392],[-1.653658,54.815521],[-1.653918,54.815711],[-1.654206,54.815952],[-1.654557,54.816236],[-1.654668,54.816357],[-1.654793,54.816411],[-1.655086,54.816558],[-1.655878,54.817431],[-1.656127,54.817812],[-1.656731,54.818496],[-1.656913,54.818596],[-1.657257,54.818841],[-1.657599,54.819034],[-1.658571,54.819487],[-1.658899,54.819932],[-1.659046,54.820285],[-1.65914,54.820408],[-1.65932,54.820536],[-1.659672,54.820764],[-1.659936,54.821115],[-1.659988,54.821307],[-1.659975,54.821471],[-1.65995,54.821762],[-1.660075,54.821947],[-1.660687,54.822321],[-1.660817,54.822437],[-1.660992,54.822639],[-1.661093,54.823176],[-1.661181,54.824174],[-1.661282,54.824402],[-1.661685,54.824868],[-1.660912,54.82554],[-1.659149,54.825831],[-1.655284,54.826456],[-1.654636,54.82649],[-1.652436,54.826806],[-1.651526,54.826817],[-1.650559,54.825445],[-1.64999,54.824715],[-1.647843,54.825299],[-1.645634,54.824931],[-1.644621,54.823552],[-1.644316,54.822051],[-1.641077,54.821304],[-1.639241,54.820961],[-1.637818,54.820621],[-1.637186,54.82041],[-1.637436,54.820141],[-1.637658,54.819575],[-1.638437,54.819263],[-1.638418,54.818984],[-1.63803,54.81845],[-1.637558,54.81805],[-1.637409,54.81781],[-1.637396,54.817633],[-1.637427,54.817509],[-1.637553,54.817384],[-1.636934,54.816414],[-1.637373,54.816013],[-1.637906,54.815906],[-1.63904,54.815926],[-1.639789,54.815339],[-1.639499,54.814356],[-1.638535,54.814343],[-1.637552,54.814136],[-1.636165,54.813647],[-1.635316,54.81407],[-1.634388,54.814345],[-1.63412,54.814259],[-1.633323,54.813885],[-1.632627,54.813677],[-1.631462,54.813466],[-1.631441,54.813462]]]}},{"type":"Feature","properties":{"name":"Easington","code":"E14000677","results":{"2010":{"winning_party":"Lab","con_votes":4790,"lab_votes":20579,"lib_votes":5597,"ruk_votes":0,"grn_votes":0,"oth_votes":3948,"con_pct":13.7,"lab_pct":58.9,"lib_pct":16.0,"ruk_pct":0.0,"grn_pct":0.0,"oth_pct":11.3,"total_votes":34914,"turnout":0.547,"mp_name":"Grahame Morris"},"2015":{"winning_party":"Lab","con_votes":4478,"lab_votes":21132,"lib_votes":834,"ruk_votes":0,"grn_votes":0,"oth_votes":8180,"con_pct":12.9,"lab_pct":61.0,"lib_pct":2.4,"ruk_pct":0.0,"grn_pct":0.0,"oth_pct":23.6,"total_votes":34624,"turnout":0.562,"mp_name":"Grahame Morris"},"2017":{"winning_party":"Lab","con_votes":8260,"lab_votes":23152,"lib_votes":460,"ruk_votes":0,"grn_votes":0,"oth_votes":4492,"con_pct":22.7,"lab_pct":63.7,"lib_pct":1.3,"ruk_pct":0.0,"grn_pct":0.0,"oth_pct":12.4,"total_votes":36364,"turnout":0.583,"mp_name":"Grahame Morris"},"2019":{"winning_party":"Lab","con_votes":9142,"lab_votes":15723,"lib_votes":1526,"ruk_votes":0,"grn_votes":0,"oth_votes":8192,"con_pct":26.4,"lab_pct":45.5,"lib_pct":4.4,"ruk_pct":0.0,"grn_pct":0.0,"oth_pct":23.7,"total_votes":34583,"turnout":0.565,"mp_name":"Grahame Morris"}}},"geometry":{"type":"Polygon","coordinates":[[[-1.443954,54.790949],[-1.443865,54.791097],[-1.442735,54.791574],[-1.441032,54.792035],[-1.440499,54.7922],[-1.439687,54.792601],[-1.439276,54.792847],[-1.438715,54.793254],[-1.438208,54.793752],[-1.437825,54.793874],[-1.437238,54.793965],[-1.436518,54.794981],[-1.436108,54.795456],[-1.435575,54.795688],[-1.435205,54.795927],[-1.435077,54.796061],[-1.435,54.796251],[-1.434909,54.797086],[-1.434886,54.797383],[-1.434962,54.797925],[-1.435477,54.79946],[-1.435732,54.800137],[-1.435506,54.800518],[-1.435057,54.800575],[-1.434366,54.800685],[-1.433291,54.800752],[-1.432683,54.800761],[-1.431929,54.800867],[-1.430656,54.800985],[-1.429555,54.801203],[-1.428892,54.801375],[-1.428239,54.801201],[-1.427539,54.800981],[-1.426957,54.801183],[-1.425995,54.801491],[-1.425437,54.801694],[-1.424612,54.801995],[-1.423762,54.802464],[-1.42284,54.80293],[-1.422155,54.803107],[-1.421705,54.803125],[-1.421407,54.803113],[-1.421013,54.803068],[-1.420874,54.803126],[-1.420816,54.803287],[-1.420839,54.803406],[-1.420876,54.803502],[-1.42095,54.803664],[-1.421045,54.80386],[-1.421078,54.803917],[-1.421131,54.803989],[-1.421628,54.804476],[-1.422081,54.804997],[-1.422166,54.805081],[-1.422261,54.805225],[-1.422289,54.805365],[-1.42224,54.805551],[-1.422052,54.806245],[-1.421974,54.806486],[-1.421623,54.807056],[-1.421303,54.808144],[-1.421267,54.808426],[-1.421165,54.80868],[-1.421068,54.80901],[-1.420657,54.809801],[-1.420433,54.810188],[-1.420366,54.810477],[-1.42017,54.811399],[-1.420001,54.812206],[-1.420042,54.812726],[-1.420096,54.813071],[-1.419737,54.813202],[-1.418721,54.8136],[-1.41807,54.813807],[-1.417908,54.813867],[-1.417652,54.814043],[-1.417447,54.81444],[-1.416858,54.815967],[-1.416546,54.817081],[-1.416297,54.817993],[-1.416238,54.818103],[-1.415989,54.818197],[-1.41447,54.818302],[-1.414109,54.81838],[-1.413284,54.818822],[-1.412915,54.819106],[-1.412597,54.819517],[-1.412567,54.8198],[-1.412589,54.819891],[-1.412716,54.820353],[-1.412713,54.820947],[-1.412309,54.821477],[-1.411574,54.822268],[-1.411402,54.823195],[-1.411359,54.823698],[-1.411614,54.824608],[-1.41212,54.825175],[-1.413377,54.826039],[-1.413987,54.826532],[-1.41383,54.826908],[-1.413898,54.827319],[-1.414166,54.82764],[-1.414327,54.827834],[-1.414838,54.828393],[-1.41499,54.828532],[-1.415211,54.828634],[-1.414611,54.82904],[-1.414477,54.829423],[-1.41477,54.83018],[-1.414813,54.830407],[-1.415016,54.830666],[-1.415461,54.830951],[-1.41708,54.832022],[-1.418133,54.832777],[-1.418518,54.833066],[-1.419291,54.834088],[-1.419381,54.834412],[-1.419802,54.835782],[-1.41996,54.837284],[-1.419969,54.838378],[-1.419602,54.839411],[-1.419009,54.839376],[-1.418539,54.839392],[-1.41821,54.839493],[-1.417474,54.839733],[-1.416889,54.840005],[-1.416715,54.840323],[-1.416596,54.840443],[-1.41596,54.840829],[-1.41556,54.840916],[-1.415372,54.84083],[-1.415166,54.840811],[-1.414884,54.840863],[-1.414596,54.840998],[-1.414277,54.841055],[-1.4141,54.841143],[-1.413991,54.841177],[-1.413416,54.841205],[-1.413034,54.841221],[-1.412788,54.841324],[-1.412635,54.841371],[-1.412394,54.841313],[-1.412249,54.841362],[-1.412295,54.841476],[-1.412285,54.841593],[-1.412219,54.841642],[-1.412083,54.841677],[-1.411732,54.841685],[-1.410404,54.841791],[-1.410268,54.842133],[-1.410192,54.842613],[-1.410298,54.843018],[-1.4106,54.843342],[-1.410864,54.843652],[-1.410971,54.843848],[-1.411508,54.844117],[-1.411954,54.844433],[-1.411977,54.844516],[-1.411967,54.844753],[-1.411048,54.844994],[-1.410897,54.845005],[-1.41022,54.845021],[-1.410162,54.845016],[-1.409778,54.845025],[-1.409016,54.845077],[-1.408577,54.845087],[-1.407496,54.845093],[-1.406837,54.845387],[-1.406462,54.845506],[-1.405608,54.845638],[-1.404362,54.845524],[-1.403593,54.845391],[-1.403353,54.845373],[-1.402221,54.845569],[-1.401732,54.845687],[-1.401042,54.846001],[-1.400126,54.846126],[-1.399668,54.846233],[-1.398647,54.846487],[-1.398264,54.846498],[-1.398013,54.846306],[-1.397416,54.846321],[-1.397044,54.846334],[-1.396555,54.846342],[-1.39568,54.846339],[-1.395395,54.846239],[-1.395089,54.845917],[-1.395003,54.845787],[-1.394729,54.845752],[-1.393371,54.845905],[-1.393171,54.845949],[-1.392609,54.845998],[-1.392056,54.84611],[-1.391753,54.846097],[-1.391238,54.845759],[-1.390996,54.845575],[-1.390978,54.845574],[-1.389904,54.845863],[-1.388977,54.846034],[-1.386981,54.846205],[-1.385234,54.846557],[-1.384142,54.847091],[-1.384121,54.847158],[-1.383861,54.847377],[-1.383562,54.847528],[-1.382652,54.847914],[-1.38235,54.848022],[-1.382101,54.847972],[-1.381462,54.847727],[-1.380315,54.847218],[-1.379953,54.847121],[-1.379714,54.847192],[-1.379131,54.847695],[-1.378624,54.848214],[-1.377761,54.849077],[-1.377003,54.849755],[-1.376437,54.850219],[-1.375672,54.850831],[-1.375087,54.851153],[-1.374907,54.851434],[-1.374482,54.851848],[-1.373422,54.852731],[-1.3731,54.853009],[-1.372457,54.853617],[-1.371824,54.854121],[-1.369562,54.855832],[-1.367786,54.857242],[-1.366801,54.857646],[-1.365791,54.857711],[-1.365144,54.857721],[-1.364628,54.85777],[-1.363937,54.857655],[-1.363595,54.857607],[-1.363221,54.857692],[-1.362867,54.858033],[-1.362325,54.85798],[-1.362308,54.858118],[-1.361823,54.858044],[-1.361127,54.858104],[-1.360743,54.85804],[-1.360471,54.857894],[-1.359808,54.857856],[-1.359335,54.857785],[-1.358801,54.857957],[-1.358562,54.857725],[-1.358178,54.857939],[-1.358031,54.858055],[-1.357598,54.858136],[-1.356901,54.858256],[-1.356299,54.858277],[-1.355723,54.858367],[-1.355258,54.858547],[-1.355134,54.858753],[-1.354385,54.858921],[-1.354138,54.858894],[-1.353964,54.859085],[-1.3538,54.859258],[-1.353609,54.859369],[-1.353209,54.859413],[-1.352801,54.859755],[-1.352537,54.860139],[-1.352211,54.860212],[-1.351777,54.860308],[-1.351525,54.860354],[-1.350512,54.860501],[-1.349571,54.860271],[-1.349128,54.860259],[-1.348446,54.860094],[-1.347819,54.859966],[-1.347614,54.86008],[-1.347467,54.860325],[-1.346744,54.860457],[-1.346157,54.860501],[-1.344647,54.86052],[-1.344457,54.860147],[-1.34443,54.859927],[-1.344189,54.859336],[-1.344146,54.858814],[-1.344188,54.858433],[-1.344715,54.858445],[-1.344914,54.858489],[-1.344489,54.858296],[-1.344289,54.85819],[-1.34448,54.858022],[-1.344361,54.857872],[-1.344311,54.857792],[-1.343997,54.857728],[-1.343753,54.857253],[-1.343404,54.85659],[-1.343041,54.855382],[-1.342826,54.854481],[-1.342303,54.854225],[-1.341539,54.853341],[-1.34143,54.853118],[-1.341541,54.853034],[-1.342069,54.853172],[-1.341774,54.852844],[-1.341425,54.852915],[-1.34105,54.852743],[-1.340515,54.852199],[-1.340151,54.85178],[-1.339896,54.851072],[-1.339928,54.850833],[-1.339746,54.850473],[-1.339192,54.850069],[-1.338712,54.849639],[-1.338825,54.849468],[-1.338585,54.849242],[-1.338426,54.849178],[-1.338194,54.848897],[-1.337532,54.848589],[-1.336712,54.8481],[-1.336434,54.847902],[-1.336119,54.847379],[-1.336196,54.8472],[-1.336314,54.846912],[-1.336018,54.84676],[-1.335688,54.846849],[-1.335259,54.846556],[-1.335057,54.846306],[-1.334593,54.845824],[-1.334248,54.845592],[-1.333867,54.84512],[-1.333644,54.844856],[-1.333525,54.844684],[-1.333522,54.844621],[-1.333825,54.844494],[-1.333949,54.84452],[-1.334113,54.844439],[-1.333949,54.844396],[-1.333541,54.844346],[-1.333215,54.844294],[-1.333124,54.844053],[-1.333021,54.843951],[-1.332789,54.84372],[-1.332782,54.843633],[-1.332501,54.843369],[-1.331773,54.842982],[-1.330965,54.842854],[-1.33046,54.842712],[-1.330046,54.842604],[-1.329795,54.842532],[-1.329629,54.842401],[-1.329434,54.84238],[-1.329367,54.842402],[-1.329292,54.842426],[-1.329191,54.842387],[-1.329198,54.842303],[-1.329331,54.842249],[-1.329309,54.842181],[-1.329267,54.84216],[-1.3292,54.842153],[-1.329075,54.842214],[-1.328882,54.842229],[-1.328787,54.842149],[-1.328857,54.842058],[-1.329143,54.841997],[-1.329274,54.841902],[-1.328993,54.841706],[-1.328929,54.841598],[-1.328868,54.84139],[-1.328819,54.841343],[-1.328727,54.841319],[-1.328589,54.841258],[-1.328649,54.841016],[-1.328621,54.84097],[-1.328531,54.840926],[-1.32845,54.84096],[-1.328466,54.841138],[-1.328412,54.84118],[-1.328188,54.841023],[-1.328038,54.840946],[-1.327902,54.840862],[-1.327813,54.840168],[-1.327969,54.840057],[-1.328049,54.840079],[-1.328086,54.840108],[-1.32801,54.840287],[-1.328115,54.840318],[-1.328311,54.840142],[-1.328307,54.840104],[-1.328145,54.840018],[-1.328022,54.839808],[-1.327977,54.839714],[-1.328099,54.839611],[-1.328178,54.839612],[-1.328295,54.839716],[-1.328293,54.839743],[-1.328345,54.839846],[-1.328442,54.839831],[-1.328602,54.839766],[-1.328648,54.83965],[-1.3286,54.839546],[-1.32823,54.839242],[-1.327734,54.839191],[-1.327277,54.839193],[-1.327101,54.839062],[-1.326886,54.839056],[-1.326789,54.839104],[-1.326983,54.83916],[-1.326989,54.8392],[-1.326893,54.839252],[-1.326686,54.839204],[-1.325244,54.839206],[-1.323919,54.839152],[-1.323146,54.839083],[-1.322474,54.838951],[-1.321858,54.838755],[-1.321005,54.838502],[-1.320564,54.838324],[-1.319043,54.837443],[-1.319156,54.837289],[-1.319357,54.837273],[-1.320379,54.836192],[-1.320881,54.835745],[-1.321842,54.835067],[-1.322855,54.834421],[-1.32345,54.833969],[-1.323806,54.833603],[-1.324158,54.832877],[-1.32385,54.832506],[-1.323796,54.832327],[-1.323732,54.832257],[-1.323128,54.831895],[-1.32223,54.83129],[-1.32157,54.830906],[-1.321337,54.830741],[-1.321112,54.830418],[-1.320578,54.82948],[-1.320105,54.82882],[-1.319439,54.827871],[-1.31905,54.827076],[-1.31866,54.826288],[-1.31726,54.824431],[-1.317112,54.824118],[-1.316761,54.822994],[-1.316557,54.822685],[-1.316467,54.822457],[-1.316477,54.822058],[-1.316582,54.82098],[-1.316495,54.820618],[-1.315904,54.819287],[-1.313764,54.815701],[-1.313094,54.814604],[-1.312291,54.81372],[-1.311057,54.812613],[-1.31074,54.812186],[-1.310634,54.811783],[-1.310669,54.811533],[-1.310582,54.81108],[-1.310797,54.810776],[-1.310837,54.810644],[-1.310729,54.81049],[-1.31064,54.810318],[-1.31067,54.809951],[-1.310611,54.809822],[-1.310531,54.809753],[-1.310366,54.809705],[-1.310246,54.808887],[-1.310234,54.808423],[-1.310003,54.808147],[-1.309989,54.808042],[-1.310131,54.807643],[-1.310175,54.80738],[-1.310127,54.807169],[-1.309886,54.805857],[-1.309873,54.80539],[-1.309951,54.804823],[-1.309547,54.80459],[-1.309758,54.804389],[-1.309925,54.804135],[-1.309953,54.803767],[-1.309645,54.80293],[-1.309452,54.802314],[-1.309226,54.802195],[-1.309276,54.801984],[-1.309446,54.801814],[-1.309522,54.801586],[-1.309625,54.80122],[-1.30922,54.80004],[-1.308834,54.799626],[-1.308233,54.799556],[-1.308305,54.799355],[-1.308366,54.799186],[-1.308242,54.79903],[-1.307921,54.7985],[-1.307682,54.798122],[-1.30796,54.798035],[-1.307822,54.7979],[-1.307871,54.797796],[-1.307807,54.797706],[-1.307879,54.797666],[-1.308039,54.797717],[-1.308111,54.797713],[-1.308063,54.797462],[-1.308023,54.79733],[-1.307727,54.797219],[-1.307543,54.797123],[-1.307678,54.797048],[-1.307907,54.79702],[-1.30817,54.797009],[-1.30818,54.796977],[-1.308282,54.796869],[-1.308442,54.796892],[-1.308575,54.796735],[-1.308799,54.796691],[-1.308838,54.796612],[-1.309015,54.796574],[-1.309208,54.796459],[-1.309266,54.796235],[-1.308978,54.795979],[-1.309242,54.795871],[-1.30936,54.795658],[-1.3095,54.795196],[-1.30952,54.794969],[-1.309255,54.794992],[-1.309043,54.794952],[-1.309087,54.794833],[-1.30927,54.794748],[-1.309398,54.794735],[-1.309551,54.794783],[-1.309391,54.793944],[-1.308806,54.792631],[-1.308477,54.792512],[-1.308317,54.792497],[-1.308101,54.792397],[-1.308051,54.792311],[-1.308059,54.792271],[-1.308122,54.792195],[-1.308187,54.792155],[-1.308559,54.792028],[-1.308686,54.791889],[-1.30881,54.79146],[-1.308794,54.791362],[-1.308475,54.790112],[-1.308154,54.789222],[-1.307902,54.788611],[-1.307831,54.788481],[-1.307666,54.788214],[-1.307207,54.78762],[-1.306946,54.787304],[-1.306455,54.786891],[-1.305924,54.786157],[-1.306113,54.785454],[-1.306124,54.785045],[-1.306493,54.784818],[-1.306484,54.784587],[-1.306008,54.78472],[-1.305734,54.784678],[-1.305745,54.784513],[-1.306033,54.784413],[-1.306757,54.784346],[-1.306889,54.784269],[-1.3071,54.78411],[-1.307265,54.783937],[-1.307645,54.783255],[-1.307823,54.782936],[-1.307849,54.782554],[-1.307636,54.781862],[-1.307556,54.781717],[-1.307376,54.781438],[-1.306903,54.780784],[-1.306209,54.779927],[-1.306015,54.779697],[-1.30455,54.77838],[-1.303945,54.777788],[-1.303663,54.777346],[-1.302824,54.776502],[-1.302601,54.776078],[-1.30178,54.774798],[-1.301645,54.774632],[-1.300974,54.773843],[-1.300425,54.773346],[-1.29975,54.772774],[-1.299498,54.772517],[-1.299401,54.772416],[-1.299353,54.772227],[-1.29908,54.771171],[-1.298632,54.770369],[-1.297485,54.768862],[-1.297303,54.768557],[-1.297087,54.768289],[-1.2967,54.767579],[-1.294851,54.765421],[-1.293687,54.764039],[-1.292329,54.762848],[-1.291587,54.762184],[-1.290674,54.761245],[-1.288812,54.759806],[-1.286799,54.758297],[-1.286056,54.757862],[-1.285186,54.757409],[-1.284283,54.756734],[-1.283998,54.756562],[-1.283792,54.756429],[-1.283536,54.756249],[-1.282929,54.75587],[-1.282483,54.755631],[-1.280788,54.754716],[-1.279398,54.754062],[-1.278823,54.754194],[-1.278614,54.754214],[-1.2785,54.754208],[-1.277832,54.754026],[-1.277673,54.753975],[-1.277575,54.753905],[-1.277514,54.753733],[-1.27718,54.753556],[-1.277214,54.753306],[-1.277082,54.753286],[-1.276976,54.753381],[-1.276807,54.753396],[-1.276766,54.753265],[-1.276987,54.753139],[-1.277095,54.753008],[-1.276888,54.752691],[-1.275831,54.751477],[-1.274833,54.75065],[-1.274216,54.750219],[-1.273711,54.749837],[-1.271689,54.748524],[-1.270757,54.747954],[-1.269401,54.747249],[-1.269205,54.747195],[-1.268909,54.747432],[-1.268687,54.747579],[-1.268243,54.747461],[-1.268024,54.747377],[-1.267955,54.747432],[-1.267542,54.747271],[-1.267312,54.747054],[-1.267295,54.747043],[-1.267048,54.746862],[-1.267022,54.746737],[-1.267073,54.746663],[-1.267076,54.746599],[-1.26709,54.746494],[-1.267331,54.746338],[-1.267505,54.746169],[-1.267505,54.746089],[-1.267625,54.745962],[-1.26762,54.745833],[-1.267569,54.745688],[-1.266852,54.745216],[-1.266556,54.745076],[-1.266348,54.744907],[-1.265972,54.744692],[-1.265808,54.744596],[-1.265362,54.744204],[-1.26502,54.743954],[-1.264748,54.743886],[-1.264634,54.743818],[-1.26457,54.743683],[-1.264591,54.743563],[-1.264483,54.743479],[-1.264477,54.743335],[-1.264037,54.743268],[-1.26385,54.743193],[-1.263685,54.743231],[-1.263534,54.743208],[-1.263557,54.742972],[-1.263565,54.742807],[-1.263543,54.742725],[-1.263329,54.742601],[-1.263326,54.742468],[-1.263315,54.742391],[-1.263652,54.742368],[-1.263853,54.742189],[-1.263779,54.742024],[-1.263565,54.741786],[-1.263433,54.741658],[-1.262954,54.741302],[-1.262638,54.741078],[-1.261764,54.740176],[-1.261687,54.740091],[-1.261269,54.739737],[-1.261009,54.73958],[-1.260521,54.739161],[-1.26036,54.739028],[-1.260137,54.738771],[-1.259836,54.738585],[-1.259375,54.738199],[-1.258823,54.737708],[-1.258281,54.737279],[-1.257332,54.736942],[-1.255925,54.73592],[-1.254532,54.734968],[-1.254349,54.734859],[-1.253441,54.733833],[-1.252418,54.732745],[-1.252263,54.73271],[-1.251648,54.732718],[-1.251633,54.732609],[-1.25122,54.732019],[-1.250255,54.731263],[-1.249457,54.730592],[-1.249195,54.730351],[-1.248839,54.730198],[-1.247914,54.729774],[-1.247381,54.729435],[-1.24679,54.728923],[-1.246356,54.728425],[-1.246422,54.728354],[-1.246617,54.728358],[-1.24691,54.728386],[-1.246962,54.728298],[-1.246894,54.728089],[-1.246748,54.728027],[-1.246471,54.727907],[-1.245664,54.727494],[-1.244919,54.727215],[-1.244378,54.726937],[-1.243845,54.726774],[-1.24189,54.725838],[-1.240233,54.724965],[-1.239322,54.724365],[-1.238446,54.72399],[-1.239555,54.722972],[-1.240891,54.722304],[-1.242091,54.721592],[-1.243021,54.721827],[-1.244169,54.722166],[-1.246464,54.72157],[-1.248135,54.720233],[-1.249736,54.719629],[-1.250415,54.719549],[-1.251726,54.720118],[-1.252109,54.72024],[-1.253511,54.721209],[-1.253704,54.721368],[-1.254038,54.721718],[-1.254477,54.722308],[-1.254807,54.722883],[-1.255132,54.723515],[-1.255365,54.724127],[-1.255899,54.725426],[-1.25721,54.725293],[-1.256961,54.725927],[-1.258832,54.725618],[-1.2594,54.725659],[-1.260168,54.725813],[-1.260737,54.726049],[-1.261242,54.726285],[-1.261963,54.726312],[-1.262243,54.726167],[-1.262311,54.726025],[-1.262599,54.725875],[-1.26282,54.725845],[-1.263084,54.725856],[-1.263262,54.725893],[-1.263403,54.725955],[-1.2644,54.726535],[-1.264723,54.726605],[-1.265886,54.726727],[-1.266018,54.726695],[-1.26629,54.726241],[-1.266523,54.725979],[-1.26683,54.72599],[-1.267237,54.726102],[-1.267575,54.726387],[-1.268075,54.726826],[-1.268437,54.727019],[-1.268627,54.727043],[-1.268773,54.727014],[-1.269016,54.726901],[-1.269823,54.726179],[-1.270656,54.7255],[-1.271018,54.725278],[-1.271718,54.725241],[-1.271887,54.725195],[-1.272748,54.725098],[-1.272936,54.725103],[-1.273099,54.725116],[-1.273658,54.725212],[-1.274195,54.725231],[-1.274457,54.724879],[-1.274665,54.724537],[-1.27497,54.724251],[-1.275386,54.724029],[-1.276582,54.723648],[-1.2779,54.723367],[-1.278961,54.723117],[-1.279593,54.722884],[-1.280075,54.722983],[-1.28023,54.722789],[-1.280735,54.722891],[-1.28082,54.72275],[-1.280849,54.722484],[-1.281087,54.722125],[-1.281056,54.722043],[-1.281135,54.721958],[-1.281239,54.721907],[-1.282075,54.72154],[-1.282345,54.721338],[-1.282588,54.721111],[-1.283293,54.72077],[-1.283911,54.720295],[-1.284728,54.720007],[-1.28522,54.719755],[-1.285588,54.719664],[-1.285978,54.719533],[-1.286572,54.719349],[-1.286866,54.719231],[-1.287475,54.718865],[-1.287758,54.718584],[-1.288279,54.718507],[-1.288621,54.718287],[-1.288855,54.718266],[-1.289788,54.718402],[-1.290101,54.718389],[-1.290755,54.718552],[-1.29141,54.718764],[-1.292029,54.718994],[-1.292822,54.719219],[-1.293288,54.719283],[-1.294244,54.719222],[-1.294474,54.719239],[-1.294981,54.71914],[-1.295463,54.719003],[-1.295621,54.71901],[-1.296712,54.719097],[-1.297224,54.719073],[-1.297698,54.719007],[-1.29858,54.718685],[-1.298748,54.718555],[-1.299808,54.71829],[-1.300431,54.718212],[-1.300697,54.718046],[-1.301345,54.71808],[-1.301611,54.717961],[-1.301464,54.717847],[-1.301577,54.717768],[-1.301717,54.717799],[-1.301855,54.718163],[-1.302052,54.71838],[-1.3039,54.717395],[-1.303192,54.716883],[-1.303023,54.716641],[-1.303055,54.716188],[-1.303368,54.715748],[-1.303786,54.71498],[-1.302989,54.714174],[-1.302889,54.713985],[-1.302576,54.713515],[-1.302488,54.713355],[-1.302275,54.713313],[-1.302004,54.712984],[-1.301985,54.71278],[-1.302126,54.712715],[-1.302368,54.712732],[-1.302564,54.712706],[-1.302596,54.712674],[-1.30243,54.712431],[-1.301905,54.712133],[-1.301318,54.711779],[-1.300775,54.711145],[-1.300548,54.710544],[-1.300368,54.710346],[-1.300118,54.710179],[-1.299882,54.709908],[-1.299875,54.709745],[-1.300029,54.709425],[-1.300349,54.709077],[-1.300399,54.708894],[-1.300367,54.708717],[-1.299794,54.708189],[-1.29968,54.708033],[-1.300099,54.707887],[-1.301523,54.707645],[-1.301804,54.706786],[-1.301657,54.706033],[-1.3016,54.705678],[-1.301598,54.705535],[-1.30243,54.705124],[-1.302441,54.704478],[-1.30245,54.704238],[-1.302559,54.704186],[-1.303806,54.704039],[-1.30479,54.703874],[-1.304612,54.703679],[-1.305369,54.703175],[-1.305803,54.702892],[-1.306227,54.702621],[-1.306403,54.702564],[-1.306822,54.702506],[-1.307379,54.702461],[-1.307571,54.702412],[-1.3077,54.701878],[-1.307733,54.701436],[-1.308591,54.701337],[-1.311489,54.701131],[-1.312063,54.7002],[-1.311271,54.698776],[-1.311412,54.698491],[-1.31189,54.698241],[-1.312486,54.697909],[-1.31217,54.697364],[-1.311125,54.696054],[-1.311011,54.695913],[-1.311078,54.695783],[-1.311248,54.695698],[-1.31144,54.695671],[-1.312753,54.695046],[-1.31315,54.694831],[-1.313759,54.69445],[-1.314306,54.694283],[-1.314804,54.694221],[-1.315823,54.69395],[-1.316785,54.693547],[-1.31762,54.693228],[-1.317776,54.693065],[-1.317951,54.69293],[-1.318028,54.692664],[-1.31813,54.692537],[-1.317947,54.691679],[-1.317694,54.691283],[-1.317752,54.6912],[-1.317851,54.691165],[-1.318169,54.691149],[-1.318882,54.691044],[-1.319692,54.691014],[-1.320225,54.691117],[-1.321122,54.69112],[-1.32186,54.691182],[-1.322218,54.691212],[-1.322435,54.691197],[-1.322924,54.691113],[-1.324051,54.691041],[-1.32464,54.691046],[-1.325642,54.691198],[-1.326324,54.690862],[-1.327395,54.689951],[-1.327763,54.689551],[-1.327852,54.68949],[-1.328008,54.689439],[-1.328353,54.689434],[-1.328521,54.68947],[-1.330346,54.689994],[-1.331072,54.69117],[-1.332691,54.691797],[-1.333553,54.691654],[-1.336545,54.691456],[-1.339026,54.691303],[-1.342862,54.690998],[-1.343044,54.690691],[-1.343467,54.690805],[-1.343699,54.690855],[-1.344041,54.690849],[-1.345082,54.690998],[-1.345821,54.691161],[-1.348262,54.691499],[-1.348878,54.691591],[-1.350008,54.691803],[-1.350268,54.691844],[-1.350359,54.691835],[-1.350503,54.691755],[-1.3505,54.691701],[-1.35041,54.691508],[-1.353197,54.691463],[-1.354478,54.691571],[-1.354949,54.69165],[-1.355759,54.691857],[-1.357171,54.691954],[-1.358158,54.692023],[-1.358994,54.69203],[-1.359946,54.69205],[-1.361656,54.692237],[-1.362756,54.692225],[-1.363855,54.692246],[-1.364757,54.692216],[-1.365377,54.692235],[-1.366728,54.692186],[-1.367114,54.692197],[-1.367374,54.692162],[-1.367304,54.692342],[-1.367027,54.692529],[-1.366866,54.692829],[-1.36673,54.69297],[-1.366142,54.693015],[-1.36601,54.694136],[-1.366,54.694386],[-1.365713,54.694884],[-1.365334,54.695499],[-1.365069,54.696116],[-1.364285,54.697299],[-1.364137,54.697527],[-1.364065,54.69776],[-1.363645,54.698542],[-1.363319,54.698826],[-1.362853,54.698969],[-1.361332,54.699445],[-1.359742,54.699806],[-1.35761,54.700454],[-1.356186,54.700817],[-1.355565,54.700925],[-1.355721,54.701277],[-1.356273,54.701809],[-1.356424,54.702062],[-1.356922,54.702847],[-1.357655,54.703538],[-1.357958,54.703789],[-1.357475,54.70453],[-1.357264,54.705469],[-1.357032,54.706224],[-1.356858,54.706782],[-1.356738,54.70701],[-1.356128,54.708197],[-1.355757,54.708794],[-1.354641,54.708571],[-1.35489,54.710292],[-1.354539,54.710737],[-1.353291,54.711805],[-1.352,54.712913],[-1.352048,54.713823],[-1.352,54.714784],[-1.35159,54.715013],[-1.35167,54.715325],[-1.351689,54.715518],[-1.351345,54.715562],[-1.350856,54.715656],[-1.350226,54.715807],[-1.349734,54.715925],[-1.350448,54.716846],[-1.351335,54.718022],[-1.35086,54.71813],[-1.351693,54.719115],[-1.352732,54.720158],[-1.353624,54.721108],[-1.353672,54.721385],[-1.35366,54.7224],[-1.35467,54.724952],[-1.355318,54.726283],[-1.355085,54.726531],[-1.355724,54.726765],[-1.356091,54.726802],[-1.356436,54.726915],[-1.356713,54.726924],[-1.357514,54.726791],[-1.358226,54.726719],[-1.359444,54.726494],[-1.359578,54.726436],[-1.360058,54.726156],[-1.360292,54.726038],[-1.360761,54.725819],[-1.360985,54.725722],[-1.362288,54.725451],[-1.36265,54.725353],[-1.363467,54.725079],[-1.363396,54.725742],[-1.363076,54.72635],[-1.363011,54.727788],[-1.363239,54.729146],[-1.363502,54.729779],[-1.363849,54.730629],[-1.364115,54.731293],[-1.364482,54.732122],[-1.364929,54.732848],[-1.365217,54.733263],[-1.365907,54.73408],[-1.366605,54.734835],[-1.3676,54.735748],[-1.367744,54.735873],[-1.368171,54.736296],[-1.368395,54.736513],[-1.368596,54.736692],[-1.369111,54.737132],[-1.36954,54.737504],[-1.369861,54.737792],[-1.370388,54.738201],[-1.370727,54.738485],[-1.371083,54.738789],[-1.371249,54.738938],[-1.371577,54.739131],[-1.371903,54.739374],[-1.372307,54.739696],[-1.37263,54.739983],[-1.373172,54.740389],[-1.373585,54.740776],[-1.374074,54.741218],[-1.374511,54.741424],[-1.375026,54.741421],[-1.376088,54.741457],[-1.376611,54.741505],[-1.377278,54.741596],[-1.378003,54.741659],[-1.378612,54.74178],[-1.379411,54.742016],[-1.380118,54.742193],[-1.381554,54.742625],[-1.381961,54.742773],[-1.382551,54.742914],[-1.383018,54.743025],[-1.383583,54.743144],[-1.383987,54.743263],[-1.384693,54.743571],[-1.385283,54.74376],[-1.386302,54.743989],[-1.38773,54.744249],[-1.388047,54.744345],[-1.388089,54.744404],[-1.388066,54.744633],[-1.388033,54.74566],[-1.387574,54.746956],[-1.387459,54.747229],[-1.387465,54.747596],[-1.387576,54.748026],[-1.387616,54.748494],[-1.387608,54.749222],[-1.387677,54.750212],[-1.387671,54.750626],[-1.387849,54.750948],[-1.388176,54.751434],[-1.388238,54.751646],[-1.388594,54.751588],[-1.389051,54.751597],[-1.389347,54.751409],[-1.389654,54.751438],[-1.389844,54.751392],[-1.389926,54.751313],[-1.3899,54.751144],[-1.39004,54.75095],[-1.390607,54.750585],[-1.391435,54.750824],[-1.391762,54.750768],[-1.391889,54.750676],[-1.392163,54.750579],[-1.392387,54.75057],[-1.392754,54.750624],[-1.393139,54.750472],[-1.393491,54.750461],[-1.395207,54.750635],[-1.397056,54.751073],[-1.39876,54.751492],[-1.400016,54.751796],[-1.400366,54.751875],[-1.401453,54.752119],[-1.403593,54.75263],[-1.404319,54.75275],[-1.405645,54.752883],[-1.406943,54.752911],[-1.408262,54.752759],[-1.410026,54.753258],[-1.409528,54.753899],[-1.409421,54.754502],[-1.409471,54.755421],[-1.409651,54.756009],[-1.409597,54.75653],[-1.409782,54.756597],[-1.409846,54.756692],[-1.409573,54.757078],[-1.409355,54.757354],[-1.409024,54.757659],[-1.408146,54.758161],[-1.407648,54.758291],[-1.407143,54.758447],[-1.406909,54.758488],[-1.406414,54.758552],[-1.405213,54.758823],[-1.40533,54.759032],[-1.405566,54.759312],[-1.402741,54.759646],[-1.402246,54.759719],[-1.401909,54.759804],[-1.40179,54.759849],[-1.401939,54.759954],[-1.402241,54.760239],[-1.402945,54.760639],[-1.403166,54.76094],[-1.403585,54.76131],[-1.404372,54.761894],[-1.405117,54.762413],[-1.405569,54.762652],[-1.405744,54.762798],[-1.405973,54.76326],[-1.405946,54.763368],[-1.405848,54.763525],[-1.405857,54.763667],[-1.405948,54.763815],[-1.406169,54.764097],[-1.40619,54.764262],[-1.405899,54.764736],[-1.405823,54.765002],[-1.40586,54.765187],[-1.4063,54.765585],[-1.4066,54.765786],[-1.406725,54.765953],[-1.406782,54.766632],[-1.406643,54.766895],[-1.406427,54.767146],[-1.406157,54.767273],[-1.405833,54.767522],[-1.405673,54.767592],[-1.404857,54.767736],[-1.404541,54.76786],[-1.404423,54.767964],[-1.404359,54.768067],[-1.404987,54.768497],[-1.405863,54.768639],[-1.407347,54.768676],[-1.408351,54.768707],[-1.40878,54.768734],[-1.409715,54.768922],[-1.410406,54.769144],[-1.412397,54.769522],[-1.413513,54.769721],[-1.414471,54.769904],[-1.416984,54.770491],[-1.418847,54.770772],[-1.419642,54.770838],[-1.420833,54.770924],[-1.42193,54.771002],[-1.423099,54.771073],[-1.423994,54.771162],[-1.424836,54.771259],[-1.425097,54.771287],[-1.426602,54.771375],[-1.427206,54.771415],[-1.428302,54.771444],[-1.429239,54.771508],[-1.429769,54.771607],[-1.43065,54.771658],[-1.431379,54.771737],[-1.431978,54.771821],[-1.432476,54.771952],[-1.433733,54.772157],[-1.434221,54.772196],[-1.434668,54.772246],[-1.434914,54.772233],[-1.435129,54.772172],[-1.435258,54.772102],[-1.435384,54.771962],[-1.435559,54.771853],[-1.435871,54.771842],[-1.436384,54.771595],[-1.436706,54.771353],[-1.43711,54.771318],[-1.437728,54.771085],[-1.438474,54.77085],[-1.43879,54.77077],[-1.439772,54.770668],[-1.440504,54.770664],[-1.44125,54.770699],[-1.442027,54.770606],[-1.442298,54.770543],[-1.442736,54.770377],[-1.442877,54.770262],[-1.443632,54.769725],[-1.444036,54.769447],[-1.444451,54.769494],[-1.444818,54.769467],[-1.445772,54.769234],[-1.448366,54.768287],[-1.449074,54.768888],[-1.449883,54.769575],[-1.450454,54.769897],[-1.451067,54.770265],[-1.450931,54.770858],[-1.45116,54.771502],[-1.45242,54.771941],[-1.452802,54.772004],[-1.45331,54.77199],[-1.455391,54.771797],[-1.456163,54.772172],[-1.45693,54.772626],[-1.458543,54.773871],[-1.460062,54.774595],[-1.461801,54.775697],[-1.462466,54.776104],[-1.463835,54.77692],[-1.466273,54.778493],[-1.468055,54.778687],[-1.469382,54.778621],[-1.469728,54.778607],[-1.46944,54.779183],[-1.469028,54.779533],[-1.468651,54.779942],[-1.468425,54.780395],[-1.468172,54.781071],[-1.467876,54.781581],[-1.467823,54.781614],[-1.467262,54.781766],[-1.467891,54.783231],[-1.467814,54.783429],[-1.467751,54.783722],[-1.467735,54.783803],[-1.467596,54.784077],[-1.467291,54.784459],[-1.467071,54.784791],[-1.466516,54.785525],[-1.466168,54.785868],[-1.465978,54.786672],[-1.465949,54.787338],[-1.465942,54.787681],[-1.465807,54.788129],[-1.466353,54.788836],[-1.466979,54.789098],[-1.467352,54.790111],[-1.466934,54.790318],[-1.466841,54.790516],[-1.466296,54.790608],[-1.465228,54.790806],[-1.464193,54.790908],[-1.4625,54.791182],[-1.460658,54.790811],[-1.458338,54.79062],[-1.458001,54.790334],[-1.455326,54.790057],[-1.45444,54.790061],[-1.454325,54.789922],[-1.453729,54.79003],[-1.453287,54.790066],[-1.452972,54.790058],[-1.452563,54.790006],[-1.452363,54.789953],[-1.451861,54.789743],[-1.451574,54.789758],[-1.451426,54.789736],[-1.451069,54.789527],[-1.45098,54.789499],[-1.450878,54.78949],[-1.450015,54.789479],[-1.44988,54.789423],[-1.449683,54.789273],[-1.449372,54.789147],[-1.449118,54.78911],[-1.448464,54.789151],[-1.448083,54.789091],[-1.447914,54.78892],[-1.447692,54.788891],[-1.447473,54.788818],[-1.447242,54.788698],[-1.447091,54.78869],[-1.446662,54.788773],[-1.446417,54.788995],[-1.446014,54.789444],[-1.445969,54.789635],[-1.445915,54.789684],[-1.445686,54.789745],[-1.445376,54.789862],[-1.445321,54.789935],[-1.445289,54.79012],[-1.445018,54.790366],[-1.444621,54.790476],[-1.444374,54.790639],[-1.444254,54.790809],[-1.444187,54.790856],[-1.443954,54.790949]]]}},{"type":"Feature","properties":{"name":"Sedgefield","code":"E14000915","results":{"2010":{"winning_party":"Lab","con_votes":9445,"lab_votes":18141,"lib_votes":8033,"ruk_votes":0,"grn_votes":0,"oth_votes":4603,"con_pct":23.5,"lab_pct":45.1,"lib_pct":20.0,"ruk_pct":0.0,"grn_pct":0.0,"oth_pct":11.4,"total_votes":40222,"turnout":0.621,"mp_name":"Phil Wilson"},"2015":{"winning_party":"Lab","con_votes":11432,"lab_votes":18275,"lib_votes":1370,"ruk_votes":0,"grn_votes":0,"oth_votes":7639,"con_pct":29.5,"lab_pct":47.2,"lib_pct":3.5,"ruk_pct":0.0,"grn_pct":0.0,"oth_pct":19.7,"total_votes":38716,"turnout":0.616,"mp_name":"Phil Wilson"},"2017":{"winning_party":"Lab","con_votes":16143,"lab_votes":22202,"lib_votes":797,"ruk_votes":0,"grn_votes":0,"oth_votes":2449,"con_pct":38.8,"lab_pct":53.4,"lib_pct":1.9,"ruk_pct":0.0,"grn_pct":0.0,"oth_pct":5.9,"total_votes":41591,"turnout":0.651,"mp_name":"Phil Wilson"},"2019":{"winning_party":"Con","con_votes":19609,"lab_votes":15096,"lib_votes":1955,"ruk_votes":0,"grn_votes":0,"oth_votes":4906,"con_pct":47.2,"lab_pct":36.3,"lib_pct":4.7,"ruk_pct":0.0,"grn_pct":0.0,"oth_pct":11.8,"total_votes":41566,"turnout":0.646,"mp_name":"Paul Howell"}}},"geometry":{"type":"Polygon","coordinates":[[[-1.552765,54.482914],[-1.552868,54.483286],[-1.552964,54.483641],[-1.553062,54.48391],[-1.553209,54.484387],[-1.553395,54.484646],[-1.553622,54.484827],[-1.55418,54.485145],[-1.55484,54.485381],[-1.556081,54.485592],[-1.557556,54.485897],[-1.55787,54.485963],[-1.558349,54.486053],[-1.559857,54.486311],[-1.561484,54.486663],[-1.562808,54.487073],[-1.563869,54.487456],[-1.564311,54.487614],[-1.564735,54.487836],[-1.566097,54.488368],[-1.567738,54.488878],[-1.568883,54.489094],[-1.56997,54.489406],[-1.570794,54.489704],[-1.571295,54.489838],[-1.57212,54.490241],[-1.572421,54.49063],[-1.572651,54.491014],[-1.57308,54.49203],[-1.573455,54.492499],[-1.574925,54.493859],[-1.57594,54.494547],[-1.576303,54.49474],[-1.576882,54.495129],[-1.577095,54.495227],[-1.577613,54.495569],[-1.578909,54.496227],[-1.580126,54.496547],[-1.581286,54.49689],[-1.58146,54.497008],[-1.581661,54.49721],[-1.581941,54.49757],[-1.581897,54.497854],[-1.581691,54.4981],[-1.580944,54.498624],[-1.580578,54.498862],[-1.579154,54.499917],[-1.578665,54.500336],[-1.578573,54.500535],[-1.578457,54.500725],[-1.578273,54.501468],[-1.578109,54.502086],[-1.578,54.502372],[-1.577576,54.50319],[-1.577276,54.503555],[-1.577173,54.503734],[-1.577113,54.504302],[-1.57716,54.504446],[-1.577564,54.504981],[-1.577918,54.505173],[-1.578747,54.505278],[-1.579028,54.505255],[-1.58177,54.504765],[-1.583766,54.504309],[-1.584348,54.504107],[-1.585601,54.503854],[-1.586882,54.503629],[-1.587288,54.503518],[-1.587941,54.503453],[-1.589035,54.503454],[-1.589246,54.503469],[-1.589555,54.503591],[-1.589911,54.503746],[-1.590053,54.503856],[-1.590341,54.504214],[-1.59041,54.504388],[-1.59037,54.504847],[-1.590379,54.50505],[-1.59033,54.505284],[-1.590007,54.505578],[-1.58889,54.505965],[-1.588128,54.506134],[-1.586434,54.506493],[-1.58577,54.506681],[-1.584657,54.507139],[-1.583695,54.50746],[-1.582763,54.507821],[-1.582485,54.507636],[-1.582193,54.507419],[-1.581801,54.507214],[-1.581457,54.50698],[-1.581048,54.506768],[-1.580909,54.506728],[-1.580532,54.506684],[-1.579979,54.506621],[-1.579803,54.506663],[-1.579438,54.506685],[-1.578797,54.506734],[-1.578568,54.506776],[-1.57816,54.506933],[-1.577846,54.506994],[-1.577641,54.507046],[-1.577482,54.507074],[-1.57733,54.507103],[-1.576879,54.507199],[-1.576639,54.507254],[-1.576175,54.507351],[-1.576114,54.507362],[-1.57586,54.507405],[-1.575696,54.507424],[-1.575601,54.507433],[-1.575404,54.50744],[-1.575246,54.507442],[-1.574971,54.507424],[-1.574769,54.507407],[-1.574408,54.50739],[-1.574348,54.507403],[-1.574118,54.507441],[-1.573294,54.5075],[-1.572308,54.507572],[-1.572028,54.507589],[-1.57182,54.507636],[-1.571447,54.507598],[-1.571398,54.507034],[-1.570342,54.507085],[-1.569571,54.507121],[-1.569161,54.507153],[-1.568683,54.507642],[-1.568398,54.507634],[-1.567716,54.507556],[-1.567275,54.50751],[-1.566904,54.507485],[-1.566687,54.50747],[-1.56645,54.507457],[-1.566266,54.507455],[-1.566005,54.507456],[-1.565676,54.507444],[-1.565217,54.507419],[-1.564885,54.5074],[-1.564635,54.50738],[-1.5643,54.507355],[-1.564033,54.507335],[-1.563812,54.507315],[-1.563536,54.507296],[-1.563347,54.507284],[-1.562855,54.507264],[-1.562651,54.507249],[-1.562412,54.507238],[-1.562186,54.507239],[-1.561831,54.507229],[-1.56133,54.507211],[-1.561129,54.507201],[-1.560663,54.50717],[-1.560325,54.507147],[-1.560076,54.507124],[-1.559803,54.507095],[-1.559263,54.507099],[-1.558958,54.507117],[-1.558738,54.507122],[-1.55858,54.507135],[-1.558439,54.507209],[-1.558316,54.507275],[-1.558121,54.507378],[-1.558003,54.507494],[-1.55791,54.507599],[-1.5578,54.507719],[-1.557662,54.507871],[-1.557513,54.507997],[-1.557338,54.508088],[-1.557082,54.508157],[-1.556944,54.508186],[-1.556682,54.508217],[-1.556429,54.508221],[-1.556188,54.5082],[-1.55597,54.508177],[-1.555824,54.508128],[-1.555742,54.508062],[-1.55566,54.507946],[-1.555603,54.507846],[-1.555326,54.507905],[-1.555162,54.507901],[-1.554897,54.507762],[-1.554551,54.507789],[-1.554125,54.507822],[-1.553876,54.507842],[-1.55378,54.507849],[-1.553543,54.507867],[-1.553237,54.507892],[-1.553099,54.507901],[-1.553038,54.507906],[-1.552826,54.507922],[-1.552635,54.507938],[-1.552521,54.507947],[-1.552287,54.507963],[-1.55212,54.507975],[-1.551391,54.508033],[-1.551089,54.508084],[-1.550912,54.508071],[-1.550761,54.508084],[-1.550582,54.508098],[-1.550405,54.508111],[-1.550226,54.508125],[-1.550097,54.508135],[-1.549892,54.508151],[-1.549749,54.508162],[-1.549501,54.508181],[-1.54932,54.508195],[-1.549239,54.508201],[-1.549154,54.508208],[-1.549078,54.508214],[-1.548945,54.508225],[-1.548802,54.508236],[-1.54869,54.508244],[-1.548562,54.508255],[-1.548418,54.508266],[-1.54828,54.508276],[-1.548146,54.508286],[-1.547996,54.508299],[-1.547854,54.508307],[-1.547725,54.508317],[-1.547522,54.508341],[-1.547449,54.508626],[-1.547389,54.508844],[-1.547342,54.509029],[-1.547307,54.50916],[-1.54729,54.509223],[-1.547262,54.509327],[-1.547235,54.50943],[-1.54722,54.509486],[-1.547181,54.509595],[-1.547145,54.509726],[-1.547104,54.509879],[-1.547064,54.51001],[-1.54704,54.510105],[-1.546963,54.510415],[-1.546913,54.510616],[-1.546869,54.510852],[-1.546819,54.511058],[-1.54678,54.511217],[-1.546768,54.51132],[-1.546755,54.511419],[-1.546745,54.51149],[-1.546728,54.511601],[-1.546713,54.511698],[-1.546402,54.511707],[-1.545542,54.511708],[-1.545336,54.511709],[-1.545172,54.511709],[-1.544622,54.51171],[-1.544307,54.511709],[-1.543966,54.511709],[-1.543738,54.51171],[-1.543498,54.511711],[-1.543244,54.511712],[-1.542948,54.511712],[-1.542712,54.511712],[-1.542637,54.511664],[-1.54244,54.511533],[-1.54237,54.511486],[-1.54209,54.511299],[-1.542018,54.511248],[-1.541974,54.511216],[-1.541914,54.511173],[-1.541788,54.511085],[-1.541619,54.510973],[-1.541483,54.510881],[-1.541417,54.510838],[-1.541362,54.510799],[-1.541276,54.510744],[-1.541127,54.510643],[-1.540999,54.510557],[-1.540932,54.510514],[-1.540817,54.510436],[-1.540622,54.510324],[-1.540514,54.510253],[-1.540443,54.510209],[-1.540377,54.510166],[-1.540244,54.510076],[-1.54015,54.51002],[-1.540075,54.50998],[-1.539906,54.509901],[-1.539799,54.509848],[-1.539692,54.509797],[-1.539531,54.509722],[-1.539371,54.509647],[-1.539283,54.509607],[-1.539194,54.509564],[-1.539057,54.509504],[-1.538904,54.509438],[-1.538711,54.509358],[-1.538585,54.509305],[-1.538376,54.509222],[-1.538192,54.509142],[-1.537999,54.509056],[-1.537792,54.508968],[-1.537637,54.508902],[-1.537448,54.508812],[-1.537286,54.508743],[-1.537156,54.50868],[-1.536994,54.508605],[-1.536851,54.508538],[-1.536669,54.508456],[-1.536428,54.508344],[-1.536215,54.508252],[-1.535245,54.507831],[-1.535159,54.507789],[-1.534938,54.507728],[-1.534729,54.50775],[-1.534675,54.507555],[-1.534023,54.507271],[-1.533384,54.506993],[-1.533032,54.506833],[-1.532512,54.506601],[-1.532216,54.506467],[-1.531772,54.50627],[-1.530942,54.505896],[-1.530398,54.505656],[-1.530313,54.505615],[-1.530194,54.505668],[-1.530145,54.505815],[-1.530001,54.505818],[-1.529833,54.505763],[-1.52961,54.505662],[-1.529448,54.505564],[-1.528965,54.505178],[-1.528546,54.504834],[-1.528366,54.504628],[-1.528212,54.504596],[-1.527987,54.504624],[-1.527818,54.504731],[-1.527816,54.504759],[-1.527871,54.504851],[-1.527943,54.504945],[-1.52797,54.505121],[-1.528113,54.505208],[-1.528322,54.505227],[-1.528479,54.505344],[-1.52852,54.50551],[-1.52851,54.505621],[-1.528573,54.505709],[-1.528708,54.505825],[-1.52876,54.505954],[-1.528686,54.506116],[-1.528584,54.506317],[-1.528571,54.50646],[-1.528521,54.506727],[-1.528468,54.506945],[-1.528416,54.507175],[-1.528343,54.507372],[-1.528251,54.507497],[-1.528119,54.507696],[-1.528035,54.507776],[-1.527871,54.50793],[-1.527656,54.508069],[-1.527448,54.508193],[-1.527167,54.508335],[-1.526815,54.508523],[-1.526635,54.508567],[-1.52646,54.508567],[-1.526297,54.508592],[-1.52611,54.508537],[-1.525883,54.508478],[-1.525658,54.508449],[-1.525501,54.508525],[-1.525405,54.508566],[-1.525163,54.508632],[-1.524956,54.508664],[-1.524767,54.508668],[-1.524611,54.508693],[-1.52452,54.508719],[-1.524404,54.508743],[-1.524144,54.508776],[-1.523918,54.508811],[-1.523765,54.508828],[-1.523427,54.50886],[-1.523273,54.508853],[-1.52308,54.508833],[-1.522881,54.508869],[-1.522628,54.508933],[-1.522501,54.508985],[-1.522328,54.509089],[-1.522162,54.509151],[-1.521906,54.509225],[-1.521762,54.509332],[-1.521606,54.509484],[-1.521525,54.509593],[-1.521356,54.509733],[-1.521203,54.509818],[-1.521077,54.50986],[-1.520937,54.509888],[-1.520734,54.509898],[-1.52049,54.50994],[-1.52018,54.510004],[-1.519918,54.510041],[-1.519628,54.510063],[-1.519434,54.510087],[-1.519357,54.510162],[-1.519312,54.510307],[-1.519377,54.510453],[-1.519418,54.510703],[-1.51933,54.510785],[-1.51918,54.51087],[-1.519043,54.510909],[-1.518758,54.510927],[-1.518347,54.510927],[-1.518001,54.510855],[-1.517856,54.510835],[-1.517634,54.510813],[-1.517395,54.510765],[-1.516992,54.510771],[-1.516597,54.510864],[-1.516288,54.510938],[-1.515978,54.51099],[-1.51562,54.511031],[-1.515103,54.511097],[-1.514908,54.511135],[-1.514666,54.511168],[-1.514156,54.511227],[-1.513957,54.511277],[-1.513741,54.511331],[-1.513467,54.511393],[-1.513292,54.511419],[-1.513027,54.511459],[-1.512792,54.511507],[-1.512493,54.511583],[-1.512172,54.511675],[-1.512012,54.511725],[-1.511735,54.511815],[-1.511517,54.511897],[-1.51127,54.511969],[-1.511063,54.512037],[-1.510732,54.512153],[-1.510583,54.512206],[-1.510212,54.512305],[-1.509959,54.512381],[-1.509681,54.512472],[-1.509469,54.512558],[-1.509508,54.512666],[-1.509658,54.512766],[-1.510016,54.512923],[-1.510162,54.513022],[-1.510299,54.513144],[-1.510453,54.513274],[-1.510624,54.513373],[-1.510836,54.513467],[-1.511086,54.513575],[-1.511309,54.513706],[-1.511391,54.513838],[-1.51149,54.514079],[-1.511596,54.51436],[-1.511681,54.514563],[-1.511746,54.514736],[-1.511838,54.514823],[-1.511978,54.514995],[-1.51211,54.51518],[-1.512156,54.515297],[-1.512199,54.515433],[-1.51221,54.515558],[-1.512289,54.515752],[-1.512392,54.515911],[-1.512505,54.516058],[-1.512562,54.516155],[-1.51263,54.516291],[-1.512663,54.516333],[-1.51268,54.516353],[-1.512732,54.516418],[-1.512808,54.516479],[-1.512937,54.516605],[-1.512921,54.516723],[-1.512916,54.516817],[-1.512902,54.516958],[-1.512905,54.517006],[-1.512919,54.517133],[-1.512908,54.517316],[-1.51288,54.517401],[-1.512875,54.517478],[-1.512853,54.517583],[-1.51282,54.517747],[-1.512764,54.51789],[-1.512677,54.518],[-1.512635,54.518166],[-1.512571,54.518361],[-1.512503,54.518537],[-1.512466,54.518693],[-1.512455,54.518795],[-1.512431,54.518893],[-1.512384,54.519059],[-1.512337,54.519213],[-1.51227,54.519356],[-1.512248,54.519511],[-1.512335,54.519619],[-1.512221,54.519641],[-1.512072,54.519718],[-1.512177,54.519845],[-1.512154,54.519965],[-1.512094,54.520144],[-1.512053,54.52029],[-1.511985,54.5205],[-1.511949,54.52062],[-1.51195,54.520735],[-1.511909,54.520864],[-1.511665,54.520839],[-1.511237,54.520758],[-1.511022,54.520721],[-1.510806,54.520702],[-1.510626,54.520675],[-1.510219,54.520649],[-1.509997,54.52062],[-1.509724,54.520593],[-1.509476,54.520574],[-1.50927,54.520547],[-1.509054,54.520538],[-1.508716,54.520519],[-1.508462,54.520512],[-1.508185,54.520492],[-1.507904,54.520471],[-1.507666,54.520445],[-1.507412,54.520433],[-1.50709,54.520408],[-1.506603,54.520381],[-1.506261,54.520365],[-1.506045,54.520356],[-1.505781,54.520323],[-1.505541,54.520316],[-1.505225,54.520374],[-1.504995,54.5204],[-1.504822,54.520421],[-1.504465,54.520455],[-1.504239,54.520493],[-1.504048,54.520508],[-1.501892,54.520816],[-1.501281,54.520928],[-1.501105,54.52095],[-1.500899,54.521038],[-1.500749,54.521084],[-1.5005,54.52122],[-1.50058,54.521331],[-1.500796,54.521506],[-1.50095,54.521595],[-1.501168,54.521767],[-1.50137,54.521969],[-1.501468,54.522125],[-1.501551,54.52225],[-1.501659,54.522404],[-1.501683,54.522455],[-1.501728,54.522571],[-1.501728,54.522833],[-1.501735,54.522949],[-1.50175,54.523071],[-1.501773,54.523174],[-1.501831,54.523379],[-1.501859,54.523512],[-1.501878,54.523581],[-1.501944,54.523727],[-1.501942,54.523784],[-1.501951,54.523842],[-1.501966,54.524055],[-1.501992,54.524206],[-1.502014,54.524632],[-1.502006,54.52501],[-1.501988,54.525347],[-1.502023,54.525744],[-1.502047,54.526088],[-1.502119,54.526421],[-1.502179,54.52665],[-1.502318,54.526908],[-1.502375,54.527077],[-1.502576,54.527308],[-1.502697,54.527509],[-1.502846,54.52765],[-1.50303,54.527967],[-1.503001,54.528084],[-1.503048,54.528202],[-1.503044,54.528402],[-1.503111,54.52857],[-1.503057,54.528735],[-1.502915,54.52907],[-1.502805,54.529256],[-1.502717,54.529428],[-1.502621,54.529534],[-1.502489,54.52973],[-1.502584,54.529905],[-1.502597,54.530011],[-1.50259,54.530223],[-1.502617,54.530521],[-1.502665,54.530679],[-1.502726,54.530877],[-1.502807,54.530999],[-1.502951,54.531059],[-1.50317,54.531115],[-1.50346,54.531186],[-1.503682,54.531288],[-1.503885,54.531399],[-1.504055,54.531531],[-1.504161,54.531619],[-1.504269,54.531752],[-1.504345,54.531897],[-1.504389,54.532046],[-1.504448,54.532154],[-1.504447,54.532309],[-1.504477,54.532445],[-1.504502,54.532604],[-1.504645,54.532839],[-1.504919,54.532939],[-1.505079,54.532975],[-1.505412,54.533022],[-1.505445,54.533031],[-1.505872,54.533233],[-1.505939,54.533296],[-1.506047,54.533401],[-1.506211,54.533488],[-1.506349,54.53349],[-1.506558,54.533529],[-1.506571,54.533532],[-1.50665,54.533556],[-1.506728,54.533591],[-1.506846,54.533646],[-1.506878,54.533695],[-1.506914,54.533744],[-1.507256,54.533829],[-1.507529,54.533853],[-1.507626,54.53387],[-1.507869,54.53396],[-1.508034,54.533977],[-1.508251,54.534007],[-1.508597,54.534025],[-1.508714,54.534062],[-1.508837,54.534166],[-1.508961,54.534177],[-1.509118,54.534195],[-1.509409,54.534256],[-1.509583,54.534324],[-1.509692,54.53441],[-1.509773,54.534464],[-1.509979,54.534516],[-1.510116,54.534558],[-1.510306,54.534592],[-1.510499,54.534636],[-1.510629,54.534756],[-1.510776,54.534807],[-1.510949,54.534883],[-1.511146,54.534974],[-1.511285,54.535006],[-1.511405,54.535025],[-1.511522,54.535045],[-1.511685,54.53508],[-1.511804,54.535101],[-1.512054,54.53514],[-1.512263,54.535168],[-1.512569,54.535201],[-1.512845,54.535239],[-1.513006,54.535265],[-1.513437,54.53532],[-1.513541,54.535327],[-1.513923,54.535384],[-1.514056,54.535399],[-1.514239,54.535421],[-1.514595,54.535452],[-1.514763,54.535311],[-1.514872,54.535267],[-1.514978,54.535275],[-1.515266,54.535384],[-1.51536,54.535418],[-1.515697,54.535497],[-1.515852,54.535497],[-1.516254,54.535566],[-1.516601,54.535654],[-1.516654,54.535679],[-1.516468,54.535698],[-1.516342,54.535719],[-1.516124,54.535778],[-1.515927,54.535846],[-1.515794,54.535902],[-1.515659,54.535968],[-1.51547,54.536053],[-1.515288,54.536168],[-1.515265,54.536188],[-1.515199,54.536252],[-1.515094,54.536391],[-1.515027,54.536462],[-1.514938,54.53652],[-1.514536,54.536714],[-1.514128,54.53692],[-1.513984,54.536993],[-1.513507,54.53722],[-1.513379,54.53727],[-1.512991,54.537411],[-1.512914,54.537433],[-1.512805,54.537462],[-1.512678,54.537498],[-1.512437,54.537564],[-1.512081,54.537663],[-1.511808,54.537741],[-1.511397,54.537865],[-1.511289,54.5379],[-1.511093,54.537964],[-1.510907,54.538019],[-1.510754,54.538061],[-1.510534,54.538119],[-1.510326,54.538181],[-1.510186,54.538274],[-1.51013,54.538336],[-1.510085,54.538404],[-1.510012,54.538529],[-1.50994,54.538657],[-1.509884,54.538918],[-1.509874,54.539024],[-1.509836,54.539135],[-1.509815,54.539225],[-1.509857,54.539364],[-1.509939,54.539481],[-1.510045,54.539565],[-1.5102,54.539689],[-1.510346,54.53989],[-1.510438,54.540028],[-1.510545,54.540195],[-1.510568,54.540315],[-1.51057,54.540351],[-1.510612,54.540519],[-1.510717,54.540677],[-1.510779,54.540751],[-1.510807,54.540788],[-1.510867,54.540903],[-1.510909,54.540993],[-1.510922,54.541043],[-1.510953,54.541156],[-1.510999,54.541299],[-1.51101,54.541326],[-1.511045,54.541409],[-1.511126,54.541555],[-1.511146,54.541597],[-1.511159,54.541654],[-1.511162,54.541785],[-1.511121,54.541925],[-1.511053,54.542003],[-1.511019,54.542043],[-1.510914,54.542153],[-1.510788,54.542286],[-1.510743,54.542332],[-1.510538,54.542528],[-1.510397,54.542643],[-1.510284,54.542737],[-1.510191,54.542824],[-1.510111,54.54291],[-1.510023,54.543034],[-1.509975,54.54311],[-1.50992,54.543199],[-1.50985,54.543311],[-1.509781,54.543464],[-1.509785,54.543603],[-1.509801,54.543661],[-1.509874,54.543808],[-1.509981,54.544004],[-1.510131,54.544278],[-1.510188,54.544447],[-1.510244,54.544514],[-1.510262,54.544574],[-1.510353,54.544749],[-1.510392,54.54483],[-1.510482,54.544984],[-1.51056,54.545136],[-1.510579,54.545179],[-1.510617,54.545256],[-1.510636,54.545293],[-1.510649,54.545352],[-1.510652,54.545438],[-1.510634,54.545577],[-1.510422,54.545829],[-1.510435,54.545924],[-1.510474,54.546014],[-1.510498,54.546132],[-1.510501,54.546191],[-1.510487,54.546454],[-1.510484,54.546592],[-1.510494,54.546659],[-1.510506,54.546707],[-1.510505,54.546824],[-1.510441,54.546929],[-1.510363,54.547014],[-1.510263,54.547131],[-1.510107,54.547254],[-1.509848,54.547387],[-1.509282,54.547498],[-1.508628,54.54759],[-1.50746,54.54784],[-1.507251,54.547966],[-1.506654,54.548141],[-1.506369,54.548219],[-1.506141,54.548345],[-1.505819,54.548663],[-1.505675,54.548794],[-1.505481,54.548907],[-1.50529,54.548988],[-1.505143,54.549048],[-1.50499,54.549135],[-1.504875,54.549255],[-1.504658,54.549569],[-1.504655,54.549642],[-1.50487,54.549998],[-1.50483,54.550131],[-1.504581,54.550512],[-1.504423,54.550702],[-1.504153,54.550732],[-1.50385,54.550755],[-1.503783,54.55084],[-1.503778,54.550893],[-1.503927,54.55116],[-1.503882,54.551255],[-1.50365,54.55146],[-1.504247,54.551629],[-1.504926,54.551811],[-1.505806,54.552039],[-1.506314,54.552172],[-1.506823,54.552207],[-1.508089,54.552076],[-1.508586,54.551995],[-1.509108,54.551926],[-1.509622,54.551871],[-1.509989,54.551809],[-1.510287,54.551794],[-1.511803,54.551669],[-1.512155,54.551636],[-1.512387,54.551606],[-1.512493,54.551612],[-1.512764,54.551098],[-1.512952,54.551079],[-1.513116,54.55108],[-1.513574,54.551059],[-1.513864,54.551049],[-1.514145,54.551036],[-1.514338,54.55103],[-1.514578,54.551025],[-1.514759,54.551021],[-1.514934,54.551016],[-1.515091,54.551012],[-1.515228,54.551008],[-1.515502,54.550999],[-1.515611,54.550996],[-1.515857,54.550989],[-1.516019,54.550986],[-1.516278,54.550756],[-1.51625,54.550611],[-1.516221,54.55046],[-1.51621,54.550385],[-1.516475,54.550369],[-1.516907,54.550344],[-1.517149,54.55033],[-1.517308,54.550319],[-1.517507,54.550308],[-1.517571,54.550305],[-1.517716,54.550295],[-1.517889,54.550294],[-1.517957,54.550287],[-1.518059,54.550333],[-1.518137,54.550541],[-1.518527,54.550485],[-1.518737,54.550455],[-1.518993,54.55042],[-1.519512,54.550346],[-1.519886,54.550287],[-1.520083,54.550241],[-1.520247,54.550147],[-1.520308,54.550124],[-1.520464,54.550091],[-1.52061,54.550058],[-1.520734,54.549995],[-1.520834,54.549927],[-1.520931,54.54984],[-1.52109,54.549698],[-1.521127,54.549682],[-1.521176,54.549658],[-1.521376,54.549588],[-1.521503,54.549579],[-1.521623,54.549571],[-1.521798,54.549569],[-1.522245,54.549565],[-1.522395,54.549547],[-1.522563,54.54954],[-1.522656,54.549542],[-1.522732,54.549539],[-1.522787,54.549537],[-1.522999,54.549528],[-1.523082,54.549526],[-1.523364,54.549515],[-1.523585,54.549512],[-1.523942,54.549495],[-1.524082,54.549488],[-1.524298,54.549484],[-1.524463,54.549481],[-1.524675,54.549478],[-1.524848,54.549474],[-1.525156,54.549463],[-1.525182,54.549331],[-1.525224,54.549198],[-1.525275,54.549007],[-1.525307,54.548889],[-1.525509,54.54863],[-1.525662,54.548592],[-1.52584,54.548575],[-1.526046,54.548549],[-1.526148,54.548534],[-1.526347,54.54851],[-1.526461,54.548494],[-1.526643,54.548469],[-1.52692,54.548435],[-1.527134,54.54841],[-1.527484,54.548349],[-1.52775,54.548317],[-1.527981,54.548292],[-1.528059,54.548264],[-1.528211,54.548257],[-1.528438,54.548273],[-1.528793,54.548319],[-1.528739,54.54851],[-1.528703,54.54888],[-1.529433,54.54886],[-1.529897,54.548883],[-1.530844,54.549247],[-1.531572,54.549628],[-1.532469,54.550091],[-1.532656,54.550188],[-1.532969,54.55035],[-1.533289,54.550513],[-1.533395,54.550566],[-1.533847,54.550795],[-1.533983,54.550869],[-1.534172,54.550971],[-1.534717,54.551253],[-1.535119,54.551459],[-1.535482,54.551653],[-1.535634,54.551728],[-1.536142,54.551917],[-1.536708,54.5521],[-1.53749,54.552362],[-1.538088,54.552593],[-1.538337,54.552698],[-1.538486,54.55276],[-1.538634,54.552859],[-1.538632,54.55314],[-1.538624,54.553445],[-1.538609,54.55375],[-1.538602,54.554263],[-1.538561,54.5546],[-1.538965,54.554561],[-1.538949,54.554628],[-1.538695,54.55476],[-1.538493,54.554976],[-1.538541,54.555079],[-1.538579,54.555327],[-1.538589,54.555723],[-1.538597,54.556086],[-1.538619,54.556275],[-1.538627,54.556366],[-1.538695,54.556759],[-1.538732,54.556918],[-1.538778,54.557097],[-1.53883,54.557333],[-1.538837,54.557472],[-1.538836,54.557595],[-1.53883,54.557834],[-1.538843,54.557972],[-1.538942,54.558146],[-1.539033,54.558273],[-1.539092,54.558416],[-1.539145,54.558556],[-1.539194,54.558698],[-1.539329,54.559158],[-1.539834,54.558668],[-1.540021,54.558499],[-1.540046,54.558475],[-1.540148,54.558379],[-1.540298,54.558236],[-1.540454,54.55805],[-1.540652,54.557803],[-1.540776,54.557643],[-1.541013,54.557389],[-1.541211,54.557155],[-1.541352,54.556997],[-1.541506,54.556798],[-1.541658,54.556625],[-1.541786,54.556485],[-1.541989,54.556518],[-1.542695,54.556407],[-1.54282,54.556499],[-1.543021,54.556923],[-1.543193,54.557276],[-1.543505,54.557933],[-1.543684,54.558294],[-1.543765,54.558392],[-1.544004,54.558319],[-1.544332,54.558219],[-1.544638,54.55813],[-1.545039,54.558024],[-1.54527,54.557988],[-1.545587,54.557945],[-1.545782,54.557925],[-1.546239,54.557875],[-1.546419,54.557831],[-1.546739,54.55777],[-1.546925,54.557732],[-1.54765,54.55778],[-1.547924,54.55788],[-1.548051,54.557896],[-1.548201,54.557848],[-1.548295,54.557807],[-1.548475,54.557803],[-1.548754,54.557825],[-1.548953,54.557851],[-1.549244,54.557917],[-1.549553,54.557989],[-1.549713,54.558032],[-1.549839,54.558109],[-1.54993,54.558181],[-1.550097,54.558293],[-1.550279,54.558402],[-1.550452,54.558503],[-1.550935,54.558784],[-1.551377,54.559039],[-1.551561,54.559138],[-1.551736,54.559202],[-1.551977,54.559236],[-1.552523,54.559294],[-1.552798,54.559331],[-1.552962,54.559394],[-1.553057,54.559441],[-1.553313,54.559605],[-1.553518,54.559744],[-1.553665,54.55985],[-1.553803,54.559989],[-1.553957,54.560162],[-1.554054,54.560266],[-1.554161,54.56034],[-1.554422,54.560518],[-1.554917,54.560246],[-1.555395,54.559963],[-1.555689,54.560124],[-1.555878,54.560236],[-1.556099,54.56036],[-1.556347,54.56049],[-1.556788,54.560723],[-1.557112,54.560901],[-1.557212,54.560946],[-1.557594,54.561049],[-1.557891,54.561202],[-1.558244,54.561252],[-1.558533,54.560489],[-1.560155,54.560619],[-1.561114,54.560305],[-1.562701,54.560171],[-1.56253,54.559925],[-1.562287,54.559485],[-1.562076,54.558967],[-1.561581,54.557356],[-1.561439,54.55678],[-1.56124,54.555922],[-1.56095,54.554227],[-1.560763,54.552991],[-1.560931,54.55295],[-1.561378,54.552971],[-1.561828,54.553011],[-1.562508,54.553081],[-1.563282,54.553175],[-1.563919,54.553251],[-1.564568,54.553308],[-1.565407,54.553361],[-1.565576,54.553385],[-1.565516,54.553603],[-1.565578,54.553705],[-1.565787,54.554011],[-1.565869,54.554103],[-1.566096,54.554237],[-1.5663,54.554302],[-1.566549,54.554348],[-1.566771,54.554367],[-1.567013,54.554373],[-1.567501,54.554329],[-1.567642,54.554309],[-1.568123,54.554227],[-1.568485,54.554179],[-1.568671,54.55415],[-1.569133,54.554017],[-1.569239,54.553986],[-1.569462,54.553925],[-1.570119,54.553782],[-1.57035,54.553745],[-1.570598,54.553699],[-1.570806,54.55363],[-1.5711,54.553594],[-1.571573,54.553681],[-1.571833,54.553693],[-1.572059,54.553656],[-1.572255,54.553604],[-1.57248,54.553571],[-1.572713,54.553557],[-1.573367,54.553531],[-1.573944,54.553538],[-1.574301,54.553575],[-1.57432,54.553745],[-1.574302,54.55385],[-1.574304,54.553977],[-1.574284,54.554084],[-1.574277,54.554247],[-1.574503,54.554466],[-1.57473,54.554484],[-1.575122,54.554508],[-1.57555,54.554506],[-1.576024,54.554538],[-1.576241,54.554572],[-1.576535,54.554545],[-1.576757,54.554475],[-1.576966,54.554395],[-1.577195,54.554258],[-1.577769,54.55413],[-1.578019,54.554088],[-1.578313,54.554042],[-1.578494,54.554043],[-1.578701,54.554039],[-1.578862,54.554051],[-1.579015,54.554099],[-1.579082,54.554203],[-1.579419,54.554732],[-1.579717,54.554719],[-1.58019,54.554713],[-1.580634,54.554717],[-1.580781,54.554704],[-1.581168,54.554675],[-1.581378,54.554646],[-1.581559,54.554593],[-1.581645,54.554505],[-1.581561,54.554358],[-1.581523,54.554213],[-1.581647,54.554102],[-1.581819,54.554047],[-1.582056,54.554013],[-1.582285,54.554024],[-1.582447,54.554105],[-1.582617,54.554191],[-1.582707,54.554263],[-1.582829,54.554328],[-1.583005,54.554461],[-1.583215,54.55447],[-1.583419,54.554543],[-1.58359,54.554641],[-1.583763,54.554807],[-1.583846,54.554922],[-1.584155,54.55533],[-1.584173,54.55545],[-1.584267,54.555601],[-1.584403,54.555698],[-1.584522,54.555816],[-1.584608,54.555998],[-1.584679,54.556235],[-1.58473,54.556437],[-1.584733,54.556564],[-1.584743,54.556739],[-1.584723,54.55685],[-1.584685,54.557037],[-1.584651,54.557163],[-1.584636,54.557209],[-1.584585,54.557329],[-1.584558,54.557445],[-1.584537,54.55759],[-1.584514,54.557663],[-1.584487,54.557771],[-1.584436,54.55787],[-1.584374,54.557948],[-1.584283,54.558056],[-1.584223,54.558116],[-1.584609,54.558253],[-1.585164,54.558307],[-1.585686,54.558335],[-1.586106,54.558343],[-1.586403,54.558334],[-1.586789,54.558321],[-1.587135,54.5583],[-1.587585,54.558265],[-1.587826,54.558162],[-1.588057,54.55813],[-1.588297,54.558086],[-1.588555,54.558033],[-1.588639,54.558001],[-1.588475,54.557738],[-1.588461,54.557686],[-1.588542,54.557617],[-1.58861,54.557572],[-1.588782,54.55749],[-1.589032,54.557445],[-1.589314,54.557371],[-1.589586,54.557288],[-1.589733,54.557181],[-1.590017,54.557111],[-1.590441,54.557024],[-1.590878,54.556956],[-1.591101,54.556928],[-1.591414,54.556858],[-1.591576,54.556788],[-1.59168,54.556659],[-1.591688,54.556573],[-1.591702,54.55644],[-1.591778,54.556297],[-1.591925,54.556145],[-1.591996,54.556067],[-1.592211,54.555854],[-1.592613,54.555727],[-1.5929,54.555735],[-1.592804,54.555334],[-1.592949,54.555247],[-1.593108,54.555206],[-1.593331,54.555057],[-1.593528,54.554953],[-1.593651,54.55488],[-1.595553,54.552919],[-1.596592,54.551813],[-1.597759,54.550582],[-1.598351,54.549956],[-1.600546,54.547622],[-1.600771,54.547361],[-1.602865,54.545138],[-1.603932,54.543804],[-1.605719,54.541167],[-1.605155,54.541083],[-1.604981,54.541163],[-1.604676,54.541292],[-1.604355,54.541392],[-1.604124,54.541455],[-1.603791,54.541537],[-1.603431,54.541591],[-1.602958,54.541612],[-1.602601,54.541619],[-1.602626,54.541507],[-1.602607,54.54142],[-1.60257,54.54131],[-1.602564,54.541284],[-1.602522,54.541212],[-1.602486,54.54116],[-1.602481,54.541135],[-1.602476,54.541087],[-1.602472,54.541039],[-1.602484,54.540975],[-1.602438,54.540913],[-1.602315,54.540843],[-1.602159,54.540761],[-1.602114,54.540729],[-1.602077,54.5407],[-1.602062,54.540682],[-1.602039,54.540637],[-1.602048,54.540587],[-1.602062,54.540537],[-1.602081,54.540474],[-1.602098,54.540422],[-1.602096,54.540363],[-1.602091,54.540354],[-1.602034,54.540292],[-1.601913,54.540192],[-1.601897,54.540177],[-1.601844,54.5401],[-1.601825,54.540042],[-1.601808,54.539963],[-1.601799,54.539833],[-1.601789,54.539796],[-1.601822,54.539709],[-1.601846,54.539671],[-1.601762,54.539593],[-1.601687,54.539498],[-1.601717,54.539439],[-1.601811,54.539305],[-1.601849,54.539239],[-1.601878,54.539149],[-1.601805,54.53902],[-1.601805,54.538954],[-1.601778,54.538852],[-1.601716,54.538698],[-1.601716,54.53863],[-1.601708,54.538524],[-1.60161,54.538416],[-1.601351,54.538386],[-1.60127,54.538371],[-1.601177,54.538318],[-1.601145,54.538281],[-1.601104,54.538107],[-1.60127,54.538002],[-1.601356,54.537929],[-1.601365,54.537912],[-1.601346,54.537853],[-1.601312,54.537777],[-1.601255,54.53773],[-1.601108,54.537689],[-1.601087,54.537631],[-1.601054,54.537567],[-1.600875,54.537424],[-1.600787,54.537264],[-1.600783,54.537139],[-1.600862,54.536996],[-1.600935,54.536889],[-1.601105,54.536785],[-1.601129,54.536655],[-1.601003,54.536574],[-1.600924,54.536476],[-1.600816,54.536393],[-1.600565,54.536352],[-1.600369,54.536348],[-1.600188,54.53637],[-1.600017,54.536345],[-1.599803,54.536313],[-1.599655,54.536279],[-1.599465,54.536092],[-1.599499,54.535931],[-1.599657,54.535825],[-1.599581,54.535683],[-1.599511,54.535574],[-1.599709,54.535494],[-1.599648,54.535425],[-1.599513,54.535302],[-1.599369,54.535247],[-1.59919,54.535229],[-1.599078,54.535275],[-1.599048,54.535295],[-1.598949,54.535389],[-1.598806,54.535429],[-1.598649,54.535426],[-1.598437,54.53539],[-1.598288,54.535343],[-1.59805,54.535269],[-1.597853,54.535179],[-1.597198,54.534939],[-1.596282,54.534609],[-1.596123,54.534514],[-1.596035,54.534437],[-1.595955,54.53434],[-1.59588,54.534239],[-1.595765,54.534072],[-1.595705,54.53397],[-1.595678,54.533792],[-1.595711,54.533659],[-1.595828,54.533433],[-1.595868,54.533354],[-1.595917,54.533255],[-1.59601,54.533088],[-1.596025,54.533025],[-1.596024,54.5329],[-1.596024,54.53275],[-1.596001,54.532598],[-1.595972,54.532505],[-1.595941,54.532448],[-1.595893,54.532387],[-1.595713,54.532229],[-1.595534,54.532009],[-1.59535,54.531761],[-1.595285,54.531681],[-1.59521,54.531589],[-1.595108,54.53147],[-1.595026,54.531351],[-1.594947,54.531193],[-1.594913,54.531106],[-1.594865,54.530946],[-1.594831,54.530806],[-1.594779,54.530512],[-1.594737,54.530275],[-1.59473,54.530242],[-1.594715,54.530116],[-1.594708,54.529992],[-1.594731,54.529919],[-1.594804,54.529786],[-1.594962,54.529575],[-1.595039,54.529474],[-1.595211,54.529265],[-1.595316,54.529176],[-1.595584,54.529021],[-1.59585,54.52889],[-1.595973,54.528837],[-1.59638,54.528686],[-1.596614,54.528586],[-1.596839,54.528476],[-1.596994,54.528384],[-1.597088,54.528305],[-1.597201,54.528194],[-1.59739,54.528041],[-1.597545,54.52797],[-1.597643,54.527961],[-1.597832,54.527977],[-1.598198,54.527922],[-1.598328,54.527889],[-1.598523,54.527838],[-1.598609,54.52781],[-1.598733,54.527764],[-1.598958,54.52765],[-1.599627,54.527254],[-1.599964,54.527056],[-1.600153,54.52695],[-1.600422,54.526844],[-1.600628,54.526759],[-1.600873,54.526745],[-1.601031,54.526717],[-1.60119,54.526682],[-1.601295,54.526645],[-1.601407,54.526591],[-1.601505,54.526558],[-1.601657,54.526532],[-1.601848,54.526519],[-1.602007,54.526472],[-1.602048,54.526439],[-1.602076,54.526403],[-1.602128,54.526302],[-1.60215,54.526245],[-1.602184,54.526143],[-1.602205,54.52601],[-1.602211,54.525912],[-1.602341,54.525814],[-1.602697,54.525633],[-1.603147,54.525451],[-1.603304,54.525352],[-1.603514,54.525256],[-1.603634,54.525215],[-1.603832,54.52524],[-1.603986,54.525294],[-1.604044,54.525314],[-1.604179,54.525335],[-1.604325,54.525337],[-1.604727,54.525341],[-1.605054,54.525377],[-1.605267,54.5254],[-1.605652,54.525422],[-1.60592,54.525425],[-1.606227,54.525414],[-1.606475,54.525394],[-1.606705,54.525276],[-1.606935,54.525155],[-1.607108,54.525006],[-1.607174,54.52497],[-1.607342,54.524842],[-1.60734,54.524694],[-1.607296,54.524482],[-1.607286,54.524374],[-1.607248,54.524267],[-1.607085,54.524134],[-1.606889,54.52399],[-1.606674,54.523776],[-1.606577,54.523669],[-1.60646,54.523514],[-1.606318,54.523334],[-1.606244,54.523259],[-1.606204,54.523173],[-1.606164,54.52306],[-1.606171,54.522933],[-1.606185,54.52282],[-1.606195,54.522672],[-1.606241,54.52253],[-1.60631,54.522447],[-1.606393,54.522361],[-1.606465,54.522237],[-1.606535,54.522096],[-1.606665,54.521929],[-1.606711,54.521874],[-1.606758,54.521808],[-1.606881,54.521686],[-1.607068,54.521505],[-1.607235,54.521367],[-1.607389,54.52126],[-1.607573,54.521173],[-1.607596,54.521085],[-1.607644,54.520891],[-1.607753,54.520759],[-1.607711,54.520617],[-1.607763,54.520529],[-1.607813,54.520439],[-1.607849,54.520332],[-1.607944,54.520218],[-1.607986,54.520141],[-1.607909,54.51999],[-1.608629,54.519814],[-1.609916,54.519855],[-1.610538,54.519846],[-1.611496,54.519708],[-1.611788,54.519635],[-1.612325,54.519515],[-1.61267,54.519416],[-1.613024,54.519273],[-1.613277,54.519182],[-1.613458,54.519095],[-1.61375,54.518922],[-1.614279,54.51856],[-1.614408,54.518465],[-1.615042,54.517984],[-1.615402,54.517683],[-1.615695,54.517438],[-1.616371,54.516888],[-1.617154,54.516304],[-1.619659,54.515198],[-1.62156,54.514626],[-1.62371,54.514155],[-1.624468,54.514013],[-1.626621,54.513667],[-1.629412,54.51374],[-1.630743,54.513858],[-1.632407,54.514123],[-1.633445,54.51455],[-1.634319,54.515052],[-1.634581,54.515171],[-1.635293,54.515288],[-1.636534,54.515791],[-1.638223,54.516508],[-1.638453,54.516657],[-1.638628,54.516945],[-1.638607,54.517169],[-1.638461,54.517378],[-1.638003,54.517656],[-1.637856,54.517683],[-1.637613,54.517675],[-1.63632,54.517619],[-1.634955,54.517423],[-1.634156,54.517371],[-1.633728,54.517403],[-1.632825,54.517565],[-1.632378,54.51772],[-1.631881,54.518013],[-1.631245,54.518805],[-1.631113,54.520557],[-1.630527,54.521714],[-1.630229,54.522185],[-1.630157,54.522732],[-1.630382,54.523423],[-1.630628,54.523764],[-1.63146,54.524535],[-1.632533,54.52539],[-1.633991,54.525712],[-1.635205,54.525779],[-1.637255,54.525631],[-1.638739,54.525469],[-1.639682,54.525273],[-1.641094,54.524818],[-1.642094,54.524559],[-1.643321,54.524324],[-1.645485,54.524098],[-1.646665,54.524056],[-1.648955,54.523948],[-1.650941,54.524],[-1.653111,54.524506],[-1.653713,54.524783],[-1.654766,54.525389],[-1.655364,54.525993],[-1.655468,54.526232],[-1.655354,54.528064],[-1.654557,54.528905],[-1.654075,54.529417],[-1.653608,54.529909],[-1.653407,54.530457],[-1.653431,54.531373],[-1.653471,54.531686],[-1.653674,54.532231],[-1.653884,54.5327],[-1.654309,54.533107],[-1.654436,54.533222],[-1.654692,54.533416],[-1.655025,54.533736],[-1.6552,54.533893],[-1.656373,54.534445],[-1.658561,54.534961],[-1.660774,54.535228],[-1.661222,54.535268],[-1.662139,54.535305],[-1.663311,54.535401],[-1.665139,54.535465],[-1.666506,54.535406],[-1.668631,54.535313],[-1.670261,54.535258],[-1.671794,54.535222],[-1.672427,54.535106],[-1.673431,54.534844],[-1.674139,54.534661],[-1.674742,54.534559],[-1.676229,54.534206],[-1.67681,54.533879],[-1.677733,54.533493],[-1.678791,54.533287],[-1.680199,54.533195],[-1.681853,54.533296],[-1.683762,54.533922],[-1.685277,54.534471],[-1.687227,54.535086],[-1.688616,54.535358],[-1.68915,54.535417],[-1.690942,54.535579],[-1.695604,54.536843],[-1.69608,54.538948],[-1.696523,54.539881],[-1.696959,54.540661],[-1.696458,54.540605],[-1.696882,54.542086],[-1.697123,54.543349],[-1.697972,54.544186],[-1.699004,54.544214],[-1.701321,54.54472],[-1.702348,54.545497],[-1.702867,54.545916],[-1.702968,54.546298],[-1.703068,54.547436],[-1.703298,54.54887],[-1.702374,54.550577],[-1.701067,54.550221],[-1.699901,54.549854],[-1.698839,54.55074],[-1.698215,54.552216],[-1.699481,54.552766],[-1.699154,54.553585],[-1.69678,54.554778],[-1.694358,54.555435],[-1.692579,54.55516],[-1.69188,54.555207],[-1.689767,54.555172],[-1.690718,54.556191],[-1.692008,54.55629],[-1.693258,54.556545],[-1.693547,54.556766],[-1.693716,54.55686],[-1.694328,54.557073],[-1.694375,54.557141],[-1.694631,54.557499],[-1.694791,54.557596],[-1.695679,54.557772],[-1.696253,54.557898],[-1.697175,54.558066],[-1.698574,54.55806],[-1.698795,54.557989],[-1.69902,54.558017],[-1.69959,54.558087],[-1.700099,54.558114],[-1.700548,54.558249],[-1.700808,54.55835],[-1.701021,54.55842],[-1.701352,54.558437],[-1.702447,54.559065],[-1.704364,54.560625],[-1.704243,54.560938],[-1.70416,54.56122],[-1.704022,54.561518],[-1.704368,54.562196],[-1.704964,54.562597],[-1.705397,54.562604],[-1.705763,54.562854],[-1.706364,54.563029],[-1.707741,54.563101],[-1.708,54.564087],[-1.708176,54.564858],[-1.70804,54.565851],[-1.70785,54.566176],[-1.706854,54.567327],[-1.706464,54.567973],[-1.706449,54.569166],[-1.705093,54.570274],[-1.704548,54.570764],[-1.703563,54.571512],[-1.703093,54.572434],[-1.703332,54.572996],[-1.703715,54.573341],[-1.703768,54.573397],[-1.703864,54.573548],[-1.703908,54.573629],[-1.704172,54.573644],[-1.704373,54.573646],[-1.704794,54.57373],[-1.705293,54.573746],[-1.705609,54.573762],[-1.706546,54.573876],[-1.70734,54.573975],[-1.706322,54.575352],[-1.705646,54.576181],[-1.704736,54.577432],[-1.704293,54.578037],[-1.704128,54.578216],[-1.702677,54.577979],[-1.702124,54.578587],[-1.701631,54.579798],[-1.701416,54.580836],[-1.700447,54.581557],[-1.699165,54.582007],[-1.698688,54.583059],[-1.698634,54.583683],[-1.698217,54.584243],[-1.697482,54.58443],[-1.695627,54.584467],[-1.693875,54.584771],[-1.692827,54.584916],[-1.692303,54.584959],[-1.692083,54.585467],[-1.692145,54.585868],[-1.692283,54.586495],[-1.691961,54.586727],[-1.687128,54.586283],[-1.683529,54.585943],[-1.681175,54.585819],[-1.677837,54.58583],[-1.677936,54.587084],[-1.678176,54.588808],[-1.678395,54.590214],[-1.678808,54.593067],[-1.678908,54.594266],[-1.67907,54.597098],[-1.679056,54.597798],[-1.67917,54.598027],[-1.678994,54.60101],[-1.678991,54.602382],[-1.679033,54.605374],[-1.679209,54.606367],[-1.679445,54.6067],[-1.679803,54.607098],[-1.680264,54.607751],[-1.679808,54.608164],[-1.679492,54.608632],[-1.679854,54.611683],[-1.680099,54.613066],[-1.68023,54.614227],[-1.680581,54.615585],[-1.680858,54.617639],[-1.678692,54.617641],[-1.677182,54.617699],[-1.676501,54.61766],[-1.672873,54.617381],[-1.671911,54.617283],[-1.67063,54.616953],[-1.668946,54.616768],[-1.666244,54.616179],[-1.664982,54.615993],[-1.664663,54.615974],[-1.663866,54.615765],[-1.662724,54.615563],[-1.662125,54.615481],[-1.661366,54.615465],[-1.660798,54.615722],[-1.660014,54.615709],[-1.659249,54.615539],[-1.657463,54.615422],[-1.6558,54.615358],[-1.654719,54.615616],[-1.652674,54.616422],[-1.650823,54.616787],[-1.649193,54.617238],[-1.647556,54.617873],[-1.646537,54.618106],[-1.643717,54.618656],[-1.643258,54.618807],[-1.640126,54.619225],[-1.639912,54.618728],[-1.639394,54.617678],[-1.639197,54.617268],[-1.636644,54.61709],[-1.636107,54.617005],[-1.635957,54.616549],[-1.632523,54.616033],[-1.631169,54.615996],[-1.63002,54.616285],[-1.628559,54.61831],[-1.626799,54.618313],[-1.624251,54.61844],[-1.622289,54.61849],[-1.621374,54.618841],[-1.616932,54.619035],[-1.617159,54.619372],[-1.617252,54.619571],[-1.617533,54.6197],[-1.617577,54.619741],[-1.617607,54.619913],[-1.617672,54.619971],[-1.617866,54.620131],[-1.617815,54.620334],[-1.617833,54.620589],[-1.617736,54.620995],[-1.617755,54.622004],[-1.61766,54.622669],[-1.617573,54.622914],[-1.617504,54.623097],[-1.617315,54.623785],[-1.617137,54.624235],[-1.616982,54.624663],[-1.616898,54.624811],[-1.616648,54.62529],[-1.61652,54.625602],[-1.615923,54.626777],[-1.615836,54.626999],[-1.615586,54.627653],[-1.615606,54.628022],[-1.615445,54.628272],[-1.615401,54.628571],[-1.615376,54.628845],[-1.615218,54.629129],[-1.615101,54.62965],[-1.615071,54.629954],[-1.615035,54.630583],[-1.61464,54.631567],[-1.614623,54.631668],[-1.614471,54.632037],[-1.614324,54.632709],[-1.613683,54.633032],[-1.613149,54.633538],[-1.612982,54.633689],[-1.612714,54.633921],[-1.612619,54.634075],[-1.612211,54.634518],[-1.612086,54.634777],[-1.6118,54.635729],[-1.61174,54.636315],[-1.611539,54.637212],[-1.611131,54.63871],[-1.610925,54.63898],[-1.610578,54.6389],[-1.610081,54.638821],[-1.608182,54.638728],[-1.605794,54.638724],[-1.605228,54.638724],[-1.604798,54.638693],[-1.604379,54.638915],[-1.604258,54.639291],[-1.604027,54.640004],[-1.603852,54.640484],[-1.603635,54.640859],[-1.603398,54.641043],[-1.603305,54.641563],[-1.603376,54.642003],[-1.603569,54.643098],[-1.605373,54.643313],[-1.607239,54.643417],[-1.609861,54.643528],[-1.609679,54.644421],[-1.609516,54.64559],[-1.609216,54.646609],[-1.609129,54.647293],[-1.60909,54.647639],[-1.609215,54.648177],[-1.609135,54.648355],[-1.608793,54.649484],[-1.608785,54.649813],[-1.60867,54.650409],[-1.608633,54.650645],[-1.608494,54.65097],[-1.608527,54.651332],[-1.608544,54.652044],[-1.608508,54.652523],[-1.60841,54.652876],[-1.608564,54.654005],[-1.608735,54.65474],[-1.608652,54.654932],[-1.608358,54.655619],[-1.608316,54.655731],[-1.608133,54.657079],[-1.608064,54.657424],[-1.607985,54.657707],[-1.607906,54.657929],[-1.607498,54.657758],[-1.606748,54.6576],[-1.605796,54.657303],[-1.605188,54.657156],[-1.604467,54.657048],[-1.604308,54.657044],[-1.602889,54.65719],[-1.601335,54.657284],[-1.600072,54.657346],[-1.598018,54.657331],[-1.597029,54.657095],[-1.596113,54.656952],[-1.595455,54.657025],[-1.594169,54.657017],[-1.592446,54.656631],[-1.592105,54.656426],[-1.591798,54.656358],[-1.591768,54.656247],[-1.591857,54.655856],[-1.591817,54.655686],[-1.591034,54.655649],[-1.590782,54.655675],[-1.58984,54.655884],[-1.589205,54.656127],[-1.588889,54.656246],[-1.58866,54.656328],[-1.588436,54.656418],[-1.588195,54.656472],[-1.587926,54.65649],[-1.58746,54.656477],[-1.58736,54.656467],[-1.587069,54.656379],[-1.586205,54.656113],[-1.585547,54.656089],[-1.584796,54.65612],[-1.583295,54.656143],[-1.582669,54.656172],[-1.582235,54.65639],[-1.582002,54.656454],[-1.581812,54.656465],[-1.58153,54.65642],[-1.581221,54.656319],[-1.580753,54.656083],[-1.580191,54.656076],[-1.579548,54.656122],[-1.579095,54.65615],[-1.578861,54.656232],[-1.578721,54.656395],[-1.578839,54.656804],[-1.578726,54.657179],[-1.578601,54.657336],[-1.578517,54.657417],[-1.57787,54.657892],[-1.577722,54.657952],[-1.57738,54.658002],[-1.576156,54.657957],[-1.575607,54.657858],[-1.574953,54.657866],[-1.5745,54.658004],[-1.573418,54.658044],[-1.572875,54.657823],[-1.572686,54.657803],[-1.572484,54.657798],[-1.572334,54.657711],[-1.572259,54.657635],[-1.571715,54.657498],[-1.571218,54.657439],[-1.570965,54.657417],[-1.570439,54.657395],[-1.569953,54.657165],[-1.569695,54.657146],[-1.569516,54.657227],[-1.569491,54.657554],[-1.569279,54.657937],[-1.56901,54.658136],[-1.568972,54.658282],[-1.569117,54.658353],[-1.569094,54.658631],[-1.569127,54.658757],[-1.569451,54.658814],[-1.569573,54.658862],[-1.56963,54.658902],[-1.56972,54.65908],[-1.570076,54.659379],[-1.570393,54.659638],[-1.570792,54.659925],[-1.571579,54.660271],[-1.571774,54.660309],[-1.571993,54.660261],[-1.572102,54.660288],[-1.572044,54.66042],[-1.572057,54.660532],[-1.572269,54.660721],[-1.572397,54.660756],[-1.572642,54.660742],[-1.573069,54.660774],[-1.573598,54.660884],[-1.573958,54.661507],[-1.574228,54.661765],[-1.574349,54.661891],[-1.574633,54.662027],[-1.574725,54.662107],[-1.574981,54.662262],[-1.575466,54.662504],[-1.575509,54.662584],[-1.575455,54.662665],[-1.575374,54.662792],[-1.575459,54.662909],[-1.575801,54.662875],[-1.576219,54.662944],[-1.576731,54.663314],[-1.576913,54.663433],[-1.577153,54.663424],[-1.577283,54.663542],[-1.577314,54.663657],[-1.57706,54.663856],[-1.576989,54.664002],[-1.577143,54.664091],[-1.577097,54.664231],[-1.577163,54.664504],[-1.577071,54.664584],[-1.57701,54.664681],[-1.576771,54.664849],[-1.576641,54.665027],[-1.576608,54.665159],[-1.576745,54.66536],[-1.576701,54.665695],[-1.576069,54.666085],[-1.575707,54.666209],[-1.575281,54.666521],[-1.575142,54.666877],[-1.574966,54.667109],[-1.574324,54.667881],[-1.574284,54.66873],[-1.574189,54.669188],[-1.573726,54.669582],[-1.571642,54.670521],[-1.570515,54.670866],[-1.568883,54.671479],[-1.568116,54.671841],[-1.567474,54.672183],[-1.567794,54.672512],[-1.568207,54.672873],[-1.568958,54.67371],[-1.569667,54.674388],[-1.570904,54.675715],[-1.571017,54.675856],[-1.571527,54.676469],[-1.571714,54.676594],[-1.5711,54.676621],[-1.569201,54.676303],[-1.570297,54.677376],[-1.571153,54.678066],[-1.572735,54.679504],[-1.573515,54.680116],[-1.575698,54.681422],[-1.57701,54.682105],[-1.57768,54.682358],[-1.580646,54.683382],[-1.580785,54.683727],[-1.580572,54.683992],[-1.580405,54.684192],[-1.579959,54.68489],[-1.579893,54.685113],[-1.579873,54.685631],[-1.580258,54.686657],[-1.580061,54.68785],[-1.579992,54.68855],[-1.579902,54.68882],[-1.579799,54.689606],[-1.579732,54.689878],[-1.579708,54.690251],[-1.579357,54.691131],[-1.579626,54.692121],[-1.579811,54.693136],[-1.580588,54.695313],[-1.581059,54.696271],[-1.581086,54.696386],[-1.580482,54.696873],[-1.578004,54.696763],[-1.576861,54.69679],[-1.575169,54.696858],[-1.572103,54.696554],[-1.566912,54.6964],[-1.563087,54.696386],[-1.561351,54.696492],[-1.5608,54.696718],[-1.561072,54.697609],[-1.563414,54.701302],[-1.564041,54.702337],[-1.564209,54.702942],[-1.564373,54.704447],[-1.56327,54.704812],[-1.563408,54.705429],[-1.560441,54.70545],[-1.556843,54.705655],[-1.554218,54.705982],[-1.552093,54.706283],[-1.551996,54.706425],[-1.550785,54.706606],[-1.550246,54.706671],[-1.548494,54.7068],[-1.548064,54.706898],[-1.547797,54.706964],[-1.546818,54.706975],[-1.546199,54.70704],[-1.543163,54.707541],[-1.541612,54.70778],[-1.537967,54.708342],[-1.537384,54.708481],[-1.537225,54.708518],[-1.536956,54.708582],[-1.535624,54.708911],[-1.535095,54.709057],[-1.53506,54.709067],[-1.534333,54.709279],[-1.533671,54.70941],[-1.533403,54.709601],[-1.533836,54.709928],[-1.534236,54.710539],[-1.534338,54.710624],[-1.534428,54.710689],[-1.534374,54.710858],[-1.533852,54.711457],[-1.533507,54.711751],[-1.53281,54.711904],[-1.532597,54.712134],[-1.532203,54.71257],[-1.532571,54.71302],[-1.532734,54.713252],[-1.53256,54.713369],[-1.532114,54.713552],[-1.531349,54.713346],[-1.531089,54.713294],[-1.529972,54.712923],[-1.529539,54.712915],[-1.529193,54.712833],[-1.528994,54.712865],[-1.528511,54.713094],[-1.527477,54.71385],[-1.526946,54.713853],[-1.525298,54.713922],[-1.522065,54.714119],[-1.519542,54.714191],[-1.51917,54.714161],[-1.518,54.713823],[-1.517289,54.713422],[-1.516948,54.713098],[-1.516653,54.71262],[-1.516571,54.712438],[-1.516553,54.712195],[-1.516661,54.711893],[-1.516766,54.71162],[-1.517689,54.710916],[-1.520334,54.709038],[-1.520391,54.708612],[-1.519705,54.708912],[-1.519578,54.708889],[-1.519314,54.70865],[-1.518859,54.70833],[-1.518607,54.708134],[-1.518506,54.708121],[-1.5183,54.708157],[-1.518238,54.708136],[-1.518119,54.70785],[-1.518063,54.707794],[-1.517985,54.707788],[-1.517788,54.707843],[-1.517681,54.707821],[-1.517628,54.707704],[-1.517645,54.707663],[-1.517617,54.707627],[-1.517432,54.70766],[-1.517303,54.707662],[-1.517252,54.707643],[-1.517193,54.707547],[-1.517266,54.707508],[-1.517507,54.707345],[-1.5174,54.707253],[-1.517232,54.707221],[-1.516886,54.707306],[-1.5167,54.70746],[-1.516624,54.707475],[-1.516371,54.707447],[-1.515634,54.707546],[-1.515279,54.707617],[-1.515094,54.70762],[-1.514972,54.707506],[-1.51495,54.707469],[-1.514772,54.707378],[-1.51466,54.707373],[-1.5146,54.707408],[-1.514594,54.707506],[-1.51471,54.707571],[-1.51463,54.707647],[-1.514352,54.707638],[-1.514244,54.707543],[-1.513981,54.707515],[-1.51374,54.707475],[-1.513361,54.707363],[-1.512503,54.707062],[-1.512239,54.707017],[-1.512209,54.706967],[-1.512237,54.706855],[-1.512123,54.706737],[-1.512018,54.706725],[-1.511719,54.706829],[-1.511411,54.706985],[-1.511027,54.707042],[-1.510638,54.707003],[-1.510353,54.706994],[-1.510085,54.70701],[-1.509953,54.707046],[-1.509815,54.707147],[-1.509845,54.707383],[-1.509948,54.707596],[-1.509784,54.707645],[-1.50944,54.707614],[-1.509247,54.707636],[-1.508921,54.707772],[-1.508516,54.707989],[-1.508183,54.708092],[-1.50786,54.708137],[-1.506519,54.708176],[-1.506347,54.708176],[-1.505682,54.708144],[-1.504631,54.70804],[-1.503196,54.707881],[-1.502302,54.707683],[-1.500739,54.70761],[-1.500372,54.707665],[-1.499993,54.70775],[-1.499536,54.707967],[-1.498629,54.70834],[-1.498403,54.708318],[-1.498426,54.708222],[-1.498685,54.707906],[-1.498687,54.70784],[-1.498631,54.707796],[-1.498467,54.707788],[-1.497947,54.707918],[-1.497837,54.707934],[-1.497663,54.707933],[-1.49737,54.707878],[-1.497036,54.707768],[-1.496596,54.707729],[-1.495496,54.707716],[-1.494348,54.707749],[-1.494049,54.707797],[-1.492697,54.70808],[-1.492218,54.707934],[-1.4919,54.707623],[-1.491777,54.707533],[-1.491065,54.707291],[-1.489956,54.706794],[-1.489132,54.706307],[-1.487942,54.70558],[-1.487475,54.705295],[-1.486453,54.704745],[-1.48527,54.70414],[-1.484461,54.703829],[-1.482877,54.703261],[-1.482131,54.702978],[-1.481613,54.702606],[-1.478368,54.700976],[-1.477306,54.700457],[-1.476861,54.700279],[-1.475219,54.699856],[-1.472232,54.699145],[-1.471872,54.699023],[-1.471007,54.698725],[-1.467838,54.697979],[-1.466014,54.69767],[-1.46458,54.697506],[-1.463685,54.697464],[-1.462853,54.697471],[-1.461517,54.697451],[-1.460233,54.697413],[-1.459346,54.697398],[-1.458332,54.69742],[-1.45759,54.697613],[-1.456876,54.697732],[-1.455909,54.697841],[-1.455304,54.697849],[-1.453947,54.697992],[-1.453506,54.69803],[-1.452686,54.698209],[-1.452068,54.698343],[-1.451041,54.6984],[-1.450011,54.698353],[-1.4497,54.698369],[-1.448426,54.698502],[-1.446786,54.698758],[-1.447492,54.700353],[-1.447495,54.700692],[-1.447536,54.700937],[-1.447887,54.702396],[-1.447998,54.703162],[-1.448524,54.705338],[-1.44889,54.706451],[-1.449061,54.707176],[-1.450123,54.70728],[-1.451133,54.70722],[-1.451909,54.707846],[-1.452465,54.708958],[-1.45108,54.709459],[-1.449737,54.709606],[-1.448866,54.709803],[-1.448121,54.710062],[-1.447413,54.710245],[-1.44625,54.710411],[-1.444146,54.710457],[-1.44241,54.710486],[-1.441551,54.710551],[-1.440589,54.710782],[-1.439621,54.711078],[-1.438134,54.711647],[-1.437825,54.711883],[-1.437591,54.712193],[-1.437542,54.712346],[-1.437578,54.713041],[-1.437746,54.713273],[-1.438125,54.713833],[-1.437893,54.714112],[-1.437689,54.714254],[-1.437209,54.714473],[-1.435709,54.714699],[-1.4332,54.715063],[-1.433336,54.715482],[-1.433407,54.715932],[-1.433594,54.71687],[-1.433436,54.718332],[-1.431672,54.718389],[-1.431318,54.718346],[-1.430881,54.718181],[-1.430409,54.718057],[-1.430337,54.71869],[-1.429653,54.719096],[-1.42882,54.719282],[-1.42791,54.719518],[-1.42726,54.720277],[-1.427224,54.721719],[-1.427258,54.722631],[-1.42729,54.724395],[-1.42731,54.725023],[-1.427242,54.725893],[-1.427311,54.726803],[-1.427292,54.727501],[-1.42752,54.728133],[-1.427691,54.728587],[-1.427831,54.729433],[-1.428184,54.730427],[-1.428666,54.731464],[-1.429163,54.732482],[-1.429474,54.732535],[-1.429979,54.732548],[-1.430507,54.732487],[-1.430863,54.73254],[-1.431421,54.732591],[-1.432055,54.732842],[-1.433099,54.732812],[-1.433948,54.732707],[-1.43457,54.73274],[-1.435094,54.732711],[-1.436059,54.732587],[-1.436303,54.732154],[-1.437338,54.732254],[-1.438887,54.732611],[-1.439894,54.732769],[-1.442535,54.732837],[-1.443187,54.732857],[-1.444037,54.73302],[-1.445069,54.733624],[-1.445442,54.733948],[-1.445594,54.734165],[-1.44667,54.734081],[-1.447455,54.733914],[-1.449662,54.733355],[-1.451196,54.732902],[-1.451482,54.732862],[-1.452081,54.732837],[-1.455001,54.733175],[-1.458333,54.73363],[-1.459601,54.733892],[-1.461025,54.734286],[-1.461234,54.734439],[-1.463384,54.736606],[-1.463091,54.737552],[-1.462797,54.737632],[-1.462571,54.737691],[-1.461386,54.737982],[-1.4602,54.738134],[-1.459681,54.738224],[-1.458976,54.738401],[-1.458432,54.738519],[-1.457675,54.738686],[-1.456671,54.73898],[-1.456953,54.739305],[-1.457342,54.740592],[-1.457411,54.741014],[-1.457462,54.741239],[-1.457635,54.741868],[-1.457861,54.742882],[-1.457511,54.744067],[-1.457373,54.744464],[-1.457082,54.744922],[-1.456457,54.745489],[-1.455989,54.74607],[-1.455034,54.746856],[-1.454792,54.747073],[-1.454649,54.747266],[-1.454561,54.747321],[-1.454339,54.747406],[-1.454048,54.747423],[-1.453303,54.747485],[-1.452532,54.747741],[-1.451904,54.748058],[-1.451156,54.748479],[-1.450138,54.748847],[-1.449618,54.748992],[-1.449316,54.749062],[-1.448583,54.749242],[-1.448168,54.749354],[-1.447494,54.749541],[-1.447067,54.749685],[-1.446483,54.750071],[-1.446153,54.750263],[-1.445955,54.750391],[-1.445874,54.750514],[-1.445614,54.750894],[-1.445478,54.75113],[-1.445346,54.751303],[-1.445229,54.751434],[-1.445029,54.751632],[-1.444863,54.751756],[-1.444462,54.751951],[-1.444114,54.752069],[-1.443967,54.752148],[-1.44361,54.752447],[-1.443369,54.752763],[-1.44305,54.753042],[-1.442838,54.753065],[-1.442601,54.753155],[-1.442363,54.753288],[-1.442242,54.753404],[-1.442042,54.75366],[-1.441608,54.753912],[-1.440699,54.75426],[-1.440203,54.754436],[-1.439827,54.754637],[-1.439277,54.754821],[-1.438657,54.754997],[-1.437693,54.755214],[-1.437228,54.755325],[-1.436898,54.755404],[-1.436691,54.75545],[-1.436482,54.755461],[-1.436416,54.755473],[-1.436387,54.755479],[-1.436193,54.755555],[-1.436125,54.755608],[-1.43605,54.755658],[-1.435974,54.755682],[-1.435587,54.755799],[-1.435541,54.755865],[-1.435065,54.75608],[-1.43427,54.756192],[-1.433419,54.756152],[-1.432719,54.756183],[-1.43251,54.756172],[-1.432071,54.75604],[-1.431459,54.755853],[-1.431246,54.755838],[-1.431068,54.755737],[-1.431026,54.755582],[-1.430871,54.755423],[-1.43061,54.755252],[-1.430068,54.754907],[-1.429807,54.754824],[-1.42955,54.754767],[-1.429351,54.754735],[-1.428512,54.754588],[-1.428073,54.754505],[-1.427407,54.754488],[-1.426945,54.754446],[-1.42639,54.754386],[-1.425598,54.754379],[-1.424398,54.754235],[-1.423493,54.754106],[-1.42222,54.753912],[-1.419899,54.753568],[-1.419325,54.753452],[-1.416993,54.752601],[-1.414546,54.751769],[-1.414323,54.751852],[-1.414192,54.752003],[-1.414149,54.752167],[-1.414221,54.752472],[-1.413989,54.752499],[-1.413192,54.752427],[-1.412594,54.752325],[-1.412109,54.752215],[-1.4107,54.752476],[-1.408262,54.752759],[-1.406943,54.752911],[-1.405645,54.752883],[-1.404319,54.75275],[-1.403593,54.75263],[-1.401453,54.752119],[-1.400366,54.751875],[-1.400016,54.751796],[-1.39876,54.751492],[-1.397056,54.751073],[-1.395207,54.750635],[-1.393491,54.750461],[-1.393139,54.750472],[-1.392754,54.750624],[-1.392387,54.75057],[-1.392163,54.750579],[-1.391889,54.750676],[-1.391762,54.750768],[-1.391435,54.750824],[-1.390607,54.750585],[-1.39004,54.75095],[-1.3899,54.751144],[-1.389926,54.751313],[-1.389844,54.751392],[-1.389654,54.751438],[-1.389347,54.751409],[-1.389051,54.751597],[-1.388594,54.751588],[-1.388238,54.751646],[-1.388176,54.751434],[-1.387849,54.750948],[-1.387671,54.750626],[-1.387677,54.750212],[-1.387608,54.749222],[-1.387616,54.748494],[-1.387576,54.748026],[-1.387465,54.747596],[-1.387459,54.747229],[-1.387574,54.746956],[-1.388033,54.74566],[-1.388066,54.744633],[-1.388089,54.744404],[-1.388047,54.744345],[-1.38773,54.744249],[-1.386302,54.743989],[-1.385283,54.74376],[-1.384693,54.743571],[-1.383987,54.743263],[-1.383583,54.743144],[-1.383018,54.743025],[-1.382551,54.742914],[-1.381961,54.742773],[-1.381554,54.742625],[-1.380118,54.742193],[-1.379411,54.742016],[-1.378612,54.74178],[-1.378003,54.741659],[-1.377278,54.741596],[-1.376611,54.741505],[-1.376088,54.741457],[-1.375026,54.741421],[-1.374511,54.741424],[-1.374074,54.741218],[-1.373585,54.740776],[-1.373172,54.740389],[-1.37263,54.739983],[-1.372307,54.739696],[-1.371903,54.739374],[-1.371577,54.739131],[-1.371249,54.738938],[-1.371083,54.738789],[-1.370727,54.738485],[-1.370388,54.738201],[-1.369861,54.737792],[-1.36954,54.737504],[-1.369111,54.737132],[-1.368596,54.736692],[-1.368395,54.736513],[-1.368171,54.736296],[-1.367744,54.735873],[-1.3676,54.735748],[-1.366605,54.734835],[-1.365907,54.73408],[-1.365217,54.733263],[-1.364929,54.732848],[-1.364482,54.732122],[-1.364115,54.731293],[-1.363849,54.730629],[-1.363502,54.729779],[-1.363239,54.729146],[-1.363011,54.727788],[-1.363076,54.72635],[-1.363396,54.725742],[-1.363467,54.725079],[-1.36265,54.725353],[-1.362288,54.725451],[-1.360985,54.725722],[-1.360761,54.725819],[-1.360292,54.726038],[-1.360058,54.726156],[-1.359578,54.726436],[-1.359444,54.726494],[-1.358226,54.726719],[-1.357514,54.726791],[-1.356713,54.726924],[-1.356436,54.726915],[-1.356091,54.726802],[-1.355724,54.726765],[-1.355085,54.726531],[-1.355318,54.726283],[-1.35467,54.724952],[-1.35366,54.7224],[-1.353672,54.721385],[-1.353624,54.721108],[-1.352732,54.720158],[-1.351693,54.719115],[-1.35086,54.71813],[-1.351335,54.718022],[-1.350448,54.716846],[-1.349734,54.715925],[-1.350226,54.715807],[-1.350856,54.715656],[-1.351345,54.715562],[-1.351689,54.715518],[-1.35167,54.715325],[-1.35159,54.715013],[-1.352,54.714784],[-1.352048,54.713823],[-1.352,54.712913],[-1.353291,54.711805],[-1.354539,54.710737],[-1.35489,54.710292],[-1.354641,54.708571],[-1.355757,54.708794],[-1.356128,54.708197],[-1.356738,54.70701],[-1.356858,54.706782],[-1.357032,54.706224],[-1.357264,54.705469],[-1.357475,54.70453],[-1.357958,54.703789],[-1.357655,54.703538],[-1.356922,54.702847],[-1.356424,54.702062],[-1.356273,54.701809],[-1.355721,54.701277],[-1.355565,54.700925],[-1.356186,54.700817],[-1.35761,54.700454],[-1.359742,54.699806],[-1.361332,54.699445],[-1.362853,54.698969],[-1.363319,54.698826],[-1.363645,54.698542],[-1.364065,54.69776],[-1.364137,54.697527],[-1.364285,54.697299],[-1.365069,54.696116],[-1.365334,54.695499],[-1.365713,54.694884],[-1.366,54.694386],[-1.36601,54.694136],[-1.366142,54.693015],[-1.36673,54.69297],[-1.366866,54.692829],[-1.367027,54.692529],[-1.367304,54.692342],[-1.367374,54.692162],[-1.367114,54.692197],[-1.366728,54.692186],[-1.365377,54.692235],[-1.364757,54.692216],[-1.363855,54.692246],[-1.362756,54.692225],[-1.361656,54.692237],[-1.359946,54.69205],[-1.358994,54.69203],[-1.358158,54.692023],[-1.357171,54.691954],[-1.355759,54.691857],[-1.354949,54.69165],[-1.354478,54.691571],[-1.353197,54.691463],[-1.35041,54.691508],[-1.3505,54.691701],[-1.350503,54.691755],[-1.350359,54.691835],[-1.350268,54.691844],[-1.350008,54.691803],[-1.348878,54.691591],[-1.348262,54.691499],[-1.345821,54.691161],[-1.345082,54.690998],[-1.344041,54.690849],[-1.343699,54.690855],[-1.343467,54.690805],[-1.342624,54.690605],[-1.339616,54.689968],[-1.339241,54.689901],[-1.338189,54.68962],[-1.336868,54.68935],[-1.336036,54.689372],[-1.335106,54.689273],[-1.333857,54.689147],[-1.33313,54.689025],[-1.332884,54.688947],[-1.332742,54.688854],[-1.332245,54.688384],[-1.332198,54.688158],[-1.330837,54.68704],[-1.330536,54.686761],[-1.330472,54.686586],[-1.330265,54.686002],[-1.330048,54.68516],[-1.330051,54.684849],[-1.330279,54.684331],[-1.330424,54.683901],[-1.330494,54.683776],[-1.330429,54.683718],[-1.32987,54.683631],[-1.329732,54.683553],[-1.329684,54.683357],[-1.329441,54.682009],[-1.329325,54.68165],[-1.329581,54.681109],[-1.33003,54.681167],[-1.330196,54.681112],[-1.330121,54.680893],[-1.330024,54.680507],[-1.330098,54.680016],[-1.330218,54.679329],[-1.330351,54.678718],[-1.330371,54.678054],[-1.330322,54.677486],[-1.330362,54.677282],[-1.330544,54.677227],[-1.330889,54.67721],[-1.331842,54.677078],[-1.33143,54.6764],[-1.33095,54.6758],[-1.330772,54.67524],[-1.330822,54.67476],[-1.330762,54.674294],[-1.330781,54.674129],[-1.331039,54.673661],[-1.331128,54.673388],[-1.330978,54.673196],[-1.331024,54.673082],[-1.332177,54.671816],[-1.332578,54.671368],[-1.332737,54.671095],[-1.334093,54.671171],[-1.334926,54.670499],[-1.335346,54.670233],[-1.335595,54.670104],[-1.336105,54.66969],[-1.336414,54.669468],[-1.336665,54.669378],[-1.337973,54.669155],[-1.338365,54.669178],[-1.338505,54.669167],[-1.338757,54.669052],[-1.338927,54.668932],[-1.339073,54.668736],[-1.340186,54.668595],[-1.341682,54.668517],[-1.341561,54.667574],[-1.341449,54.66739],[-1.340967,54.667109],[-1.340914,54.666916],[-1.34106,54.666589],[-1.341059,54.666494],[-1.340662,54.666115],[-1.340642,54.666019],[-1.340844,54.665794],[-1.34113,54.66566],[-1.341782,54.665412],[-1.341858,54.665107],[-1.341902,54.665024],[-1.342338,54.665063],[-1.342442,54.665057],[-1.342628,54.664996],[-1.34286,54.664832],[-1.343069,54.664678],[-1.343806,54.664487],[-1.344201,54.664428],[-1.344434,54.664338],[-1.344909,54.663981],[-1.345025,54.663739],[-1.344974,54.663504],[-1.344963,54.663366],[-1.345001,54.662975],[-1.345157,54.662761],[-1.345735,54.662545],[-1.3461,54.662485],[-1.346238,54.662288],[-1.346234,54.662221],[-1.346144,54.662114],[-1.345942,54.662034],[-1.344951,54.661457],[-1.344895,54.660969],[-1.345471,54.660767],[-1.344836,54.660597],[-1.344397,54.659972],[-1.344788,54.65976],[-1.344637,54.659607],[-1.344564,54.65949],[-1.344634,54.659255],[-1.344806,54.659108],[-1.345234,54.659014],[-1.34531,54.658913],[-1.345363,54.658823],[-1.345921,54.658573],[-1.345929,54.658503],[-1.34578,54.658362],[-1.345472,54.658296],[-1.345217,54.658322],[-1.345063,54.658372],[-1.344835,54.658357],[-1.343877,54.658175],[-1.343561,54.658261],[-1.343359,54.65834],[-1.343092,54.658258],[-1.342782,54.658088],[-1.342314,54.657917],[-1.342038,54.657668],[-1.341563,54.657439],[-1.341517,54.657343],[-1.34162,54.657038],[-1.341855,54.656677],[-1.341888,54.656424],[-1.341775,54.655807],[-1.341854,54.655604],[-1.341809,54.655493],[-1.341595,54.655355],[-1.341541,54.655146],[-1.341493,54.654872],[-1.34137,54.654799],[-1.341063,54.654669],[-1.340926,54.654494],[-1.340406,54.65385],[-1.339986,54.653493],[-1.339823,54.653317],[-1.339697,54.653128],[-1.3397,54.653046],[-1.339762,54.65296],[-1.340019,54.652863],[-1.340139,54.652732],[-1.340196,54.652371],[-1.340282,54.652034],[-1.340078,54.651854],[-1.339997,54.651724],[-1.339777,54.651352],[-1.339571,54.650251],[-1.339641,54.650077],[-1.339895,54.650013],[-1.34111,54.650077],[-1.341538,54.65012],[-1.341973,54.650214],[-1.342342,54.650426],[-1.344228,54.650626],[-1.346877,54.650697],[-1.347132,54.650735],[-1.347918,54.650597],[-1.348285,54.650589],[-1.348201,54.648997],[-1.348134,54.648458],[-1.348364,54.648427],[-1.348754,54.648444],[-1.349571,54.648668],[-1.35004,54.648795],[-1.350505,54.648843],[-1.350746,54.648845],[-1.351277,54.648823],[-1.351914,54.64873],[-1.353624,54.648466],[-1.354048,54.648209],[-1.354227,54.648164],[-1.354338,54.648198],[-1.354616,54.648504],[-1.354885,54.648519],[-1.355778,54.648365],[-1.356288,54.648396],[-1.35658,54.648504],[-1.356857,54.64865],[-1.357115,54.648842],[-1.358711,54.649145],[-1.359215,54.64909],[-1.359642,54.649073],[-1.36078,54.649073],[-1.361367,54.648966],[-1.361732,54.64886],[-1.362806,54.648452],[-1.363101,54.648313],[-1.363678,54.648284],[-1.363932,54.648342],[-1.364302,54.648562],[-1.364556,54.648704],[-1.364831,54.64871],[-1.365378,54.648507],[-1.365969,54.6482],[-1.366808,54.647938],[-1.367255,54.647721],[-1.367515,54.647641],[-1.368036,54.647565],[-1.369228,54.647388],[-1.369485,54.647341],[-1.370356,54.647193],[-1.372028,54.646701],[-1.373142,54.646413],[-1.373857,54.646456],[-1.374125,54.646426],[-1.375756,54.646201],[-1.376913,54.646072],[-1.377565,54.646044],[-1.378598,54.646089],[-1.380288,54.646087],[-1.382158,54.646101],[-1.38213,54.645903],[-1.381702,54.645255],[-1.381373,54.644947],[-1.381178,54.64444],[-1.38103,54.644223],[-1.380772,54.644139],[-1.379806,54.644183],[-1.379544,54.64406],[-1.379292,54.643782],[-1.380294,54.643592],[-1.381022,54.643479],[-1.381933,54.643156],[-1.38232,54.642991],[-1.382555,54.642958],[-1.382857,54.643001],[-1.383416,54.642732],[-1.384227,54.642324],[-1.384816,54.642044],[-1.385345,54.641886],[-1.385479,54.641811],[-1.386058,54.641296],[-1.386072,54.640857],[-1.385927,54.640378],[-1.385973,54.640112],[-1.386185,54.639931],[-1.386543,54.639758],[-1.387042,54.639627],[-1.387952,54.639544],[-1.388287,54.639447],[-1.388562,54.63931],[-1.388779,54.63913],[-1.388863,54.638993],[-1.388832,54.63876],[-1.38868,54.638494],[-1.388797,54.638326],[-1.388946,54.638061],[-1.388854,54.63781],[-1.388528,54.637635],[-1.388598,54.63732],[-1.388782,54.637056],[-1.388709,54.636767],[-1.388751,54.636706],[-1.389046,54.636668],[-1.389068,54.636662],[-1.389139,54.636612],[-1.389007,54.636292],[-1.3889,54.636034],[-1.38836,54.635747],[-1.388245,54.635625],[-1.388287,54.635323],[-1.388199,54.635221],[-1.387877,54.635133],[-1.387479,54.634901],[-1.387227,54.634562],[-1.387049,54.633956],[-1.386953,54.633442],[-1.386584,54.633116],[-1.385813,54.63276],[-1.385908,54.632455],[-1.386151,54.632315],[-1.386549,54.632202],[-1.386921,54.632031],[-1.387001,54.631964],[-1.387028,54.631824],[-1.387903,54.63121],[-1.388222,54.631259],[-1.388515,54.631276],[-1.389487,54.631413],[-1.389636,54.631473],[-1.389988,54.631487],[-1.39073,54.631834],[-1.391263,54.631882],[-1.391602,54.63149],[-1.3917,54.631419],[-1.391786,54.631383],[-1.392158,54.631325],[-1.393037,54.631263],[-1.39376,54.63102],[-1.393456,54.630181],[-1.392631,54.628746],[-1.394944,54.62824],[-1.395091,54.628008],[-1.397525,54.626842],[-1.398093,54.627162],[-1.398832,54.627578],[-1.398898,54.627505],[-1.399434,54.626916],[-1.399586,54.626711],[-1.399848,54.626112],[-1.399507,54.625853],[-1.398748,54.625132],[-1.397555,54.623993],[-1.399284,54.623139],[-1.399528,54.623027],[-1.401272,54.622297],[-1.403114,54.623874],[-1.403942,54.623389],[-1.40444,54.623057],[-1.405461,54.622275],[-1.406586,54.621927],[-1.405741,54.62149],[-1.405151,54.621358],[-1.404916,54.621179],[-1.404927,54.620883],[-1.404848,54.620726],[-1.404862,54.620658],[-1.404974,54.620594],[-1.405555,54.620408],[-1.406525,54.619912],[-1.407605,54.618895],[-1.408224,54.618315],[-1.411222,54.616454],[-1.411868,54.616216],[-1.41249,54.615979],[-1.414818,54.615118],[-1.415348,54.614896],[-1.415615,54.614668],[-1.416169,54.614279],[-1.41655,54.614116],[-1.41784,54.613761],[-1.419446,54.613313],[-1.42,54.613101],[-1.421361,54.61266],[-1.422211,54.612293],[-1.423121,54.611904],[-1.424625,54.611351],[-1.424949,54.612081],[-1.426068,54.612681],[-1.426796,54.613046],[-1.426834,54.613183],[-1.426828,54.613341],[-1.426528,54.613602],[-1.426488,54.613926],[-1.427068,54.614845],[-1.427502,54.615113],[-1.427681,54.615135],[-1.428283,54.615056],[-1.42856,54.615104],[-1.428772,54.61494],[-1.42902,54.614915],[-1.429079,54.614788],[-1.429179,54.614721],[-1.429301,54.614721],[-1.429743,54.614666],[-1.429951,54.614543],[-1.430165,54.614269],[-1.430343,54.61411],[-1.430532,54.613853],[-1.430879,54.613725],[-1.431034,54.613591],[-1.431281,54.613732],[-1.43153,54.613811],[-1.432128,54.613812],[-1.432385,54.613765],[-1.432938,54.613854],[-1.433351,54.613805],[-1.433445,54.613795],[-1.433552,54.613849],[-1.434039,54.614214],[-1.434373,54.614072],[-1.434752,54.614067],[-1.435056,54.614037],[-1.435164,54.613671],[-1.435504,54.612888],[-1.435913,54.612884],[-1.436259,54.612722],[-1.436593,54.612643],[-1.436761,54.612516],[-1.437305,54.612452],[-1.43774,54.612236],[-1.43777,54.611978],[-1.437895,54.611882],[-1.437754,54.611551],[-1.437714,54.611441],[-1.437767,54.611357],[-1.438024,54.611224],[-1.438434,54.61093],[-1.438826,54.610947],[-1.438955,54.610935],[-1.439068,54.610892],[-1.439344,54.61086],[-1.439561,54.610883],[-1.439909,54.61076],[-1.440433,54.610607],[-1.440759,54.610179],[-1.441095,54.610031],[-1.441384,54.609978],[-1.441579,54.610054],[-1.441831,54.610198],[-1.442336,54.609955],[-1.442854,54.609866],[-1.442953,54.609904],[-1.442858,54.610066],[-1.442749,54.61018],[-1.44284,54.610322],[-1.44417,54.610511],[-1.445111,54.61061],[-1.44545,54.61061],[-1.445541,54.610635],[-1.445805,54.610822],[-1.446946,54.610812],[-1.447106,54.610569],[-1.447534,54.610372],[-1.44797,54.61031],[-1.448695,54.610349],[-1.448857,54.610413],[-1.449023,54.610451],[-1.449319,54.610376],[-1.449248,54.609869],[-1.449856,54.609095],[-1.450068,54.608958],[-1.450609,54.608506],[-1.450326,54.608004],[-1.450521,54.607743],[-1.450786,54.607487],[-1.45095,54.607296],[-1.450879,54.607076],[-1.451046,54.606916],[-1.450843,54.606738],[-1.450613,54.60664],[-1.450598,54.606433],[-1.450497,54.606358],[-1.45029,54.60632],[-1.450008,54.606123],[-1.449699,54.606047],[-1.449648,54.605716],[-1.449332,54.605554],[-1.44913,54.605271],[-1.449082,54.604843],[-1.449218,54.604672],[-1.449155,54.60452],[-1.448725,54.604391],[-1.448653,54.604282],[-1.448613,54.604082],[-1.4481,54.603871],[-1.447891,54.603828],[-1.44731,54.603555],[-1.447239,54.603381],[-1.447219,54.603233],[-1.447137,54.603144],[-1.446859,54.603025],[-1.446645,54.603028],[-1.446083,54.603015],[-1.445547,54.602892],[-1.445141,54.60257],[-1.445104,54.602494],[-1.445161,54.60237],[-1.443967,54.601933],[-1.443851,54.60182],[-1.443854,54.601649],[-1.443729,54.601475],[-1.44342,54.601289],[-1.442952,54.600776],[-1.442538,54.600299],[-1.442594,54.600162],[-1.443136,54.599908],[-1.443453,54.599812],[-1.443582,54.59968],[-1.443333,54.599389],[-1.443054,54.59923],[-1.442771,54.599075],[-1.442337,54.598788],[-1.441951,54.5984],[-1.441782,54.598389],[-1.441421,54.598247],[-1.441041,54.597758],[-1.440822,54.597644],[-1.440653,54.597559],[-1.440666,54.597465],[-1.440485,54.597292],[-1.440202,54.597239],[-1.440075,54.597267],[-1.439874,54.597343],[-1.439769,54.597339],[-1.439653,54.597305],[-1.439174,54.597147],[-1.438803,54.5969],[-1.438712,54.596735],[-1.438701,54.596577],[-1.438458,54.596525],[-1.438171,54.596441],[-1.438288,54.59622],[-1.438199,54.5961],[-1.437839,54.595818],[-1.43799,54.595549],[-1.437427,54.595365],[-1.437092,54.595336],[-1.436924,54.595281],[-1.43676,54.59494],[-1.436474,54.594788],[-1.436365,54.594817],[-1.436337,54.594972],[-1.436006,54.595048],[-1.435871,54.594996],[-1.435737,54.595006],[-1.435661,54.595048],[-1.435234,54.59529],[-1.434595,54.595462],[-1.434151,54.595526],[-1.434081,54.595508],[-1.433979,54.595449],[-1.433818,54.595306],[-1.433048,54.595172],[-1.43236,54.595197],[-1.432272,54.595204],[-1.432157,54.59517],[-1.432104,54.595106],[-1.432097,54.595037],[-1.431947,54.594977],[-1.431413,54.595075],[-1.43094,54.595121],[-1.430704,54.595218],[-1.430506,54.5953],[-1.43048,54.5953],[-1.429921,54.595142],[-1.429741,54.595414],[-1.429608,54.595554],[-1.429105,54.595834],[-1.428829,54.596064],[-1.428167,54.596385],[-1.428081,54.596415],[-1.428031,54.596487],[-1.428106,54.596696],[-1.428014,54.596861],[-1.42779,54.597082],[-1.42767,54.59725],[-1.427592,54.597536],[-1.427598,54.597656],[-1.427921,54.597766],[-1.428128,54.59783],[-1.428218,54.598179],[-1.428046,54.59865],[-1.427933,54.598963],[-1.427889,54.599367],[-1.428242,54.599753],[-1.428294,54.599805],[-1.428274,54.59989],[-1.427689,54.600545],[-1.42735,54.600824],[-1.426418,54.601291],[-1.426398,54.601478],[-1.426456,54.601596],[-1.426375,54.601677],[-1.426125,54.601699],[-1.425955,54.601645],[-1.425888,54.60163],[-1.42579,54.601642],[-1.425684,54.601768],[-1.425618,54.601984],[-1.425314,54.602025],[-1.425085,54.602108],[-1.424904,54.602244],[-1.424769,54.602213],[-1.424424,54.602237],[-1.424354,54.602326],[-1.424364,54.602388],[-1.424355,54.602617],[-1.424228,54.602621],[-1.423477,54.602414],[-1.422784,54.602671],[-1.422455,54.602775],[-1.422139,54.602891],[-1.421974,54.602958],[-1.421886,54.602982],[-1.421835,54.602988],[-1.421715,54.602989],[-1.421582,54.602958],[-1.421478,54.602911],[-1.421364,54.602804],[-1.421191,54.602709],[-1.420861,54.602506],[-1.420382,54.602136],[-1.420252,54.601977],[-1.420453,54.601719],[-1.420564,54.601575],[-1.420586,54.601337],[-1.420529,54.600881],[-1.420508,54.600693],[-1.420351,54.600344],[-1.419693,54.600333],[-1.419335,54.600164],[-1.418978,54.599869],[-1.418823,54.59981],[-1.418508,54.599749],[-1.417763,54.599457],[-1.416729,54.599671],[-1.415998,54.599405],[-1.415576,54.599321],[-1.41545,54.599271],[-1.415346,54.599158],[-1.415374,54.599032],[-1.415449,54.598885],[-1.415444,54.598844],[-1.415318,54.598717],[-1.414735,54.598407],[-1.414723,54.597964],[-1.414471,54.597776],[-1.413998,54.597614],[-1.413723,54.597574],[-1.413545,54.597514],[-1.413256,54.597325],[-1.412928,54.596811],[-1.413098,54.596601],[-1.412663,54.596059],[-1.41225,54.595865],[-1.412025,54.595822],[-1.411705,54.595647],[-1.4116,54.595527],[-1.411443,54.595425],[-1.411144,54.595339],[-1.410525,54.595244],[-1.41036,54.595175],[-1.409653,54.594751],[-1.408999,54.594061],[-1.408692,54.594069],[-1.407973,54.594223],[-1.407102,54.594242],[-1.406422,54.593918],[-1.406291,54.593784],[-1.406025,54.593625],[-1.405771,54.593299],[-1.406046,54.592953],[-1.406038,54.592751],[-1.405997,54.592433],[-1.405996,54.592255],[-1.4061,54.592103],[-1.406276,54.591726],[-1.406519,54.591182],[-1.406916,54.590434],[-1.407271,54.58997],[-1.408552,54.589102],[-1.409164,54.588832],[-1.409621,54.588594],[-1.410611,54.588286],[-1.411029,54.588108],[-1.411447,54.587517],[-1.411531,54.586937],[-1.41156,54.586235],[-1.411937,54.585097],[-1.412179,54.584608],[-1.41241,54.584318],[-1.412694,54.583889],[-1.412914,54.583293],[-1.412909,54.582874],[-1.412963,54.582626],[-1.413074,54.582272],[-1.41326,54.581617],[-1.413308,54.580803],[-1.413614,54.580185],[-1.413792,54.579787],[-1.41397,54.57938],[-1.414351,54.578187],[-1.414547,54.577723],[-1.41448,54.577414],[-1.414374,54.576507],[-1.415115,54.575772],[-1.415138,54.575331],[-1.415244,54.574601],[-1.415204,54.573862],[-1.414818,54.573146],[-1.414683,54.572974],[-1.413672,54.572006],[-1.413071,54.571579],[-1.412854,54.57136],[-1.413797,54.570573],[-1.414552,54.570239],[-1.413095,54.568929],[-1.413009,54.568672],[-1.412917,54.568507],[-1.412682,54.568186],[-1.413036,54.567847],[-1.413037,54.567745],[-1.412766,54.567496],[-1.412027,54.566741],[-1.411772,54.56651],[-1.411581,54.566318],[-1.409712,54.564754],[-1.410944,54.564303],[-1.41275,54.563785],[-1.413748,54.563464],[-1.41452,54.563235],[-1.415931,54.563132],[-1.417144,54.563159],[-1.417634,54.563175],[-1.418768,54.56318],[-1.419833,54.563145],[-1.420781,54.563212],[-1.421729,54.563075],[-1.422103,54.563105],[-1.423278,54.562947],[-1.42374,54.562914],[-1.424251,54.56287],[-1.424655,54.562851],[-1.425951,54.562557],[-1.428016,54.561895],[-1.430404,54.561183],[-1.431876,54.560749],[-1.432798,54.560493],[-1.434356,54.559965],[-1.434473,54.559876],[-1.434427,54.559774],[-1.433931,54.559129],[-1.43532,54.558503],[-1.436259,54.558001],[-1.437505,54.557465],[-1.439119,54.557036],[-1.442305,54.556238],[-1.443983,54.555807],[-1.444893,54.555598],[-1.445125,54.555477],[-1.444182,54.554102],[-1.443994,54.553511],[-1.443961,54.552827],[-1.443608,54.55194],[-1.443467,54.551442],[-1.443065,54.550436],[-1.442697,54.549162],[-1.442537,54.548867],[-1.442458,54.54853],[-1.442344,54.547938],[-1.442136,54.547378],[-1.441995,54.546168],[-1.441848,54.544873],[-1.441383,54.543833],[-1.440995,54.542897],[-1.441772,54.542687],[-1.441969,54.542484],[-1.442315,54.542156],[-1.442455,54.541966],[-1.442598,54.541736],[-1.442657,54.541568],[-1.442699,54.541035],[-1.442933,54.540369],[-1.443444,54.540069],[-1.443627,54.539539],[-1.443756,54.539245],[-1.443738,54.539122],[-1.443736,54.538807],[-1.444577,54.537858],[-1.444927,54.537423],[-1.445191,54.537307],[-1.445277,54.537237],[-1.445237,54.536624],[-1.444876,54.536363],[-1.444742,54.536235],[-1.444656,54.536188],[-1.444438,54.536058],[-1.444425,54.535862],[-1.444317,54.535716],[-1.444054,54.535416],[-1.44391,54.535238],[-1.443003,54.534977],[-1.442436,54.534551],[-1.442335,54.534401],[-1.443363,54.534103],[-1.443577,54.534024],[-1.44435,54.533556],[-1.44672,54.533864],[-1.447638,54.533833],[-1.448019,54.532972],[-1.44795,54.532798],[-1.447485,54.532519],[-1.446472,54.531771],[-1.445231,54.530913],[-1.444918,54.530694],[-1.444548,54.530103],[-1.444235,54.529476],[-1.44417,54.529372],[-1.444017,54.528955],[-1.444023,54.528268],[-1.443232,54.527117],[-1.44309,54.526894],[-1.44271,54.52703],[-1.442366,54.527184],[-1.441792,54.527393],[-1.441201,54.527572],[-1.439489,54.52767],[-1.437182,54.527535],[-1.437076,54.527459],[-1.436795,54.527321],[-1.436415,54.527035],[-1.435019,54.527398],[-1.434605,54.527472],[-1.434539,54.52747],[-1.433921,54.527337],[-1.433678,54.527088],[-1.433526,54.52696],[-1.433453,54.526998],[-1.433125,54.527071],[-1.432579,54.526609],[-1.431018,54.524895],[-1.430533,54.524409],[-1.430357,54.5241],[-1.429962,54.523722],[-1.429728,54.523519],[-1.429104,54.52357],[-1.428543,54.523597],[-1.428267,54.523556],[-1.42804,54.523443],[-1.427767,54.523208],[-1.426878,54.522997],[-1.426577,54.522909],[-1.425666,54.522598],[-1.425245,54.522356],[-1.424805,54.52205],[-1.424523,54.522053],[-1.423909,54.52194],[-1.423573,54.521998],[-1.422518,54.521643],[-1.422049,54.521391],[-1.420986,54.520774],[-1.420828,54.5206],[-1.420384,54.519996],[-1.420137,54.51984],[-1.419891,54.519488],[-1.419969,54.518769],[-1.41994,54.518662],[-1.419715,54.518233],[-1.419721,54.517917],[-1.419663,54.517616],[-1.419692,54.517424],[-1.420081,54.516925],[-1.420349,54.516053],[-1.421125,54.515627],[-1.421874,54.514672],[-1.421864,54.51391],[-1.422987,54.513716],[-1.423684,54.513621],[-1.424849,54.513388],[-1.426587,54.511908],[-1.42515,54.508814],[-1.424845,54.508267],[-1.424639,54.507731],[-1.424177,54.506436],[-1.423949,54.505862],[-1.423906,54.505654],[-1.423885,54.505232],[-1.423915,54.504566],[-1.423641,54.503417],[-1.423484,54.502132],[-1.423488,54.501009],[-1.423946,54.500129],[-1.424624,54.499235],[-1.424889,54.498652],[-1.425122,54.498135],[-1.42565,54.497774],[-1.426049,54.497532],[-1.42624,54.497354],[-1.427132,54.496147],[-1.430032,54.49461],[-1.430841,54.494365],[-1.431988,54.493987],[-1.432827,54.49301],[-1.43362,54.49248],[-1.433981,54.491455],[-1.434507,54.491035],[-1.434609,54.490766],[-1.433197,54.490053],[-1.431505,54.489188],[-1.433255,54.48731],[-1.433814,54.48753],[-1.435327,54.488223],[-1.435867,54.488486],[-1.436582,54.488798],[-1.437212,54.48902],[-1.437654,54.489162],[-1.438117,54.489356],[-1.439824,54.490004],[-1.441231,54.490716],[-1.441503,54.490931],[-1.442077,54.49148],[-1.443121,54.492728],[-1.443651,54.493258],[-1.444244,54.493771],[-1.445438,54.494626],[-1.445975,54.494921],[-1.449244,54.496571],[-1.44968,54.496795],[-1.45031,54.497208],[-1.45082,54.49776],[-1.451477,54.49848],[-1.452323,54.49933],[-1.453002,54.500035],[-1.453438,54.500557],[-1.454018,54.501401],[-1.4541,54.501563],[-1.454322,54.501947],[-1.454522,54.502206],[-1.454834,54.502565],[-1.454916,54.502659],[-1.45531,54.50297],[-1.455612,54.503176],[-1.456099,54.503441],[-1.456488,54.503612],[-1.45692,54.503768],[-1.457721,54.504],[-1.458849,54.50415],[-1.459139,54.504159],[-1.459453,54.504159],[-1.460189,54.504133],[-1.462024,54.503785],[-1.462607,54.503585],[-1.463487,54.503276],[-1.463807,54.503141],[-1.464918,54.502647],[-1.465445,54.502469],[-1.466843,54.502135],[-1.467831,54.501959],[-1.468948,54.501786],[-1.469944,54.501648],[-1.470463,54.501559],[-1.471503,54.501328],[-1.471579,54.501299],[-1.472827,54.500686],[-1.473133,54.500403],[-1.473333,54.500192],[-1.4735,54.499954],[-1.47365,54.499633],[-1.473921,54.498607],[-1.473974,54.497957],[-1.473221,54.496864],[-1.47268,54.496429],[-1.472355,54.496249],[-1.471331,54.495868],[-1.470455,54.495776],[-1.469344,54.495864],[-1.467865,54.496085],[-1.466747,54.496264],[-1.465504,54.496386],[-1.464168,54.496434],[-1.464059,54.496437],[-1.462235,54.496392],[-1.461674,54.496329],[-1.460654,54.496143],[-1.460386,54.496029],[-1.459556,54.495727],[-1.45896,54.495425],[-1.458602,54.495204],[-1.458316,54.494984],[-1.457982,54.494682],[-1.457605,54.494116],[-1.456794,54.49237],[-1.456772,54.491316],[-1.457412,54.490293],[-1.458253,54.489249],[-1.458563,54.488918],[-1.458741,54.488654],[-1.459467,54.487706],[-1.459745,54.487253],[-1.460243,54.485871],[-1.460033,54.485059],[-1.459795,54.484604],[-1.459704,54.484527],[-1.459515,54.484307],[-1.459152,54.484002],[-1.45859,54.483634],[-1.457694,54.483052],[-1.457097,54.482632],[-1.456527,54.482161],[-1.456066,54.481653],[-1.455996,54.481352],[-1.456129,54.480976],[-1.456276,54.480807],[-1.456769,54.480421],[-1.458594,54.47921],[-1.459437,54.478557],[-1.460022,54.477915],[-1.460328,54.477392],[-1.460403,54.477126],[-1.460806,54.476049],[-1.46167,54.474799],[-1.462202,54.474018],[-1.462253,54.473828],[-1.462214,54.473402],[-1.46207,54.47314],[-1.461383,54.472642],[-1.460524,54.472225],[-1.459443,54.471716],[-1.458732,54.47124],[-1.458564,54.471082],[-1.458353,54.470688],[-1.458392,54.469827],[-1.45834,54.46948],[-1.458124,54.468919],[-1.457328,54.468387],[-1.45685,54.468243],[-1.455215,54.467757],[-1.454909,54.467628],[-1.454163,54.467469],[-1.453006,54.467074],[-1.452453,54.466821],[-1.452181,54.466626],[-1.451919,54.466363],[-1.451897,54.466311],[-1.451888,54.466171],[-1.451835,54.465825],[-1.452804,54.465118],[-1.453196,54.464917],[-1.453685,54.464717],[-1.455048,54.464262],[-1.456724,54.463897],[-1.457419,54.46367],[-1.459082,54.463152],[-1.460312,54.462776],[-1.460497,54.462663],[-1.460851,54.462321],[-1.461123,54.46154],[-1.461215,54.461163],[-1.46121,54.461078],[-1.46115,54.460725],[-1.460337,54.459429],[-1.460038,54.459141],[-1.45938,54.458588],[-1.458739,54.458235],[-1.458215,54.457937],[-1.45763,54.4577],[-1.456851,54.457449],[-1.456212,54.45717],[-1.455683,54.456881],[-1.454384,54.455935],[-1.454124,54.45569],[-1.453321,54.454605],[-1.453257,54.454244],[-1.45319,54.45386],[-1.453223,54.45363],[-1.453558,54.45302],[-1.453988,54.45265],[-1.454564,54.452293],[-1.456031,54.45169],[-1.458079,54.451182],[-1.458942,54.451008],[-1.4593,54.450981],[-1.459818,54.451006],[-1.460145,54.450993],[-1.460664,54.451061],[-1.461077,54.451149],[-1.462146,54.451446],[-1.463346,54.452032],[-1.464645,54.452741],[-1.465404,54.453136],[-1.465853,54.453286],[-1.466636,54.453579],[-1.467987,54.45403],[-1.468574,54.454213],[-1.468888,54.454341],[-1.46963,54.454654],[-1.470157,54.455035],[-1.470337,54.455203],[-1.470429,54.455359],[-1.470497,54.455507],[-1.470585,54.455785],[-1.47073,54.456774],[-1.470526,54.457398],[-1.46919,54.457986],[-1.468084,54.458543],[-1.467383,54.459075],[-1.466754,54.459789],[-1.466168,54.460929],[-1.465994,54.461454],[-1.466004,54.461788],[-1.466089,54.46218],[-1.466131,54.462471],[-1.466397,54.462996],[-1.467081,54.463522],[-1.46743,54.463746],[-1.469891,54.465486],[-1.470692,54.465974],[-1.471411,54.466525],[-1.471646,54.466744],[-1.472095,54.467312],[-1.472473,54.468226],[-1.472565,54.46911],[-1.472752,54.470167],[-1.472818,54.471117],[-1.472988,54.472553],[-1.473362,54.473188],[-1.473668,54.473586],[-1.474003,54.473825],[-1.475064,54.474315],[-1.476333,54.474944],[-1.476453,54.474969],[-1.477152,54.475155],[-1.477414,54.475174],[-1.47812,54.475033],[-1.479336,54.474567],[-1.481507,54.473546],[-1.4818,54.473456],[-1.483317,54.473011],[-1.483932,54.472902],[-1.485444,54.47284],[-1.486221,54.473002],[-1.488528,54.473699],[-1.489465,54.473858],[-1.491251,54.473911],[-1.492682,54.473859],[-1.493725,54.473964],[-1.494324,54.474091],[-1.495255,54.474284],[-1.495639,54.474371],[-1.496019,54.474493],[-1.496965,54.474966],[-1.497182,54.475163],[-1.497591,54.475726],[-1.49795,54.476851],[-1.498016,54.477132],[-1.497858,54.477824],[-1.497767,54.477942],[-1.49746,54.47817],[-1.496448,54.478661],[-1.495063,54.479388],[-1.494611,54.479635],[-1.493732,54.480101],[-1.492777,54.480623],[-1.491361,54.481487],[-1.4908,54.481877],[-1.490203,54.48249],[-1.489426,54.483637],[-1.489015,54.48424],[-1.488901,54.484666],[-1.489055,54.485197],[-1.489386,54.485569],[-1.489652,54.485773],[-1.490193,54.486048],[-1.490728,54.486182],[-1.491237,54.48625],[-1.491659,54.486233],[-1.491777,54.486227],[-1.492163,54.486208],[-1.492609,54.486203],[-1.494029,54.485978],[-1.494218,54.485941],[-1.494794,54.485811],[-1.495166,54.485712],[-1.495673,54.485568],[-1.495957,54.48548],[-1.497217,54.485078],[-1.497807,54.48487],[-1.498685,54.484561],[-1.499719,54.484197],[-1.501339,54.48342],[-1.503559,54.482324],[-1.50411,54.481989],[-1.504397,54.481729],[-1.504651,54.481416],[-1.504754,54.481058],[-1.504899,54.48056],[-1.505069,54.479004],[-1.505182,54.478517],[-1.505434,54.478188],[-1.5065,54.477],[-1.506831,54.47654],[-1.507322,54.476082],[-1.507956,54.475561],[-1.508548,54.475173],[-1.509059,54.474983],[-1.509506,54.47488],[-1.509886,54.474857],[-1.510381,54.474896],[-1.510756,54.474932],[-1.511429,54.475137],[-1.511813,54.475348],[-1.51212,54.47563],[-1.512719,54.476402],[-1.512878,54.477133],[-1.512844,54.477626],[-1.512719,54.477898],[-1.512484,54.478194],[-1.511346,54.479162],[-1.510847,54.479693],[-1.510577,54.480064],[-1.510422,54.48097],[-1.510432,54.481191],[-1.510721,54.481946],[-1.510976,54.482278],[-1.511664,54.483022],[-1.511922,54.483211],[-1.513551,54.484097],[-1.514923,54.48458],[-1.515999,54.484823],[-1.516495,54.484884],[-1.517447,54.484902],[-1.518468,54.484939],[-1.519638,54.484911],[-1.520158,54.484896],[-1.520366,54.484884],[-1.520877,54.484842],[-1.521764,54.48476],[-1.521869,54.484759],[-1.522094,54.484761],[-1.52323,54.48483],[-1.523959,54.484978],[-1.524377,54.485063],[-1.524725,54.485073],[-1.525028,54.485063],[-1.526095,54.484911],[-1.526662,54.484775],[-1.527257,54.484663],[-1.527347,54.484636],[-1.528064,54.484343],[-1.528411,54.484094],[-1.528698,54.483856],[-1.529035,54.483378],[-1.529148,54.483157],[-1.5293,54.482546],[-1.529508,54.481448],[-1.529731,54.480441],[-1.529693,54.480052],[-1.528797,54.47799],[-1.528692,54.477549],[-1.528862,54.476828],[-1.528858,54.476293],[-1.528681,54.475798],[-1.528574,54.475598],[-1.52832,54.475323],[-1.527819,54.474966],[-1.527278,54.474713],[-1.527105,54.474649],[-1.526379,54.474533],[-1.525196,54.474558],[-1.524417,54.474589],[-1.523943,54.474577],[-1.522671,54.474438],[-1.522256,54.474348],[-1.521101,54.473996],[-1.519126,54.473378],[-1.518917,54.473292],[-1.518503,54.473025],[-1.518333,54.47289],[-1.518109,54.472589],[-1.517912,54.472321],[-1.517891,54.471775],[-1.517914,54.471405],[-1.518073,54.471142],[-1.5182,54.47095],[-1.51921,54.470428],[-1.520415,54.470108],[-1.520927,54.470021],[-1.524072,54.469844],[-1.524871,54.469834],[-1.525826,54.469812],[-1.527114,54.469647],[-1.528662,54.469389],[-1.528964,54.469278],[-1.529401,54.469179],[-1.532133,54.469047],[-1.532707,54.46912],[-1.534226,54.469497],[-1.535793,54.469922],[-1.537167,54.470182],[-1.537702,54.470216],[-1.539387,54.470566],[-1.540821,54.470924],[-1.541359,54.471034],[-1.542509,54.47104],[-1.543794,54.471064],[-1.544098,54.471086],[-1.544498,54.47123],[-1.545717,54.471884],[-1.546274,54.472168],[-1.547816,54.473121],[-1.549039,54.473917],[-1.549666,54.474565],[-1.550182,54.475582],[-1.550719,54.476719],[-1.551193,54.477269],[-1.551552,54.477816],[-1.55169,54.477981],[-1.552252,54.478868],[-1.552375,54.479185],[-1.552481,54.479359],[-1.552587,54.479716],[-1.552716,54.480151],[-1.552752,54.480422],[-1.55274,54.48071],[-1.552723,54.481084],[-1.55267,54.481548],[-1.552706,54.481814],[-1.552656,54.482402],[-1.552765,54.482914]]]}}]}
