{"type":"FeatureCollection","features":[{"type":"Feature","id":6912,"geometry":{"type":"Polygon","coordinates":[[[-1.728,54.871],[-1.727,54.871],[-1.726,54.869],[-1.724,54.867],[-1.723,54.867],[-1.722,54.866],[-1.721,54.866],[-1.72,54.865],[-1.718,54.865],[-1.716,54.865],[-1.716,54.864],[-1.717,54.863],[-1.719,54.86],[-1.719,54.859],[-1.718,54.858],[-1.719,54.858],[-1.72,54.857],[-1.721,54.857],[-1.723,54.856],[-1.726,54.855],[-1.729,54.853],[-1.732,54.853],[-1.733,54.851],[-1.733,54.85],[-1.732,54.849],[-1.731,54.847],[-1.73,54.846],[-1.731,54.845],[-1.731,54.844],[-1.731,54.843],[-1.732,54.842],[-1.734,54.843],[-1.735,54.843],[-1.738,54.844],[-1.741,54.845],[-1.745,54.847],[-1.749,54.849],[-1.753,54.85],[-1.755,54.849],[-1.757,54.85],[-1.758,54.85],[-1.759,54.852],[-1.76,54.853],[-1.761,54.853],[-1.763,54.853],[-1.767,54.855],[-1.768,54.855],[-1.771,54.856],[-1.772,54.856],[-1.773,54.856],[-1.773,54.857],[-1.774,54.857],[-1.773,54.858],[-1.771,54.861],[-1.771,54.862],[-1.77,54.863],[-1.768,54.866],[-1.766,54.867],[-1.763,54.871],[-1.76,54.873],[-1.76,54.874],[-1.754,54.873],[-1.752,54.872],[-1.751,54.872],[-1.75,54.872],[-1.751,54.874],[-1.751,54.875],[-1.75,54.877],[-1.75,54.878],[-1.749,54.879],[-1.747,54.878],[-1.746,54.878],[-1.745,54.877],[-1.744,54.876],[-1.74,54.875],[-1.737,54.874],[-1.734,54.873],[-1.733,54.872],[-1.732,54.872],[-1.731,54.872],[-1.73,54.872],[-1.73,54.871],[-1.729,54.871],[-1.728,54.871]]]},"properties":{"OBJECTID":6912,"wd11cd":"E05007955","wd11cdo":"00EJMA","wd11nm":"Annfield Plain","wd11nmw":" ","GlobalID":"850519ca-44c2-47d5-9593-0c3990e5cddf","results":{"2005":{"winning_party":"Labour","labour_votes":2119,"conservative_votes":280,"libdem_votes":623,"reform_uk_votes":0,"green_votes":0,"independent_votes":0,"other_votes":0,"labour_pct":70.1,"conservative_pct":9.3,"libdem_pct":20.6,"reform_uk_pct":0.0,"green_pct":0.0,"independent_pct":0.0,"other_pct":0.0,"total_votes":3022,"turnout":0},"2008":{"winning_party":"Independent","labour_votes":1491,"conservative_votes":165,"libdem_votes":382,"reform_uk_votes":0,"green_votes":0,"independent_votes":1558,"other_votes":0,"labour_pct":41.5,"conservative_pct":4.6,"libdem_pct":10.6,"reform_uk_pct":0.0,"green_pct":0.0,"independent_pct":43.3,"other_pct":0.0,"total_votes":3596,"turnout":0},"2013":{"winning_party":"Labour","labour_votes":1758,"conservative_votes":0,"libdem_votes":0,"reform_uk_votes":0,"green_votes":0,"independent_votes":1190,"other_votes":402,"labour_pct":52.5,"conservative_pct":0.0,"libdem_pct":0.0,"reform_uk_pct":0.0,"green_pct":0.0,"independent_pct":35.5,"other_pct":12.0,"total_votes":3350,"turnout":29},"2017":{"winning_party":"Labour","labour_votes":1607,"conservative_votes":227,"libdem_votes":0,"reform_uk_votes":0,"green_votes":0,"independent_votes":1537,"other_votes":0,"labour_pct":47.7,"conservative_pct":6.7,"libdem_pct":0.0,"reform_uk_pct":0.0,"green_pct":0.0,"independent_pct":45.6,"other_pct":0.0,"total_votes":3371,"turnout":1833},"2021":{"winning_party":"Independent","labour_votes":883,"conservative_votes":1032,"libdem_votes":0,"reform_uk_votes":0,"green_votes":0,"independent_votes":1382,"other_votes":0,"labour_pct":26.8,"conservative_pct":31.3,"libdem_pct":0.0,"reform_uk_pct":0.0,"green_pct":0.0,"independent_pct":41.9,"other_pct":0.0,"total_votes":3297,"turnout":1842}}}},{"type":"Feature","id":6913,"geometry":{"type":"Polygon","coordinates":[[[-1.543,54.639],[-1.542,54.639],[-1.542,54.638],[-1.543,54.637],[-1.542,54.637],[-1.542,54.636],[-1.542,54.635],[-1.541,54.635],[-1.541,54.634],[-1.542,54.634],[-1.542,54.633],[-1.541,54.632],[-1.541,54.633],[-1.54,54.633],[-1.54,54.632],[-1.54,54.631],[-1.539,54.631],[-1.539,54.63],[-1.538,54.63],[-1.538,54.631],[-1.537,54.631],[-1.537,54.63],[-1.536,54.63],[-1.535,54.63],[-1.534,54.629],[-1.535,54.629],[-1.534,54.629],[-1.534,54.628],[-1.533,54.628],[-1.532,54.627],[-1.533,54.627],[-1.532,54.627],[-1.532,54.626],[-1.531,54.626],[-1.53,54.626],[-1.529,54.625],[-1.53,54.625],[-1.529,54.625],[-1.528,54.624],[-1.529,54.624],[-1.528,54.624],[-1.528,54.623],[-1.527,54.623],[-1.526,54.623],[-1.525,54.623],[-1.524,54.623],[-1.523,54.619],[-1.522,54.617],[-1.521,54.616],[-1.52,54.615],[-1.52,54.614],[-1.521,54.614],[-1.522,54.614],[-1.523,54.613],[-1.524,54.613],[-1.525,54.613],[-1.525,54.612],[-1.526,54.612],[-1.528,54.612],[-1.529,54.612],[-1.53,54.612],[-1.531,54.612],[-1.532,54.612],[-1.533,54.612],[-1.534,54.612],[-1.535,54.612],[-1.536,54.612],[-1.537,54.612],[-1.538,54.612],[-1.54,54.612],[-1.541,54.612],[-1.542,54.612],[-1.542,54.611],[-1.543,54.611],[-1.544,54.611],[-1.545,54.61],[-1.547,54.609],[-1.548,54.609],[-1.55,54.608],[-1.551,54.608],[-1.551,54.607],[-1.552,54.606],[-1.553,54.606],[-1.553,54.605],[-1.554,54.605],[-1.554,54.604],[-1.555,54.604],[-1.556,54.603],[-1.556,54.602],[-1.556,54.601],[-1.558,54.601],[-1.557,54.6],[-1.558,54.6],[-1.558,54.599],[-1.559,54.597],[-1.559,54.596],[-1.558,54.596],[-1.559,54.595],[-1.559,54.594],[-1.558,54.594],[-1.558,54.593],[-1.559,54.593],[-1.559,54.592],[-1.558,54.591],[-1.559,54.591],[-1.56,54.59],[-1.561,54.59],[-1.562,54.59],[-1.562,54.589],[-1.562,54.588],[-1.562,54.587],[-1.563,54.587],[-1.562,54.586],[-1.561,54.586],[-1.56,54.586],[-1.559,54.586],[-1.557,54.586],[-1.557,54.585],[-1.556,54.584],[-1.555,54.583],[-1.554,54.583],[-1.554,54.584],[-1.553,54.583],[-1.553,54.584],[-1.552,54.583],[-1.553,54.583],[-1.553,54.582],[-1.554,54.582],[-1.555,54.582],[-1.556,54.582],[-1.557,54.582],[-1.558,54.582],[-1.559,54.582],[-1.56,54.582],[-1.561,54.582],[-1.562,54.582],[-1.563,54.582],[-1.564,54.581],[-1.565,54.581],[-1.566,54.581],[-1.567,54.581],[-1.569,54.581],[-1.57,54.581],[-1.571,54.581],[-1.572,54.581],[-1.573,54.581],[-1.574,54.58],[-1.577,54.581],[-1.578,54.582],[-1.579,54.582],[-1.58,54.582],[-1.581,54.582],[-1.582,54.582],[-1.582,54.581],[-1.583,54.581],[-1.584,54.582],[-1.585,54.583],[-1.585,54.585],[-1.585,54.586],[-1.585,54.587],[-1.585,54.588],[-1.584,54.589],[-1.586,54.59],[-1.59,54.59],[-1.591,54.591],[-1.592,54.593],[-1.593,54.594],[-1.593,54.595],[-1.592,54.595],[-1.591,54.595],[-1.59,54.595],[-1.59,54.596],[-1.59,54.597],[-1.59,54.598],[-1.591,54.599],[-1.592,54.6],[-1.592,54.601],[-1.592,54.602],[-1.592,54.603],[-1.593,54.603],[-1.593,54.604],[-1.593,54.605],[-1.591,54.605],[-1.59,54.606],[-1.587,54.607],[-1.586,54.607],[-1.585,54.607],[-1.584,54.607],[-1.584,54.608],[-1.584,54.61],[-1.584,54.611],[-1.585,54.612],[-1.586,54.612],[-1.587,54.613],[-1.586,54.613],[-1.586,54.614],[-1.582,54.613],[-1.579,54.613],[-1.578,54.613],[-1.577,54.613],[-1.576,54.613],[-1.575,54.613],[-1.574,54.613],[-1.571,54.612],[-1.57,54.613],[-1.57,54.617],[-1.571,54.618],[-1.572,54.618],[-1.572,54.619],[-1.571,54.619],[-1.571,54.62],[-1.569,54.62],[-1.568,54.621],[-1.566,54.622],[-1.565,54.623],[-1.564,54.623],[-1.563,54.624],[-1.562,54.624],[-1.562,54.625],[-1.563,54.625],[-1.562,54.626],[-1.561,54.626],[-1.559,54.627],[-1.561,54.628],[-1.561,54.629],[-1.561,54.63],[-1.56,54.631],[-1.56,54.632],[-1.559,54.632],[-1.559,54.633],[-1.56,54.633],[-1.559,54.634],[-1.558,54.634],[-1.557,54.634],[-1.556,54.634],[-1.556,54.635],[-1.555,54.635],[-1.555,54.634],[-1.554,54.635],[-1.553,54.636],[-1.552,54.636],[-1.552,54.637],[-1.551,54.637],[-1.55,54.638],[-1.55,54.639],[-1.549,54.639],[-1.547,54.638],[-1.546,54.638],[-1.546,54.637],[-1.545,54.637],[-1.545,54.636],[-1.544,54.636],[-1.543,54.637],[-1.543,54.639]]]},"properties":{"OBJECTID":6913,"wd11cd":"E05007956","wd11cdo":"00EJMB","wd11nm":"Aycliffe East","wd11nmw":" ","GlobalID":"138b0bfe-14d0-4b70-8fb9-cca673be35f8","results":{"2005":{"winning_party":"Labour","labour_votes":1836,"conservative_votes":356,"libdem_votes":0,"reform_uk_votes":0,"green_votes":0,"independent_votes":890,"other_votes":0,"labour_pct":59.6,"conservative_pct":11.6,"libdem_pct":0.0,"reform_uk_pct":0.0,"green_pct":0.0,"independent_pct":28.9,"other_pct":0.0,"total_votes":3082,"turnout":0},"2008":{"winning_party":"Labour","labour_votes":1464,"conservative_votes":0,"libdem_votes":372,"reform_uk_votes":0,"green_votes":0,"independent_votes":1315,"other_votes":484,"labour_pct":40.3,"conservative_pct":0.0,"libdem_pct":10.2,"reform_uk_pct":0.0,"green_pct":0.0,"independent_pct":36.2,"other_pct":13.3,"total_votes":3635,"turnout":0},"2013":{"winning_party":"Labour","labour_votes":1617,"conservative_votes":119,"libdem_votes":0,"reform_uk_votes":0,"green_votes":0,"independent_votes":1287,"other_votes":0,"labour_pct":53.5,"conservative_pct":3.9,"libdem_pct":0.0,"reform_uk_pct":0.0,"green_pct":0.0,"independent_pct":42.6,"other_pct":0.0,"total_votes":3023,"turnout":25},"2017":{"winning_party":"Labour","labour_votes":1377,"conservative_votes":347,"libdem_votes":0,"reform_uk_votes":0,"green_votes":84,"independent_votes":677,"other_votes":254,"labour_pct":50.3,"conservative_pct":12.7,"libdem_pct":0.0,"reform_uk_pct":0.0,"green_pct":3.1,"independent_pct":24.7,"other_pct":9.3,"total_votes":2739,"turnout":1636},"2021":{"winning_party":"Labour","labour_votes":973,"conservative_votes":518,"libdem_votes":0,"reform_uk_votes":114,"green_votes":0,"independent_votes":573,"other_votes":0,"labour_pct":44.7,"conservative_pct":23.8,"libdem_pct":0.0,"reform_uk_pct":5.2,"green_pct":0.0,"independent_pct":26.3,"other_pct":0.0,"total_votes":2178,"turnout":2199}}}},{"type":"Feature","id":6914,"geometry":{"type":"Polygon","coordinates":[[[-1.557,54.634],[-1.558,54.634],[-1.559,54.634],[-1.56,54.633],[-1.559,54.633],[-1.559,54.632],[-1.56,54.632],[-1.56,54.631],[-1.561,54.63],[-1.561,54.629],[-1.561,54.628],[-1.559,54.627],[-1.56,54.627],[-1.561,54.626],[-1.562,54.626],[-1.563,54.625],[-1.562,54.625],[-1.562,54.624],[-1.563,54.624],[-1.564,54.623],[-1.565,54.623],[-1.566,54.622],[-1.567,54.621],[-1.569,54.621],[-1.569,54.62],[-1.571,54.619],[-1.572,54.619],[-1.572,54.618],[-1.573,54.619],[-1.575,54.619],[-1.575,54.62],[-1.577,54.62],[-1.578,54.621],[-1.58,54.623],[-1.58,54.624],[-1.578,54.624],[-1.578,54.625],[-1.577,54.625],[-1.576,54.625],[-1.575,54.625],[-1.575,54.626],[-1.578,54.627],[-1.58,54.628],[-1.583,54.63],[-1.587,54.632],[-1.587,54.633],[-1.586,54.634],[-1.585,54.636],[-1.585,54.637],[-1.584,54.638],[-1.583,54.639],[-1.581,54.64],[-1.58,54.641],[-1.579,54.641],[-1.577,54.642],[-1.575,54.644],[-1.573,54.645],[-1.571,54.646],[-1.568,54.645],[-1.567,54.644],[-1.566,54.644],[-1.566,54.643],[-1.565,54.642],[-1.565,54.641],[-1.564,54.641],[-1.563,54.641],[-1.561,54.641],[-1.559,54.64],[-1.559,54.637],[-1.558,54.635],[-1.557,54.634]]]},"properties":{"OBJECTID":6914,"wd11cd":"E05007957","wd11cdo":"00EJMC","wd11nm":"Aycliffe North","wd11nmw":" ","GlobalID":"8d3e3cf0-425b-494e-afd7-c70cd13356f6","results":{"2005":{"winning_party":"Labour","labour_votes":1859,"conservative_votes":636,"libdem_votes":0,"reform_uk_votes":0,"green_votes":0,"independent_votes":991,"other_votes":0,"labour_pct":53.3,"conservative_pct":18.2,"libdem_pct":0.0,"reform_uk_pct":0.0,"green_pct":0.0,"independent_pct":28.4,"other_pct":0.0,"total_votes":3486,"turnout":0},"2008":{"winning_party":"Independent","labour_votes":1069,"conservative_votes":353,"libdem_votes":484,"reform_uk_votes":0,"green_votes":0,"independent_votes":1226,"other_votes":0,"labour_pct":34.1,"conservative_pct":11.3,"libdem_pct":15.5,"reform_uk_pct":0.0,"green_pct":0.0,"independent_pct":39.1,"other_pct":0.0,"total_votes":3132,"turnout":0},"2013":{"winning_party":"Labour","labour_votes":2857,"conservative_votes":461,"libdem_votes":0,"reform_uk_votes":0,"green_votes":0,"independent_votes":660,"other_votes":0,"labour_pct":71.8,"conservative_pct":11.6,"libdem_pct":0.0,"reform_uk_pct":0.0,"green_pct":0.0,"independent_pct":16.6,"other_pct":0.0,"total_votes":3978,"turnout":21},"2017":{"winning_party":"Labour","labour_votes":2292,"conservative_votes":1714,"libdem_votes":0,"reform_uk_votes":0,"green_votes":0,"independent_votes":1403,"other_votes":0,"labour_pct":42.4,"conservative_pct":31.7,"libdem_pct":0.0,"reform_uk_pct":0.0,"green_pct":0.0,"independent_pct":25.9,"other_pct":0.0,"total_votes":5409,"turnout":2194},"2021":{"winning_party":"Conservative","labour_votes":1791,"conservative_votes":2174,"libdem_votes":0,"reform_uk_votes":0,"green_votes":0,"independent_votes":1106,"other_votes":0,"labour_pct":35.3,"conservative_pct":42.9,"libdem_pct":0.0,"reform_uk_pct":0.0,"green_pct":0.0,"independent_pct":21.8,"other_pct":0.0,"total_votes":5071,"turnout":2937}}}},{"type":"Feature","id":6915,"geometry":{"type":"Polygon","coordinates":[[[-1.572,54.618],[-1.571,54.618],[-1.571,54.617],[-1.57,54.615],[-1.57,54.612],[-1.573,54.613],[-1.575,54.613],[-1.576,54.613],[-1.578,54.613],[-1.579,54.613],[-1.581,54.613],[-1.586,54.614],[-1.586,54.613],[-1.587,54.613],[-1.586,54.612],[-1.585,54.612],[-1.585,54.611],[-1.584,54.61],[-1.584,54.611],[-1.585,54.611],[-1.586,54.61],[-1.587,54.61],[-1.589,54.61],[-1.592,54.609],[-1.594,54.609],[-1.595,54.609],[-1.596,54.608],[-1.599,54.608],[-1.599,54.607],[-1.6,54.607],[-1.601,54.606],[-1.602,54.606],[-1.603,54.606],[-1.604,54.606],[-1.605,54.605],[-1.606,54.604],[-1.607,54.604],[-1.608,54.604],[-1.608,54.605],[-1.608,54.606],[-1.607,54.606],[-1.606,54.606],[-1.606,54.607],[-1.606,54.608],[-1.606,54.609],[-1.606,54.61],[-1.607,54.611],[-1.607,54.612],[-1.606,54.613],[-1.606,54.612],[-1.605,54.612],[-1.605,54.613],[-1.606,54.614],[-1.606,54.615],[-1.607,54.615],[-1.607,54.618],[-1.61,54.617],[-1.611,54.617],[-1.612,54.618],[-1.611,54.618],[-1.609,54.619],[-1.608,54.619],[-1.603,54.617],[-1.596,54.615],[-1.593,54.616],[-1.591,54.619],[-1.59,54.62],[-1.59,54.621],[-1.591,54.622],[-1.59,54.623],[-1.588,54.624],[-1.586,54.625],[-1.582,54.627],[-1.58,54.628],[-1.576,54.626],[-1.574,54.626],[-1.575,54.625],[-1.576,54.625],[-1.577,54.625],[-1.578,54.625],[-1.578,54.624],[-1.579,54.624],[-1.58,54.624],[-1.581,54.624],[-1.579,54.622],[-1.578,54.621],[-1.577,54.62],[-1.575,54.619],[-1.574,54.619],[-1.573,54.619],[-1.572,54.618]]]},"properties":{"OBJECTID":6915,"wd11cd":"E05007958","wd11cdo":"00EJMD","wd11nm":"Aycliffe West","wd11nmw":" ","GlobalID":"a771b249-9df9-4fa8-8c47-cc9dd2439836","results":{"2005":{"winning_party":"Labour","labour_votes":1815,"conservative_votes":412,"libdem_votes":0,"reform_uk_votes":0,"green_votes":0,"independent_votes":956,"other_votes":0,"labour_pct":57.0,"conservative_pct":12.9,"libdem_pct":0.0,"reform_uk_pct":0.0,"green_pct":0.0,"independent_pct":30.0,"other_pct":0.0,"total_votes":3183,"turnout":0},"2008":{"winning_party":"Labour","labour_votes":1316,"conservative_votes":0,"libdem_votes":768,"reform_uk_votes":0,"green_votes":0,"independent_votes":1306,"other_votes":0,"labour_pct":38.8,"conservative_pct":0.0,"libdem_pct":22.7,"reform_uk_pct":0.0,"green_pct":0.0,"independent_pct":38.5,"other_pct":0.0,"total_votes":3390,"turnout":0},"2013":{"winning_party":"Labour","labour_votes":1458,"conservative_votes":94,"libdem_votes":0,"reform_uk_votes":0,"green_votes":0,"independent_votes":1111,"other_votes":0,"labour_pct":54.8,"conservative_pct":3.5,"libdem_pct":0.0,"reform_uk_pct":0.0,"green_pct":0.0,"independent_pct":41.7,"other_pct":0.0,"total_votes":2663,"turnout":23},"2017":{"winning_party":"Independent","labour_votes":1087,"conservative_votes":229,"libdem_votes":0,"reform_uk_votes":0,"green_votes":0,"independent_votes":1129,"other_votes":0,"labour_pct":44.5,"conservative_pct":9.4,"libdem_pct":0.0,"reform_uk_pct":0.0,"green_pct":0.0,"independent_pct":46.2,"other_pct":0.0,"total_votes":2445,"turnout":1406},"2021":{"winning_party":"Labour","labour_votes":973,"conservative_votes":350,"libdem_votes":0,"reform_uk_votes":0,"green_votes":0,"independent_votes":793,"other_votes":0,"labour_pct":46.0,"conservative_pct":16.5,"libdem_pct":0.0,"reform_uk_pct":0.0,"green_pct":0.0,"independent_pct":37.5,"other_pct":0.0,"total_votes":2116,"turnout":1555}}}},{"type":"Feature","id":6916,"geometry":{"type":"Polygon","coordinates":[[[-1.977,54.673],[-1.977,54.672],[-1.978,54.671],[-1.978,54.67],[-1.979,54.666],[-1.979,54.663],[-1.981,54.658],[-1.979,54.656],[-1.978,54.655],[-1.976,54.65],[-1.974,54.648],[-1.971,54.645],[-1.97,54.644],[-1.969,54.644],[-1.968,54.644],[-1.967,54.643],[-1.966,54.643],[-1.964,54.643],[-1.963,54.643],[-1.962,54.643],[-1.962,54.642],[-1.961,54.642],[-1.96,54.642],[-1.956,54.642],[-1.954,54.641],[-1.952,54.641],[-1.95,54.64],[-1.942,54.636],[-1.943,54.636],[-1.944,54.636],[-1.945,54.637],[-1.946,54.636],[-1.947,54.637],[-1.948,54.637],[-1.949,54.637],[-1.95,54.637],[-1.951,54.637],[-1.952,54.637],[-1.953,54.637],[-1.954,54.637],[-1.955,54.637],[-1.956,54.638],[-1.956,54.637],[-1.957,54.637],[-1.957,54.638],[-1.958,54.638],[-1.958,54.637],[-1.959,54.638],[-1.96,54.638],[-1.961,54.638],[-1.961,54.637],[-1.961,54.636],[-1.963,54.629],[-1.964,54.624],[-1.963,54.621],[-1.962,54.62],[-1.96,54.617],[-1.959,54.617],[-1.958,54.617],[-1.957,54.617],[-1.956,54.617],[-1.955,54.617],[-1.954,54.617],[-1.953,54.617],[-1.952,54.618],[-1.951,54.618],[-1.95,54.619],[-1.949,54.619],[-1.948,54.619],[-1.947,54.619],[-1.946,54.619],[-1.945,54.619],[-1.945,54.618],[-1.944,54.618],[-1.944,54.619],[-1.944,54.618],[-1.943,54.618],[-1.942,54.618],[-1.941,54.618],[-1.941,54.617],[-1.941,54.618],[-1.94,54.617],[-1.94,54.618],[-1.939,54.618],[-1.938,54.618],[-1.937,54.618],[-1.936,54.618],[-1.935,54.618],[-1.934,54.619],[-1.933,54.619],[-1.932,54.619],[-1.932,54.618],[-1.931,54.618],[-1.93,54.619],[-1.93,54.618],[-1.929,54.618],[-1.929,54.619],[-1.928,54.618],[-1.928,54.619],[-1.927,54.619],[-1.926,54.619],[-1.925,54.619],[-1.924,54.619],[-1.923,54.619],[-1.923,54.618],[-1.922,54.618],[-1.921,54.618],[-1.92,54.618],[-1.919,54.618],[-1.917,54.618],[-1.914,54.618],[-1.913,54.618],[-1.906,54.62],[-1.901,54.62],[-1.898,54.62],[-1.895,54.62],[-1.895,54.619],[-1.894,54.617],[-1.892,54.617],[-1.891,54.617],[-1.89,54.617],[-1.888,54.617],[-1.887,54.617],[-1.886,54.617],[-1.885,54.617],[-1.884,54.618],[-1.883,54.618],[-1.882,54.618],[-1.882,54.619],[-1.882,54.62],[-1.881,54.62],[-1.88,54.62],[-1.879,54.62],[-1.878,54.62],[-1.878,54.621],[-1.878,54.622],[-1.877,54.622],[-1.876,54.622],[-1.875,54.622],[-1.874,54.622],[-1.873,54.622],[-1.872,54.622],[-1.871,54.622],[-1.87,54.622],[-1.869,54.621],[-1.868,54.621],[-1.867,54.621],[-1.867,54.62],[-1.866,54.62],[-1.865,54.62],[-1.864,54.62],[-1.863,54.62],[-1.862,54.62],[-1.861,54.619],[-1.86,54.619],[-1.859,54.619],[-1.858,54.618],[-1.857,54.618],[-1.856,54.618],[-1.854,54.618],[-1.853,54.618],[-1.853,54.617],[-1.852,54.617],[-1.852,54.616],[-1.851,54.616],[-1.851,54.615],[-1.85,54.614],[-1.849,54.614],[-1.848,54.614],[-1.847,54.614],[-1.846,54.614],[-1.845,54.614],[-1.844,54.614],[-1.844,54.613],[-1.845,54.613],[-1.844,54.612],[-1.844,54.611],[-1.843,54.61],[-1.842,54.611],[-1.84,54.61],[-1.839,54.609],[-1.837,54.609],[-1.836,54.608],[-1.834,54.608],[-1.832,54.607],[-1.83,54.607],[-1.829,54.607],[-1.827,54.607],[-1.824,54.606],[-1.818,54.606],[-1.815,54.605],[-1.815,54.606],[-1.814,54.606],[-1.811,54.606],[-1.807,54.606],[-1.804,54.605],[-1.801,54.604],[-1.8,54.605],[-1.799,54.604],[-1.796,54.605],[-1.794,54.605],[-1.791,54.605],[-1.789,54.605],[-1.787,54.605],[-1.786,54.605],[-1.784,54.605],[-1.784,54.604],[-1.783,54.604],[-1.781,54.604],[-1.78,54.604],[-1.778,54.604],[-1.777,54.604],[-1.775,54.603],[-1.774,54.602],[-1.774,54.601],[-1.773,54.602],[-1.772,54.602],[-1.771,54.602],[-1.77,54.602],[-1.769,54.602],[-1.768,54.603],[-1.767,54.603],[-1.766,54.604],[-1.765,54.604],[-1.764,54.604],[-1.764,54.603],[-1.763,54.603],[-1.763,54.604],[-1.762,54.604],[-1.761,54.604],[-1.759,54.603],[-1.756,54.603],[-1.755,54.603],[-1.754,54.603],[-1.751,54.603],[-1.749,54.603],[-1.747,54.603],[-1.746,54.603],[-1.745,54.603],[-1.744,54.604],[-1.743,54.604],[-1.742,54.604],[-1.741,54.604],[-1.74,54.605],[-1.739,54.605],[-1.738,54.605],[-1.737,54.605],[-1.736,54.606],[-1.735,54.606],[-1.734,54.606],[-1.731,54.605],[-1.728,54.605],[-1.727,54.604],[-1.726,54.604],[-1.724,54.604],[-1.722,54.604],[-1.72,54.604],[-1.719,54.604],[-1.716,54.603],[-1.716,54.604],[-1.716,54.605],[-1.715,54.606],[-1.712,54.605],[-1.708,54.604],[-1.706,54.604],[-1.704,54.604],[-1.702,54.604],[-1.7,54.603],[-1.7,54.604],[-1.698,54.604],[-1.695,54.603],[-1.694,54.603],[-1.691,54.602],[-1.69,54.601],[-1.689,54.601],[-1.687,54.6],[-1.684,54.599],[-1.683,54.599],[-1.682,54.598],[-1.681,54.598],[-1.681,54.597],[-1.68,54.593],[-1.68,54.59],[-1.68,54.588],[-1.681,54.586],[-1.684,54.586],[-1.688,54.586],[-1.692,54.587],[-1.694,54.587],[-1.694,54.586],[-1.694,54.585],[-1.697,54.585],[-1.699,54.585],[-1.7,54.584],[-1.7,54.583],[-1.701,54.582],[-1.702,54.582],[-1.703,54.581],[-1.703,54.58],[-1.704,54.579],[-1.705,54.578],[-1.706,54.578],[-1.707,54.576],[-1.708,54.575],[-1.709,54.574],[-1.708,54.574],[-1.707,54.574],[-1.706,54.574],[-1.705,54.574],[-1.705,54.573],[-1.705,54.572],[-1.706,54.571],[-1.708,54.569],[-1.708,54.568],[-1.708,54.567],[-1.709,54.566],[-1.71,54.565],[-1.709,54.564],[-1.708,54.563],[-1.707,54.563],[-1.706,54.563],[-1.706,54.562],[-1.706,54.561],[-1.705,54.56],[-1.703,54.559],[-1.702,54.559],[-1.702,54.558],[-1.701,54.558],[-1.7,54.558],[-1.699,54.558],[-1.698,54.558],[-1.697,54.558],[-1.696,54.558],[-1.696,54.557],[-1.695,54.557],[-1.693,54.556],[-1.691,54.556],[-1.693,54.555],[-1.694,54.555],[-1.696,54.556],[-1.699,54.554],[-1.701,54.553],[-1.7,54.553],[-1.7,54.551],[-1.702,54.55],[-1.703,54.55],[-1.705,54.55],[-1.705,54.548],[-1.705,54.547],[-1.704,54.546],[-1.704,54.545],[-1.701,54.544],[-1.699,54.544],[-1.698,54.542],[-1.698,54.541],[-1.698,54.54],[-1.698,54.539],[-1.697,54.537],[-1.698,54.536],[-1.703,54.536],[-1.704,54.537],[-1.707,54.537],[-1.709,54.538],[-1.711,54.539],[-1.714,54.539],[-1.715,54.54],[-1.718,54.541],[-1.719,54.541],[-1.719,54.542],[-1.72,54.542],[-1.723,54.542],[-1.724,54.543],[-1.726,54.542],[-1.727,54.542],[-1.729,54.541],[-1.73,54.541],[-1.731,54.542],[-1.73,54.543],[-1.73,54.544],[-1.731,54.544],[-1.732,54.545],[-1.734,54.545],[-1.735,54.545],[-1.736,54.545],[-1.737,54.545],[-1.738,54.545],[-1.739,54.545],[-1.74,54.544],[-1.741,54.543],[-1.742,54.543],[-1.743,54.543],[-1.743,54.542],[-1.744,54.542],[-1.745,54.542],[-1.745,54.543],[-1.745,54.544],[-1.745,54.545],[-1.746,54.547],[-1.747,54.548],[-1.749,54.549],[-1.75,54.55],[-1.751,54.55],[-1.752,54.551],[-1.754,54.552],[-1.756,54.551],[-1.757,54.551],[-1.758,54.55],[-1.759,54.55],[-1.76,54.55],[-1.761,54.55],[-1.762,54.55],[-1.764,54.55],[-1.767,54.55],[-1.77,54.549],[-1.773,54.549],[-1.774,54.548],[-1.775,54.548],[-1.776,54.548],[-1.778,54.546],[-1.781,54.542],[-1.784,54.539],[-1.785,54.538],[-1.786,54.537],[-1.788,54.535],[-1.789,54.535],[-1.79,54.534],[-1.791,54.534],[-1.792,54.533],[-1.794,54.533],[-1.796,54.532],[-1.797,54.531],[-1.799,54.53],[-1.801,54.529],[-1.803,54.528],[-1.804,54.528],[-1.805,54.528],[-1.806,54.529],[-1.809,54.529],[-1.81,54.529],[-1.811,54.529],[-1.813,54.528],[-1.814,54.527],[-1.815,54.527],[-1.815,54.526],[-1.815,54.525],[-1.815,54.524],[-1.816,54.524],[-1.818,54.524],[-1.82,54.524],[-1.823,54.525],[-1.825,54.526],[-1.826,54.526],[-1.827,54.525],[-1.829,54.525],[-1.831,54.525],[-1.833,54.526],[-1.834,54.526],[-1.835,54.526],[-1.837,54.526],[-1.841,54.527],[-1.844,54.528],[-1.845,54.528],[-1.846,54.528],[-1.847,54.528],[-1.848,54.527],[-1.85,54.527],[-1.852,54.526],[-1.853,54.525],[-1.854,54.525],[-1.855,54.525],[-1.858,54.525],[-1.859,54.526],[-1.861,54.526],[-1.862,54.527],[-1.864,54.527],[-1.869,54.526],[-1.87,54.526],[-1.872,54.525],[-1.875,54.525],[-1.876,54.524],[-1.878,54.524],[-1.88,54.524],[-1.881,54.524],[-1.883,54.525],[-1.885,54.526],[-1.887,54.527],[-1.889,54.527],[-1.889,54.528],[-1.895,54.528],[-1.898,54.529],[-1.9,54.53],[-1.901,54.531],[-1.902,54.531],[-1.903,54.533],[-1.905,54.534],[-1.907,54.535],[-1.908,54.535],[-1.907,54.537],[-1.906,54.537],[-1.907,54.538],[-1.91,54.539],[-1.915,54.54],[-1.919,54.541],[-1.924,54.542],[-1.924,54.544],[-1.924,54.545],[-1.919,54.547],[-1.917,54.548],[-1.917,54.549],[-1.917,54.55],[-1.917,54.551],[-1.917,54.552],[-1.918,54.553],[-1.918,54.554],[-1.92,54.554],[-1.922,54.553],[-1.924,54.553],[-1.924,54.552],[-1.924,54.551],[-1.925,54.551],[-1.926,54.551],[-1.927,54.551],[-1.928,54.551],[-1.929,54.551],[-1.929,54.55],[-1.929,54.549],[-1.928,54.549],[-1.929,54.548],[-1.929,54.547],[-1.93,54.547],[-1.931,54.547],[-1.931,54.546],[-1.932,54.547],[-1.934,54.548],[-1.935,54.549],[-1.936,54.55],[-1.937,54.551],[-1.938,54.551],[-1.94,54.553],[-1.942,54.553],[-1.942,54.554],[-1.943,54.554],[-1.942,54.554],[-1.942,54.555],[-1.941,54.556],[-1.94,54.556],[-1.939,54.557],[-1.94,54.558],[-1.941,54.558],[-1.944,54.558],[-1.949,54.559],[-1.95,54.56],[-1.951,54.56],[-1.952,54.56],[-1.954,54.56],[-1.955,54.56],[-1.956,54.56],[-1.957,54.562],[-1.957,54.563],[-1.958,54.564],[-1.959,54.565],[-1.96,54.565],[-1.962,54.565],[-1.963,54.565],[-1.964,54.566],[-1.964,54.567],[-1.964,54.569],[-1.964,54.57],[-1.965,54.57],[-1.965,54.571],[-1.966,54.571],[-1.968,54.572],[-1.969,54.572],[-1.973,54.573],[-1.975,54.574],[-1.976,54.576],[-1.977,54.576],[-1.979,54.576],[-1.98,54.576],[-1.981,54.576],[-1.981,54.577],[-1.981,54.579],[-1.981,54.58],[-1.982,54.581],[-1.983,54.581],[-1.984,54.582],[-1.985,54.582],[-1.987,54.582],[-1.988,54.582],[-1.988,54.583],[-1.989,54.583],[-1.99,54.586],[-1.991,54.586],[-1.993,54.586],[-1.994,54.586],[-1.994,54.587],[-1.993,54.587],[-1.993,54.589],[-1.994,54.589],[-1.995,54.59],[-1.996,54.59],[-1.997,54.59],[-1.997,54.591],[-1.997,54.592],[-1.997,54.593],[-1.997,54.594],[-1.996,54.595],[-1.996,54.596],[-1.997,54.597],[-1.998,54.598],[-1.999,54.598],[-2.0,54.598],[-2.002,54.599],[-2.003,54.599],[-2.004,54.6],[-2.005,54.6],[-2.005,54.601],[-2.006,54.601],[-2.006,54.602],[-2.006,54.603],[-2.007,54.604],[-2.007,54.605],[-2.008,54.605],[-2.008,54.606],[-2.009,54.606],[-2.009,54.605],[-2.01,54.605],[-2.011,54.604],[-2.012,54.604],[-2.012,54.603],[-2.013,54.603],[-2.014,54.603],[-2.015,54.603],[-2.016,54.603],[-2.017,54.603],[-2.018,54.603],[-2.019,54.604],[-2.02,54.604],[-2.021,54.605],[-2.022,54.605],[-2.023,54.605],[-2.024,54.606],[-2.024,54.607],[-2.024,54.608],[-2.025,54.608],[-2.026,54.608],[-2.028,54.608],[-2.031,54.608],[-2.032,54.608],[-2.034,54.608],[-2.036,54.609],[-2.037,54.609],[-2.037,54.61],[-2.038,54.611],[-2.038,54.612],[-2.038,54.613],[-2.038,54.614],[-2.038,54.615],[-2.039,54.616],[-2.039,54.617],[-2.04,54.617],[-2.041,54.617],[-2.044,54.618],[-2.044,54.619],[-2.043,54.619],[-2.043,54.62],[-2.043,54.621],[-2.044,54.622],[-2.045,54.622],[-2.046,54.623],[-2.047,54.624],[-2.046,54.624],[-2.045,54.625],[-2.038,54.634],[-2.036,54.636],[-2.031,54.642],[-2.027,54.644],[-2.026,54.644],[-2.026,54.645],[-2.025,54.645],[-2.024,54.645],[-2.021,54.645],[-2.02,54.645],[-2.019,54.645],[-2.019,54.646],[-2.02,54.646],[-2.02,54.647],[-2.02,54.648],[-2.021,54.648],[-2.021,54.649],[-2.022,54.65],[-2.022,54.651],[-2.022,54.652],[-2.023,54.652],[-2.022,54.653],[-2.021,54.653],[-2.021,54.654],[-2.02,54.654],[-2.019,54.655],[-2.018,54.655],[-2.017,54.655],[-2.016,54.655],[-2.016,54.656],[-2.015,54.656],[-2.015,54.657],[-2.014,54.657],[-2.013,54.657],[-2.012,54.657],[-2.012,54.658],[-2.011,54.659],[-2.011,54.66],[-2.01,54.661],[-2.01,54.662],[-2.011,54.663],[-2.011,54.664],[-2.012,54.664],[-2.012,54.665],[-2.012,54.666],[-2.012,54.667],[-2.011,54.667],[-2.011,54.668],[-2.011,54.669],[-2.011,54.67],[-2.01,54.671],[-2.011,54.671],[-2.012,54.671],[-2.013,54.672],[-2.014,54.672],[-2.015,54.673],[-2.017,54.673],[-2.018,54.673],[-2.019,54.674],[-2.02,54.675],[-2.021,54.676],[-2.02,54.677],[-2.019,54.678],[-2.018,54.678],[-2.017,54.679],[-2.016,54.679],[-2.013,54.68],[-2.01,54.68],[-2.008,54.682],[-2.002,54.682],[-2.0,54.683],[-1.999,54.683],[-1.997,54.683],[-1.994,54.683],[-1.993,54.684],[-1.99,54.684],[-1.987,54.682],[-1.984,54.679],[-1.982,54.677],[-1.98,54.676],[-1.979,54.674],[-1.978,54.674],[-1.978,54.673],[-1.977,54.673]]]},"properties":{"OBJECTID":6916,"wd11cd":"E05007959","wd11cdo":"00EJME","wd11nm":"Barnard Castle East","wd11nmw":" ","GlobalID":"ea733bb5-40e0-4cf6-a8b7-c4316431feae","results":{"2005":{"winning_party":"Conservative","labour_votes":1788,"conservative_votes":2423,"libdem_votes":0,"reform_uk_votes":0,"green_votes":0,"independent_votes":0,"other_votes":0,"labour_pct":42.5,"conservative_pct":57.5,"libdem_pct":0.0,"reform_uk_pct":0.0,"green_pct":0.0,"independent_pct":0.0,"other_pct":0.0,"total_votes":4211,"turnout":0},"2008":{"winning_party":"Independent","labour_votes":709,"conservative_votes":1923,"libdem_votes":0,"reform_uk_votes":0,"green_votes":0,"independent_votes":2100,"other_votes":0,"labour_pct":15.0,"conservative_pct":40.6,"libdem_pct":0.0,"reform_uk_pct":0.0,"green_pct":0.0,"independent_pct":44.4,"other_pct":0.0,"total_votes":4732,"turnout":0},"2013":{"winning_party":"Conservative","labour_votes":1128,"conservative_votes":1762,"libdem_votes":0,"reform_uk_votes":0,"green_votes":0,"independent_votes":0,"other_votes":481,"labour_pct":33.5,"conservative_pct":52.3,"libdem_pct":0.0,"reform_uk_pct":0.0,"green_pct":0.0,"independent_pct":0.0,"other_pct":14.3,"total_votes":3371,"turnout":27},"2017":{"winning_party":"Conservative","labour_votes":1396,"conservative_votes":2681,"libdem_votes":0,"reform_uk_votes":0,"green_votes":0,"independent_votes":478,"other_votes":0,"labour_pct":30.6,"conservative_pct":58.9,"libdem_pct":0.0,"reform_uk_pct":0.0,"green_pct":0.0,"independent_pct":10.5,"other_pct":0.0,"total_votes":4555,"turnout":2470},"2021":{"winning_party":"Conservative","labour_votes":1308,"conservative_votes":3308,"libdem_votes":0,"reform_uk_votes":0,"green_votes":362,"independent_votes":0,"other_votes":0,"labour_pct":26.3,"conservative_pct":66.5,"libdem_pct":0.0,"reform_uk_pct":0.0,"green_pct":7.3,"independent_pct":0.0,"other_pct":0.0,"total_votes":4978,"turnout":2965}}}},{"type":"Feature","id":6917,"geometry":{"type":"Polygon","coordinates":[[[-2.008,54.682],[-2.01,54.68],[-2.013,54.68],[-2.016,54.679],[-2.017,54.679],[-2.018,54.678],[-2.019,54.678],[-2.02,54.677],[-2.021,54.676],[-2.02,54.675],[-2.019,54.674],[-2.018,54.673],[-2.017,54.673],[-2.015,54.673],[-2.014,54.672],[-2.013,54.672],[-2.012,54.671],[-2.011,54.671],[-2.01,54.671],[-2.011,54.67],[-2.011,54.669],[-2.011,54.668],[-2.011,54.667],[-2.012,54.667],[-2.012,54.666],[-2.012,54.665],[-2.012,54.664],[-2.011,54.664],[-2.011,54.663],[-2.01,54.662],[-2.01,54.661],[-2.011,54.66],[-2.011,54.659],[-2.012,54.658],[-2.012,54.657],[-2.013,54.657],[-2.014,54.657],[-2.015,54.657],[-2.015,54.656],[-2.016,54.656],[-2.016,54.655],[-2.017,54.655],[-2.018,54.655],[-2.019,54.655],[-2.02,54.654],[-2.021,54.654],[-2.021,54.653],[-2.022,54.653],[-2.023,54.652],[-2.022,54.652],[-2.022,54.651],[-2.022,54.65],[-2.021,54.649],[-2.021,54.648],[-2.02,54.648],[-2.02,54.647],[-2.02,54.646],[-2.019,54.646],[-2.019,54.645],[-2.02,54.645],[-2.021,54.645],[-2.024,54.645],[-2.025,54.645],[-2.026,54.645],[-2.026,54.644],[-2.027,54.644],[-2.031,54.642],[-2.036,54.636],[-2.038,54.634],[-2.045,54.625],[-2.046,54.624],[-2.047,54.624],[-2.046,54.623],[-2.045,54.622],[-2.044,54.622],[-2.043,54.621],[-2.043,54.62],[-2.043,54.619],[-2.044,54.619],[-2.044,54.618],[-2.041,54.617],[-2.04,54.617],[-2.039,54.617],[-2.039,54.616],[-2.038,54.615],[-2.038,54.614],[-2.038,54.613],[-2.038,54.612],[-2.038,54.611],[-2.037,54.61],[-2.037,54.609],[-2.036,54.609],[-2.034,54.608],[-2.032,54.608],[-2.031,54.608],[-2.028,54.608],[-2.026,54.608],[-2.025,54.608],[-2.024,54.608],[-2.024,54.607],[-2.024,54.606],[-2.023,54.605],[-2.022,54.605],[-2.021,54.605],[-2.02,54.604],[-2.019,54.604],[-2.018,54.603],[-2.017,54.603],[-2.016,54.603],[-2.015,54.603],[-2.014,54.603],[-2.013,54.603],[-2.012,54.603],[-2.012,54.604],[-2.011,54.604],[-2.01,54.605],[-2.009,54.605],[-2.009,54.606],[-2.008,54.606],[-2.008,54.605],[-2.007,54.605],[-2.007,54.604],[-2.006,54.603],[-2.006,54.602],[-2.006,54.601],[-2.005,54.601],[-2.005,54.6],[-2.004,54.6],[-2.003,54.599],[-2.002,54.599],[-2.0,54.598],[-1.999,54.598],[-1.998,54.598],[-1.997,54.597],[-1.996,54.596],[-1.996,54.595],[-1.997,54.594],[-1.997,54.593],[-1.997,54.592],[-1.997,54.591],[-1.997,54.59],[-1.996,54.59],[-1.995,54.59],[-1.994,54.589],[-1.993,54.589],[-1.993,54.587],[-1.994,54.587],[-1.994,54.586],[-1.993,54.586],[-1.991,54.586],[-1.99,54.586],[-1.989,54.583],[-1.988,54.583],[-1.988,54.582],[-1.987,54.582],[-1.985,54.582],[-1.984,54.582],[-1.983,54.581],[-1.982,54.581],[-1.981,54.58],[-1.981,54.579],[-1.981,54.577],[-1.981,54.576],[-1.98,54.576],[-1.979,54.576],[-1.977,54.576],[-1.976,54.576],[-1.975,54.574],[-1.973,54.573],[-1.969,54.572],[-1.968,54.572],[-1.966,54.571],[-1.965,54.571],[-1.965,54.57],[-1.964,54.57],[-1.964,54.569],[-1.964,54.567],[-1.964,54.566],[-1.963,54.565],[-1.962,54.565],[-1.96,54.565],[-1.959,54.565],[-1.958,54.564],[-1.957,54.563],[-1.957,54.562],[-1.956,54.56],[-1.955,54.56],[-1.954,54.56],[-1.952,54.56],[-1.951,54.56],[-1.95,54.56],[-1.949,54.559],[-1.944,54.558],[-1.941,54.558],[-1.94,54.558],[-1.939,54.557],[-1.94,54.556],[-1.941,54.556],[-1.942,54.555],[-1.942,54.554],[-1.943,54.554],[-1.942,54.554],[-1.942,54.553],[-1.94,54.553],[-1.938,54.551],[-1.937,54.551],[-1.936,54.55],[-1.935,54.549],[-1.934,54.548],[-1.932,54.547],[-1.931,54.546],[-1.931,54.547],[-1.93,54.547],[-1.929,54.547],[-1.929,54.548],[-1.928,54.549],[-1.929,54.549],[-1.929,54.55],[-1.929,54.551],[-1.928,54.551],[-1.927,54.551],[-1.926,54.551],[-1.925,54.551],[-1.924,54.551],[-1.924,54.552],[-1.924,54.553],[-1.922,54.553],[-1.92,54.554],[-1.918,54.554],[-1.918,54.553],[-1.917,54.552],[-1.917,54.551],[-1.917,54.55],[-1.917,54.549],[-1.917,54.548],[-1.919,54.547],[-1.924,54.545],[-1.924,54.544],[-1.924,54.542],[-1.919,54.541],[-1.915,54.54],[-1.91,54.539],[-1.907,54.538],[-1.906,54.537],[-1.907,54.537],[-1.908,54.535],[-1.907,54.535],[-1.905,54.534],[-1.903,54.533],[-1.902,54.531],[-1.901,54.531],[-1.9,54.53],[-1.898,54.529],[-1.895,54.528],[-1.889,54.528],[-1.889,54.527],[-1.887,54.527],[-1.885,54.526],[-1.883,54.525],[-1.881,54.524],[-1.88,54.524],[-1.878,54.524],[-1.876,54.524],[-1.875,54.525],[-1.872,54.525],[-1.87,54.526],[-1.869,54.526],[-1.864,54.527],[-1.862,54.527],[-1.861,54.526],[-1.859,54.526],[-1.858,54.525],[-1.855,54.525],[-1.854,54.525],[-1.853,54.525],[-1.852,54.526],[-1.85,54.527],[-1.848,54.527],[-1.847,54.528],[-1.846,54.528],[-1.845,54.528],[-1.844,54.528],[-1.841,54.527],[-1.837,54.526],[-1.835,54.526],[-1.834,54.526],[-1.833,54.526],[-1.831,54.525],[-1.829,54.525],[-1.827,54.525],[-1.826,54.526],[-1.825,54.526],[-1.823,54.525],[-1.82,54.524],[-1.818,54.524],[-1.816,54.524],[-1.815,54.524],[-1.815,54.525],[-1.815,54.526],[-1.815,54.527],[-1.814,54.527],[-1.813,54.528],[-1.811,54.529],[-1.81,54.529],[-1.809,54.529],[-1.806,54.529],[-1.805,54.528],[-1.804,54.528],[-1.803,54.528],[-1.801,54.529],[-1.799,54.53],[-1.797,54.531],[-1.796,54.532],[-1.794,54.533],[-1.792,54.533],[-1.791,54.534],[-1.79,54.534],[-1.789,54.535],[-1.788,54.535],[-1.786,54.537],[-1.785,54.538],[-1.784,54.539],[-1.781,54.542],[-1.778,54.546],[-1.776,54.548],[-1.775,54.548],[-1.774,54.548],[-1.773,54.549],[-1.77,54.549],[-1.767,54.55],[-1.764,54.55],[-1.762,54.55],[-1.761,54.55],[-1.76,54.55],[-1.759,54.55],[-1.758,54.55],[-1.757,54.551],[-1.756,54.551],[-1.754,54.552],[-1.752,54.551],[-1.751,54.55],[-1.75,54.55],[-1.749,54.549],[-1.747,54.548],[-1.746,54.547],[-1.745,54.545],[-1.745,54.544],[-1.745,54.543],[-1.745,54.542],[-1.744,54.542],[-1.743,54.542],[-1.743,54.543],[-1.742,54.543],[-1.741,54.543],[-1.74,54.544],[-1.739,54.545],[-1.738,54.545],[-1.737,54.545],[-1.736,54.545],[-1.735,54.545],[-1.734,54.545],[-1.732,54.545],[-1.731,54.544],[-1.73,54.544],[-1.73,54.543],[-1.731,54.542],[-1.73,54.541],[-1.729,54.541],[-1.727,54.542],[-1.726,54.542],[-1.724,54.543],[-1.723,54.542],[-1.724,54.542],[-1.723,54.541],[-1.723,54.54],[-1.723,54.539],[-1.724,54.539],[-1.724,54.538],[-1.725,54.537],[-1.725,54.536],[-1.726,54.535],[-1.726,54.534],[-1.726,54.533],[-1.727,54.532],[-1.727,54.531],[-1.727,54.53],[-1.73,54.531],[-1.731,54.531],[-1.732,54.531],[-1.732,54.53],[-1.733,54.529],[-1.733,54.528],[-1.734,54.528],[-1.735,54.528],[-1.737,54.528],[-1.738,54.528],[-1.739,54.528],[-1.74,54.529],[-1.741,54.529],[-1.742,54.53],[-1.744,54.53],[-1.745,54.53],[-1.748,54.529],[-1.749,54.529],[-1.751,54.53],[-1.752,54.53],[-1.754,54.529],[-1.756,54.529],[-1.758,54.529],[-1.76,54.529],[-1.762,54.529],[-1.764,54.53],[-1.765,54.53],[-1.767,54.532],[-1.769,54.533],[-1.77,54.533],[-1.773,54.533],[-1.775,54.533],[-1.779,54.532],[-1.78,54.53],[-1.781,54.528],[-1.781,54.527],[-1.779,54.526],[-1.777,54.524],[-1.777,54.522],[-1.777,54.519],[-1.778,54.519],[-1.778,54.516],[-1.778,54.515],[-1.777,54.514],[-1.777,54.513],[-1.777,54.511],[-1.776,54.509],[-1.776,54.507],[-1.777,54.507],[-1.778,54.506],[-1.779,54.507],[-1.78,54.507],[-1.781,54.507],[-1.782,54.506],[-1.784,54.505],[-1.784,54.504],[-1.784,54.503],[-1.785,54.503],[-1.785,54.502],[-1.787,54.501],[-1.787,54.5],[-1.787,54.499],[-1.788,54.498],[-1.788,54.497],[-1.789,54.495],[-1.79,54.494],[-1.79,54.492],[-1.789,54.492],[-1.79,54.491],[-1.79,54.49],[-1.792,54.488],[-1.792,54.486],[-1.793,54.484],[-1.796,54.486],[-1.802,54.488],[-1.804,54.488],[-1.808,54.49],[-1.809,54.49],[-1.811,54.491],[-1.814,54.492],[-1.816,54.493],[-1.818,54.494],[-1.82,54.494],[-1.822,54.495],[-1.823,54.497],[-1.824,54.497],[-1.824,54.498],[-1.825,54.498],[-1.824,54.499],[-1.824,54.5],[-1.825,54.5],[-1.827,54.501],[-1.827,54.502],[-1.828,54.503],[-1.832,54.503],[-1.832,54.504],[-1.832,54.505],[-1.833,54.506],[-1.836,54.508],[-1.837,54.508],[-1.838,54.508],[-1.839,54.508],[-1.841,54.508],[-1.841,54.507],[-1.842,54.506],[-1.843,54.506],[-1.844,54.506],[-1.845,54.505],[-1.846,54.505],[-1.847,54.505],[-1.848,54.504],[-1.849,54.504],[-1.85,54.504],[-1.852,54.504],[-1.853,54.504],[-1.854,54.504],[-1.855,54.504],[-1.857,54.504],[-1.858,54.503],[-1.858,54.502],[-1.858,54.501],[-1.859,54.499],[-1.859,54.498],[-1.859,54.497],[-1.858,54.495],[-1.858,54.494],[-1.858,54.493],[-1.859,54.493],[-1.859,54.492],[-1.859,54.49],[-1.859,54.489],[-1.86,54.487],[-1.861,54.486],[-1.86,54.484],[-1.859,54.483],[-1.86,54.482],[-1.866,54.482],[-1.871,54.481],[-1.875,54.479],[-1.878,54.478],[-1.88,54.476],[-1.885,54.473],[-1.89,54.469],[-1.893,54.467],[-1.908,54.463],[-1.913,54.462],[-1.923,54.459],[-1.928,54.456],[-1.938,54.456],[-1.943,54.453],[-1.944,54.454],[-1.945,54.454],[-1.946,54.454],[-1.947,54.454],[-1.948,54.454],[-1.949,54.454],[-1.95,54.454],[-1.951,54.454],[-1.952,54.454],[-1.953,54.454],[-1.954,54.453],[-1.954,54.454],[-1.955,54.454],[-1.956,54.454],[-1.957,54.453],[-1.958,54.453],[-1.959,54.453],[-1.96,54.453],[-1.96,54.452],[-1.961,54.452],[-1.962,54.452],[-1.964,54.452],[-1.965,54.452],[-1.966,54.452],[-1.967,54.452],[-1.968,54.452],[-1.969,54.452],[-1.969,54.451],[-1.97,54.452],[-1.972,54.454],[-1.971,54.455],[-1.973,54.456],[-1.973,54.457],[-1.975,54.458],[-1.976,54.46],[-1.978,54.46],[-1.983,54.46],[-1.985,54.46],[-1.986,54.46],[-1.986,54.461],[-1.986,54.462],[-1.988,54.463],[-1.992,54.465],[-1.997,54.467],[-1.999,54.467],[-2.002,54.468],[-2.007,54.47],[-2.012,54.471],[-2.016,54.472],[-2.02,54.472],[-2.024,54.472],[-2.028,54.473],[-2.031,54.473],[-2.035,54.474],[-2.038,54.474],[-2.042,54.475],[-2.045,54.476],[-2.044,54.479],[-2.044,54.48],[-2.043,54.483],[-2.044,54.483],[-2.049,54.483],[-2.05,54.482],[-2.054,54.481],[-2.059,54.481],[-2.063,54.479],[-2.064,54.479],[-2.065,54.478],[-2.067,54.477],[-2.07,54.476],[-2.072,54.474],[-2.077,54.473],[-2.08,54.471],[-2.085,54.469],[-2.092,54.468],[-2.096,54.467],[-2.099,54.466],[-2.102,54.465],[-2.106,54.465],[-2.109,54.464],[-2.114,54.464],[-2.119,54.462],[-2.122,54.462],[-2.124,54.462],[-2.126,54.462],[-2.127,54.462],[-2.128,54.462],[-2.135,54.462],[-2.137,54.461],[-2.138,54.462],[-2.139,54.462],[-2.14,54.461],[-2.141,54.461],[-2.142,54.461],[-2.144,54.461],[-2.15,54.46],[-2.151,54.46],[-2.152,54.459],[-2.154,54.458],[-2.155,54.457],[-2.157,54.457],[-2.157,54.456],[-2.158,54.456],[-2.159,54.456],[-2.16,54.457],[-2.165,54.457],[-2.166,54.457],[-2.17,54.458],[-2.165,54.462],[-2.162,54.465],[-2.161,54.466],[-2.16,54.471],[-2.159,54.472],[-2.16,54.475],[-2.162,54.478],[-2.163,54.483],[-2.166,54.488],[-2.166,54.492],[-2.165,54.496],[-2.164,54.5],[-2.163,54.502],[-2.162,54.504],[-2.164,54.507],[-2.166,54.512],[-2.168,54.517],[-2.169,54.52],[-2.174,54.522],[-2.173,54.525],[-2.171,54.529],[-2.172,54.53],[-2.173,54.533],[-2.18,54.535],[-2.19,54.534],[-2.195,54.533],[-2.202,54.537],[-2.204,54.539],[-2.207,54.541],[-2.21,54.544],[-2.21,54.545],[-2.209,54.552],[-2.219,54.555],[-2.226,54.558],[-2.235,54.561],[-2.243,54.564],[-2.254,54.57],[-2.262,54.574],[-2.266,54.578],[-2.268,54.579],[-2.268,54.58],[-2.271,54.582],[-2.28,54.586],[-2.286,54.589],[-2.291,54.591],[-2.298,54.594],[-2.304,54.596],[-2.305,54.596],[-2.306,54.602],[-2.307,54.607],[-2.308,54.609],[-2.309,54.612],[-2.311,54.615],[-2.315,54.619],[-2.319,54.625],[-2.324,54.63],[-2.324,54.632],[-2.323,54.632],[-2.322,54.633],[-2.321,54.634],[-2.32,54.634],[-2.319,54.635],[-2.318,54.635],[-2.317,54.635],[-2.316,54.636],[-2.315,54.636],[-2.314,54.637],[-2.313,54.637],[-2.312,54.637],[-2.311,54.638],[-2.31,54.638],[-2.309,54.639],[-2.309,54.64],[-2.308,54.64],[-2.308,54.641],[-2.307,54.642],[-2.306,54.643],[-2.305,54.643],[-2.304,54.643],[-2.303,54.643],[-2.302,54.643],[-2.302,54.644],[-2.301,54.644],[-2.3,54.645],[-2.299,54.645],[-2.299,54.646],[-2.298,54.646],[-2.297,54.647],[-2.296,54.648],[-2.295,54.648],[-2.295,54.649],[-2.294,54.649],[-2.293,54.65],[-2.292,54.65],[-2.291,54.65],[-2.29,54.65],[-2.289,54.65],[-2.288,54.65],[-2.289,54.651],[-2.289,54.652],[-2.289,54.653],[-2.29,54.653],[-2.29,54.655],[-2.291,54.656],[-2.292,54.656],[-2.292,54.657],[-2.291,54.658],[-2.291,54.659],[-2.292,54.659],[-2.292,54.66],[-2.293,54.661],[-2.293,54.662],[-2.293,54.664],[-2.294,54.664],[-2.296,54.665],[-2.297,54.665],[-2.298,54.666],[-2.3,54.666],[-2.301,54.666],[-2.302,54.666],[-2.304,54.667],[-2.304,54.668],[-2.303,54.669],[-2.303,54.67],[-2.304,54.67],[-2.306,54.67],[-2.307,54.67],[-2.308,54.67],[-2.309,54.669],[-2.311,54.669],[-2.312,54.669],[-2.313,54.669],[-2.315,54.669],[-2.316,54.669],[-2.317,54.669],[-2.318,54.669],[-2.319,54.669],[-2.32,54.669],[-2.322,54.669],[-2.324,54.669],[-2.326,54.67],[-2.328,54.671],[-2.328,54.672],[-2.327,54.672],[-2.326,54.673],[-2.327,54.673],[-2.328,54.674],[-2.329,54.675],[-2.331,54.675],[-2.332,54.675],[-2.335,54.675],[-2.336,54.676],[-2.337,54.676],[-2.338,54.677],[-2.339,54.678],[-2.34,54.678],[-2.342,54.679],[-2.342,54.68],[-2.343,54.681],[-2.343,54.682],[-2.344,54.682],[-2.345,54.683],[-2.346,54.684],[-2.347,54.684],[-2.348,54.684],[-2.349,54.684],[-2.35,54.684],[-2.35,54.685],[-2.351,54.686],[-2.352,54.686],[-2.352,54.687],[-2.352,54.688],[-2.351,54.689],[-2.35,54.69],[-2.351,54.691],[-2.353,54.691],[-2.354,54.692],[-2.354,54.693],[-2.353,54.694],[-2.352,54.694],[-2.353,54.695],[-2.354,54.696],[-2.354,54.697],[-2.355,54.697],[-2.356,54.697],[-2.356,54.698],[-2.355,54.698],[-2.354,54.698],[-2.353,54.698],[-2.353,54.699],[-2.353,54.7],[-2.352,54.7],[-2.351,54.701],[-2.35,54.701],[-2.349,54.701],[-2.348,54.701],[-2.347,54.701],[-2.346,54.701],[-2.345,54.701],[-2.345,54.702],[-2.344,54.702],[-2.345,54.702],[-2.344,54.702],[-2.344,54.703],[-2.343,54.703],[-2.343,54.704],[-2.343,54.705],[-2.342,54.706],[-2.341,54.706],[-2.342,54.707],[-2.343,54.707],[-2.344,54.708],[-2.345,54.709],[-2.344,54.71],[-2.343,54.71],[-2.342,54.71],[-2.341,54.71],[-2.341,54.711],[-2.342,54.711],[-2.342,54.712],[-2.342,54.713],[-2.342,54.714],[-2.341,54.715],[-2.342,54.715],[-2.341,54.715],[-2.342,54.715],[-2.342,54.716],[-2.341,54.717],[-2.34,54.717],[-2.339,54.717],[-2.338,54.717],[-2.337,54.717],[-2.338,54.717],[-2.338,54.718],[-2.337,54.718],[-2.337,54.719],[-2.338,54.719],[-2.337,54.719],[-2.338,54.72],[-2.337,54.72],[-2.336,54.72],[-2.335,54.72],[-2.334,54.721],[-2.333,54.721],[-2.333,54.722],[-2.332,54.722],[-2.33,54.723],[-2.329,54.724],[-2.327,54.726],[-2.326,54.726],[-2.326,54.727],[-2.325,54.726],[-2.324,54.725],[-2.323,54.725],[-2.323,54.724],[-2.322,54.723],[-2.321,54.723],[-2.321,54.722],[-2.32,54.722],[-2.318,54.723],[-2.318,54.724],[-2.317,54.724],[-2.316,54.723],[-2.315,54.724],[-2.314,54.724],[-2.312,54.724],[-2.312,54.725],[-2.31,54.725],[-2.309,54.726],[-2.308,54.726],[-2.307,54.726],[-2.305,54.726],[-2.304,54.726],[-2.304,54.725],[-2.302,54.725],[-2.3,54.725],[-2.299,54.724],[-2.298,54.724],[-2.297,54.724],[-2.295,54.723],[-2.294,54.723],[-2.293,54.723],[-2.29,54.722],[-2.289,54.722],[-2.288,54.722],[-2.287,54.722],[-2.287,54.721],[-2.285,54.721],[-2.283,54.72],[-2.282,54.72],[-2.281,54.719],[-2.28,54.718],[-2.279,54.718],[-2.278,54.718],[-2.277,54.718],[-2.276,54.718],[-2.275,54.718],[-2.274,54.719],[-2.274,54.718],[-2.273,54.718],[-2.272,54.718],[-2.271,54.719],[-2.27,54.718],[-2.269,54.718],[-2.267,54.717],[-2.266,54.718],[-2.265,54.717],[-2.265,54.716],[-2.263,54.715],[-2.262,54.715],[-2.263,54.714],[-2.263,54.713],[-2.263,54.712],[-2.262,54.711],[-2.261,54.71],[-2.26,54.709],[-2.259,54.709],[-2.259,54.708],[-2.255,54.71],[-2.252,54.71],[-2.248,54.711],[-2.246,54.712],[-2.246,54.713],[-2.245,54.713],[-2.243,54.714],[-2.241,54.714],[-2.24,54.714],[-2.239,54.714],[-2.237,54.714],[-2.234,54.715],[-2.233,54.716],[-2.232,54.716],[-2.231,54.716],[-2.23,54.716],[-2.229,54.717],[-2.228,54.716],[-2.227,54.715],[-2.226,54.714],[-2.225,54.714],[-2.225,54.713],[-2.224,54.713],[-2.223,54.713],[-2.222,54.712],[-2.221,54.712],[-2.22,54.712],[-2.218,54.711],[-2.217,54.71],[-2.216,54.71],[-2.215,54.71],[-2.213,54.71],[-2.213,54.709],[-2.211,54.707],[-2.21,54.707],[-2.209,54.706],[-2.208,54.706],[-2.206,54.705],[-2.205,54.705],[-2.203,54.704],[-2.201,54.705],[-2.198,54.705],[-2.197,54.706],[-2.195,54.706],[-2.195,54.705],[-2.195,54.704],[-2.195,54.703],[-2.195,54.7],[-2.193,54.697],[-2.189,54.695],[-2.187,54.696],[-2.185,54.696],[-2.182,54.695],[-2.177,54.694],[-2.175,54.694],[-2.173,54.694],[-2.168,54.694],[-2.166,54.694],[-2.163,54.694],[-2.158,54.694],[-2.154,54.694],[-2.151,54.695],[-2.15,54.695],[-2.148,54.695],[-2.146,54.696],[-2.142,54.695],[-2.141,54.694],[-2.14,54.693],[-2.138,54.694],[-2.137,54.694],[-2.136,54.693],[-2.136,54.692],[-2.135,54.692],[-2.134,54.692],[-2.133,54.691],[-2.132,54.691],[-2.131,54.691],[-2.13,54.691],[-2.129,54.691],[-2.128,54.69],[-2.127,54.691],[-2.126,54.69],[-2.125,54.69],[-2.125,54.689],[-2.124,54.689],[-2.123,54.689],[-2.122,54.689],[-2.122,54.688],[-2.121,54.688],[-2.12,54.688],[-2.119,54.688],[-2.116,54.688],[-2.115,54.688],[-2.114,54.688],[-2.11,54.689],[-2.107,54.69],[-2.106,54.69],[-2.105,54.69],[-2.104,54.691],[-2.102,54.691],[-2.1,54.692],[-2.099,54.693],[-2.097,54.693],[-2.096,54.693],[-2.095,54.693],[-2.094,54.693],[-2.092,54.694],[-2.091,54.694],[-2.085,54.695],[-2.079,54.694],[-2.069,54.692],[-2.065,54.691],[-2.064,54.69],[-2.063,54.689],[-2.062,54.689],[-2.061,54.688],[-2.06,54.688],[-2.059,54.688],[-2.057,54.688],[-2.056,54.687],[-2.054,54.687],[-2.05,54.686],[-2.044,54.685],[-2.04,54.685],[-2.032,54.685],[-2.028,54.685],[-2.028,54.684],[-2.027,54.684],[-2.026,54.685],[-2.024,54.684],[-2.021,54.683],[-2.018,54.682],[-2.013,54.682],[-2.01,54.681],[-2.009,54.682],[-2.008,54.682]]]},"properties":{"OBJECTID":6917,"wd11cd":"E05007960","wd11cdo":"00EJMF","wd11nm":"Barnard Castle West","wd11nmw":" ","GlobalID":"38e8857f-b038-41f1-b6df-cd677e8bb533","results":{"2005":{"winning_party":"Conservative","labour_votes":1143,"conservative_votes":2155,"libdem_votes":0,"reform_uk_votes":0,"green_votes":0,"independent_votes":842,"other_votes":0,"labour_pct":27.6,"conservative_pct":52.1,"libdem_pct":0.0,"reform_uk_pct":0.0,"green_pct":0.0,"independent_pct":20.3,"other_pct":0.0,"total_votes":4140,"turnout":0},"2008":{"winning_party":"Conservative","labour_votes":724,"conservative_votes":2514,"libdem_votes":0,"reform_uk_votes":0,"green_votes":0,"independent_votes":1723,"other_votes":0,"labour_pct":14.6,"conservative_pct":50.7,"libdem_pct":0.0,"reform_uk_pct":0.0,"green_pct":0.0,"independent_pct":34.7,"other_pct":0.0,"total_votes":4961,"turnout":0},"2013":{"winning_party":"Conservative","labour_votes":793,"conservative_votes":2586,"libdem_votes":0,"reform_uk_votes":0,"green_votes":481,"independent_votes":0,"other_votes":0,"labour_pct":20.5,"conservative_pct":67.0,"libdem_pct":0.0,"reform_uk_pct":0.0,"green_pct":12.5,"independent_pct":0.0,"other_pct":0.0,"total_votes":3860,"turnout":31},"2017":{"winning_party":"Conservative","labour_votes":1099,"conservative_votes":3413,"libdem_votes":0,"reform_uk_votes":0,"green_votes":0,"independent_votes":0,"other_votes":0,"labour_pct":24.4,"conservative_pct":75.6,"libdem_pct":0.0,"reform_uk_pct":0.0,"green_pct":0.0,"independent_pct":0.0,"other_pct":0.0,"total_votes":4512,"turnout":2423},"2021":{"winning_party":"Conservative","labour_votes":1442,"conservative_votes":3887,"libdem_votes":0,"reform_uk_votes":0,"green_votes":0,"independent_votes":0,"other_votes":0,"labour_pct":27.1,"conservative_pct":72.9,"libdem_pct":0.0,"reform_uk_pct":0.0,"green_pct":0.0,"independent_pct":0.0,"other_pct":0.0,"total_votes":5329,"turnout":3096}}}},{"type":"Feature","id":6918,"geometry":{"type":"Polygon","coordinates":[[[-1.533,54.775],[-1.533,54.78],[-1.533,54.782],[-1.533,54.785],[-1.532,54.787],[-1.532,54.788],[-1.529,54.793],[-1.526,54.798],[-1.524,54.802],[-1.523,54.804],[-1.522,54.805],[-1.521,54.804],[-1.52,54.804],[-1.519,54.804],[-1.518,54.803],[-1.517,54.803],[-1.517,54.802],[-1.516,54.802],[-1.515,54.801],[-1.513,54.8],[-1.512,54.8],[-1.511,54.799],[-1.509,54.799],[-1.509,54.798],[-1.51,54.798],[-1.51,54.797],[-1.511,54.796],[-1.511,54.795],[-1.513,54.793],[-1.514,54.792],[-1.518,54.79],[-1.516,54.788],[-1.515,54.787],[-1.515,54.786],[-1.514,54.786],[-1.514,54.785],[-1.514,54.784],[-1.514,54.783],[-1.515,54.783],[-1.515,54.782],[-1.516,54.782],[-1.518,54.781],[-1.52,54.781],[-1.523,54.781],[-1.525,54.78],[-1.527,54.78],[-1.528,54.778],[-1.528,54.777],[-1.528,54.775],[-1.532,54.775],[-1.533,54.775]]]},"properties":{"OBJECTID":6918,"wd11cd":"E05007961","wd11cdo":"00EJMG","wd11nm":"Belmont","wd11nmw":" ","GlobalID":"8a27792b-9626-4f43-8d34-4eac80e2a8ef","results":{"2005":{"winning_party":"Liberal Democrats","labour_votes":1256,"conservative_votes":345,"libdem_votes":1768,"reform_uk_votes":0,"green_votes":0,"independent_votes":0,"other_votes":0,"labour_pct":37.3,"conservative_pct":10.2,"libdem_pct":52.5,"reform_uk_pct":0.0,"green_pct":0.0,"independent_pct":0.0,"other_pct":0.0,"total_votes":3369,"turnout":0},"2008":{"winning_party":"Liberal Democrats","labour_votes":871,"conservative_votes":383,"libdem_votes":2648,"reform_uk_votes":0,"green_votes":0,"independent_votes":451,"other_votes":0,"labour_pct":20.0,"conservative_pct":8.8,"libdem_pct":60.8,"reform_uk_pct":0.0,"green_pct":0.0,"independent_pct":10.4,"other_pct":0.0,"total_votes":4353,"turnout":0},"2013":{"winning_party":"Labour","labour_votes":4278,"conservative_votes":504,"libdem_votes":3116,"reform_uk_votes":0,"green_votes":494,"independent_votes":1352,"other_votes":0,"labour_pct":43.9,"conservative_pct":5.2,"libdem_pct":32.0,"reform_uk_pct":0.0,"green_pct":5.1,"independent_pct":13.9,"other_pct":0.0,"total_votes":9744,"turnout":34},"2017":{"winning_party":"Labour","labour_votes":3900,"conservative_votes":841,"libdem_votes":0,"reform_uk_votes":0,"green_votes":342,"independent_votes":1105,"other_votes":0,"labour_pct":63.0,"conservative_pct":13.6,"libdem_pct":0.0,"reform_uk_pct":0.0,"green_pct":5.5,"independent_pct":17.9,"other_pct":0.0,"total_votes":6188,"turnout":3859},"2021":{"winning_party":"Labour","labour_votes":3948,"conservative_votes":2673,"libdem_votes":0,"reform_uk_votes":0,"green_votes":505,"independent_votes":410,"other_votes":0,"labour_pct":52.4,"conservative_pct":35.5,"libdem_pct":0.0,"reform_uk_pct":0.0,"green_pct":6.7,"independent_pct":5.4,"other_pct":0.0,"total_votes":7536,"turnout":4206}}}},{"type":"Feature","id":6919,"geometry":{"type":"Polygon","coordinates":[[[-1.841,54.867],[-1.842,54.867],[-1.842,54.866],[-1.843,54.866],[-1.844,54.865],[-1.845,54.865],[-1.845,54.864],[-1.846,54.863],[-1.846,54.861],[-1.848,54.861],[-1.85,54.861],[-1.852,54.861],[-1.853,54.861],[-1.854,54.861],[-1.854,54.862],[-1.855,54.86],[-1.856,54.859],[-1.859,54.858],[-1.859,54.857],[-1.859,54.855],[-1.86,54.854],[-1.862,54.854],[-1.863,54.854],[-1.864,54.854],[-1.865,54.854],[-1.866,54.855],[-1.866,54.854],[-1.866,54.855],[-1.867,54.855],[-1.867,54.856],[-1.868,54.857],[-1.869,54.858],[-1.87,54.859],[-1.87,54.86],[-1.87,54.861],[-1.87,54.862],[-1.869,54.862],[-1.868,54.863],[-1.866,54.864],[-1.865,54.864],[-1.863,54.865],[-1.862,54.866],[-1.861,54.866],[-1.861,54.867],[-1.86,54.868],[-1.86,54.869],[-1.86,54.87],[-1.861,54.871],[-1.86,54.872],[-1.86,54.873],[-1.86,54.875],[-1.859,54.875],[-1.858,54.875],[-1.857,54.875],[-1.856,54.875],[-1.856,54.874],[-1.855,54.874],[-1.855,54.873],[-1.855,54.874],[-1.855,54.873],[-1.854,54.873],[-1.853,54.873],[-1.852,54.873],[-1.851,54.873],[-1.85,54.873],[-1.85,54.872],[-1.849,54.872],[-1.848,54.872],[-1.849,54.872],[-1.848,54.872],[-1.847,54.872],[-1.846,54.872],[-1.845,54.872],[-1.844,54.872],[-1.843,54.872],[-1.842,54.872],[-1.841,54.872],[-1.84,54.873],[-1.839,54.873],[-1.839,54.872],[-1.839,54.87],[-1.839,54.869],[-1.84,54.868],[-1.841,54.867]]]},"properties":{"OBJECTID":6919,"wd11cd":"E05007962","wd11cdo":"00EJMH","wd11nm":"Benfieldside","wd11nmw":" ","GlobalID":"6e85984e-5991-473b-8e80-c1376c502c2b","results":{"2005":{"winning_party":"Labour","labour_votes":1250,"conservative_votes":330,"libdem_votes":647,"reform_uk_votes":0,"green_votes":0,"independent_votes":866,"other_votes":0,"labour_pct":40.4,"conservative_pct":10.7,"libdem_pct":20.9,"reform_uk_pct":0.0,"green_pct":0.0,"independent_pct":28.0,"other_pct":0.0,"total_votes":3093,"turnout":0},"2008":{"winning_party":"Independent","labour_votes":1027,"conservative_votes":308,"libdem_votes":747,"reform_uk_votes":0,"green_votes":0,"independent_votes":1758,"other_votes":0,"labour_pct":26.7,"conservative_pct":8.0,"libdem_pct":19.5,"reform_uk_pct":0.0,"green_pct":0.0,"independent_pct":45.8,"other_pct":0.0,"total_votes":3840,"turnout":0},"2013":{"winning_party":"Independent","labour_votes":1386,"conservative_votes":0,"libdem_votes":441,"reform_uk_votes":0,"green_votes":0,"independent_votes":2005,"other_votes":0,"labour_pct":36.2,"conservative_pct":0.0,"libdem_pct":11.5,"reform_uk_pct":0.0,"green_pct":0.0,"independent_pct":52.3,"other_pct":0.0,"total_votes":3832,"turnout":32},"2017":{"winning_party":"Independent","labour_votes":1199,"conservative_votes":341,"libdem_votes":0,"reform_uk_votes":0,"green_votes":0,"independent_votes":2184,"other_votes":0,"labour_pct":32.2,"conservative_pct":9.2,"libdem_pct":0.0,"reform_uk_pct":0.0,"green_pct":0.0,"independent_pct":58.6,"other_pct":0.0,"total_votes":3724,"turnout":2263},"2021":{"winning_party":"Labour","labour_votes":1747,"conservative_votes":1550,"libdem_votes":0,"reform_uk_votes":0,"green_votes":0,"independent_votes":1747,"other_votes":0,"labour_pct":34.6,"conservative_pct":30.7,"libdem_pct":0.0,"reform_uk_pct":0.0,"green_pct":0.0,"independent_pct":34.6,"other_pct":0.0,"total_votes":5044,"turnout":2850}}}},{"type":"Feature","id":6920,"geometry":{"type":"Polygon","coordinates":[[[-1.682,54.674],[-1.682,54.673],[-1.681,54.673],[-1.68,54.673],[-1.678,54.674],[-1.675,54.674],[-1.674,54.674],[-1.673,54.674],[-1.672,54.674],[-1.671,54.674],[-1.67,54.674],[-1.67,54.673],[-1.67,54.671],[-1.668,54.671],[-1.668,54.67],[-1.667,54.67],[-1.666,54.669],[-1.665,54.669],[-1.665,54.668],[-1.666,54.668],[-1.667,54.668],[-1.667,54.667],[-1.666,54.667],[-1.665,54.666],[-1.665,54.665],[-1.666,54.665],[-1.666,54.664],[-1.667,54.664],[-1.665,54.664],[-1.664,54.664],[-1.662,54.664],[-1.658,54.664],[-1.656,54.664],[-1.655,54.662],[-1.655,54.661],[-1.656,54.66],[-1.656,54.659],[-1.656,54.658],[-1.657,54.657],[-1.658,54.656],[-1.66,54.655],[-1.661,54.655],[-1.662,54.655],[-1.664,54.655],[-1.665,54.655],[-1.666,54.655],[-1.667,54.656],[-1.669,54.656],[-1.671,54.657],[-1.672,54.657],[-1.674,54.657],[-1.675,54.657],[-1.677,54.657],[-1.679,54.651],[-1.679,54.65],[-1.683,54.65],[-1.686,54.651],[-1.689,54.651],[-1.691,54.651],[-1.693,54.651],[-1.694,54.651],[-1.695,54.652],[-1.696,54.652],[-1.696,54.653],[-1.697,54.653],[-1.698,54.653],[-1.699,54.654],[-1.7,54.654],[-1.699,54.655],[-1.698,54.655],[-1.697,54.655],[-1.696,54.655],[-1.696,54.656],[-1.695,54.656],[-1.695,54.657],[-1.695,54.658],[-1.695,54.66],[-1.696,54.66],[-1.697,54.66],[-1.697,54.661],[-1.697,54.662],[-1.698,54.663],[-1.698,54.664],[-1.699,54.665],[-1.702,54.666],[-1.703,54.667],[-1.705,54.668],[-1.706,54.669],[-1.707,54.669],[-1.708,54.669],[-1.71,54.669],[-1.711,54.669],[-1.713,54.671],[-1.715,54.671],[-1.716,54.672],[-1.717,54.673],[-1.716,54.673],[-1.714,54.673],[-1.713,54.672],[-1.713,54.673],[-1.712,54.673],[-1.711,54.673],[-1.71,54.673],[-1.706,54.673],[-1.706,54.675],[-1.704,54.674],[-1.701,54.674],[-1.698,54.674],[-1.696,54.673],[-1.694,54.673],[-1.693,54.674],[-1.692,54.674],[-1.69,54.674],[-1.689,54.674],[-1.687,54.674],[-1.686,54.674],[-1.686,54.673],[-1.685,54.673],[-1.684,54.673],[-1.683,54.673],[-1.682,54.674]]]},"properties":{"OBJECTID":6920,"wd11cd":"E05007963","wd11cdo":"00EJMJ","wd11nm":"Bishop Auckland Town","wd11nmw":" ","GlobalID":"b67ea57f-5300-48be-bc56-b27f38cd631c","results":{"2005":{"winning_party":"Labour","labour_votes":1459,"conservative_votes":666,"libdem_votes":1042,"reform_uk_votes":0,"green_votes":0,"independent_votes":353,"other_votes":0,"labour_pct":41.4,"conservative_pct":18.9,"libdem_pct":29.6,"reform_uk_pct":0.0,"green_pct":0.0,"independent_pct":10.0,"other_pct":0.0,"total_votes":3520,"turnout":0},"2008":{"winning_party":"Liberal Democrats","labour_votes":1168,"conservative_votes":1190,"libdem_votes":1824,"reform_uk_votes":0,"green_votes":0,"independent_votes":0,"other_votes":244,"labour_pct":26.4,"conservative_pct":26.9,"libdem_pct":41.2,"reform_uk_pct":0.0,"green_pct":0.0,"independent_pct":0.0,"other_pct":5.5,"total_votes":4426,"turnout":0},"2013":{"winning_party":"Labour","labour_votes":1167,"conservative_votes":442,"libdem_votes":406,"reform_uk_votes":0,"green_votes":0,"independent_votes":861,"other_votes":0,"labour_pct":40.6,"conservative_pct":15.4,"libdem_pct":14.1,"reform_uk_pct":0.0,"green_pct":0.0,"independent_pct":29.9,"other_pct":0.0,"total_votes":2876,"turnout":26},"2017":{"winning_party":"Independent","labour_votes":1123,"conservative_votes":885,"libdem_votes":0,"reform_uk_votes":0,"green_votes":164,"independent_votes":1394,"other_votes":0,"labour_pct":31.5,"conservative_pct":24.8,"libdem_pct":0.0,"reform_uk_pct":0.0,"green_pct":4.6,"independent_pct":39.1,"other_pct":0.0,"total_votes":3566,"turnout":1900},"2021":{"winning_party":"Conservative","labour_votes":1286,"conservative_votes":1323,"libdem_votes":0,"reform_uk_votes":0,"green_votes":0,"independent_votes":1149,"other_votes":0,"labour_pct":34.2,"conservative_pct":35.2,"libdem_pct":0.0,"reform_uk_pct":0.0,"green_pct":0.0,"independent_pct":30.6,"other_pct":0.0,"total_votes":3758,"turnout":2476}}}},{"type":"Feature","id":6921,"geometry":{"type":"Polygon","coordinates":[[[-1.242,54.723],[-1.243,54.723],[-1.244,54.723],[-1.244,54.724],[-1.245,54.724],[-1.246,54.723],[-1.245,54.723],[-1.244,54.723],[-1.244,54.722],[-1.243,54.722],[-1.244,54.722],[-1.245,54.722],[-1.248,54.722],[-1.251,54.72],[-1.253,54.72],[-1.254,54.72],[-1.255,54.721],[-1.256,54.722],[-1.257,54.724],[-1.257,54.726],[-1.259,54.725],[-1.259,54.726],[-1.261,54.726],[-1.262,54.726],[-1.263,54.726],[-1.264,54.726],[-1.265,54.726],[-1.266,54.727],[-1.267,54.727],[-1.268,54.727],[-1.268,54.726],[-1.269,54.726],[-1.27,54.727],[-1.271,54.727],[-1.271,54.726],[-1.272,54.726],[-1.273,54.725],[-1.274,54.725],[-1.275,54.725],[-1.276,54.725],[-1.277,54.724],[-1.278,54.724],[-1.279,54.724],[-1.28,54.723],[-1.281,54.723],[-1.282,54.723],[-1.283,54.722],[-1.284,54.722],[-1.284,54.721],[-1.285,54.721],[-1.286,54.72],[-1.287,54.72],[-1.288,54.72],[-1.288,54.719],[-1.289,54.719],[-1.29,54.719],[-1.29,54.718],[-1.291,54.718],[-1.292,54.719],[-1.293,54.719],[-1.294,54.719],[-1.295,54.719],[-1.296,54.719],[-1.297,54.719],[-1.298,54.719],[-1.299,54.719],[-1.3,54.719],[-1.301,54.718],[-1.302,54.718],[-1.303,54.718],[-1.304,54.719],[-1.306,54.718],[-1.305,54.717],[-1.305,54.716],[-1.305,54.715],[-1.305,54.714],[-1.304,54.713],[-1.304,54.712],[-1.303,54.712],[-1.302,54.711],[-1.302,54.71],[-1.302,54.709],[-1.301,54.708],[-1.303,54.708],[-1.304,54.707],[-1.303,54.706],[-1.304,54.705],[-1.304,54.704],[-1.306,54.704],[-1.307,54.703],[-1.308,54.703],[-1.309,54.703],[-1.309,54.702],[-1.31,54.701],[-1.312,54.701],[-1.314,54.701],[-1.313,54.699],[-1.314,54.698],[-1.314,54.697],[-1.313,54.696],[-1.314,54.695],[-1.315,54.695],[-1.316,54.694],[-1.318,54.694],[-1.319,54.693],[-1.32,54.693],[-1.32,54.692],[-1.319,54.691],[-1.32,54.691],[-1.321,54.691],[-1.322,54.691],[-1.323,54.691],[-1.324,54.691],[-1.326,54.691],[-1.328,54.691],[-1.329,54.69],[-1.33,54.69],[-1.332,54.69],[-1.333,54.691],[-1.334,54.692],[-1.338,54.692],[-1.34,54.691],[-1.344,54.691],[-1.345,54.691],[-1.346,54.691],[-1.347,54.691],[-1.349,54.692],[-1.35,54.692],[-1.352,54.692],[-1.355,54.692],[-1.356,54.692],[-1.357,54.692],[-1.359,54.692],[-1.36,54.692],[-1.361,54.692],[-1.363,54.692],[-1.364,54.692],[-1.366,54.692],[-1.367,54.692],[-1.369,54.692],[-1.369,54.693],[-1.368,54.693],[-1.368,54.694],[-1.368,54.695],[-1.367,54.695],[-1.367,54.696],[-1.366,54.697],[-1.366,54.698],[-1.365,54.699],[-1.364,54.699],[-1.362,54.7],[-1.361,54.7],[-1.358,54.701],[-1.357,54.701],[-1.357,54.702],[-1.358,54.702],[-1.358,54.703],[-1.359,54.704],[-1.36,54.704],[-1.361,54.704],[-1.362,54.704],[-1.363,54.704],[-1.364,54.704],[-1.364,54.705],[-1.365,54.705],[-1.365,54.706],[-1.366,54.706],[-1.366,54.707],[-1.368,54.708],[-1.369,54.708],[-1.371,54.709],[-1.372,54.709],[-1.373,54.709],[-1.374,54.709],[-1.376,54.71],[-1.378,54.71],[-1.379,54.711],[-1.38,54.711],[-1.381,54.711],[-1.382,54.712],[-1.383,54.712],[-1.385,54.713],[-1.388,54.714],[-1.39,54.714],[-1.39,54.715],[-1.391,54.715],[-1.391,54.716],[-1.39,54.716],[-1.389,54.717],[-1.388,54.718],[-1.386,54.719],[-1.385,54.719],[-1.384,54.719],[-1.383,54.719],[-1.382,54.719],[-1.381,54.72],[-1.379,54.72],[-1.378,54.721],[-1.378,54.722],[-1.379,54.722],[-1.378,54.722],[-1.378,54.723],[-1.379,54.723],[-1.379,54.724],[-1.378,54.724],[-1.377,54.724],[-1.376,54.724],[-1.375,54.724],[-1.373,54.725],[-1.372,54.725],[-1.371,54.724],[-1.369,54.724],[-1.368,54.724],[-1.367,54.724],[-1.365,54.725],[-1.364,54.725],[-1.364,54.726],[-1.363,54.726],[-1.362,54.726],[-1.361,54.727],[-1.36,54.727],[-1.359,54.727],[-1.358,54.727],[-1.357,54.727],[-1.356,54.727],[-1.354,54.728],[-1.353,54.728],[-1.353,54.729],[-1.352,54.729],[-1.351,54.729],[-1.35,54.729],[-1.348,54.729],[-1.348,54.728],[-1.346,54.728],[-1.345,54.728],[-1.344,54.728],[-1.343,54.728],[-1.341,54.728],[-1.34,54.728],[-1.339,54.728],[-1.339,54.727],[-1.337,54.726],[-1.336,54.726],[-1.336,54.727],[-1.335,54.727],[-1.334,54.727],[-1.333,54.728],[-1.332,54.729],[-1.331,54.729],[-1.33,54.729],[-1.329,54.73],[-1.329,54.731],[-1.328,54.731],[-1.328,54.732],[-1.327,54.732],[-1.326,54.732],[-1.326,54.733],[-1.327,54.734],[-1.326,54.734],[-1.325,54.734],[-1.324,54.733],[-1.323,54.734],[-1.323,54.735],[-1.324,54.735],[-1.323,54.735],[-1.324,54.736],[-1.324,54.737],[-1.325,54.737],[-1.326,54.738],[-1.326,54.739],[-1.324,54.739],[-1.322,54.74],[-1.321,54.74],[-1.319,54.74],[-1.318,54.74],[-1.317,54.74],[-1.316,54.74],[-1.314,54.74],[-1.313,54.741],[-1.312,54.741],[-1.311,54.742],[-1.31,54.742],[-1.311,54.744],[-1.311,54.745],[-1.312,54.747],[-1.313,54.748],[-1.313,54.749],[-1.313,54.75],[-1.313,54.751],[-1.313,54.752],[-1.314,54.752],[-1.315,54.752],[-1.315,54.753],[-1.314,54.753],[-1.314,54.754],[-1.313,54.754],[-1.312,54.754],[-1.31,54.754],[-1.309,54.755],[-1.308,54.755],[-1.308,54.756],[-1.307,54.756],[-1.306,54.756],[-1.304,54.757],[-1.303,54.757],[-1.302,54.757],[-1.301,54.757],[-1.301,54.756],[-1.3,54.756],[-1.3,54.757],[-1.299,54.757],[-1.299,54.758],[-1.298,54.758],[-1.297,54.757],[-1.296,54.757],[-1.295,54.758],[-1.294,54.758],[-1.292,54.76],[-1.29,54.759],[-1.288,54.758],[-1.284,54.755],[-1.28,54.754],[-1.28,54.753],[-1.279,54.753],[-1.278,54.751],[-1.277,54.75],[-1.275,54.749],[-1.274,54.748],[-1.272,54.747],[-1.271,54.747],[-1.27,54.746],[-1.269,54.745],[-1.268,54.745],[-1.268,54.744],[-1.267,54.744],[-1.267,54.743],[-1.266,54.743],[-1.266,54.742],[-1.267,54.742],[-1.267,54.741],[-1.266,54.74],[-1.265,54.739],[-1.263,54.739],[-1.262,54.738],[-1.261,54.737],[-1.26,54.736],[-1.259,54.735],[-1.258,54.735],[-1.257,54.733],[-1.255,54.732],[-1.253,54.731],[-1.251,54.729],[-1.245,54.725],[-1.244,54.724],[-1.243,54.723],[-1.242,54.723]]]},"properties":{"OBJECTID":6921,"wd11cd":"E05007964","wd11cdo":"00EJMK","wd11nm":"Blackhalls","wd11nmw":" ","GlobalID":"8cf131b3-6532-4fa8-aa94-e977d7f61f95","results":{"2005":{"winning_party":"Labour","labour_votes":2639,"conservative_votes":655,"libdem_votes":0,"reform_uk_votes":0,"green_votes":0,"independent_votes":0,"other_votes":0,"labour_pct":80.1,"conservative_pct":19.9,"libdem_pct":0.0,"reform_uk_pct":0.0,"green_pct":0.0,"independent_pct":0.0,"other_pct":0.0,"total_votes":3294,"turnout":0},"2008":{"winning_party":"Labour","labour_votes":2545,"conservative_votes":0,"libdem_votes":1137,"reform_uk_votes":0,"green_votes":0,"independent_votes":0,"other_votes":0,"labour_pct":69.1,"conservative_pct":0.0,"libdem_pct":30.9,"reform_uk_pct":0.0,"green_pct":0.0,"independent_pct":0.0,"other_pct":0.0,"total_votes":3682,"turnout":0},"2013":{"winning_party":"Labour","labour_votes":2197,"conservative_votes":0,"libdem_votes":0,"reform_uk_votes":0,"green_votes":0,"independent_votes":869,"other_votes":0,"labour_pct":71.7,"conservative_pct":0.0,"libdem_pct":0.0,"reform_uk_pct":0.0,"green_pct":0.0,"independent_pct":28.3,"other_pct":0.0,"total_votes":3066,"turnout":28},"2017":{"winning_party":"Labour","labour_votes":2156,"conservative_votes":412,"libdem_votes":0,"reform_uk_votes":0,"green_votes":0,"independent_votes":0,"other_votes":0,"labour_pct":84.0,"conservative_pct":16.0,"libdem_pct":0.0,"reform_uk_pct":0.0,"green_pct":0.0,"independent_pct":0.0,"other_pct":0.0,"total_votes":2568,"turnout":1736},"2021":{"winning_party":"Labour","labour_votes":2077,"conservative_votes":644,"libdem_votes":0,"reform_uk_votes":0,"green_votes":0,"independent_votes":0,"other_votes":0,"labour_pct":76.3,"conservative_pct":23.7,"libdem_pct":0.0,"reform_uk_pct":0.0,"green_pct":0.0,"independent_pct":0.0,"other_pct":0.0,"total_votes":2721,"turnout":2011}}}},{"type":"Feature","id":6922,"geometry":{"type":"Polygon","coordinates":[[[-1.587,54.738],[-1.586,54.738],[-1.585,54.738],[-1.586,54.739],[-1.585,54.739],[-1.585,54.74],[-1.583,54.74],[-1.582,54.74],[-1.58,54.741],[-1.58,54.74],[-1.581,54.739],[-1.582,54.738],[-1.584,54.736],[-1.585,54.736],[-1.587,54.735],[-1.588,54.735],[-1.59,54.734],[-1.592,54.734],[-1.593,54.732],[-1.594,54.731],[-1.595,54.73],[-1.596,54.73],[-1.599,54.731],[-1.6,54.731],[-1.601,54.731],[-1.605,54.729],[-1.606,54.729],[-1.607,54.729],[-1.608,54.729],[-1.608,54.73],[-1.609,54.73],[-1.608,54.73],[-1.608,54.731],[-1.609,54.732],[-1.61,54.732],[-1.611,54.732],[-1.611,54.733],[-1.612,54.733],[-1.612,54.734],[-1.613,54.734],[-1.614,54.734],[-1.616,54.734],[-1.617,54.735],[-1.618,54.735],[-1.619,54.735],[-1.619,54.736],[-1.62,54.736],[-1.619,54.737],[-1.619,54.738],[-1.618,54.738],[-1.618,54.739],[-1.618,54.74],[-1.617,54.741],[-1.618,54.741],[-1.619,54.742],[-1.62,54.742],[-1.621,54.742],[-1.622,54.742],[-1.623,54.743],[-1.624,54.743],[-1.626,54.743],[-1.626,54.742],[-1.627,54.742],[-1.628,54.742],[-1.63,54.742],[-1.63,54.741],[-1.631,54.741],[-1.632,54.742],[-1.633,54.742],[-1.634,54.742],[-1.635,54.741],[-1.635,54.742],[-1.636,54.744],[-1.638,54.743],[-1.64,54.742],[-1.641,54.743],[-1.642,54.743],[-1.643,54.743],[-1.644,54.744],[-1.645,54.744],[-1.646,54.745],[-1.648,54.746],[-1.649,54.746],[-1.651,54.747],[-1.654,54.749],[-1.655,54.75],[-1.656,54.75],[-1.656,54.751],[-1.657,54.752],[-1.659,54.752],[-1.66,54.753],[-1.661,54.753],[-1.663,54.754],[-1.665,54.755],[-1.666,54.756],[-1.665,54.756],[-1.659,54.757],[-1.654,54.757],[-1.654,54.758],[-1.654,54.759],[-1.651,54.763],[-1.65,54.763],[-1.649,54.763],[-1.648,54.763],[-1.646,54.764],[-1.645,54.764],[-1.644,54.764],[-1.643,54.764],[-1.642,54.764],[-1.641,54.764],[-1.639,54.765],[-1.638,54.765],[-1.637,54.765],[-1.636,54.765],[-1.635,54.766],[-1.634,54.766],[-1.633,54.766],[-1.633,54.767],[-1.632,54.767],[-1.631,54.767],[-1.63,54.767],[-1.629,54.767],[-1.628,54.768],[-1.627,54.768],[-1.626,54.768],[-1.625,54.767],[-1.625,54.766],[-1.624,54.766],[-1.623,54.766],[-1.621,54.765],[-1.62,54.766],[-1.619,54.766],[-1.618,54.766],[-1.618,54.765],[-1.617,54.765],[-1.616,54.765],[-1.615,54.765],[-1.614,54.765],[-1.613,54.765],[-1.612,54.765],[-1.611,54.766],[-1.61,54.766],[-1.608,54.768],[-1.606,54.77],[-1.605,54.771],[-1.603,54.772],[-1.601,54.773],[-1.6,54.773],[-1.599,54.773],[-1.599,54.772],[-1.599,54.771],[-1.601,54.771],[-1.602,54.771],[-1.603,54.77],[-1.603,54.769],[-1.603,54.768],[-1.602,54.768],[-1.601,54.768],[-1.6,54.767],[-1.599,54.767],[-1.598,54.766],[-1.599,54.765],[-1.599,54.764],[-1.6,54.764],[-1.603,54.764],[-1.604,54.764],[-1.605,54.763],[-1.603,54.763],[-1.602,54.762],[-1.601,54.762],[-1.6,54.761],[-1.6,54.76],[-1.6,54.759],[-1.602,54.758],[-1.605,54.758],[-1.605,54.757],[-1.604,54.757],[-1.603,54.756],[-1.602,54.755],[-1.601,54.755],[-1.6,54.755],[-1.599,54.754],[-1.6,54.753],[-1.6,54.752],[-1.6,54.751],[-1.599,54.751],[-1.596,54.749],[-1.592,54.746],[-1.592,54.745],[-1.595,54.745],[-1.597,54.746],[-1.598,54.746],[-1.599,54.746],[-1.599,54.745],[-1.6,54.744],[-1.599,54.743],[-1.599,54.742],[-1.6,54.741],[-1.601,54.74],[-1.602,54.739],[-1.602,54.738],[-1.599,54.737],[-1.599,54.736],[-1.597,54.736],[-1.596,54.736],[-1.595,54.736],[-1.594,54.737],[-1.593,54.737],[-1.592,54.737],[-1.59,54.737],[-1.589,54.737],[-1.588,54.737],[-1.588,54.738],[-1.587,54.738]]]},"properties":{"OBJECTID":6922,"wd11cd":"E05007965","wd11cdo":"00EJML","wd11nm":"Brandon","wd11nmw":" ","GlobalID":"c9f4bda3-0355-4c37-8044-45640cb5bcad","results":{"2005":{"winning_party":"Labour","labour_votes":2593,"conservative_votes":0,"libdem_votes":1629,"reform_uk_votes":0,"green_votes":0,"independent_votes":0,"other_votes":0,"labour_pct":61.4,"conservative_pct":0.0,"libdem_pct":38.6,"reform_uk_pct":0.0,"green_pct":0.0,"independent_pct":0.0,"other_pct":0.0,"total_votes":4222,"turnout":0},"2008":{"winning_party":"Labour","labour_votes":2425,"conservative_votes":217,"libdem_votes":1391,"reform_uk_votes":0,"green_votes":0,"independent_votes":0,"other_votes":381,"labour_pct":54.9,"conservative_pct":4.9,"libdem_pct":31.5,"reform_uk_pct":0.0,"green_pct":0.0,"independent_pct":0.0,"other_pct":8.6,"total_votes":4414,"turnout":0},"2013":{"winning_party":"Labour","labour_votes":2780,"conservative_votes":229,"libdem_votes":403,"reform_uk_votes":0,"green_votes":0,"independent_votes":0,"other_votes":0,"labour_pct":81.5,"conservative_pct":6.7,"libdem_pct":11.8,"reform_uk_pct":0.0,"green_pct":0.0,"independent_pct":0.0,"other_pct":0.0,"total_votes":3412,"turnout":25},"2017":{"winning_party":"Labour","labour_votes":2670,"conservative_votes":464,"libdem_votes":0,"reform_uk_votes":0,"green_votes":0,"independent_votes":0,"other_votes":0,"labour_pct":85.2,"conservative_pct":14.8,"libdem_pct":0.0,"reform_uk_pct":0.0,"green_pct":0.0,"independent_pct":0.0,"other_pct":0.0,"total_votes":3134,"turnout":2171},"2021":{"winning_party":"Green","labour_votes":2068,"conservative_votes":787,"libdem_votes":0,"reform_uk_votes":0,"green_votes":2127,"independent_votes":83,"other_votes":0,"labour_pct":40.8,"conservative_pct":15.5,"libdem_pct":0.0,"reform_uk_pct":0.0,"green_pct":42.0,"independent_pct":1.6,"other_pct":0.0,"total_votes":5065,"turnout":2795}}}},{"type":"Feature","id":6923,"geometry":{"type":"Polygon","coordinates":[[[-1.698,54.906],[-1.7,54.907],[-1.701,54.908],[-1.702,54.907],[-1.703,54.907],[-1.704,54.907],[-1.705,54.907],[-1.706,54.907],[-1.706,54.908],[-1.707,54.908],[-1.708,54.908],[-1.709,54.907],[-1.71,54.907],[-1.709,54.907],[-1.708,54.906],[-1.708,54.905],[-1.707,54.904],[-1.711,54.9],[-1.712,54.899],[-1.718,54.898],[-1.717,54.898],[-1.718,54.897],[-1.72,54.897],[-1.72,54.896],[-1.721,54.896],[-1.722,54.896],[-1.723,54.895],[-1.724,54.895],[-1.725,54.895],[-1.726,54.895],[-1.727,54.895],[-1.728,54.895],[-1.728,54.894],[-1.729,54.895],[-1.73,54.893],[-1.731,54.892],[-1.732,54.892],[-1.732,54.891],[-1.734,54.892],[-1.733,54.891],[-1.732,54.89],[-1.733,54.889],[-1.734,54.888],[-1.735,54.888],[-1.736,54.888],[-1.737,54.888],[-1.738,54.889],[-1.74,54.889],[-1.741,54.889],[-1.742,54.889],[-1.744,54.888],[-1.744,54.887],[-1.746,54.884],[-1.746,54.883],[-1.747,54.882],[-1.749,54.88],[-1.749,54.879],[-1.75,54.878],[-1.751,54.876],[-1.751,54.875],[-1.751,54.874],[-1.751,54.872],[-1.752,54.872],[-1.757,54.873],[-1.76,54.874],[-1.76,54.873],[-1.763,54.87],[-1.766,54.867],[-1.767,54.866],[-1.77,54.863],[-1.773,54.864],[-1.776,54.864],[-1.779,54.867],[-1.78,54.869],[-1.779,54.87],[-1.78,54.871],[-1.782,54.871],[-1.784,54.872],[-1.785,54.872],[-1.786,54.873],[-1.786,54.874],[-1.787,54.874],[-1.787,54.875],[-1.787,54.876],[-1.787,54.877],[-1.788,54.878],[-1.787,54.878],[-1.786,54.878],[-1.786,54.879],[-1.786,54.88],[-1.786,54.881],[-1.787,54.882],[-1.786,54.882],[-1.787,54.883],[-1.786,54.883],[-1.785,54.884],[-1.784,54.884],[-1.783,54.885],[-1.782,54.885],[-1.781,54.885],[-1.781,54.884],[-1.78,54.884],[-1.78,54.885],[-1.779,54.885],[-1.778,54.885],[-1.777,54.886],[-1.776,54.886],[-1.776,54.887],[-1.777,54.887],[-1.776,54.887],[-1.775,54.887],[-1.775,54.888],[-1.775,54.889],[-1.774,54.89],[-1.774,54.891],[-1.774,54.892],[-1.774,54.893],[-1.774,54.894],[-1.775,54.894],[-1.774,54.895],[-1.774,54.896],[-1.773,54.896],[-1.774,54.896],[-1.774,54.897],[-1.774,54.898],[-1.774,54.899],[-1.773,54.899],[-1.773,54.9],[-1.773,54.901],[-1.774,54.901],[-1.775,54.901],[-1.776,54.902],[-1.775,54.902],[-1.776,54.903],[-1.776,54.904],[-1.777,54.905],[-1.776,54.905],[-1.776,54.906],[-1.775,54.906],[-1.774,54.905],[-1.773,54.906],[-1.772,54.906],[-1.771,54.906],[-1.771,54.907],[-1.77,54.907],[-1.769,54.907],[-1.768,54.907],[-1.768,54.908],[-1.768,54.909],[-1.767,54.91],[-1.766,54.91],[-1.766,54.909],[-1.765,54.909],[-1.762,54.908],[-1.761,54.908],[-1.761,54.909],[-1.76,54.909],[-1.76,54.91],[-1.76,54.911],[-1.759,54.911],[-1.758,54.911],[-1.757,54.912],[-1.756,54.912],[-1.755,54.913],[-1.754,54.914],[-1.754,54.915],[-1.752,54.916],[-1.752,54.917],[-1.751,54.917],[-1.75,54.917],[-1.75,54.918],[-1.749,54.918],[-1.748,54.918],[-1.748,54.917],[-1.747,54.917],[-1.746,54.917],[-1.743,54.917],[-1.742,54.917],[-1.741,54.917],[-1.74,54.917],[-1.739,54.917],[-1.739,54.918],[-1.738,54.919],[-1.737,54.918],[-1.737,54.919],[-1.736,54.919],[-1.736,54.918],[-1.735,54.918],[-1.734,54.918],[-1.733,54.918],[-1.733,54.917],[-1.732,54.917],[-1.731,54.917],[-1.731,54.916],[-1.73,54.916],[-1.73,54.915],[-1.729,54.915],[-1.729,54.914],[-1.728,54.913],[-1.728,54.912],[-1.728,54.911],[-1.728,54.91],[-1.727,54.91],[-1.726,54.91],[-1.726,54.909],[-1.725,54.909],[-1.723,54.91],[-1.722,54.91],[-1.722,54.909],[-1.721,54.909],[-1.721,54.908],[-1.719,54.908],[-1.718,54.908],[-1.717,54.908],[-1.716,54.908],[-1.715,54.909],[-1.712,54.909],[-1.71,54.909],[-1.708,54.909],[-1.703,54.909],[-1.701,54.909],[-1.7,54.909],[-1.698,54.909],[-1.699,54.909],[-1.699,54.908],[-1.698,54.908],[-1.697,54.907],[-1.697,54.906],[-1.698,54.906]]]},"properties":{"OBJECTID":6923,"wd11cd":"E05007966","wd11cdo":"00EJMM","wd11nm":"Burnopfield and Dipton","wd11nmw":" ","GlobalID":"874cd709-ec44-45fb-936e-afc14563547e","results":{"2005":{"winning_party":"Independent","labour_votes":1474,"conservative_votes":385,"libdem_votes":0,"reform_uk_votes":0,"green_votes":0,"independent_votes":1578,"other_votes":0,"labour_pct":42.9,"conservative_pct":11.2,"libdem_pct":0.0,"reform_uk_pct":0.0,"green_pct":0.0,"independent_pct":45.9,"other_pct":0.0,"total_votes":3437,"turnout":0},"2008":{"winning_party":"Independent","labour_votes":1150,"conservative_votes":268,"libdem_votes":852,"reform_uk_votes":0,"green_votes":0,"independent_votes":2150,"other_votes":0,"labour_pct":26.0,"conservative_pct":6.1,"libdem_pct":19.3,"reform_uk_pct":0.0,"green_pct":0.0,"independent_pct":48.6,"other_pct":0.0,"total_votes":4420,"turnout":0},"2013":{"winning_party":"Independent","labour_votes":1389,"conservative_votes":0,"libdem_votes":0,"reform_uk_votes":0,"green_votes":0,"independent_votes":2236,"other_votes":0,"labour_pct":38.3,"conservative_pct":0.0,"libdem_pct":0.0,"reform_uk_pct":0.0,"green_pct":0.0,"independent_pct":61.7,"other_pct":0.0,"total_votes":3625,"turnout":30},"2017":{"winning_party":"Labour","labour_votes":1542,"conservative_votes":359,"libdem_votes":0,"reform_uk_votes":0,"green_votes":225,"independent_votes":1402,"other_votes":0,"labour_pct":43.7,"conservative_pct":10.2,"libdem_pct":0.0,"reform_uk_pct":0.0,"green_pct":6.4,"independent_pct":39.7,"other_pct":0.0,"total_votes":3528,"turnout":2021},"2021":{"winning_party":"Labour","labour_votes":1843,"conservative_votes":1223,"libdem_votes":0,"reform_uk_votes":0,"green_votes":219,"independent_votes":1120,"other_votes":0,"labour_pct":41.8,"conservative_pct":27.8,"libdem_pct":0.0,"reform_uk_pct":0.0,"green_pct":5.0,"independent_pct":25.4,"other_pct":0.0,"total_votes":4405,"turnout":2527}}}},{"type":"Feature","id":6924,"geometry":{"type":"Polygon","coordinates":[[[-1.564,54.863],[-1.565,54.862],[-1.565,54.861],[-1.565,54.86],[-1.565,54.859],[-1.565,54.858],[-1.566,54.857],[-1.565,54.856],[-1.564,54.856],[-1.562,54.855],[-1.561,54.854],[-1.56,54.854],[-1.559,54.853],[-1.559,54.852],[-1.559,54.851],[-1.558,54.85],[-1.557,54.849],[-1.556,54.848],[-1.556,54.847],[-1.556,54.846],[-1.557,54.845],[-1.558,54.843],[-1.56,54.841],[-1.561,54.841],[-1.562,54.841],[-1.562,54.842],[-1.561,54.843],[-1.562,54.844],[-1.563,54.844],[-1.563,54.845],[-1.564,54.846],[-1.564,54.847],[-1.565,54.847],[-1.566,54.847],[-1.568,54.847],[-1.569,54.846],[-1.57,54.846],[-1.57,54.845],[-1.57,54.844],[-1.569,54.844],[-1.568,54.843],[-1.567,54.843],[-1.567,54.842],[-1.567,54.841],[-1.568,54.841],[-1.57,54.837],[-1.572,54.836],[-1.573,54.836],[-1.572,54.835],[-1.571,54.834],[-1.57,54.834],[-1.57,54.833],[-1.574,54.833],[-1.576,54.834],[-1.578,54.835],[-1.581,54.835],[-1.581,54.837],[-1.58,54.839],[-1.58,54.841],[-1.579,54.842],[-1.579,54.843],[-1.578,54.844],[-1.577,54.846],[-1.577,54.847],[-1.577,54.849],[-1.577,54.851],[-1.577,54.852],[-1.576,54.853],[-1.575,54.853],[-1.574,54.852],[-1.573,54.851],[-1.573,54.853],[-1.574,54.855],[-1.574,54.857],[-1.574,54.858],[-1.574,54.859],[-1.576,54.859],[-1.578,54.859],[-1.579,54.859],[-1.58,54.859],[-1.582,54.859],[-1.583,54.86],[-1.585,54.86],[-1.586,54.86],[-1.587,54.86],[-1.588,54.86],[-1.589,54.861],[-1.59,54.861],[-1.591,54.861],[-1.592,54.861],[-1.593,54.861],[-1.594,54.861],[-1.595,54.861],[-1.596,54.861],[-1.597,54.861],[-1.598,54.862],[-1.597,54.862],[-1.595,54.863],[-1.593,54.864],[-1.594,54.865],[-1.593,54.865],[-1.591,54.865],[-1.589,54.865],[-1.588,54.865],[-1.587,54.866],[-1.586,54.866],[-1.586,54.867],[-1.584,54.868],[-1.583,54.868],[-1.582,54.868],[-1.579,54.868],[-1.576,54.868],[-1.575,54.868],[-1.575,54.866],[-1.574,54.865],[-1.574,54.864],[-1.573,54.864],[-1.572,54.864],[-1.571,54.864],[-1.57,54.865],[-1.57,54.864],[-1.569,54.863],[-1.569,54.862],[-1.568,54.862],[-1.567,54.863],[-1.565,54.863],[-1.564,54.863]]]},"properties":{"OBJECTID":6924,"wd11cd":"E05007967","wd11cdo":"00EJMN","wd11nm":"Chester-le-Street North and East","wd11nmw":" ","GlobalID":"bcff57fe-2db4-4333-ba18-5b8eba7a4728","results":{"2005":{"winning_party":"Labour","labour_votes":1816,"conservative_votes":630,"libdem_votes":799,"reform_uk_votes":0,"green_votes":0,"independent_votes":592,"other_votes":0,"labour_pct":47.3,"conservative_pct":16.4,"libdem_pct":20.8,"reform_uk_pct":0.0,"green_pct":0.0,"independent_pct":15.4,"other_pct":0.0,"total_votes":3837,"turnout":0},"2008":{"winning_party":"Conservative","labour_votes":1982,"conservative_votes":2009,"libdem_votes":0,"reform_uk_votes":0,"green_votes":0,"independent_votes":807,"other_votes":0,"labour_pct":41.3,"conservative_pct":41.9,"libdem_pct":0.0,"reform_uk_pct":0.0,"green_pct":0.0,"independent_pct":16.8,"other_pct":0.0,"total_votes":4798,"turnout":0},"2013":{"winning_party":"Labour","labour_votes":1163,"conservative_votes":433,"libdem_votes":0,"reform_uk_votes":0,"green_votes":0,"independent_votes":140,"other_votes":366,"labour_pct":55.3,"conservative_pct":20.6,"libdem_pct":0.0,"reform_uk_pct":0.0,"green_pct":0.0,"independent_pct":6.7,"other_pct":17.4,"total_votes":2102,"turnout":35},"2017":{"winning_party":"Labour","labour_votes":967,"conservative_votes":616,"libdem_votes":0,"reform_uk_votes":0,"green_votes":181,"independent_votes":516,"other_votes":59,"labour_pct":41.3,"conservative_pct":26.3,"libdem_pct":0.0,"reform_uk_pct":0.0,"green_pct":7.7,"independent_pct":22.1,"other_pct":2.5,"total_votes":2339,"turnout":1254},"2021":{"winning_party":"Labour","labour_votes":1106,"conservative_votes":746,"libdem_votes":0,"reform_uk_votes":0,"green_votes":300,"independent_votes":445,"other_votes":0,"labour_pct":42.6,"conservative_pct":28.7,"libdem_pct":0.0,"reform_uk_pct":0.0,"green_pct":11.6,"independent_pct":17.1,"other_pct":0.0,"total_votes":2597,"turnout":1394}}}},{"type":"Feature","id":6925,"geometry":{"type":"Polygon","coordinates":[[[-1.634,54.858],[-1.634,54.857],[-1.631,54.856],[-1.63,54.856],[-1.629,54.855],[-1.627,54.855],[-1.625,54.855],[-1.624,54.855],[-1.623,54.855],[-1.62,54.855],[-1.618,54.855],[-1.615,54.855],[-1.614,54.854],[-1.613,54.852],[-1.612,54.852],[-1.612,54.85],[-1.612,54.849],[-1.612,54.848],[-1.611,54.848],[-1.61,54.848],[-1.609,54.848],[-1.608,54.848],[-1.607,54.849],[-1.604,54.85],[-1.603,54.85],[-1.603,54.851],[-1.601,54.852],[-1.599,54.852],[-1.598,54.852],[-1.597,54.851],[-1.596,54.851],[-1.594,54.85],[-1.593,54.85],[-1.592,54.85],[-1.588,54.85],[-1.586,54.85],[-1.584,54.85],[-1.582,54.851],[-1.58,54.851],[-1.577,54.852],[-1.577,54.85],[-1.577,54.848],[-1.577,54.847],[-1.578,54.846],[-1.578,54.844],[-1.579,54.843],[-1.579,54.842],[-1.58,54.84],[-1.58,54.839],[-1.581,54.837],[-1.583,54.835],[-1.584,54.834],[-1.586,54.834],[-1.588,54.834],[-1.59,54.835],[-1.594,54.834],[-1.597,54.834],[-1.599,54.836],[-1.598,54.834],[-1.6,54.833],[-1.602,54.832],[-1.605,54.832],[-1.607,54.832],[-1.607,54.833],[-1.608,54.833],[-1.609,54.834],[-1.611,54.835],[-1.611,54.836],[-1.612,54.836],[-1.613,54.837],[-1.615,54.838],[-1.617,54.839],[-1.618,54.84],[-1.618,54.839],[-1.621,54.838],[-1.623,54.837],[-1.626,54.836],[-1.628,54.836],[-1.63,54.835],[-1.631,54.834],[-1.632,54.833],[-1.634,54.833],[-1.635,54.833],[-1.636,54.833],[-1.637,54.833],[-1.638,54.833],[-1.639,54.833],[-1.641,54.833],[-1.642,54.833],[-1.643,54.833],[-1.644,54.833],[-1.645,54.833],[-1.646,54.832],[-1.648,54.832],[-1.65,54.832],[-1.652,54.831],[-1.653,54.831],[-1.654,54.831],[-1.654,54.832],[-1.655,54.831],[-1.656,54.831],[-1.657,54.831],[-1.658,54.832],[-1.66,54.832],[-1.661,54.832],[-1.662,54.832],[-1.663,54.832],[-1.664,54.832],[-1.665,54.832],[-1.664,54.833],[-1.663,54.833],[-1.663,54.834],[-1.662,54.834],[-1.661,54.835],[-1.661,54.836],[-1.66,54.836],[-1.66,54.837],[-1.661,54.837],[-1.66,54.837],[-1.66,54.838],[-1.661,54.838],[-1.66,54.838],[-1.66,54.839],[-1.66,54.84],[-1.661,54.84],[-1.661,54.841],[-1.662,54.842],[-1.661,54.842],[-1.658,54.843],[-1.656,54.844],[-1.656,54.845],[-1.655,54.846],[-1.655,54.847],[-1.654,54.848],[-1.654,54.849],[-1.654,54.85],[-1.654,54.851],[-1.654,54.852],[-1.654,54.853],[-1.654,54.854],[-1.654,54.855],[-1.653,54.855],[-1.652,54.855],[-1.65,54.855],[-1.645,54.855],[-1.644,54.855],[-1.641,54.856],[-1.639,54.858],[-1.638,54.858],[-1.636,54.858],[-1.634,54.858]]]},"properties":{"OBJECTID":6925,"wd11cd":"E05007968","wd11cdo":"00EJMP","wd11nm":"Chester-le-Street South","wd11nmw":" ","GlobalID":"32cb34c9-3b7d-4af4-91c9-367cc99d3cc5","results":{"2005":{"winning_party":"Labour","labour_votes":1946,"conservative_votes":745,"libdem_votes":1254,"reform_uk_votes":0,"green_votes":0,"independent_votes":0,"other_votes":0,"labour_pct":49.3,"conservative_pct":18.9,"libdem_pct":31.8,"reform_uk_pct":0.0,"green_pct":0.0,"independent_pct":0.0,"other_pct":0.0,"total_votes":3945,"turnout":0},"2008":{"winning_party":"Labour","labour_votes":1635,"conservative_votes":1483,"libdem_votes":1403,"reform_uk_votes":0,"green_votes":0,"independent_votes":560,"other_votes":0,"labour_pct":32.2,"conservative_pct":29.2,"libdem_pct":27.6,"reform_uk_pct":0.0,"green_pct":0.0,"independent_pct":11.0,"other_pct":0.0,"total_votes":5081,"turnout":0},"2013":{"winning_party":"Labour","labour_votes":1973,"conservative_votes":907,"libdem_votes":295,"reform_uk_votes":0,"green_votes":0,"independent_votes":0,"other_votes":787,"labour_pct":49.8,"conservative_pct":22.9,"libdem_pct":7.4,"reform_uk_pct":0.0,"green_pct":0.0,"independent_pct":0.0,"other_pct":19.9,"total_votes":3962,"turnout":33},"2017":{"winning_party":"Independent","labour_votes":1480,"conservative_votes":1403,"libdem_votes":0,"reform_uk_votes":0,"green_votes":0,"independent_votes":1540,"other_votes":0,"labour_pct":33.5,"conservative_pct":31.7,"libdem_pct":0.0,"reform_uk_pct":0.0,"green_pct":0.0,"independent_pct":34.8,"other_pct":0.0,"total_votes":4423,"turnout":2549},"2021":{"winning_party":"Independent","labour_votes":1378,"conservative_votes":1241,"libdem_votes":0,"reform_uk_votes":0,"green_votes":0,"independent_votes":2526,"other_votes":0,"labour_pct":26.8,"conservative_pct":24.1,"libdem_pct":0.0,"reform_uk_pct":0.0,"green_pct":0.0,"independent_pct":49.1,"other_pct":0.0,"total_votes":5145,"turnout":2830}}}},{"type":"Feature","id":6926,"geometry":{"type":"Polygon","coordinates":[[[-1.598,54.862],[-1.597,54.861],[-1.597,54.862],[-1.596,54.861],[-1.595,54.861],[-1.595,54.86],[-1.595,54.861],[-1.593,54.861],[-1.592,54.861],[-1.591,54.861],[-1.59,54.861],[-1.589,54.861],[-1.587,54.86],[-1.586,54.86],[-1.585,54.86],[-1.584,54.86],[-1.582,54.86],[-1.581,54.859],[-1.579,54.859],[-1.578,54.859],[-1.576,54.859],[-1.575,54.859],[-1.574,54.858],[-1.574,54.857],[-1.574,54.855],[-1.573,54.854],[-1.573,54.852],[-1.574,54.852],[-1.575,54.852],[-1.576,54.853],[-1.577,54.852],[-1.58,54.851],[-1.584,54.851],[-1.584,54.85],[-1.587,54.85],[-1.59,54.85],[-1.592,54.85],[-1.593,54.85],[-1.594,54.85],[-1.596,54.851],[-1.597,54.851],[-1.598,54.852],[-1.6,54.852],[-1.601,54.852],[-1.602,54.851],[-1.603,54.85],[-1.604,54.85],[-1.606,54.849],[-1.607,54.849],[-1.608,54.848],[-1.609,54.848],[-1.61,54.848],[-1.611,54.848],[-1.612,54.849],[-1.612,54.85],[-1.612,54.851],[-1.612,54.852],[-1.613,54.853],[-1.615,54.854],[-1.616,54.855],[-1.619,54.855],[-1.621,54.855],[-1.623,54.855],[-1.624,54.855],[-1.626,54.855],[-1.628,54.855],[-1.629,54.855],[-1.63,54.856],[-1.632,54.856],[-1.634,54.857],[-1.634,54.858],[-1.634,54.861],[-1.634,54.863],[-1.63,54.863],[-1.629,54.864],[-1.628,54.864],[-1.625,54.864],[-1.621,54.863],[-1.62,54.862],[-1.62,54.863],[-1.618,54.863],[-1.617,54.863],[-1.616,54.863],[-1.615,54.864],[-1.613,54.864],[-1.61,54.865],[-1.609,54.865],[-1.607,54.864],[-1.606,54.864],[-1.603,54.864],[-1.603,54.863],[-1.604,54.862],[-1.602,54.861],[-1.6,54.861],[-1.599,54.862],[-1.598,54.862]]]},"properties":{"OBJECTID":6926,"wd11cd":"E05007969","wd11cdo":"00EJMQ","wd11nm":"Chester-le-Street West Central","wd11nmw":" ","GlobalID":"742b5cab-f82b-49d7-90d9-d1a89cbbe5e2","results":{"2005":{"winning_party":"Labour","labour_votes":1853,"conservative_votes":378,"libdem_votes":682,"reform_uk_votes":0,"green_votes":0,"independent_votes":0,"other_votes":0,"labour_pct":63.6,"conservative_pct":13.0,"libdem_pct":23.4,"reform_uk_pct":0.0,"green_pct":0.0,"independent_pct":0.0,"other_pct":0.0,"total_votes":2913,"turnout":0},"2008":{"winning_party":"Labour","labour_votes":2213,"conservative_votes":603,"libdem_votes":0,"reform_uk_votes":0,"green_votes":0,"independent_votes":0,"other_votes":0,"labour_pct":78.6,"conservative_pct":21.4,"libdem_pct":0.0,"reform_uk_pct":0.0,"green_pct":0.0,"independent_pct":0.0,"other_pct":0.0,"total_votes":2816,"turnout":0},"2013":{"winning_party":"Labour","labour_votes":2297,"conservative_votes":253,"libdem_votes":0,"reform_uk_votes":0,"green_votes":0,"independent_votes":0,"other_votes":600,"labour_pct":72.9,"conservative_pct":8.0,"libdem_pct":0.0,"reform_uk_pct":0.0,"green_pct":0.0,"independent_pct":0.0,"other_pct":19.0,"total_votes":3150,"turnout":27},"2017":{"winning_party":"Labour","labour_votes":1603,"conservative_votes":289,"libdem_votes":0,"reform_uk_votes":0,"green_votes":0,"independent_votes":1065,"other_votes":0,"labour_pct":54.2,"conservative_pct":9.8,"libdem_pct":0.0,"reform_uk_pct":0.0,"green_pct":0.0,"independent_pct":36.0,"other_pct":0.0,"total_votes":2957,"turnout":1870},"2021":{"winning_party":"Independent","labour_votes":1471,"conservative_votes":735,"libdem_votes":0,"reform_uk_votes":0,"green_votes":0,"independent_votes":1493,"other_votes":0,"labour_pct":39.8,"conservative_pct":19.9,"libdem_pct":0.0,"reform_uk_pct":0.0,"green_pct":0.0,"independent_pct":40.4,"other_pct":0.0,"total_votes":3699,"turnout":2068}}}},{"type":"Feature","id":6927,"geometry":{"type":"Polygon","coordinates":[[[-1.494,54.708],[-1.493,54.707],[-1.492,54.707],[-1.491,54.706],[-1.491,54.705],[-1.49,54.704],[-1.487,54.701],[-1.485,54.7],[-1.484,54.699],[-1.483,54.697],[-1.484,54.696],[-1.485,54.696],[-1.486,54.696],[-1.489,54.695],[-1.49,54.695],[-1.492,54.694],[-1.493,54.694],[-1.495,54.694],[-1.497,54.693],[-1.499,54.693],[-1.5,54.692],[-1.501,54.692],[-1.502,54.692],[-1.503,54.692],[-1.507,54.691],[-1.506,54.691],[-1.506,54.69],[-1.506,54.689],[-1.505,54.688],[-1.507,54.687],[-1.508,54.687],[-1.509,54.687],[-1.51,54.687],[-1.51,54.688],[-1.511,54.688],[-1.515,54.688],[-1.517,54.687],[-1.518,54.687],[-1.521,54.686],[-1.522,54.686],[-1.522,54.685],[-1.522,54.684],[-1.521,54.684],[-1.521,54.683],[-1.519,54.682],[-1.518,54.681],[-1.517,54.681],[-1.518,54.68],[-1.519,54.68],[-1.52,54.68],[-1.521,54.68],[-1.522,54.678],[-1.525,54.678],[-1.527,54.676],[-1.526,54.676],[-1.526,54.675],[-1.525,54.675],[-1.524,54.673],[-1.523,54.673],[-1.523,54.672],[-1.522,54.672],[-1.521,54.672],[-1.52,54.671],[-1.518,54.67],[-1.516,54.67],[-1.512,54.669],[-1.512,54.668],[-1.511,54.668],[-1.51,54.668],[-1.509,54.667],[-1.508,54.665],[-1.507,54.664],[-1.507,54.663],[-1.508,54.663],[-1.509,54.663],[-1.51,54.663],[-1.511,54.662],[-1.512,54.662],[-1.513,54.662],[-1.514,54.662],[-1.515,54.662],[-1.516,54.662],[-1.517,54.662],[-1.518,54.662],[-1.52,54.662],[-1.521,54.661],[-1.523,54.66],[-1.524,54.66],[-1.525,54.659],[-1.526,54.659],[-1.528,54.658],[-1.529,54.658],[-1.531,54.657],[-1.532,54.656],[-1.533,54.656],[-1.533,54.655],[-1.534,54.654],[-1.535,54.654],[-1.536,54.654],[-1.537,54.654],[-1.537,54.653],[-1.536,54.652],[-1.537,54.651],[-1.539,54.651],[-1.54,54.65],[-1.538,54.648],[-1.539,54.647],[-1.539,54.646],[-1.54,54.645],[-1.54,54.644],[-1.542,54.644],[-1.542,54.643],[-1.542,54.641],[-1.542,54.64],[-1.542,54.639],[-1.543,54.639],[-1.543,54.637],[-1.544,54.636],[-1.545,54.636],[-1.545,54.637],[-1.546,54.637],[-1.546,54.638],[-1.547,54.638],[-1.549,54.639],[-1.55,54.639],[-1.55,54.638],[-1.551,54.637],[-1.552,54.637],[-1.552,54.636],[-1.553,54.636],[-1.554,54.635],[-1.555,54.634],[-1.555,54.635],[-1.556,54.635],[-1.556,54.634],[-1.557,54.634],[-1.558,54.634],[-1.558,54.635],[-1.559,54.637],[-1.559,54.639],[-1.56,54.641],[-1.562,54.641],[-1.563,54.641],[-1.565,54.641],[-1.565,54.642],[-1.566,54.643],[-1.566,54.644],[-1.567,54.644],[-1.57,54.646],[-1.573,54.646],[-1.574,54.644],[-1.577,54.643],[-1.578,54.642],[-1.579,54.641],[-1.581,54.64],[-1.581,54.639],[-1.583,54.638],[-1.587,54.638],[-1.59,54.639],[-1.593,54.64],[-1.595,54.64],[-1.597,54.641],[-1.598,54.641],[-1.6,54.642],[-1.602,54.642],[-1.603,54.642],[-1.605,54.642],[-1.605,54.643],[-1.607,54.643],[-1.611,54.644],[-1.611,54.645],[-1.611,54.646],[-1.611,54.647],[-1.611,54.648],[-1.61,54.65],[-1.61,54.651],[-1.61,54.652],[-1.61,54.653],[-1.61,54.655],[-1.61,54.656],[-1.61,54.658],[-1.609,54.658],[-1.609,54.66],[-1.607,54.662],[-1.603,54.663],[-1.603,54.664],[-1.603,54.665],[-1.602,54.665],[-1.602,54.666],[-1.603,54.666],[-1.604,54.667],[-1.603,54.668],[-1.603,54.669],[-1.604,54.671],[-1.605,54.672],[-1.606,54.675],[-1.604,54.676],[-1.604,54.677],[-1.603,54.678],[-1.604,54.679],[-1.606,54.679],[-1.607,54.679],[-1.609,54.679],[-1.611,54.678],[-1.612,54.679],[-1.612,54.68],[-1.613,54.68],[-1.612,54.68],[-1.612,54.681],[-1.611,54.681],[-1.611,54.682],[-1.611,54.683],[-1.612,54.683],[-1.612,54.684],[-1.607,54.685],[-1.604,54.686],[-1.603,54.687],[-1.602,54.688],[-1.601,54.688],[-1.6,54.689],[-1.599,54.689],[-1.599,54.69],[-1.599,54.691],[-1.599,54.692],[-1.599,54.693],[-1.598,54.693],[-1.597,54.693],[-1.596,54.693],[-1.595,54.692],[-1.594,54.692],[-1.593,54.692],[-1.592,54.692],[-1.59,54.693],[-1.586,54.696],[-1.585,54.697],[-1.584,54.697],[-1.582,54.697],[-1.583,54.697],[-1.583,54.696],[-1.581,54.692],[-1.581,54.691],[-1.581,54.69],[-1.581,54.689],[-1.582,54.688],[-1.582,54.687],[-1.581,54.686],[-1.581,54.685],[-1.582,54.684],[-1.58,54.683],[-1.578,54.682],[-1.577,54.681],[-1.575,54.68],[-1.573,54.678],[-1.572,54.678],[-1.572,54.677],[-1.573,54.677],[-1.573,54.676],[-1.572,54.675],[-1.571,54.675],[-1.57,54.673],[-1.569,54.673],[-1.569,54.672],[-1.568,54.673],[-1.566,54.674],[-1.564,54.674],[-1.562,54.676],[-1.561,54.676],[-1.56,54.677],[-1.559,54.677],[-1.557,54.678],[-1.555,54.678],[-1.553,54.678],[-1.552,54.678],[-1.55,54.678],[-1.548,54.679],[-1.547,54.68],[-1.545,54.68],[-1.544,54.681],[-1.542,54.681],[-1.541,54.681],[-1.539,54.682],[-1.537,54.682],[-1.536,54.682],[-1.536,54.683],[-1.533,54.683],[-1.533,54.684],[-1.532,54.684],[-1.531,54.684],[-1.531,54.685],[-1.531,54.687],[-1.532,54.688],[-1.531,54.689],[-1.532,54.69],[-1.532,54.691],[-1.532,54.692],[-1.532,54.693],[-1.532,54.695],[-1.533,54.696],[-1.533,54.698],[-1.533,54.7],[-1.533,54.702],[-1.534,54.704],[-1.535,54.705],[-1.535,54.706],[-1.535,54.707],[-1.535,54.709],[-1.535,54.71],[-1.536,54.71],[-1.536,54.711],[-1.535,54.712],[-1.534,54.712],[-1.534,54.713],[-1.534,54.714],[-1.533,54.713],[-1.532,54.713],[-1.531,54.713],[-1.529,54.714],[-1.528,54.714],[-1.524,54.714],[-1.521,54.714],[-1.52,54.714],[-1.519,54.714],[-1.519,54.713],[-1.518,54.713],[-1.518,54.712],[-1.522,54.709],[-1.521,54.709],[-1.52,54.708],[-1.519,54.708],[-1.519,54.707],[-1.518,54.707],[-1.518,54.708],[-1.517,54.708],[-1.516,54.708],[-1.516,54.707],[-1.516,54.708],[-1.515,54.708],[-1.515,54.707],[-1.514,54.707],[-1.513,54.707],[-1.512,54.707],[-1.511,54.707],[-1.511,54.708],[-1.512,54.708],[-1.511,54.708],[-1.51,54.708],[-1.509,54.708],[-1.507,54.708],[-1.506,54.708],[-1.505,54.708],[-1.504,54.708],[-1.502,54.708],[-1.501,54.708],[-1.5,54.708],[-1.499,54.708],[-1.497,54.708],[-1.496,54.708],[-1.494,54.708]]]},"properties":{"OBJECTID":6927,"wd11cd":"E05007970","wd11cdo":"00EJMR","wd11nm":"Chilton","wd11nmw":" ","GlobalID":"92fd3921-9ce7-4458-a24d-504cc90c9c6c","results":{"2005":{"winning_party":"Labour","labour_votes":2516,"conservative_votes":453,"libdem_votes":890,"reform_uk_votes":0,"green_votes":0,"independent_votes":0,"other_votes":0,"labour_pct":65.2,"conservative_pct":11.7,"libdem_pct":23.1,"reform_uk_pct":0.0,"green_pct":0.0,"independent_pct":0.0,"other_pct":0.0,"total_votes":3859,"turnout":0},"2008":{"winning_party":"Labour","labour_votes":3049,"conservative_votes":517,"libdem_votes":0,"reform_uk_votes":0,"green_votes":0,"independent_votes":0,"other_votes":1692,"labour_pct":58.0,"conservative_pct":9.8,"libdem_pct":0.0,"reform_uk_pct":0.0,"green_pct":0.0,"independent_pct":0.0,"other_pct":32.2,"total_votes":5258,"turnout":0},"2013":{"winning_party":"Labour","labour_votes":646,"conservative_votes":61,"libdem_votes":0,"reform_uk_votes":0,"green_votes":0,"independent_votes":280,"other_votes":0,"labour_pct":65.5,"conservative_pct":6.2,"libdem_pct":0.0,"reform_uk_pct":0.0,"green_pct":0.0,"independent_pct":28.4,"other_pct":0.0,"total_votes":987,"turnout":31},"2017":{"winning_party":"Labour","labour_votes":622,"conservative_votes":291,"libdem_votes":0,"reform_uk_votes":0,"green_votes":0,"independent_votes":0,"other_votes":0,"labour_pct":68.1,"conservative_pct":31.9,"libdem_pct":0.0,"reform_uk_pct":0.0,"green_pct":0.0,"independent_pct":0.0,"other_pct":0.0,"total_votes":913,"turnout":913},"2021":{"winning_party":"Conservative","labour_votes":304,"conservative_votes":313,"libdem_votes":0,"reform_uk_votes":0,"green_votes":0,"independent_votes":0,"other_votes":0,"labour_pct":49.3,"conservative_pct":50.7,"libdem_pct":0.0,"reform_uk_pct":0.0,"green_pct":0.0,"independent_pct":0.0,"other_pct":0.0,"total_votes":617,"turnout":1123}}}},{"type":"Feature","id":6928,"geometry":{"type":"Polygon","coordinates":[[[-1.818,54.858],[-1.819,54.857],[-1.82,54.857],[-1.822,54.856],[-1.824,54.855],[-1.828,54.853],[-1.834,54.85],[-1.836,54.85],[-1.837,54.85],[-1.838,54.85],[-1.839,54.851],[-1.841,54.852],[-1.842,54.852],[-1.843,54.853],[-1.844,54.853],[-1.844,54.854],[-1.843,54.855],[-1.842,54.856],[-1.84,54.857],[-1.841,54.857],[-1.842,54.857],[-1.843,54.857],[-1.845,54.857],[-1.846,54.857],[-1.847,54.857],[-1.847,54.856],[-1.847,54.855],[-1.848,54.855],[-1.849,54.856],[-1.85,54.856],[-1.852,54.856],[-1.853,54.857],[-1.854,54.857],[-1.855,54.856],[-1.856,54.855],[-1.858,54.855],[-1.859,54.855],[-1.859,54.858],[-1.858,54.858],[-1.855,54.86],[-1.854,54.861],[-1.853,54.861],[-1.852,54.861],[-1.849,54.861],[-1.847,54.861],[-1.846,54.862],[-1.846,54.863],[-1.845,54.864],[-1.844,54.865],[-1.843,54.866],[-1.842,54.866],[-1.842,54.867],[-1.841,54.867],[-1.839,54.868],[-1.838,54.867],[-1.837,54.866],[-1.836,54.865],[-1.832,54.865],[-1.829,54.865],[-1.828,54.866],[-1.827,54.866],[-1.826,54.867],[-1.824,54.867],[-1.822,54.866],[-1.821,54.866],[-1.819,54.866],[-1.82,54.864],[-1.819,54.864],[-1.819,54.863],[-1.818,54.862],[-1.817,54.862],[-1.817,54.861],[-1.817,54.86],[-1.816,54.86],[-1.815,54.859],[-1.817,54.858],[-1.818,54.858]]]},"properties":{"OBJECTID":6928,"wd11cd":"E05007971","wd11cdo":"00EJMS","wd11nm":"Consett North","wd11nmw":" ","GlobalID":"3ef7f6ca-ce5e-4c37-84b0-d53bc14ed2ae","results":{"2005":{"winning_party":"Labour","labour_votes":2120,"conservative_votes":395,"libdem_votes":947,"reform_uk_votes":0,"green_votes":0,"independent_votes":0,"other_votes":0,"labour_pct":61.2,"conservative_pct":11.4,"libdem_pct":27.4,"reform_uk_pct":0.0,"green_pct":0.0,"independent_pct":0.0,"other_pct":0.0,"total_votes":3462,"turnout":0},"2008":{"winning_party":"Liberal Democrats","labour_votes":1453,"conservative_votes":0,"libdem_votes":1865,"reform_uk_votes":0,"green_votes":0,"independent_votes":1148,"other_votes":184,"labour_pct":31.2,"conservative_pct":0.0,"libdem_pct":40.1,"reform_uk_pct":0.0,"green_pct":0.0,"independent_pct":24.7,"other_pct":4.0,"total_votes":4650,"turnout":0},"2013":{"winning_party":"Liberal Democrats","labour_votes":1073,"conservative_votes":0,"libdem_votes":1415,"reform_uk_votes":0,"green_votes":0,"independent_votes":1173,"other_votes":253,"labour_pct":27.4,"conservative_pct":0.0,"libdem_pct":36.2,"reform_uk_pct":0.0,"green_pct":0.0,"independent_pct":30.0,"other_pct":6.5,"total_votes":3914,"turnout":33},"2017":{"winning_party":"Independent","labour_votes":902,"conservative_votes":175,"libdem_votes":0,"reform_uk_votes":0,"green_votes":0,"independent_votes":1139,"other_votes":0,"labour_pct":40.7,"conservative_pct":7.9,"libdem_pct":0.0,"reform_uk_pct":0.0,"green_pct":0.0,"independent_pct":51.4,"other_pct":0.0,"total_votes":2216,"turnout":2161},"2021":{"winning_party":"Independent","labour_votes":1107,"conservative_votes":592,"libdem_votes":0,"reform_uk_votes":0,"green_votes":0,"independent_votes":1137,"other_votes":0,"labour_pct":39.0,"conservative_pct":20.9,"libdem_pct":0.0,"reform_uk_pct":0.0,"green_pct":0.0,"independent_pct":40.1,"other_pct":0.0,"total_votes":2836,"turnout":2411}}}},{"type":"Feature","id":6929,"geometry":{"type":"Polygon","coordinates":[[[-1.678,54.704],[-1.676,54.701],[-1.673,54.699],[-1.666,54.695],[-1.662,54.691],[-1.657,54.687],[-1.655,54.687],[-1.653,54.687],[-1.653,54.686],[-1.652,54.687],[-1.651,54.687],[-1.65,54.686],[-1.648,54.686],[-1.647,54.685],[-1.646,54.685],[-1.645,54.685],[-1.645,54.684],[-1.644,54.684],[-1.643,54.684],[-1.642,54.683],[-1.639,54.681],[-1.637,54.68],[-1.637,54.679],[-1.636,54.677],[-1.635,54.677],[-1.633,54.677],[-1.632,54.678],[-1.63,54.678],[-1.629,54.677],[-1.626,54.677],[-1.625,54.677],[-1.62,54.677],[-1.618,54.677],[-1.617,54.677],[-1.616,54.678],[-1.614,54.678],[-1.613,54.678],[-1.612,54.679],[-1.611,54.678],[-1.611,54.679],[-1.609,54.679],[-1.607,54.68],[-1.605,54.68],[-1.604,54.679],[-1.603,54.678],[-1.604,54.678],[-1.604,54.677],[-1.605,54.676],[-1.606,54.674],[-1.605,54.672],[-1.604,54.67],[-1.603,54.669],[-1.603,54.668],[-1.604,54.668],[-1.604,54.667],[-1.603,54.667],[-1.602,54.666],[-1.602,54.665],[-1.603,54.665],[-1.603,54.664],[-1.604,54.662],[-1.607,54.662],[-1.609,54.66],[-1.609,54.658],[-1.61,54.657],[-1.61,54.656],[-1.61,54.655],[-1.613,54.655],[-1.614,54.655],[-1.614,54.654],[-1.615,54.654],[-1.617,54.654],[-1.618,54.654],[-1.619,54.654],[-1.62,54.654],[-1.622,54.654],[-1.623,54.654],[-1.624,54.654],[-1.625,54.653],[-1.624,54.651],[-1.627,54.65],[-1.628,54.65],[-1.629,54.65],[-1.63,54.649],[-1.631,54.649],[-1.632,54.649],[-1.634,54.648],[-1.635,54.647],[-1.636,54.647],[-1.637,54.646],[-1.638,54.646],[-1.639,54.646],[-1.64,54.645],[-1.641,54.645],[-1.642,54.645],[-1.643,54.645],[-1.644,54.645],[-1.645,54.645],[-1.646,54.645],[-1.647,54.645],[-1.648,54.645],[-1.648,54.644],[-1.648,54.643],[-1.649,54.643],[-1.649,54.642],[-1.648,54.641],[-1.65,54.642],[-1.65,54.643],[-1.652,54.643],[-1.652,54.644],[-1.656,54.644],[-1.658,54.645],[-1.66,54.645],[-1.664,54.645],[-1.667,54.645],[-1.669,54.644],[-1.671,54.644],[-1.673,54.644],[-1.674,54.643],[-1.675,54.643],[-1.676,54.643],[-1.677,54.643],[-1.676,54.642],[-1.677,54.642],[-1.677,54.641],[-1.678,54.64],[-1.679,54.641],[-1.68,54.64],[-1.681,54.64],[-1.68,54.64],[-1.68,54.639],[-1.679,54.639],[-1.678,54.639],[-1.678,54.638],[-1.679,54.638],[-1.679,54.637],[-1.679,54.638],[-1.68,54.638],[-1.681,54.638],[-1.681,54.637],[-1.68,54.637],[-1.68,54.636],[-1.68,54.635],[-1.681,54.635],[-1.682,54.635],[-1.682,54.636],[-1.683,54.636],[-1.683,54.637],[-1.682,54.639],[-1.682,54.641],[-1.681,54.642],[-1.681,54.643],[-1.679,54.643],[-1.678,54.644],[-1.677,54.644],[-1.676,54.645],[-1.674,54.647],[-1.671,54.65],[-1.67,54.65],[-1.668,54.652],[-1.667,54.653],[-1.666,54.653],[-1.666,54.654],[-1.664,54.654],[-1.664,54.655],[-1.666,54.655],[-1.665,54.655],[-1.663,54.655],[-1.662,54.655],[-1.66,54.655],[-1.659,54.656],[-1.658,54.656],[-1.657,54.657],[-1.656,54.658],[-1.656,54.659],[-1.656,54.66],[-1.655,54.661],[-1.655,54.663],[-1.656,54.664],[-1.658,54.664],[-1.66,54.664],[-1.663,54.664],[-1.664,54.664],[-1.667,54.664],[-1.666,54.664],[-1.666,54.665],[-1.665,54.665],[-1.665,54.666],[-1.667,54.667],[-1.667,54.668],[-1.666,54.668],[-1.665,54.668],[-1.665,54.669],[-1.666,54.67],[-1.667,54.67],[-1.668,54.671],[-1.669,54.671],[-1.67,54.671],[-1.67,54.672],[-1.67,54.673],[-1.67,54.674],[-1.671,54.674],[-1.672,54.674],[-1.673,54.674],[-1.674,54.674],[-1.677,54.674],[-1.678,54.674],[-1.68,54.673],[-1.682,54.673],[-1.682,54.674],[-1.683,54.674],[-1.683,54.675],[-1.684,54.676],[-1.684,54.677],[-1.685,54.679],[-1.685,54.68],[-1.684,54.681],[-1.683,54.683],[-1.683,54.684],[-1.683,54.685],[-1.683,54.686],[-1.682,54.686],[-1.682,54.687],[-1.681,54.687],[-1.679,54.687],[-1.678,54.687],[-1.677,54.687],[-1.677,54.688],[-1.676,54.69],[-1.676,54.691],[-1.676,54.692],[-1.677,54.692],[-1.68,54.692],[-1.682,54.692],[-1.685,54.692],[-1.688,54.692],[-1.69,54.692],[-1.691,54.692],[-1.692,54.691],[-1.693,54.691],[-1.693,54.692],[-1.693,54.693],[-1.692,54.694],[-1.692,54.695],[-1.691,54.696],[-1.691,54.697],[-1.691,54.698],[-1.691,54.699],[-1.692,54.699],[-1.692,54.7],[-1.692,54.701],[-1.691,54.701],[-1.691,54.702],[-1.689,54.703],[-1.689,54.704],[-1.687,54.705],[-1.686,54.705],[-1.684,54.705],[-1.681,54.705],[-1.68,54.705],[-1.679,54.705],[-1.678,54.704]]]},"properties":{"OBJECTID":6929,"wd11cd":"E05007972","wd11cdo":"00EJMT","wd11nm":"Coundon","wd11nmw":" ","GlobalID":"298a1cce-82f5-45f2-9db0-2f807c7a3b08","results":{"2005":{"winning_party":"Labour","labour_votes":1616,"conservative_votes":300,"libdem_votes":787,"reform_uk_votes":0,"green_votes":0,"independent_votes":0,"other_votes":0,"labour_pct":59.8,"conservative_pct":11.1,"libdem_pct":29.1,"reform_uk_pct":0.0,"green_pct":0.0,"independent_pct":0.0,"other_pct":0.0,"total_votes":2703,"turnout":0},"2008":{"winning_party":"Liberal Democrats","labour_votes":1086,"conservative_votes":430,"libdem_votes":1303,"reform_uk_votes":0,"green_votes":0,"independent_votes":0,"other_votes":0,"labour_pct":38.5,"conservative_pct":15.3,"libdem_pct":46.2,"reform_uk_pct":0.0,"green_pct":0.0,"independent_pct":0.0,"other_pct":0.0,"total_votes":2819,"turnout":0},"2013":{"winning_party":"Labour","labour_votes":396,"conservative_votes":41,"libdem_votes":0,"reform_uk_votes":0,"green_votes":0,"independent_votes":217,"other_votes":0,"labour_pct":60.6,"conservative_pct":6.3,"libdem_pct":0.0,"reform_uk_pct":0.0,"green_pct":0.0,"independent_pct":33.2,"other_pct":0.0,"total_votes":654,"turnout":20},"2017":{"winning_party":"Labour","labour_votes":489,"conservative_votes":146,"libdem_votes":0,"reform_uk_votes":0,"green_votes":0,"independent_votes":175,"other_votes":0,"labour_pct":60.4,"conservative_pct":18.0,"libdem_pct":0.0,"reform_uk_pct":0.0,"green_pct":0.0,"independent_pct":21.6,"other_pct":0.0,"total_votes":810,"turnout":810},"2021":{"winning_party":"Labour","labour_votes":512,"conservative_votes":338,"libdem_votes":0,"reform_uk_votes":0,"green_votes":0,"independent_votes":69,"other_votes":0,"labour_pct":55.7,"conservative_pct":36.8,"libdem_pct":0.0,"reform_uk_pct":0.0,"green_pct":0.0,"independent_pct":7.5,"other_pct":0.0,"total_votes":919,"turnout":966}}}},{"type":"Feature","id":6930,"geometry":{"type":"Polygon","coordinates":[[[-1.457,54.747],[-1.458,54.746],[-1.459,54.745],[-1.459,54.744],[-1.459,54.743],[-1.459,54.741],[-1.459,54.74],[-1.458,54.739],[-1.46,54.739],[-1.461,54.738],[-1.463,54.738],[-1.465,54.737],[-1.465,54.736],[-1.463,54.735],[-1.463,54.734],[-1.46,54.734],[-1.458,54.733],[-1.454,54.733],[-1.453,54.733],[-1.451,54.734],[-1.448,54.734],[-1.447,54.734],[-1.446,54.733],[-1.445,54.733],[-1.441,54.733],[-1.44,54.733],[-1.439,54.732],[-1.438,54.732],[-1.437,54.733],[-1.436,54.733],[-1.434,54.733],[-1.433,54.733],[-1.432,54.733],[-1.431,54.733],[-1.43,54.732],[-1.43,54.731],[-1.429,54.729],[-1.429,54.728],[-1.429,54.727],[-1.429,54.725],[-1.429,54.722],[-1.429,54.72],[-1.431,54.719],[-1.432,54.718],[-1.433,54.718],[-1.433,54.719],[-1.434,54.719],[-1.435,54.717],[-1.435,54.716],[-1.435,54.715],[-1.437,54.715],[-1.439,54.714],[-1.44,54.714],[-1.439,54.714],[-1.439,54.713],[-1.439,54.712],[-1.44,54.712],[-1.441,54.711],[-1.442,54.711],[-1.443,54.711],[-1.444,54.711],[-1.447,54.711],[-1.448,54.711],[-1.449,54.71],[-1.45,54.71],[-1.451,54.71],[-1.453,54.71],[-1.454,54.709],[-1.454,54.708],[-1.452,54.707],[-1.451,54.708],[-1.451,54.707],[-1.45,54.706],[-1.45,54.703],[-1.449,54.702],[-1.449,54.701],[-1.449,54.7],[-1.449,54.699],[-1.451,54.699],[-1.452,54.698],[-1.453,54.698],[-1.454,54.698],[-1.455,54.698],[-1.457,54.698],[-1.458,54.698],[-1.459,54.698],[-1.46,54.698],[-1.461,54.698],[-1.463,54.698],[-1.465,54.698],[-1.467,54.698],[-1.469,54.698],[-1.473,54.699],[-1.474,54.699],[-1.476,54.7],[-1.478,54.7],[-1.479,54.701],[-1.481,54.702],[-1.484,54.703],[-1.485,54.704],[-1.487,54.704],[-1.488,54.705],[-1.489,54.706],[-1.491,54.706],[-1.492,54.707],[-1.493,54.707],[-1.493,54.708],[-1.494,54.708],[-1.496,54.708],[-1.498,54.708],[-1.499,54.708],[-1.5,54.708],[-1.501,54.708],[-1.502,54.708],[-1.504,54.708],[-1.505,54.708],[-1.506,54.708],[-1.508,54.708],[-1.509,54.708],[-1.51,54.708],[-1.511,54.708],[-1.512,54.708],[-1.511,54.707],[-1.512,54.707],[-1.513,54.707],[-1.514,54.707],[-1.515,54.707],[-1.515,54.708],[-1.516,54.708],[-1.516,54.707],[-1.517,54.708],[-1.518,54.708],[-1.519,54.707],[-1.519,54.708],[-1.52,54.708],[-1.521,54.709],[-1.522,54.709],[-1.52,54.71],[-1.518,54.712],[-1.518,54.713],[-1.519,54.713],[-1.519,54.714],[-1.521,54.714],[-1.525,54.714],[-1.529,54.714],[-1.528,54.715],[-1.527,54.715],[-1.525,54.715],[-1.525,54.716],[-1.524,54.716],[-1.524,54.717],[-1.523,54.717],[-1.522,54.717],[-1.521,54.717],[-1.52,54.717],[-1.52,54.718],[-1.521,54.72],[-1.522,54.722],[-1.522,54.723],[-1.522,54.727],[-1.521,54.729],[-1.52,54.731],[-1.518,54.733],[-1.516,54.736],[-1.515,54.737],[-1.515,54.738],[-1.515,54.739],[-1.515,54.74],[-1.515,54.741],[-1.515,54.742],[-1.517,54.744],[-1.517,54.745],[-1.516,54.745],[-1.516,54.744],[-1.515,54.744],[-1.514,54.745],[-1.514,54.746],[-1.514,54.747],[-1.514,54.749],[-1.514,54.751],[-1.512,54.751],[-1.51,54.751],[-1.509,54.751],[-1.507,54.75],[-1.507,54.749],[-1.505,54.748],[-1.501,54.749],[-1.5,54.749],[-1.5,54.75],[-1.501,54.751],[-1.501,54.752],[-1.5,54.753],[-1.499,54.753],[-1.498,54.753],[-1.498,54.754],[-1.498,54.755],[-1.497,54.755],[-1.496,54.755],[-1.495,54.756],[-1.494,54.756],[-1.493,54.756],[-1.492,54.756],[-1.491,54.756],[-1.49,54.756],[-1.489,54.756],[-1.487,54.756],[-1.486,54.756],[-1.487,54.755],[-1.486,54.755],[-1.486,54.754],[-1.485,54.754],[-1.484,54.753],[-1.483,54.753],[-1.482,54.753],[-1.481,54.753],[-1.48,54.753],[-1.479,54.752],[-1.477,54.752],[-1.476,54.752],[-1.475,54.752],[-1.474,54.752],[-1.474,54.751],[-1.474,54.75],[-1.471,54.75],[-1.469,54.75],[-1.467,54.75],[-1.465,54.75],[-1.464,54.749],[-1.463,54.749],[-1.463,54.748],[-1.461,54.748],[-1.459,54.747],[-1.457,54.747]]]},"properties":{"OBJECTID":6930,"wd11cd":"E05007973","wd11cdo":"00EJMU","wd11nm":"Coxhoe","wd11nmw":" ","GlobalID":"3bee1fb9-b35f-4605-a028-c0a246fdb9b9","results":{"2005":{"winning_party":"Labour","labour_votes":2260,"conservative_votes":300,"libdem_votes":866,"reform_uk_votes":0,"green_votes":0,"independent_votes":0,"other_votes":0,"labour_pct":66.0,"conservative_pct":8.8,"libdem_pct":25.3,"reform_uk_pct":0.0,"green_pct":0.0,"independent_pct":0.0,"other_pct":0.0,"total_votes":3426,"turnout":0},"2008":{"winning_party":"Labour","labour_votes":1973,"conservative_votes":266,"libdem_votes":621,"reform_uk_votes":0,"green_votes":0,"independent_votes":744,"other_votes":0,"labour_pct":54.7,"conservative_pct":7.4,"libdem_pct":17.2,"reform_uk_pct":0.0,"green_pct":0.0,"independent_pct":20.6,"other_pct":0.0,"total_votes":3604,"turnout":0},"2013":{"winning_party":"Labour","labour_votes":5099,"conservative_votes":749,"libdem_votes":642,"reform_uk_votes":0,"green_votes":0,"independent_votes":0,"other_votes":0,"labour_pct":78.6,"conservative_pct":11.5,"libdem_pct":9.9,"reform_uk_pct":0.0,"green_pct":0.0,"independent_pct":0.0,"other_pct":0.0,"total_votes":6490,"turnout":26},"2017":{"winning_party":"Labour","labour_votes":3502,"conservative_votes":757,"libdem_votes":0,"reform_uk_votes":0,"green_votes":0,"independent_votes":1325,"other_votes":0,"labour_pct":62.7,"conservative_pct":13.6,"libdem_pct":0.0,"reform_uk_pct":0.0,"green_pct":0.0,"independent_pct":23.7,"other_pct":0.0,"total_votes":5584,"turnout":2852},"2021":{"winning_party":"Labour","labour_votes":3656,"conservative_votes":1988,"libdem_votes":0,"reform_uk_votes":0,"green_votes":0,"independent_votes":3106,"other_votes":0,"labour_pct":41.8,"conservative_pct":22.7,"libdem_pct":0.0,"reform_uk_pct":0.0,"green_pct":0.0,"independent_pct":35.5,"other_pct":0.0,"total_votes":8750,"turnout":3436}}}},{"type":"Feature","id":6931,"geometry":{"type":"Polygon","coordinates":[[[-1.701,54.867],[-1.702,54.867],[-1.701,54.867],[-1.7,54.866],[-1.7,54.865],[-1.702,54.865],[-1.703,54.863],[-1.703,54.862],[-1.702,54.861],[-1.7,54.86],[-1.699,54.86],[-1.697,54.86],[-1.695,54.861],[-1.694,54.859],[-1.693,54.859],[-1.693,54.86],[-1.692,54.86],[-1.691,54.86],[-1.69,54.86],[-1.69,54.861],[-1.689,54.861],[-1.688,54.861],[-1.687,54.861],[-1.686,54.861],[-1.685,54.861],[-1.684,54.861],[-1.683,54.861],[-1.682,54.861],[-1.683,54.861],[-1.683,54.862],[-1.685,54.863],[-1.684,54.864],[-1.683,54.864],[-1.683,54.865],[-1.682,54.865],[-1.679,54.866],[-1.677,54.866],[-1.677,54.864],[-1.676,54.863],[-1.675,54.863],[-1.675,54.862],[-1.674,54.862],[-1.674,54.861],[-1.673,54.861],[-1.674,54.86],[-1.673,54.86],[-1.672,54.859],[-1.671,54.859],[-1.67,54.858],[-1.67,54.857],[-1.67,54.856],[-1.669,54.856],[-1.668,54.856],[-1.667,54.856],[-1.666,54.855],[-1.667,54.855],[-1.666,54.855],[-1.665,54.856],[-1.665,54.855],[-1.664,54.855],[-1.663,54.855],[-1.662,54.855],[-1.661,54.855],[-1.66,54.855],[-1.659,54.855],[-1.658,54.855],[-1.658,54.856],[-1.657,54.856],[-1.656,54.856],[-1.656,54.857],[-1.654,54.855],[-1.654,54.854],[-1.654,54.853],[-1.654,54.852],[-1.654,54.851],[-1.654,54.85],[-1.654,54.849],[-1.658,54.848],[-1.66,54.847],[-1.66,54.846],[-1.661,54.844],[-1.662,54.843],[-1.663,54.843],[-1.664,54.843],[-1.665,54.843],[-1.665,54.844],[-1.667,54.844],[-1.669,54.844],[-1.671,54.844],[-1.672,54.846],[-1.674,54.845],[-1.675,54.847],[-1.683,54.846],[-1.684,54.847],[-1.689,54.848],[-1.69,54.848],[-1.693,54.847],[-1.696,54.846],[-1.698,54.845],[-1.699,54.845],[-1.7,54.844],[-1.7,54.843],[-1.7,54.841],[-1.704,54.841],[-1.706,54.842],[-1.711,54.843],[-1.715,54.842],[-1.721,54.841],[-1.722,54.842],[-1.725,54.844],[-1.727,54.845],[-1.729,54.846],[-1.73,54.846],[-1.731,54.847],[-1.731,54.848],[-1.733,54.85],[-1.733,54.853],[-1.731,54.853],[-1.729,54.853],[-1.726,54.855],[-1.722,54.857],[-1.721,54.857],[-1.72,54.857],[-1.718,54.858],[-1.719,54.859],[-1.719,54.861],[-1.717,54.863],[-1.715,54.865],[-1.716,54.864],[-1.717,54.865],[-1.719,54.865],[-1.72,54.865],[-1.721,54.866],[-1.723,54.866],[-1.723,54.867],[-1.725,54.868],[-1.726,54.87],[-1.728,54.871],[-1.728,54.872],[-1.725,54.872],[-1.724,54.872],[-1.724,54.873],[-1.722,54.874],[-1.721,54.874],[-1.72,54.874],[-1.72,54.875],[-1.719,54.875],[-1.718,54.875],[-1.717,54.875],[-1.716,54.875],[-1.716,54.876],[-1.715,54.876],[-1.714,54.876],[-1.713,54.874],[-1.712,54.874],[-1.711,54.873],[-1.711,54.872],[-1.71,54.872],[-1.71,54.871],[-1.709,54.871],[-1.709,54.872],[-1.708,54.871],[-1.707,54.871],[-1.707,54.87],[-1.707,54.869],[-1.707,54.868],[-1.706,54.867],[-1.701,54.867]]]},"properties":{"OBJECTID":6931,"wd11cd":"E05007974","wd11cdo":"00EJMW","wd11nm":"Craghead and South Moor","wd11nmw":" ","GlobalID":"d9887ae4-a793-47fa-a36d-73213fca9bc2","results":{"2005":{"winning_party":"Labour","labour_votes":1825,"conservative_votes":136,"libdem_votes":279,"reform_uk_votes":0,"green_votes":0,"independent_votes":450,"other_votes":0,"labour_pct":67.8,"conservative_pct":5.1,"libdem_pct":10.4,"reform_uk_pct":0.0,"green_pct":0.0,"independent_pct":16.7,"other_pct":0.0,"total_votes":2690,"turnout":0},"2008":{"winning_party":"Labour","labour_votes":1945,"conservative_votes":237,"libdem_votes":317,"reform_uk_votes":0,"green_votes":0,"independent_votes":651,"other_votes":0,"labour_pct":61.7,"conservative_pct":7.5,"libdem_pct":10.1,"reform_uk_pct":0.0,"green_pct":0.0,"independent_pct":20.7,"other_pct":0.0,"total_votes":3150,"turnout":0},"2013":{"winning_party":"Labour","labour_votes":1934,"conservative_votes":0,"libdem_votes":0,"reform_uk_votes":0,"green_votes":0,"independent_votes":488,"other_votes":319,"labour_pct":70.6,"conservative_pct":0.0,"libdem_pct":0.0,"reform_uk_pct":0.0,"green_pct":0.0,"independent_pct":17.8,"other_pct":11.6,"total_votes":2741,"turnout":26},"2017":{"winning_party":"Labour","labour_votes":1705,"conservative_votes":190,"libdem_votes":0,"reform_uk_votes":0,"green_votes":0,"independent_votes":579,"other_votes":221,"labour_pct":63.3,"conservative_pct":7.1,"libdem_pct":0.0,"reform_uk_pct":0.0,"green_pct":0.0,"independent_pct":21.5,"other_pct":8.2,"total_votes":2695,"turnout":1555},"2021":{"winning_party":"Labour","labour_votes":1671,"conservative_votes":656,"libdem_votes":0,"reform_uk_votes":0,"green_votes":0,"independent_votes":518,"other_votes":0,"labour_pct":58.7,"conservative_pct":23.1,"libdem_pct":0.0,"reform_uk_pct":0.0,"green_pct":0.0,"independent_pct":18.2,"other_pct":0.0,"total_votes":2845,"turnout":1720}}}},{"type":"Feature","id":6932,"geometry":{"type":"Polygon","coordinates":[[[-1.744,54.759],[-1.743,54.76],[-1.743,54.759],[-1.743,54.76],[-1.743,54.759],[-1.742,54.759],[-1.741,54.759],[-1.739,54.759],[-1.738,54.759],[-1.738,54.758],[-1.737,54.758],[-1.737,54.759],[-1.736,54.758],[-1.736,54.759],[-1.735,54.758],[-1.734,54.758],[-1.733,54.758],[-1.732,54.758],[-1.731,54.758],[-1.73,54.758],[-1.729,54.758],[-1.728,54.758],[-1.728,54.757],[-1.729,54.757],[-1.728,54.756],[-1.729,54.756],[-1.73,54.755],[-1.729,54.755],[-1.73,54.755],[-1.73,54.754],[-1.73,54.753],[-1.73,54.752],[-1.73,54.751],[-1.731,54.751],[-1.731,54.75],[-1.732,54.75],[-1.732,54.749],[-1.733,54.749],[-1.734,54.749],[-1.734,54.748],[-1.734,54.747],[-1.733,54.746],[-1.733,54.745],[-1.736,54.745],[-1.737,54.744],[-1.739,54.743],[-1.74,54.742],[-1.74,54.741],[-1.739,54.739],[-1.738,54.737],[-1.737,54.735],[-1.737,54.734],[-1.735,54.732],[-1.734,54.731],[-1.733,54.731],[-1.732,54.731],[-1.731,54.73],[-1.73,54.73],[-1.729,54.73],[-1.728,54.73],[-1.727,54.729],[-1.728,54.729],[-1.729,54.729],[-1.731,54.728],[-1.736,54.728],[-1.736,54.727],[-1.736,54.725],[-1.74,54.725],[-1.74,54.724],[-1.74,54.723],[-1.739,54.723],[-1.74,54.722],[-1.741,54.722],[-1.741,54.721],[-1.74,54.72],[-1.739,54.72],[-1.74,54.719],[-1.743,54.718],[-1.744,54.718],[-1.745,54.718],[-1.746,54.719],[-1.745,54.719],[-1.746,54.719],[-1.747,54.719],[-1.747,54.72],[-1.747,54.721],[-1.748,54.721],[-1.748,54.718],[-1.749,54.716],[-1.749,54.715],[-1.752,54.716],[-1.754,54.718],[-1.755,54.718],[-1.755,54.717],[-1.756,54.718],[-1.757,54.718],[-1.759,54.718],[-1.761,54.717],[-1.764,54.717],[-1.765,54.717],[-1.766,54.718],[-1.767,54.718],[-1.769,54.718],[-1.773,54.718],[-1.775,54.716],[-1.777,54.715],[-1.777,54.714],[-1.775,54.713],[-1.774,54.713],[-1.773,54.713],[-1.772,54.712],[-1.771,54.712],[-1.772,54.71],[-1.77,54.71],[-1.769,54.71],[-1.768,54.71],[-1.767,54.71],[-1.767,54.709],[-1.766,54.709],[-1.766,54.708],[-1.764,54.708],[-1.762,54.708],[-1.76,54.708],[-1.759,54.708],[-1.757,54.707],[-1.756,54.707],[-1.755,54.707],[-1.752,54.707],[-1.751,54.707],[-1.751,54.706],[-1.749,54.705],[-1.749,54.706],[-1.747,54.707],[-1.745,54.706],[-1.742,54.705],[-1.739,54.705],[-1.739,54.706],[-1.739,54.707],[-1.738,54.707],[-1.738,54.708],[-1.737,54.708],[-1.736,54.707],[-1.735,54.707],[-1.734,54.706],[-1.733,54.705],[-1.732,54.705],[-1.731,54.705],[-1.73,54.704],[-1.729,54.704],[-1.729,54.703],[-1.73,54.702],[-1.73,54.701],[-1.73,54.7],[-1.732,54.7],[-1.735,54.7],[-1.738,54.7],[-1.741,54.699],[-1.745,54.698],[-1.746,54.697],[-1.746,54.696],[-1.745,54.695],[-1.746,54.695],[-1.747,54.695],[-1.746,54.695],[-1.746,54.694],[-1.747,54.694],[-1.747,54.693],[-1.747,54.692],[-1.748,54.692],[-1.748,54.691],[-1.748,54.69],[-1.747,54.688],[-1.748,54.689],[-1.75,54.692],[-1.752,54.691],[-1.756,54.691],[-1.759,54.692],[-1.758,54.693],[-1.76,54.694],[-1.761,54.694],[-1.766,54.695],[-1.769,54.697],[-1.769,54.698],[-1.778,54.7],[-1.779,54.7],[-1.783,54.701],[-1.784,54.703],[-1.784,54.704],[-1.786,54.705],[-1.788,54.706],[-1.788,54.707],[-1.793,54.71],[-1.794,54.711],[-1.797,54.713],[-1.801,54.714],[-1.805,54.715],[-1.807,54.715],[-1.812,54.714],[-1.813,54.715],[-1.814,54.715],[-1.816,54.715],[-1.817,54.715],[-1.819,54.715],[-1.82,54.715],[-1.822,54.715],[-1.824,54.716],[-1.825,54.717],[-1.827,54.718],[-1.828,54.718],[-1.831,54.719],[-1.833,54.719],[-1.835,54.72],[-1.837,54.721],[-1.837,54.722],[-1.838,54.722],[-1.838,54.723],[-1.837,54.723],[-1.837,54.724],[-1.837,54.725],[-1.836,54.725],[-1.836,54.726],[-1.836,54.727],[-1.836,54.728],[-1.836,54.729],[-1.835,54.729],[-1.835,54.73],[-1.836,54.73],[-1.836,54.731],[-1.836,54.732],[-1.836,54.733],[-1.835,54.733],[-1.835,54.734],[-1.835,54.735],[-1.836,54.736],[-1.837,54.736],[-1.838,54.737],[-1.839,54.737],[-1.84,54.738],[-1.841,54.739],[-1.841,54.74],[-1.842,54.74],[-1.842,54.741],[-1.843,54.741],[-1.843,54.742],[-1.844,54.742],[-1.845,54.743],[-1.845,54.744],[-1.846,54.744],[-1.847,54.744],[-1.847,54.745],[-1.846,54.745],[-1.847,54.745],[-1.848,54.746],[-1.849,54.746],[-1.849,54.747],[-1.85,54.747],[-1.85,54.748],[-1.851,54.749],[-1.851,54.75],[-1.852,54.75],[-1.852,54.751],[-1.852,54.752],[-1.853,54.752],[-1.853,54.753],[-1.854,54.753],[-1.854,54.754],[-1.855,54.754],[-1.855,54.755],[-1.855,54.756],[-1.854,54.756],[-1.854,54.757],[-1.855,54.757],[-1.854,54.757],[-1.854,54.758],[-1.854,54.759],[-1.853,54.759],[-1.854,54.759],[-1.854,54.76],[-1.854,54.761],[-1.854,54.762],[-1.852,54.763],[-1.851,54.764],[-1.848,54.763],[-1.846,54.761],[-1.845,54.76],[-1.841,54.757],[-1.84,54.757],[-1.832,54.756],[-1.828,54.755],[-1.825,54.755],[-1.82,54.754],[-1.81,54.752],[-1.807,54.748],[-1.806,54.747],[-1.804,54.747],[-1.801,54.747],[-1.8,54.747],[-1.798,54.747],[-1.797,54.747],[-1.796,54.747],[-1.795,54.747],[-1.794,54.747],[-1.794,54.748],[-1.793,54.748],[-1.793,54.749],[-1.793,54.75],[-1.792,54.75],[-1.791,54.75],[-1.79,54.75],[-1.789,54.751],[-1.789,54.75],[-1.788,54.75],[-1.787,54.75],[-1.785,54.751],[-1.784,54.751],[-1.783,54.751],[-1.782,54.751],[-1.781,54.751],[-1.78,54.751],[-1.779,54.751],[-1.778,54.751],[-1.776,54.751],[-1.775,54.751],[-1.774,54.751],[-1.773,54.751],[-1.773,54.752],[-1.772,54.752],[-1.771,54.752],[-1.771,54.753],[-1.77,54.753],[-1.77,54.752],[-1.769,54.752],[-1.768,54.753],[-1.768,54.754],[-1.767,54.754],[-1.766,54.754],[-1.765,54.754],[-1.764,54.755],[-1.763,54.755],[-1.762,54.755],[-1.761,54.755],[-1.76,54.756],[-1.759,54.756],[-1.759,54.757],[-1.758,54.757],[-1.757,54.757],[-1.756,54.757],[-1.755,54.758],[-1.753,54.758],[-1.752,54.758],[-1.751,54.758],[-1.75,54.759],[-1.748,54.759],[-1.747,54.759],[-1.746,54.759],[-1.745,54.759],[-1.744,54.759]]]},"properties":{"OBJECTID":6932,"wd11cd":"E05007975","wd11cdo":"00EJMX","wd11nm":"Crook North and Tow Law","wd11nmw":" ","GlobalID":"d7de94b7-293e-46f2-acdb-cec0169d6214","results":{"2005":{"winning_party":"Labour","labour_votes":1553,"conservative_votes":0,"libdem_votes":1314,"reform_uk_votes":0,"green_votes":0,"independent_votes":0,"other_votes":0,"labour_pct":54.2,"conservative_pct":0.0,"libdem_pct":45.8,"reform_uk_pct":0.0,"green_pct":0.0,"independent_pct":0.0,"other_pct":0.0,"total_votes":2867,"turnout":0},"2008":{"winning_party":"Liberal Democrats","labour_votes":1039,"conservative_votes":0,"libdem_votes":1433,"reform_uk_votes":0,"green_votes":0,"independent_votes":558,"other_votes":0,"labour_pct":34.3,"conservative_pct":0.0,"libdem_pct":47.3,"reform_uk_pct":0.0,"green_pct":0.0,"independent_pct":18.4,"other_pct":0.0,"total_votes":3030,"turnout":0},"2013":{"winning_party":"Independent","labour_votes":2451,"conservative_votes":0,"libdem_votes":429,"reform_uk_votes":0,"green_votes":300,"independent_votes":3968,"other_votes":0,"labour_pct":34.3,"conservative_pct":0.0,"libdem_pct":6.0,"reform_uk_pct":0.0,"green_pct":4.2,"independent_pct":55.5,"other_pct":0.0,"total_votes":7148,"turnout":25},"2017":{"winning_party":"Labour","labour_votes":2906,"conservative_votes":971,"libdem_votes":0,"reform_uk_votes":0,"green_votes":0,"independent_votes":2561,"other_votes":0,"labour_pct":45.1,"conservative_pct":15.1,"libdem_pct":0.0,"reform_uk_pct":0.0,"green_pct":0.0,"independent_pct":39.8,"other_pct":0.0,"total_votes":6438,"turnout":2553},"2021":{"winning_party":"Conservative","labour_votes":3385,"conservative_votes":3825,"libdem_votes":0,"reform_uk_votes":0,"green_votes":0,"independent_votes":1259,"other_votes":0,"labour_pct":40.0,"conservative_pct":45.2,"libdem_pct":0.0,"reform_uk_pct":0.0,"green_pct":0.0,"independent_pct":14.9,"other_pct":0.0,"total_votes":8469,"turnout":3232}}}},{"type":"Feature","id":6933,"geometry":{"type":"Polygon","coordinates":[[[-1.729,54.704],[-1.73,54.704],[-1.731,54.704],[-1.731,54.705],[-1.732,54.705],[-1.733,54.706],[-1.734,54.706],[-1.734,54.707],[-1.736,54.707],[-1.737,54.708],[-1.738,54.708],[-1.739,54.707],[-1.739,54.706],[-1.739,54.705],[-1.74,54.705],[-1.743,54.705],[-1.745,54.706],[-1.746,54.706],[-1.748,54.707],[-1.749,54.706],[-1.751,54.707],[-1.752,54.707],[-1.755,54.707],[-1.756,54.707],[-1.759,54.707],[-1.759,54.708],[-1.76,54.708],[-1.761,54.708],[-1.762,54.708],[-1.765,54.708],[-1.766,54.708],[-1.766,54.709],[-1.767,54.709],[-1.766,54.709],[-1.767,54.71],[-1.768,54.71],[-1.77,54.71],[-1.772,54.711],[-1.771,54.712],[-1.772,54.712],[-1.774,54.713],[-1.775,54.713],[-1.778,54.714],[-1.776,54.716],[-1.775,54.717],[-1.773,54.718],[-1.768,54.718],[-1.767,54.718],[-1.765,54.718],[-1.765,54.717],[-1.763,54.717],[-1.761,54.718],[-1.758,54.718],[-1.757,54.718],[-1.756,54.718],[-1.755,54.717],[-1.755,54.718],[-1.754,54.718],[-1.751,54.716],[-1.749,54.715],[-1.749,54.716],[-1.748,54.719],[-1.747,54.721],[-1.747,54.72],[-1.747,54.719],[-1.746,54.719],[-1.745,54.719],[-1.746,54.719],[-1.745,54.718],[-1.744,54.718],[-1.743,54.718],[-1.74,54.719],[-1.739,54.72],[-1.74,54.72],[-1.741,54.721],[-1.741,54.722],[-1.739,54.723],[-1.74,54.723],[-1.74,54.724],[-1.738,54.725],[-1.736,54.726],[-1.735,54.727],[-1.73,54.724],[-1.728,54.724],[-1.726,54.724],[-1.723,54.723],[-1.722,54.722],[-1.721,54.722],[-1.719,54.721],[-1.719,54.722],[-1.715,54.72],[-1.714,54.72],[-1.714,54.719],[-1.713,54.719],[-1.712,54.718],[-1.711,54.717],[-1.71,54.716],[-1.709,54.715],[-1.708,54.714],[-1.706,54.714],[-1.707,54.713],[-1.708,54.713],[-1.709,54.712],[-1.712,54.712],[-1.713,54.711],[-1.713,54.709],[-1.713,54.708],[-1.713,54.707],[-1.714,54.707],[-1.715,54.707],[-1.714,54.707],[-1.714,54.706],[-1.713,54.706],[-1.712,54.706],[-1.71,54.705],[-1.709,54.704],[-1.71,54.703],[-1.71,54.702],[-1.71,54.701],[-1.711,54.701],[-1.712,54.701],[-1.714,54.7],[-1.716,54.7],[-1.717,54.701],[-1.718,54.701],[-1.719,54.702],[-1.72,54.702],[-1.721,54.702],[-1.722,54.702],[-1.723,54.702],[-1.724,54.702],[-1.724,54.703],[-1.725,54.703],[-1.725,54.702],[-1.726,54.702],[-1.726,54.703],[-1.727,54.704],[-1.728,54.704],[-1.729,54.704]]]},"properties":{"OBJECTID":6933,"wd11cd":"E05007976","wd11cdo":"00EJMY","wd11nm":"Crook South","wd11nmw":" ","GlobalID":"408464f7-87bf-46ac-bd41-2cf63eb9617c","results":{"2005":{"winning_party":"Labour","labour_votes":2194,"conservative_votes":0,"libdem_votes":987,"reform_uk_votes":0,"green_votes":0,"independent_votes":0,"other_votes":0,"labour_pct":69.0,"conservative_pct":0.0,"libdem_pct":31.0,"reform_uk_pct":0.0,"green_pct":0.0,"independent_pct":0.0,"other_pct":0.0,"total_votes":3181,"turnout":0},"2008":{"winning_party":"Liberal Democrats","labour_votes":1101,"conservative_votes":0,"libdem_votes":1288,"reform_uk_votes":0,"green_votes":0,"independent_votes":749,"other_votes":260,"labour_pct":32.4,"conservative_pct":0.0,"libdem_pct":37.9,"reform_uk_pct":0.0,"green_pct":0.0,"independent_pct":22.0,"other_pct":7.7,"total_votes":3398,"turnout":0}}}},{"type":"Feature","id":6934,"geometry":{"type":"Polygon","coordinates":[[[-1.319,54.822],[-1.323,54.821],[-1.324,54.821],[-1.325,54.821],[-1.326,54.821],[-1.326,54.82],[-1.327,54.82],[-1.327,54.819],[-1.328,54.819],[-1.329,54.819],[-1.33,54.819],[-1.336,54.818],[-1.337,54.818],[-1.339,54.818],[-1.34,54.818],[-1.341,54.818],[-1.342,54.818],[-1.343,54.819],[-1.343,54.818],[-1.344,54.818],[-1.345,54.819],[-1.347,54.82],[-1.348,54.82],[-1.35,54.82],[-1.351,54.82],[-1.351,54.821],[-1.352,54.822],[-1.351,54.822],[-1.35,54.823],[-1.35,54.824],[-1.35,54.825],[-1.349,54.826],[-1.349,54.827],[-1.349,54.828],[-1.35,54.829],[-1.351,54.829],[-1.352,54.828],[-1.353,54.828],[-1.354,54.828],[-1.355,54.828],[-1.356,54.828],[-1.356,54.829],[-1.356,54.83],[-1.355,54.83],[-1.355,54.831],[-1.354,54.831],[-1.352,54.831],[-1.351,54.832],[-1.35,54.832],[-1.349,54.833],[-1.349,54.834],[-1.349,54.835],[-1.348,54.836],[-1.348,54.837],[-1.347,54.837],[-1.344,54.837],[-1.343,54.837],[-1.345,54.838],[-1.343,54.838],[-1.342,54.838],[-1.342,54.839],[-1.341,54.839],[-1.34,54.839],[-1.339,54.839],[-1.339,54.84],[-1.338,54.84],[-1.337,54.84],[-1.336,54.84],[-1.335,54.84],[-1.335,54.841],[-1.334,54.841],[-1.335,54.841],[-1.334,54.841],[-1.333,54.841],[-1.332,54.842],[-1.332,54.841],[-1.331,54.841],[-1.332,54.841],[-1.331,54.841],[-1.331,54.84],[-1.331,54.839],[-1.33,54.839],[-1.329,54.839],[-1.327,54.839],[-1.326,54.839],[-1.325,54.839],[-1.324,54.839],[-1.323,54.839],[-1.322,54.838],[-1.321,54.838],[-1.321,54.837],[-1.321,54.838],[-1.322,54.838],[-1.324,54.839],[-1.326,54.839],[-1.327,54.839],[-1.326,54.839],[-1.325,54.838],[-1.324,54.838],[-1.325,54.838],[-1.325,54.837],[-1.327,54.838],[-1.329,54.838],[-1.327,54.838],[-1.326,54.837],[-1.325,54.837],[-1.326,54.837],[-1.326,54.836],[-1.325,54.836],[-1.324,54.837],[-1.325,54.837],[-1.324,54.837],[-1.325,54.836],[-1.325,54.835],[-1.324,54.835],[-1.323,54.835],[-1.322,54.836],[-1.322,54.837],[-1.322,54.836],[-1.323,54.835],[-1.324,54.835],[-1.325,54.834],[-1.326,54.833],[-1.326,54.832],[-1.325,54.832],[-1.324,54.831],[-1.323,54.83],[-1.321,54.828],[-1.321,54.826],[-1.32,54.825],[-1.319,54.824],[-1.319,54.823],[-1.318,54.823],[-1.319,54.822]]]},"properties":{"OBJECTID":6934,"wd11cd":"E05007977","wd11cdo":"00EJMZ","wd11nm":"Dawdon","wd11nmw":" ","GlobalID":"5cabab4a-feec-4188-93ba-493a63b49bb9","results":{"2005":{"winning_party":"Labour","labour_votes":1717,"conservative_votes":438,"libdem_votes":0,"reform_uk_votes":0,"green_votes":0,"independent_votes":0,"other_votes":0,"labour_pct":79.7,"conservative_pct":20.3,"libdem_pct":0.0,"reform_uk_pct":0.0,"green_pct":0.0,"independent_pct":0.0,"other_pct":0.0,"total_votes":2155,"turnout":0},"2008":{"winning_party":"Labour","labour_votes":1480,"conservative_votes":0,"libdem_votes":390,"reform_uk_votes":0,"green_votes":0,"independent_votes":962,"other_votes":0,"labour_pct":52.3,"conservative_pct":0.0,"libdem_pct":13.8,"reform_uk_pct":0.0,"green_pct":0.0,"independent_pct":34.0,"other_pct":0.0,"total_votes":2832,"turnout":0},"2013":{"winning_party":"Labour","labour_votes":2108,"conservative_votes":0,"libdem_votes":0,"reform_uk_votes":0,"green_votes":0,"independent_votes":829,"other_votes":0,"labour_pct":71.8,"conservative_pct":0.0,"libdem_pct":0.0,"reform_uk_pct":0.0,"green_pct":0.0,"independent_pct":28.2,"other_pct":0.0,"total_votes":2937,"turnout":26},"2017":{"winning_party":"Labour","labour_votes":1698,"conservative_votes":209,"libdem_votes":0,"reform_uk_votes":0,"green_votes":117,"independent_votes":0,"other_votes":1230,"labour_pct":52.2,"conservative_pct":6.4,"libdem_pct":0.0,"reform_uk_pct":0.0,"green_pct":3.6,"independent_pct":0.0,"other_pct":37.8,"total_votes":3254,"turnout":1748},"2021":{"winning_party":"Labour","labour_votes":2078,"conservative_votes":333,"libdem_votes":0,"reform_uk_votes":0,"green_votes":0,"independent_votes":0,"other_votes":1231,"labour_pct":57.1,"conservative_pct":9.1,"libdem_pct":0.0,"reform_uk_pct":0.0,"green_pct":0.0,"independent_pct":0.0,"other_pct":33.8,"total_votes":3642,"turnout":2028}}}},{"type":"Feature","id":6935,"geometry":{"type":"Polygon","coordinates":[[[-1.648,54.783],[-1.645,54.783],[-1.643,54.783],[-1.642,54.783],[-1.639,54.783],[-1.638,54.783],[-1.636,54.783],[-1.633,54.782],[-1.634,54.781],[-1.629,54.78],[-1.628,54.781],[-1.627,54.781],[-1.626,54.781],[-1.624,54.781],[-1.623,54.782],[-1.621,54.782],[-1.62,54.782],[-1.618,54.78],[-1.617,54.779],[-1.616,54.78],[-1.613,54.78],[-1.612,54.779],[-1.611,54.779],[-1.61,54.778],[-1.609,54.778],[-1.608,54.778],[-1.607,54.778],[-1.605,54.777],[-1.604,54.777],[-1.604,54.776],[-1.605,54.775],[-1.605,54.774],[-1.604,54.774],[-1.603,54.774],[-1.601,54.773],[-1.604,54.772],[-1.605,54.771],[-1.606,54.77],[-1.609,54.766],[-1.61,54.766],[-1.611,54.766],[-1.612,54.765],[-1.613,54.765],[-1.614,54.765],[-1.615,54.765],[-1.616,54.765],[-1.617,54.765],[-1.618,54.765],[-1.618,54.766],[-1.619,54.766],[-1.62,54.766],[-1.622,54.766],[-1.623,54.766],[-1.624,54.766],[-1.625,54.767],[-1.626,54.768],[-1.627,54.768],[-1.628,54.768],[-1.629,54.768],[-1.629,54.767],[-1.63,54.767],[-1.631,54.767],[-1.632,54.767],[-1.633,54.767],[-1.634,54.766],[-1.635,54.766],[-1.636,54.766],[-1.636,54.765],[-1.637,54.765],[-1.638,54.765],[-1.639,54.765],[-1.639,54.764],[-1.641,54.764],[-1.642,54.764],[-1.643,54.764],[-1.644,54.764],[-1.645,54.764],[-1.646,54.764],[-1.649,54.763],[-1.65,54.763],[-1.652,54.762],[-1.654,54.759],[-1.654,54.758],[-1.654,54.757],[-1.655,54.757],[-1.66,54.756],[-1.666,54.756],[-1.665,54.755],[-1.664,54.755],[-1.662,54.754],[-1.661,54.753],[-1.659,54.753],[-1.658,54.752],[-1.657,54.751],[-1.656,54.751],[-1.655,54.75],[-1.654,54.749],[-1.652,54.748],[-1.65,54.747],[-1.648,54.746],[-1.647,54.746],[-1.646,54.745],[-1.645,54.744],[-1.644,54.744],[-1.643,54.743],[-1.642,54.743],[-1.641,54.742],[-1.639,54.742],[-1.636,54.744],[-1.635,54.742],[-1.634,54.742],[-1.633,54.742],[-1.632,54.742],[-1.631,54.741],[-1.63,54.741],[-1.63,54.742],[-1.629,54.742],[-1.628,54.742],[-1.627,54.742],[-1.626,54.743],[-1.625,54.743],[-1.624,54.743],[-1.623,54.743],[-1.622,54.742],[-1.621,54.742],[-1.62,54.742],[-1.619,54.742],[-1.618,54.741],[-1.617,54.741],[-1.618,54.74],[-1.618,54.739],[-1.618,54.738],[-1.619,54.738],[-1.619,54.737],[-1.62,54.736],[-1.619,54.736],[-1.619,54.735],[-1.617,54.735],[-1.617,54.734],[-1.616,54.734],[-1.615,54.734],[-1.614,54.734],[-1.613,54.734],[-1.612,54.734],[-1.612,54.733],[-1.611,54.733],[-1.61,54.732],[-1.609,54.732],[-1.608,54.731],[-1.608,54.73],[-1.609,54.73],[-1.608,54.73],[-1.608,54.729],[-1.607,54.729],[-1.606,54.729],[-1.607,54.728],[-1.611,54.727],[-1.614,54.726],[-1.615,54.726],[-1.616,54.725],[-1.617,54.725],[-1.618,54.725],[-1.62,54.723],[-1.621,54.723],[-1.621,54.722],[-1.622,54.722],[-1.623,54.721],[-1.624,54.72],[-1.625,54.72],[-1.625,54.719],[-1.624,54.718],[-1.625,54.718],[-1.626,54.717],[-1.627,54.717],[-1.628,54.717],[-1.629,54.717],[-1.631,54.716],[-1.633,54.716],[-1.634,54.716],[-1.635,54.715],[-1.636,54.715],[-1.637,54.715],[-1.638,54.715],[-1.639,54.715],[-1.641,54.718],[-1.642,54.719],[-1.642,54.72],[-1.642,54.721],[-1.643,54.721],[-1.644,54.722],[-1.645,54.723],[-1.646,54.724],[-1.649,54.725],[-1.649,54.726],[-1.649,54.727],[-1.65,54.728],[-1.652,54.73],[-1.653,54.73],[-1.654,54.73],[-1.656,54.73],[-1.657,54.73],[-1.658,54.73],[-1.658,54.731],[-1.658,54.732],[-1.657,54.733],[-1.657,54.734],[-1.658,54.734],[-1.66,54.735],[-1.661,54.736],[-1.662,54.736],[-1.663,54.737],[-1.664,54.738],[-1.665,54.739],[-1.666,54.739],[-1.667,54.739],[-1.668,54.739],[-1.669,54.739],[-1.67,54.739],[-1.671,54.74],[-1.671,54.739],[-1.672,54.739],[-1.672,54.74],[-1.673,54.74],[-1.673,54.739],[-1.674,54.739],[-1.675,54.739],[-1.676,54.739],[-1.677,54.739],[-1.678,54.739],[-1.678,54.738],[-1.679,54.738],[-1.68,54.738],[-1.681,54.738],[-1.682,54.738],[-1.683,54.738],[-1.684,54.738],[-1.685,54.738],[-1.686,54.737],[-1.687,54.737],[-1.688,54.737],[-1.689,54.736],[-1.69,54.736],[-1.691,54.736],[-1.692,54.736],[-1.692,54.737],[-1.693,54.737],[-1.693,54.736],[-1.694,54.736],[-1.694,54.737],[-1.695,54.737],[-1.695,54.736],[-1.696,54.737],[-1.696,54.736],[-1.696,54.737],[-1.697,54.737],[-1.698,54.737],[-1.699,54.737],[-1.701,54.737],[-1.701,54.736],[-1.702,54.736],[-1.703,54.735],[-1.705,54.735],[-1.706,54.734],[-1.707,54.734],[-1.708,54.734],[-1.709,54.734],[-1.711,54.734],[-1.712,54.734],[-1.712,54.735],[-1.714,54.735],[-1.716,54.735],[-1.717,54.735],[-1.718,54.735],[-1.72,54.734],[-1.723,54.734],[-1.723,54.733],[-1.724,54.732],[-1.725,54.731],[-1.726,54.731],[-1.727,54.73],[-1.728,54.73],[-1.729,54.73],[-1.73,54.73],[-1.731,54.73],[-1.732,54.731],[-1.733,54.731],[-1.734,54.731],[-1.735,54.732],[-1.737,54.734],[-1.737,54.735],[-1.738,54.737],[-1.739,54.739],[-1.74,54.741],[-1.74,54.742],[-1.739,54.743],[-1.737,54.744],[-1.736,54.745],[-1.733,54.745],[-1.733,54.746],[-1.734,54.747],[-1.734,54.748],[-1.734,54.749],[-1.733,54.749],[-1.732,54.749],[-1.732,54.75],[-1.731,54.75],[-1.731,54.751],[-1.73,54.751],[-1.73,54.752],[-1.73,54.753],[-1.73,54.754],[-1.73,54.755],[-1.729,54.755],[-1.73,54.755],[-1.729,54.756],[-1.728,54.756],[-1.729,54.757],[-1.728,54.757],[-1.728,54.758],[-1.729,54.758],[-1.73,54.758],[-1.731,54.758],[-1.732,54.758],[-1.733,54.758],[-1.734,54.758],[-1.735,54.758],[-1.736,54.759],[-1.736,54.758],[-1.737,54.759],[-1.737,54.758],[-1.738,54.758],[-1.738,54.759],[-1.739,54.759],[-1.741,54.759],[-1.742,54.759],[-1.743,54.759],[-1.743,54.76],[-1.743,54.759],[-1.743,54.76],[-1.744,54.759],[-1.745,54.76],[-1.745,54.761],[-1.746,54.761],[-1.746,54.762],[-1.746,54.763],[-1.746,54.764],[-1.748,54.765],[-1.749,54.765],[-1.75,54.766],[-1.751,54.766],[-1.753,54.767],[-1.755,54.768],[-1.753,54.768],[-1.751,54.768],[-1.748,54.769],[-1.747,54.769],[-1.745,54.77],[-1.744,54.77],[-1.743,54.77],[-1.742,54.77],[-1.741,54.771],[-1.739,54.771],[-1.738,54.772],[-1.736,54.773],[-1.734,54.773],[-1.733,54.773],[-1.732,54.773],[-1.731,54.773],[-1.73,54.773],[-1.729,54.773],[-1.728,54.773],[-1.727,54.773],[-1.726,54.773],[-1.725,54.773],[-1.724,54.773],[-1.723,54.774],[-1.722,54.774],[-1.721,54.774],[-1.72,54.775],[-1.719,54.775],[-1.718,54.775],[-1.717,54.775],[-1.716,54.775],[-1.715,54.775],[-1.714,54.775],[-1.713,54.775],[-1.713,54.774],[-1.712,54.775],[-1.711,54.775],[-1.71,54.775],[-1.709,54.774],[-1.708,54.774],[-1.707,54.774],[-1.706,54.774],[-1.705,54.774],[-1.704,54.773],[-1.703,54.773],[-1.702,54.773],[-1.701,54.773],[-1.7,54.773],[-1.7,54.774],[-1.699,54.774],[-1.698,54.774],[-1.698,54.775],[-1.697,54.775],[-1.696,54.775],[-1.695,54.776],[-1.695,54.775],[-1.694,54.775],[-1.693,54.775],[-1.691,54.776],[-1.687,54.778],[-1.685,54.779],[-1.682,54.78],[-1.68,54.78],[-1.679,54.78],[-1.677,54.781],[-1.676,54.781],[-1.677,54.782],[-1.674,54.782],[-1.672,54.782],[-1.671,54.782],[-1.67,54.782],[-1.668,54.785],[-1.665,54.786],[-1.66,54.785],[-1.655,54.784],[-1.648,54.783]]]},"properties":{"OBJECTID":6935,"wd11cd":"E05007978","wd11cdo":"00EJNA","wd11nm":"Deerness Valley","wd11nmw":" ","GlobalID":"885c827e-687c-42fb-8fa0-11d6200b6855","results":{"2005":{"winning_party":"Labour","labour_votes":2705,"conservative_votes":381,"libdem_votes":1357,"reform_uk_votes":0,"green_votes":0,"independent_votes":0,"other_votes":0,"labour_pct":60.9,"conservative_pct":8.6,"libdem_pct":30.5,"reform_uk_pct":0.0,"green_pct":0.0,"independent_pct":0.0,"other_pct":0.0,"total_votes":4443,"turnout":0},"2008":{"winning_party":"Labour","labour_votes":2464,"conservative_votes":310,"libdem_votes":2455,"reform_uk_votes":0,"green_votes":0,"independent_votes":0,"other_votes":440,"labour_pct":43.5,"conservative_pct":5.5,"libdem_pct":43.3,"reform_uk_pct":0.0,"green_pct":0.0,"independent_pct":0.0,"other_pct":7.8,"total_votes":5669,"turnout":0},"2013":{"winning_party":"Labour","labour_votes":4844,"conservative_votes":431,"libdem_votes":1348,"reform_uk_votes":0,"green_votes":0,"independent_votes":1367,"other_votes":0,"labour_pct":60.6,"conservative_pct":5.4,"libdem_pct":16.9,"reform_uk_pct":0.0,"green_pct":0.0,"independent_pct":17.1,"other_pct":0.0,"total_votes":7990,"turnout":0},"2017":{"winning_party":"Labour","labour_votes":4375,"conservative_votes":644,"libdem_votes":0,"reform_uk_votes":0,"green_votes":756,"independent_votes":0,"other_votes":0,"labour_pct":75.8,"conservative_pct":11.2,"libdem_pct":0.0,"reform_uk_pct":0.0,"green_pct":13.1,"independent_pct":0.0,"other_pct":0.0,"total_votes":5775,"turnout":2860},"2021":{"winning_party":"Labour","labour_votes":4065,"conservative_votes":2750,"libdem_votes":0,"reform_uk_votes":0,"green_votes":317,"independent_votes":0,"other_votes":0,"labour_pct":57.0,"conservative_pct":38.6,"libdem_pct":0.0,"reform_uk_pct":0.0,"green_pct":4.4,"independent_pct":0.0,"other_pct":0.0,"total_votes":7132,"turnout":3257}}}},{"type":"Feature","id":6936,"geometry":{"type":"Polygon","coordinates":[[[-1.801,54.841],[-1.804,54.839],[-1.807,54.836],[-1.808,54.835],[-1.809,54.833],[-1.808,54.832],[-1.808,54.831],[-1.809,54.829],[-1.809,54.828],[-1.81,54.828],[-1.81,54.829],[-1.811,54.829],[-1.812,54.829],[-1.813,54.829],[-1.814,54.829],[-1.815,54.829],[-1.815,54.83],[-1.815,54.831],[-1.816,54.833],[-1.817,54.833],[-1.817,54.834],[-1.82,54.836],[-1.823,54.837],[-1.825,54.838],[-1.827,54.838],[-1.829,54.838],[-1.83,54.838],[-1.831,54.838],[-1.832,54.838],[-1.835,54.837],[-1.837,54.837],[-1.839,54.837],[-1.84,54.837],[-1.841,54.837],[-1.843,54.837],[-1.844,54.837],[-1.846,54.838],[-1.847,54.839],[-1.849,54.838],[-1.85,54.837],[-1.853,54.835],[-1.854,54.835],[-1.855,54.835],[-1.856,54.835],[-1.857,54.835],[-1.858,54.835],[-1.859,54.835],[-1.86,54.835],[-1.86,54.836],[-1.862,54.836],[-1.861,54.836],[-1.863,54.837],[-1.866,54.838],[-1.868,54.836],[-1.869,54.836],[-1.87,54.836],[-1.871,54.835],[-1.872,54.835],[-1.873,54.836],[-1.874,54.836],[-1.875,54.837],[-1.876,54.837],[-1.874,54.841],[-1.878,54.842],[-1.879,54.842],[-1.879,54.843],[-1.879,54.844],[-1.88,54.844],[-1.881,54.844],[-1.882,54.844],[-1.881,54.845],[-1.881,54.846],[-1.881,54.847],[-1.878,54.847],[-1.877,54.848],[-1.875,54.849],[-1.874,54.849],[-1.873,54.85],[-1.871,54.851],[-1.87,54.851],[-1.87,54.852],[-1.869,54.852],[-1.87,54.852],[-1.869,54.853],[-1.868,54.853],[-1.867,54.854],[-1.867,54.855],[-1.866,54.855],[-1.866,54.854],[-1.866,54.855],[-1.866,54.854],[-1.865,54.854],[-1.864,54.854],[-1.863,54.854],[-1.862,54.854],[-1.86,54.853],[-1.859,54.855],[-1.858,54.855],[-1.856,54.855],[-1.855,54.856],[-1.854,54.857],[-1.853,54.857],[-1.852,54.856],[-1.85,54.856],[-1.849,54.856],[-1.848,54.855],[-1.847,54.855],[-1.847,54.856],[-1.847,54.857],[-1.846,54.857],[-1.845,54.857],[-1.843,54.857],[-1.842,54.857],[-1.841,54.857],[-1.84,54.857],[-1.842,54.856],[-1.843,54.855],[-1.844,54.854],[-1.844,54.853],[-1.843,54.853],[-1.842,54.852],[-1.841,54.852],[-1.839,54.851],[-1.838,54.85],[-1.837,54.85],[-1.836,54.85],[-1.834,54.85],[-1.828,54.853],[-1.824,54.855],[-1.822,54.856],[-1.82,54.857],[-1.819,54.857],[-1.818,54.858],[-1.817,54.857],[-1.815,54.856],[-1.813,54.855],[-1.811,54.854],[-1.806,54.854],[-1.804,54.853],[-1.806,54.852],[-1.807,54.852],[-1.806,54.852],[-1.806,54.851],[-1.805,54.851],[-1.806,54.85],[-1.805,54.85],[-1.805,54.849],[-1.804,54.849],[-1.803,54.849],[-1.803,54.848],[-1.802,54.848],[-1.803,54.847],[-1.806,54.844],[-1.804,54.844],[-1.804,54.843],[-1.802,54.842],[-1.801,54.841]]]},"properties":{"OBJECTID":6936,"wd11cd":"E05007979","wd11cdo":"00EJNB","wd11nm":"Delves Lane and Consett South","wd11nmw":" ","GlobalID":"79de2573-f494-4388-be5f-8e5b13baf6cd","results":{"2005":{"winning_party":"Labour","labour_votes":2178,"conservative_votes":316,"libdem_votes":0,"reform_uk_votes":0,"green_votes":0,"independent_votes":1389,"other_votes":0,"labour_pct":56.1,"conservative_pct":8.1,"libdem_pct":0.0,"reform_uk_pct":0.0,"green_pct":0.0,"independent_pct":35.8,"other_pct":0.0,"total_votes":3883,"turnout":0},"2008":{"winning_party":"Independent","labour_votes":2043,"conservative_votes":293,"libdem_votes":242,"reform_uk_votes":0,"green_votes":0,"independent_votes":2629,"other_votes":0,"labour_pct":39.2,"conservative_pct":5.6,"libdem_pct":4.6,"reform_uk_pct":0.0,"green_pct":0.0,"independent_pct":50.5,"other_pct":0.0,"total_votes":5207,"turnout":0},"2013":{"winning_party":"Labour","labour_votes":2107,"conservative_votes":0,"libdem_votes":0,"reform_uk_votes":0,"green_votes":0,"independent_votes":887,"other_votes":0,"labour_pct":70.4,"conservative_pct":0.0,"libdem_pct":0.0,"reform_uk_pct":0.0,"green_pct":0.0,"independent_pct":29.6,"other_pct":0.0,"total_votes":2994,"turnout":23},"2017":{"winning_party":"Labour","labour_votes":1841,"conservative_votes":579,"libdem_votes":0,"reform_uk_votes":0,"green_votes":0,"independent_votes":1067,"other_votes":0,"labour_pct":52.8,"conservative_pct":16.6,"libdem_pct":0.0,"reform_uk_pct":0.0,"green_pct":0.0,"independent_pct":30.6,"other_pct":0.0,"total_votes":3487,"turnout":1661},"2021":{"winning_party":"Conservative","labour_votes":1963,"conservative_votes":2394,"libdem_votes":0,"reform_uk_votes":0,"green_votes":0,"independent_votes":343,"other_votes":0,"labour_pct":41.8,"conservative_pct":50.9,"libdem_pct":0.0,"reform_uk_pct":0.0,"green_pct":0.0,"independent_pct":7.3,"other_pct":0.0,"total_votes":4700,"turnout":2187}}}},{"type":"Feature","id":6937,"geometry":{"type":"Polygon","coordinates":[[[-1.345,54.839],[-1.344,54.838],[-1.344,54.837],[-1.345,54.837],[-1.347,54.837],[-1.348,54.837],[-1.348,54.836],[-1.348,54.835],[-1.349,54.834],[-1.349,54.833],[-1.35,54.833],[-1.35,54.832],[-1.351,54.832],[-1.352,54.831],[-1.353,54.831],[-1.355,54.831],[-1.357,54.831],[-1.358,54.831],[-1.359,54.831],[-1.36,54.831],[-1.362,54.831],[-1.363,54.83],[-1.365,54.83],[-1.366,54.83],[-1.367,54.83],[-1.367,54.829],[-1.368,54.829],[-1.369,54.829],[-1.369,54.83],[-1.37,54.83],[-1.371,54.83],[-1.373,54.83],[-1.373,54.831],[-1.374,54.832],[-1.375,54.832],[-1.376,54.832],[-1.377,54.831],[-1.378,54.832],[-1.378,54.833],[-1.378,54.834],[-1.377,54.835],[-1.376,54.835],[-1.375,54.836],[-1.374,54.836],[-1.373,54.837],[-1.372,54.837],[-1.372,54.838],[-1.372,54.839],[-1.371,54.839],[-1.37,54.839],[-1.368,54.838],[-1.367,54.838],[-1.364,54.838],[-1.362,54.839],[-1.357,54.839],[-1.356,54.839],[-1.354,54.839],[-1.352,54.839],[-1.35,54.839],[-1.349,54.839],[-1.345,54.839]]]},"properties":{"OBJECTID":6937,"wd11cd":"E05007980","wd11cdo":"00EJNC","wd11nm":"Deneside","wd11nmw":" ","GlobalID":"1b99c581-7e33-4033-b951-5c5e5fe51c60","results":{"2005":{"winning_party":"Labour","labour_votes":1921,"conservative_votes":361,"libdem_votes":0,"reform_uk_votes":0,"green_votes":0,"independent_votes":0,"other_votes":0,"labour_pct":84.2,"conservative_pct":15.8,"libdem_pct":0.0,"reform_uk_pct":0.0,"green_pct":0.0,"independent_pct":0.0,"other_pct":0.0,"total_votes":2282,"turnout":0},"2008":{"winning_party":"Labour","labour_votes":1821,"conservative_votes":0,"libdem_votes":753,"reform_uk_votes":0,"green_votes":0,"independent_votes":313,"other_votes":0,"labour_pct":63.1,"conservative_pct":0.0,"libdem_pct":26.1,"reform_uk_pct":0.0,"green_pct":0.0,"independent_pct":10.8,"other_pct":0.0,"total_votes":2887,"turnout":0},"2013":{"winning_party":"Labour","labour_votes":1892,"conservative_votes":0,"libdem_votes":0,"reform_uk_votes":0,"green_votes":0,"independent_votes":263,"other_votes":0,"labour_pct":87.8,"conservative_pct":0.0,"libdem_pct":0.0,"reform_uk_pct":0.0,"green_pct":0.0,"independent_pct":12.2,"other_pct":0.0,"total_votes":2155,"turnout":20},"2017":{"winning_party":"Labour","labour_votes":1493,"conservative_votes":172,"libdem_votes":0,"reform_uk_votes":0,"green_votes":0,"independent_votes":0,"other_votes":894,"labour_pct":58.3,"conservative_pct":6.7,"libdem_pct":0.0,"reform_uk_pct":0.0,"green_pct":0.0,"independent_pct":0.0,"other_pct":34.9,"total_votes":2559,"turnout":1456},"2021":{"winning_party":"Labour","labour_votes":1318,"conservative_votes":299,"libdem_votes":0,"reform_uk_votes":0,"green_votes":0,"independent_votes":0,"other_votes":939,"labour_pct":51.6,"conservative_pct":11.7,"libdem_pct":0.0,"reform_uk_pct":0.0,"green_pct":0.0,"independent_pct":0.0,"other_pct":36.7,"total_votes":2556,"turnout":1419}}}},{"type":"Feature","id":6938,"geometry":{"type":"Polygon","coordinates":[[[-1.491,54.756],[-1.492,54.756],[-1.493,54.756],[-1.494,54.756],[-1.495,54.756],[-1.496,54.756],[-1.496,54.755],[-1.497,54.755],[-1.498,54.755],[-1.498,54.754],[-1.498,54.753],[-1.5,54.753],[-1.501,54.752],[-1.501,54.751],[-1.501,54.75],[-1.5,54.75],[-1.5,54.749],[-1.501,54.749],[-1.504,54.748],[-1.506,54.748],[-1.507,54.75],[-1.509,54.75],[-1.509,54.751],[-1.511,54.751],[-1.513,54.751],[-1.514,54.749],[-1.514,54.748],[-1.514,54.747],[-1.514,54.746],[-1.514,54.745],[-1.515,54.744],[-1.516,54.744],[-1.516,54.745],[-1.517,54.745],[-1.516,54.743],[-1.515,54.742],[-1.515,54.74],[-1.515,54.739],[-1.515,54.737],[-1.516,54.736],[-1.518,54.734],[-1.519,54.732],[-1.521,54.73],[-1.522,54.727],[-1.522,54.725],[-1.522,54.722],[-1.521,54.72],[-1.521,54.719],[-1.52,54.718],[-1.521,54.717],[-1.522,54.717],[-1.523,54.717],[-1.524,54.717],[-1.524,54.716],[-1.525,54.716],[-1.525,54.715],[-1.526,54.715],[-1.527,54.715],[-1.528,54.714],[-1.529,54.714],[-1.53,54.713],[-1.531,54.713],[-1.532,54.713],[-1.533,54.713],[-1.534,54.714],[-1.534,54.713],[-1.534,54.712],[-1.535,54.712],[-1.536,54.711],[-1.535,54.71],[-1.536,54.71],[-1.538,54.709],[-1.543,54.708],[-1.546,54.707],[-1.548,54.707],[-1.549,54.707],[-1.551,54.707],[-1.552,54.707],[-1.554,54.707],[-1.557,54.706],[-1.559,54.706],[-1.562,54.706],[-1.565,54.706],[-1.567,54.707],[-1.567,54.709],[-1.568,54.71],[-1.57,54.714],[-1.572,54.715],[-1.574,54.718],[-1.575,54.719],[-1.578,54.719],[-1.58,54.718],[-1.582,54.718],[-1.582,54.719],[-1.582,54.72],[-1.583,54.721],[-1.584,54.721],[-1.584,54.722],[-1.585,54.722],[-1.587,54.722],[-1.588,54.722],[-1.589,54.724],[-1.591,54.724],[-1.591,54.725],[-1.592,54.725],[-1.592,54.726],[-1.593,54.726],[-1.593,54.727],[-1.594,54.727],[-1.596,54.727],[-1.597,54.727],[-1.598,54.727],[-1.599,54.727],[-1.598,54.728],[-1.597,54.729],[-1.596,54.73],[-1.595,54.73],[-1.594,54.731],[-1.593,54.732],[-1.592,54.734],[-1.59,54.734],[-1.588,54.735],[-1.587,54.735],[-1.585,54.736],[-1.584,54.736],[-1.582,54.738],[-1.581,54.739],[-1.58,54.74],[-1.579,54.741],[-1.58,54.743],[-1.582,54.744],[-1.583,54.745],[-1.582,54.747],[-1.584,54.748],[-1.584,54.749],[-1.584,54.75],[-1.582,54.75],[-1.579,54.751],[-1.577,54.751],[-1.574,54.75],[-1.568,54.748],[-1.565,54.747],[-1.563,54.745],[-1.562,54.745],[-1.563,54.743],[-1.562,54.742],[-1.561,54.742],[-1.56,54.742],[-1.559,54.743],[-1.558,54.743],[-1.558,54.744],[-1.557,54.744],[-1.557,54.746],[-1.556,54.746],[-1.556,54.747],[-1.557,54.747],[-1.558,54.748],[-1.559,54.749],[-1.56,54.75],[-1.561,54.752],[-1.56,54.753],[-1.559,54.753],[-1.555,54.755],[-1.555,54.756],[-1.555,54.757],[-1.556,54.758],[-1.558,54.758],[-1.558,54.759],[-1.558,54.76],[-1.557,54.761],[-1.556,54.763],[-1.555,54.763],[-1.554,54.764],[-1.554,54.765],[-1.555,54.766],[-1.556,54.768],[-1.554,54.769],[-1.554,54.768],[-1.553,54.767],[-1.551,54.766],[-1.55,54.766],[-1.549,54.766],[-1.547,54.766],[-1.546,54.766],[-1.545,54.766],[-1.544,54.767],[-1.543,54.767],[-1.542,54.767],[-1.541,54.767],[-1.539,54.767],[-1.538,54.766],[-1.537,54.766],[-1.536,54.766],[-1.536,54.767],[-1.535,54.767],[-1.534,54.768],[-1.533,54.768],[-1.532,54.768],[-1.531,54.768],[-1.53,54.768],[-1.529,54.768],[-1.526,54.768],[-1.526,54.769],[-1.527,54.77],[-1.526,54.771],[-1.524,54.77],[-1.522,54.77],[-1.522,54.771],[-1.521,54.771],[-1.519,54.772],[-1.518,54.771],[-1.517,54.771],[-1.516,54.771],[-1.516,54.77],[-1.515,54.77],[-1.516,54.767],[-1.518,54.765],[-1.517,54.764],[-1.512,54.763],[-1.51,54.762],[-1.509,54.762],[-1.507,54.763],[-1.502,54.762],[-1.5,54.762],[-1.497,54.761],[-1.491,54.758],[-1.49,54.758],[-1.491,54.757],[-1.491,54.756]]]},"properties":{"OBJECTID":6938,"wd11cd":"E05007981","wd11cdo":"00EJND","wd11nm":"Durham South","wd11nmw":" ","GlobalID":"779b0e27-5670-4b70-b962-a041e0c5d24d","results":{"2005":{"winning_party":"Labour","labour_votes":1526,"conservative_votes":306,"libdem_votes":1429,"reform_uk_votes":0,"green_votes":0,"independent_votes":0,"other_votes":0,"labour_pct":46.8,"conservative_pct":9.4,"libdem_pct":43.8,"reform_uk_pct":0.0,"green_pct":0.0,"independent_pct":0.0,"other_pct":0.0,"total_votes":3261,"turnout":0},"2008":{"winning_party":"Labour","labour_votes":1830,"conservative_votes":627,"libdem_votes":1043,"reform_uk_votes":0,"green_votes":0,"independent_votes":444,"other_votes":142,"labour_pct":44.8,"conservative_pct":15.3,"libdem_pct":25.5,"reform_uk_pct":0.0,"green_pct":0.0,"independent_pct":10.9,"other_pct":3.5,"total_votes":4086,"turnout":0},"2013":{"winning_party":"Liberal Democrats","labour_votes":250,"conservative_votes":117,"libdem_votes":349,"reform_uk_votes":0,"green_votes":90,"independent_votes":0,"other_votes":0,"labour_pct":31.0,"conservative_pct":14.5,"libdem_pct":43.3,"reform_uk_pct":0.0,"green_pct":11.2,"independent_pct":0.0,"other_pct":0.0,"total_votes":806,"turnout":27},"2017":{"winning_party":"Labour","labour_votes":225,"conservative_votes":178,"libdem_votes":0,"reform_uk_votes":0,"green_votes":0,"independent_votes":0,"other_votes":0,"labour_pct":55.8,"conservative_pct":44.2,"libdem_pct":0.0,"reform_uk_pct":0.0,"green_pct":0.0,"independent_pct":0.0,"other_pct":0.0,"total_votes":403,"turnout":754},"2021":{"winning_party":"Labour","labour_votes":317,"conservative_votes":172,"libdem_votes":0,"reform_uk_votes":0,"green_votes":99,"independent_votes":0,"other_votes":0,"labour_pct":53.9,"conservative_pct":29.3,"libdem_pct":0.0,"reform_uk_pct":0.0,"green_pct":16.8,"independent_pct":0.0,"other_pct":0.0,"total_votes":588,"turnout":987}}}},{"type":"Feature","id":6939,"geometry":{"type":"Polygon","coordinates":[[[-1.309,54.785],[-1.31,54.785],[-1.311,54.785],[-1.312,54.785],[-1.313,54.785],[-1.314,54.785],[-1.315,54.784],[-1.316,54.784],[-1.317,54.784],[-1.318,54.784],[-1.319,54.784],[-1.319,54.783],[-1.32,54.783],[-1.32,54.782],[-1.321,54.782],[-1.322,54.782],[-1.323,54.782],[-1.324,54.782],[-1.325,54.782],[-1.325,54.781],[-1.327,54.781],[-1.328,54.781],[-1.329,54.78],[-1.33,54.78],[-1.33,54.779],[-1.331,54.779],[-1.332,54.778],[-1.333,54.778],[-1.334,54.778],[-1.334,54.777],[-1.335,54.777],[-1.335,54.776],[-1.336,54.776],[-1.337,54.775],[-1.337,54.776],[-1.337,54.775],[-1.338,54.775],[-1.339,54.775],[-1.34,54.774],[-1.341,54.775],[-1.342,54.775],[-1.343,54.775],[-1.343,54.774],[-1.344,54.774],[-1.345,54.774],[-1.346,54.773],[-1.347,54.773],[-1.348,54.773],[-1.348,54.772],[-1.349,54.772],[-1.35,54.772],[-1.351,54.772],[-1.352,54.772],[-1.353,54.772],[-1.354,54.772],[-1.355,54.772],[-1.356,54.772],[-1.357,54.772],[-1.358,54.772],[-1.359,54.772],[-1.36,54.771],[-1.362,54.77],[-1.363,54.77],[-1.364,54.769],[-1.365,54.769],[-1.366,54.768],[-1.367,54.767],[-1.367,54.766],[-1.369,54.766],[-1.37,54.766],[-1.371,54.765],[-1.373,54.765],[-1.374,54.765],[-1.377,54.765],[-1.379,54.766],[-1.383,54.766],[-1.385,54.766],[-1.387,54.766],[-1.388,54.766],[-1.39,54.766],[-1.391,54.766],[-1.392,54.767],[-1.392,54.769],[-1.392,54.77],[-1.392,54.771],[-1.391,54.77],[-1.39,54.77],[-1.39,54.771],[-1.386,54.772],[-1.385,54.772],[-1.384,54.772],[-1.383,54.772],[-1.384,54.772],[-1.384,54.774],[-1.385,54.774],[-1.385,54.775],[-1.384,54.775],[-1.385,54.776],[-1.385,54.778],[-1.386,54.778],[-1.387,54.779],[-1.388,54.78],[-1.389,54.781],[-1.391,54.782],[-1.392,54.783],[-1.393,54.784],[-1.395,54.786],[-1.395,54.787],[-1.396,54.788],[-1.397,54.789],[-1.394,54.791],[-1.39,54.791],[-1.388,54.792],[-1.388,54.793],[-1.389,54.794],[-1.39,54.796],[-1.391,54.797],[-1.392,54.798],[-1.394,54.798],[-1.394,54.8],[-1.393,54.8],[-1.392,54.8],[-1.39,54.8],[-1.389,54.8],[-1.389,54.801],[-1.387,54.801],[-1.386,54.801],[-1.385,54.802],[-1.385,54.803],[-1.384,54.803],[-1.383,54.804],[-1.382,54.805],[-1.381,54.805],[-1.381,54.806],[-1.38,54.807],[-1.379,54.807],[-1.377,54.807],[-1.375,54.808],[-1.373,54.807],[-1.371,54.807],[-1.37,54.807],[-1.368,54.807],[-1.366,54.808],[-1.365,54.808],[-1.364,54.808],[-1.364,54.809],[-1.363,54.81],[-1.361,54.81],[-1.359,54.81],[-1.36,54.812],[-1.361,54.812],[-1.361,54.813],[-1.362,54.814],[-1.359,54.815],[-1.357,54.816],[-1.356,54.817],[-1.355,54.817],[-1.354,54.818],[-1.351,54.82],[-1.35,54.82],[-1.349,54.82],[-1.348,54.82],[-1.347,54.82],[-1.346,54.82],[-1.345,54.818],[-1.344,54.818],[-1.343,54.818],[-1.343,54.819],[-1.341,54.818],[-1.34,54.817],[-1.339,54.818],[-1.338,54.818],[-1.336,54.818],[-1.335,54.818],[-1.33,54.819],[-1.329,54.819],[-1.328,54.819],[-1.327,54.819],[-1.327,54.82],[-1.326,54.82],[-1.326,54.821],[-1.325,54.821],[-1.323,54.821],[-1.322,54.821],[-1.319,54.821],[-1.318,54.82],[-1.318,54.819],[-1.317,54.818],[-1.315,54.815],[-1.315,54.814],[-1.314,54.813],[-1.313,54.813],[-1.313,54.812],[-1.313,54.811],[-1.313,54.81],[-1.313,54.809],[-1.313,54.808],[-1.313,54.807],[-1.312,54.806],[-1.312,54.805],[-1.312,54.804],[-1.312,54.803],[-1.311,54.802],[-1.312,54.802],[-1.312,54.801],[-1.311,54.8],[-1.31,54.799],[-1.31,54.798],[-1.311,54.798],[-1.311,54.797],[-1.311,54.796],[-1.312,54.795],[-1.311,54.793],[-1.311,54.792],[-1.311,54.791],[-1.311,54.79],[-1.31,54.789],[-1.309,54.788],[-1.308,54.787],[-1.308,54.786],[-1.309,54.785]]]},"properties":{"OBJECTID":6939,"wd11cd":"E05007982","wd11cdo":"00EJNE","wd11nm":"Easington","wd11nmw":" ","GlobalID":"dc4e9393-cd07-4ef4-96ec-33cf51db31c6","results":{"2005":{"winning_party":"Labour","labour_votes":2519,"conservative_votes":652,"libdem_votes":0,"reform_uk_votes":0,"green_votes":0,"independent_votes":0,"other_votes":0,"labour_pct":79.4,"conservative_pct":20.6,"libdem_pct":0.0,"reform_uk_pct":0.0,"green_pct":0.0,"independent_pct":0.0,"other_pct":0.0,"total_votes":3171,"turnout":0},"2008":{"winning_party":"Labour","labour_votes":2143,"conservative_votes":0,"libdem_votes":1154,"reform_uk_votes":0,"green_votes":0,"independent_votes":0,"other_votes":0,"labour_pct":65.0,"conservative_pct":0.0,"libdem_pct":35.0,"reform_uk_pct":0.0,"green_pct":0.0,"independent_pct":0.0,"other_pct":0.0,"total_votes":3297,"turnout":0},"2013":{"winning_party":"Labour","labour_votes":1962,"conservative_votes":0,"libdem_votes":0,"reform_uk_votes":0,"green_votes":244,"independent_votes":521,"other_votes":0,"labour_pct":71.9,"conservative_pct":0.0,"libdem_pct":0.0,"reform_uk_pct":0.0,"green_pct":8.9,"independent_pct":19.1,"other_pct":0.0,"total_votes":2727,"turnout":25},"2017":{"winning_party":"Labour","labour_votes":1720,"conservative_votes":303,"libdem_votes":0,"reform_uk_votes":0,"green_votes":0,"independent_votes":392,"other_votes":0,"labour_pct":71.2,"conservative_pct":12.5,"libdem_pct":0.0,"reform_uk_pct":0.0,"green_pct":0.0,"independent_pct":16.2,"other_pct":0.0,"total_votes":2415,"turnout":1470},"2021":{"winning_party":"Labour","labour_votes":1863,"conservative_votes":795,"libdem_votes":0,"reform_uk_votes":0,"green_votes":0,"independent_votes":264,"other_votes":0,"labour_pct":63.8,"conservative_pct":27.2,"libdem_pct":0.0,"reform_uk_pct":0.0,"green_pct":0.0,"independent_pct":9.0,"other_pct":0.0,"total_votes":2922,"turnout":0}}}},{"type":"Feature","id":6940,"geometry":{"type":"Polygon","coordinates":[[[-1.556,54.768],[-1.555,54.766],[-1.554,54.765],[-1.554,54.764],[-1.555,54.763],[-1.556,54.763],[-1.557,54.761],[-1.558,54.76],[-1.558,54.759],[-1.558,54.758],[-1.556,54.758],[-1.555,54.757],[-1.555,54.756],[-1.555,54.755],[-1.559,54.753],[-1.56,54.753],[-1.561,54.752],[-1.56,54.75],[-1.559,54.749],[-1.558,54.748],[-1.557,54.747],[-1.556,54.747],[-1.556,54.746],[-1.557,54.746],[-1.557,54.744],[-1.558,54.744],[-1.558,54.743],[-1.559,54.743],[-1.56,54.742],[-1.561,54.742],[-1.562,54.742],[-1.563,54.743],[-1.562,54.745],[-1.563,54.745],[-1.565,54.747],[-1.568,54.748],[-1.574,54.75],[-1.577,54.751],[-1.579,54.751],[-1.582,54.75],[-1.584,54.75],[-1.584,54.749],[-1.584,54.748],[-1.582,54.747],[-1.583,54.745],[-1.582,54.744],[-1.58,54.743],[-1.579,54.741],[-1.58,54.741],[-1.581,54.74],[-1.583,54.74],[-1.584,54.74],[-1.585,54.739],[-1.586,54.739],[-1.585,54.738],[-1.587,54.738],[-1.587,54.739],[-1.588,54.741],[-1.589,54.744],[-1.589,54.745],[-1.589,54.747],[-1.59,54.749],[-1.591,54.75],[-1.591,54.752],[-1.59,54.753],[-1.589,54.755],[-1.588,54.757],[-1.586,54.758],[-1.581,54.762],[-1.582,54.762],[-1.583,54.762],[-1.584,54.763],[-1.585,54.763],[-1.587,54.763],[-1.588,54.765],[-1.587,54.765],[-1.585,54.765],[-1.585,54.766],[-1.584,54.766],[-1.583,54.767],[-1.582,54.767],[-1.58,54.769],[-1.579,54.769],[-1.579,54.77],[-1.579,54.771],[-1.58,54.771],[-1.579,54.772],[-1.578,54.776],[-1.577,54.779],[-1.576,54.781],[-1.575,54.781],[-1.574,54.782],[-1.573,54.782],[-1.569,54.782],[-1.564,54.783],[-1.563,54.784],[-1.56,54.784],[-1.559,54.784],[-1.558,54.784],[-1.558,54.783],[-1.56,54.782],[-1.561,54.781],[-1.562,54.78],[-1.564,54.779],[-1.565,54.779],[-1.564,54.778],[-1.563,54.778],[-1.562,54.778],[-1.561,54.778],[-1.56,54.778],[-1.559,54.778],[-1.559,54.777],[-1.558,54.777],[-1.557,54.777],[-1.556,54.777],[-1.559,54.775],[-1.558,54.775],[-1.557,54.774],[-1.557,54.773],[-1.558,54.773],[-1.559,54.772],[-1.56,54.771],[-1.56,54.77],[-1.559,54.769],[-1.557,54.768],[-1.556,54.768]]]},"properties":{"OBJECTID":6940,"wd11cd":"E05007983","wd11cdo":"00EJNF","wd11nm":"Elvet","wd11nmw":" ","GlobalID":"400cc6cf-8820-4e07-9e37-a6ff0c37aa59","results":{"2005":{"winning_party":"Liberal Democrats","labour_votes":925,"conservative_votes":739,"libdem_votes":2184,"reform_uk_votes":0,"green_votes":0,"independent_votes":0,"other_votes":0,"labour_pct":24.0,"conservative_pct":19.2,"libdem_pct":56.8,"reform_uk_pct":0.0,"green_pct":0.0,"independent_pct":0.0,"other_pct":0.0,"total_votes":3848,"turnout":0},"2008":{"winning_party":"Liberal Democrats","labour_votes":872,"conservative_votes":857,"libdem_votes":1557,"reform_uk_votes":0,"green_votes":0,"independent_votes":590,"other_votes":0,"labour_pct":22.5,"conservative_pct":22.1,"libdem_pct":40.2,"reform_uk_pct":0.0,"green_pct":0.0,"independent_pct":15.2,"other_pct":0.0,"total_votes":3876,"turnout":0},"2013":{"winning_party":"Liberal Democrats","labour_votes":863,"conservative_votes":353,"libdem_votes":1104,"reform_uk_votes":0,"green_votes":362,"independent_votes":0,"other_votes":151,"labour_pct":30.5,"conservative_pct":12.5,"libdem_pct":39.0,"reform_uk_pct":0.0,"green_pct":12.8,"independent_pct":0.0,"other_pct":5.3,"total_votes":2833,"turnout":21},"2017":{"winning_party":"Labour","labour_votes":619,"conservative_votes":274,"libdem_votes":0,"reform_uk_votes":0,"green_votes":149,"independent_votes":0,"other_votes":0,"labour_pct":59.4,"conservative_pct":26.3,"libdem_pct":0.0,"reform_uk_pct":0.0,"green_pct":14.3,"independent_pct":0.0,"other_pct":0.0,"total_votes":1042,"turnout":1464},"2021":{"winning_party":"Labour","labour_votes":1237,"conservative_votes":326,"libdem_votes":0,"reform_uk_votes":0,"green_votes":361,"independent_votes":0,"other_votes":0,"labour_pct":64.3,"conservative_pct":16.9,"libdem_pct":0.0,"reform_uk_pct":0.0,"green_pct":18.8,"independent_pct":0.0,"other_pct":0.0,"total_votes":1924,"turnout":0}}}},{"type":"Feature","id":6941,"geometry":{"type":"Polygon","coordinates":[[[-1.655,54.807],[-1.654,54.806],[-1.653,54.806],[-1.653,54.805],[-1.653,54.804],[-1.652,54.804],[-1.652,54.803],[-1.653,54.803],[-1.653,54.802],[-1.653,54.801],[-1.652,54.801],[-1.652,54.8],[-1.651,54.8],[-1.652,54.8],[-1.654,54.802],[-1.656,54.803],[-1.656,54.804],[-1.657,54.804],[-1.658,54.803],[-1.659,54.803],[-1.66,54.803],[-1.66,54.802],[-1.661,54.802],[-1.662,54.802],[-1.663,54.802],[-1.663,54.801],[-1.664,54.801],[-1.665,54.801],[-1.666,54.801],[-1.666,54.8],[-1.665,54.799],[-1.664,54.798],[-1.664,54.797],[-1.663,54.797],[-1.662,54.796],[-1.662,54.795],[-1.661,54.795],[-1.661,54.794],[-1.66,54.793],[-1.658,54.793],[-1.657,54.793],[-1.656,54.791],[-1.655,54.79],[-1.653,54.788],[-1.651,54.787],[-1.65,54.787],[-1.648,54.786],[-1.648,54.785],[-1.648,54.783],[-1.655,54.784],[-1.66,54.785],[-1.665,54.786],[-1.668,54.785],[-1.67,54.782],[-1.671,54.782],[-1.672,54.782],[-1.674,54.782],[-1.677,54.782],[-1.676,54.781],[-1.677,54.781],[-1.679,54.78],[-1.68,54.78],[-1.682,54.78],[-1.685,54.779],[-1.687,54.778],[-1.691,54.776],[-1.693,54.775],[-1.694,54.775],[-1.695,54.775],[-1.695,54.776],[-1.696,54.775],[-1.697,54.775],[-1.698,54.775],[-1.698,54.774],[-1.699,54.774],[-1.7,54.774],[-1.7,54.773],[-1.701,54.773],[-1.702,54.773],[-1.703,54.773],[-1.704,54.773],[-1.705,54.774],[-1.706,54.774],[-1.707,54.774],[-1.708,54.774],[-1.709,54.774],[-1.71,54.775],[-1.711,54.775],[-1.712,54.775],[-1.713,54.774],[-1.713,54.775],[-1.714,54.775],[-1.715,54.775],[-1.716,54.775],[-1.717,54.775],[-1.718,54.775],[-1.719,54.775],[-1.72,54.775],[-1.721,54.774],[-1.722,54.774],[-1.723,54.774],[-1.724,54.773],[-1.725,54.773],[-1.726,54.773],[-1.727,54.773],[-1.728,54.773],[-1.729,54.773],[-1.73,54.773],[-1.731,54.773],[-1.732,54.773],[-1.733,54.773],[-1.734,54.773],[-1.736,54.773],[-1.738,54.772],[-1.739,54.771],[-1.741,54.771],[-1.742,54.77],[-1.743,54.77],[-1.744,54.77],[-1.745,54.77],[-1.747,54.769],[-1.748,54.769],[-1.751,54.768],[-1.753,54.768],[-1.755,54.768],[-1.753,54.767],[-1.751,54.766],[-1.75,54.766],[-1.749,54.765],[-1.748,54.765],[-1.746,54.764],[-1.746,54.763],[-1.746,54.762],[-1.746,54.761],[-1.745,54.761],[-1.745,54.76],[-1.744,54.759],[-1.745,54.759],[-1.746,54.759],[-1.747,54.759],[-1.748,54.759],[-1.75,54.759],[-1.751,54.758],[-1.752,54.758],[-1.753,54.758],[-1.755,54.758],[-1.756,54.757],[-1.757,54.757],[-1.758,54.757],[-1.759,54.757],[-1.759,54.756],[-1.76,54.756],[-1.761,54.755],[-1.762,54.755],[-1.763,54.755],[-1.764,54.755],[-1.765,54.754],[-1.766,54.754],[-1.767,54.754],[-1.768,54.754],[-1.768,54.753],[-1.769,54.752],[-1.77,54.752],[-1.77,54.753],[-1.771,54.753],[-1.771,54.752],[-1.772,54.752],[-1.773,54.752],[-1.773,54.751],[-1.774,54.751],[-1.775,54.751],[-1.776,54.751],[-1.778,54.751],[-1.779,54.751],[-1.78,54.751],[-1.781,54.751],[-1.782,54.751],[-1.783,54.751],[-1.784,54.751],[-1.785,54.751],[-1.787,54.75],[-1.788,54.75],[-1.789,54.75],[-1.789,54.751],[-1.79,54.75],[-1.791,54.75],[-1.792,54.75],[-1.793,54.75],[-1.793,54.749],[-1.793,54.748],[-1.794,54.748],[-1.794,54.747],[-1.795,54.747],[-1.796,54.747],[-1.797,54.747],[-1.798,54.747],[-1.8,54.747],[-1.801,54.747],[-1.804,54.747],[-1.806,54.747],[-1.807,54.748],[-1.81,54.752],[-1.82,54.754],[-1.825,54.755],[-1.828,54.755],[-1.832,54.756],[-1.84,54.757],[-1.841,54.757],[-1.845,54.76],[-1.846,54.761],[-1.848,54.763],[-1.853,54.767],[-1.859,54.771],[-1.873,54.774],[-1.878,54.784],[-1.871,54.791],[-1.871,54.792],[-1.87,54.792],[-1.869,54.792],[-1.869,54.793],[-1.868,54.793],[-1.868,54.794],[-1.866,54.793],[-1.864,54.792],[-1.862,54.794],[-1.86,54.794],[-1.859,54.795],[-1.857,54.796],[-1.854,54.796],[-1.851,54.798],[-1.85,54.798],[-1.849,54.798],[-1.848,54.798],[-1.848,54.799],[-1.847,54.799],[-1.847,54.8],[-1.848,54.801],[-1.846,54.801],[-1.845,54.801],[-1.842,54.802],[-1.84,54.802],[-1.839,54.801],[-1.837,54.802],[-1.835,54.803],[-1.832,54.804],[-1.83,54.804],[-1.828,54.804],[-1.827,54.804],[-1.825,54.804],[-1.822,54.805],[-1.822,54.804],[-1.821,54.802],[-1.82,54.802],[-1.817,54.803],[-1.812,54.803],[-1.806,54.804],[-1.805,54.803],[-1.803,54.802],[-1.803,54.801],[-1.802,54.801],[-1.802,54.8],[-1.801,54.8],[-1.8,54.8],[-1.799,54.8],[-1.798,54.8],[-1.798,54.801],[-1.797,54.801],[-1.796,54.801],[-1.795,54.801],[-1.794,54.801],[-1.793,54.801],[-1.791,54.801],[-1.794,54.8],[-1.796,54.798],[-1.8,54.796],[-1.802,54.794],[-1.804,54.794],[-1.803,54.793],[-1.802,54.792],[-1.802,54.791],[-1.801,54.79],[-1.8,54.79],[-1.799,54.789],[-1.798,54.789],[-1.797,54.789],[-1.796,54.789],[-1.795,54.79],[-1.795,54.791],[-1.794,54.79],[-1.793,54.79],[-1.791,54.79],[-1.789,54.789],[-1.788,54.788],[-1.787,54.788],[-1.788,54.788],[-1.787,54.789],[-1.787,54.79],[-1.787,54.791],[-1.786,54.792],[-1.785,54.793],[-1.785,54.794],[-1.783,54.796],[-1.78,54.796],[-1.779,54.796],[-1.779,54.797],[-1.779,54.798],[-1.779,54.799],[-1.777,54.799],[-1.775,54.798],[-1.772,54.797],[-1.771,54.797],[-1.769,54.796],[-1.766,54.796],[-1.765,54.796],[-1.763,54.795],[-1.762,54.795],[-1.761,54.795],[-1.761,54.794],[-1.759,54.794],[-1.759,54.793],[-1.759,54.792],[-1.757,54.793],[-1.756,54.793],[-1.755,54.794],[-1.753,54.794],[-1.752,54.794],[-1.75,54.794],[-1.749,54.794],[-1.747,54.794],[-1.745,54.793],[-1.744,54.792],[-1.742,54.792],[-1.741,54.791],[-1.74,54.791],[-1.739,54.791],[-1.738,54.791],[-1.738,54.792],[-1.739,54.795],[-1.74,54.795],[-1.74,54.796],[-1.739,54.796],[-1.737,54.798],[-1.735,54.798],[-1.734,54.798],[-1.732,54.798],[-1.731,54.798],[-1.73,54.798],[-1.729,54.797],[-1.726,54.797],[-1.722,54.796],[-1.719,54.796],[-1.717,54.796],[-1.716,54.798],[-1.713,54.799],[-1.712,54.799],[-1.711,54.799],[-1.709,54.8],[-1.708,54.8],[-1.708,54.801],[-1.707,54.802],[-1.707,54.804],[-1.707,54.805],[-1.705,54.805],[-1.704,54.805],[-1.702,54.805],[-1.702,54.804],[-1.701,54.804],[-1.7,54.804],[-1.699,54.804],[-1.698,54.804],[-1.697,54.803],[-1.696,54.803],[-1.695,54.803],[-1.694,54.804],[-1.693,54.804],[-1.692,54.804],[-1.691,54.804],[-1.69,54.804],[-1.691,54.804],[-1.692,54.805],[-1.691,54.806],[-1.69,54.806],[-1.69,54.807],[-1.687,54.807],[-1.686,54.807],[-1.685,54.806],[-1.684,54.806],[-1.683,54.806],[-1.681,54.806],[-1.679,54.806],[-1.677,54.807],[-1.676,54.807],[-1.674,54.807],[-1.67,54.807],[-1.667,54.807],[-1.665,54.807],[-1.663,54.807],[-1.662,54.807],[-1.659,54.807],[-1.657,54.807],[-1.656,54.807],[-1.655,54.807]]]},"properties":{"OBJECTID":6941,"wd11cd":"E05007984","wd11cdo":"00EJNG","wd11nm":"Esh","wd11nmw":" ","GlobalID":"7e5dfe14-55d4-46e7-b800-7667b319db06","results":{"2005":{"winning_party":"Labour","labour_votes":1463,"conservative_votes":374,"libdem_votes":484,"reform_uk_votes":0,"green_votes":0,"independent_votes":556,"other_votes":0,"labour_pct":50.9,"conservative_pct":13.0,"libdem_pct":16.8,"reform_uk_pct":0.0,"green_pct":0.0,"independent_pct":19.3,"other_pct":0.0,"total_votes":2877,"turnout":0},"2008":{"winning_party":"Labour","labour_votes":1496,"conservative_votes":364,"libdem_votes":953,"reform_uk_votes":0,"green_votes":0,"independent_votes":781,"other_votes":0,"labour_pct":41.6,"conservative_pct":10.1,"libdem_pct":26.5,"reform_uk_pct":0.0,"green_pct":0.0,"independent_pct":21.7,"other_pct":0.0,"total_votes":3594,"turnout":0},"2013":{"winning_party":"Labour","labour_votes":1762,"conservative_votes":191,"libdem_votes":1329,"reform_uk_votes":0,"green_votes":0,"independent_votes":0,"other_votes":800,"labour_pct":43.2,"conservative_pct":4.7,"libdem_pct":32.6,"reform_uk_pct":0.0,"green_pct":0.0,"independent_pct":0.0,"other_pct":19.6,"total_votes":4082,"turnout":32},"2017":{"winning_party":"Labour","labour_votes":1303,"conservative_votes":402,"libdem_votes":0,"reform_uk_votes":0,"green_votes":0,"independent_votes":0,"other_votes":0,"labour_pct":76.4,"conservative_pct":23.6,"libdem_pct":0.0,"reform_uk_pct":0.0,"green_pct":0.0,"independent_pct":0.0,"other_pct":0.0,"total_votes":1705,"turnout":2312},"2021":{"winning_party":"Labour","labour_votes":999,"conservative_votes":757,"libdem_votes":0,"reform_uk_votes":0,"green_votes":259,"independent_votes":85,"other_votes":0,"labour_pct":47.6,"conservative_pct":36.0,"libdem_pct":0.0,"reform_uk_pct":0.0,"green_pct":12.3,"independent_pct":4.0,"other_pct":0.0,"total_votes":2100,"turnout":0}}}},{"type":"Feature","id":6942,"geometry":{"type":"Polygon","coordinates":[[[-1.738,54.672],[-1.739,54.672],[-1.738,54.671],[-1.737,54.67],[-1.737,54.669],[-1.738,54.668],[-1.738,54.667],[-1.741,54.667],[-1.741,54.664],[-1.741,54.662],[-1.74,54.661],[-1.737,54.659],[-1.736,54.658],[-1.736,54.657],[-1.735,54.656],[-1.735,54.655],[-1.734,54.654],[-1.733,54.652],[-1.733,54.651],[-1.734,54.651],[-1.736,54.651],[-1.737,54.651],[-1.735,54.649],[-1.734,54.648],[-1.73,54.645],[-1.729,54.645],[-1.727,54.643],[-1.726,54.642],[-1.728,54.641],[-1.73,54.64],[-1.731,54.639],[-1.728,54.637],[-1.727,54.636],[-1.726,54.635],[-1.725,54.634],[-1.724,54.634],[-1.725,54.633],[-1.726,54.633],[-1.727,54.633],[-1.728,54.633],[-1.729,54.633],[-1.73,54.632],[-1.732,54.63],[-1.732,54.629],[-1.731,54.628],[-1.728,54.628],[-1.724,54.628],[-1.724,54.626],[-1.721,54.625],[-1.717,54.626],[-1.714,54.626],[-1.713,54.628],[-1.712,54.628],[-1.711,54.628],[-1.709,54.628],[-1.709,54.631],[-1.71,54.632],[-1.709,54.632],[-1.708,54.632],[-1.708,54.633],[-1.707,54.632],[-1.706,54.632],[-1.706,54.633],[-1.705,54.633],[-1.704,54.632],[-1.703,54.632],[-1.702,54.632],[-1.702,54.631],[-1.703,54.631],[-1.702,54.631],[-1.701,54.631],[-1.701,54.63],[-1.7,54.63],[-1.699,54.63],[-1.698,54.63],[-1.697,54.63],[-1.697,54.631],[-1.696,54.631],[-1.695,54.631],[-1.694,54.631],[-1.693,54.632],[-1.692,54.632],[-1.692,54.633],[-1.692,54.634],[-1.691,54.634],[-1.69,54.633],[-1.691,54.632],[-1.69,54.632],[-1.689,54.633],[-1.689,54.634],[-1.688,54.634],[-1.687,54.634],[-1.687,54.633],[-1.686,54.633],[-1.686,54.634],[-1.687,54.634],[-1.687,54.635],[-1.686,54.635],[-1.687,54.636],[-1.686,54.636],[-1.685,54.636],[-1.684,54.636],[-1.683,54.634],[-1.683,54.633],[-1.683,54.631],[-1.683,54.627],[-1.683,54.625],[-1.683,54.624],[-1.683,54.622],[-1.683,54.621],[-1.683,54.62],[-1.683,54.619],[-1.682,54.617],[-1.682,54.615],[-1.682,54.614],[-1.682,54.612],[-1.681,54.61],[-1.682,54.608],[-1.681,54.607],[-1.681,54.606],[-1.681,54.604],[-1.681,54.602],[-1.681,54.599],[-1.681,54.598],[-1.682,54.598],[-1.682,54.599],[-1.684,54.599],[-1.685,54.6],[-1.688,54.6],[-1.689,54.601],[-1.69,54.601],[-1.692,54.602],[-1.694,54.603],[-1.696,54.603],[-1.698,54.604],[-1.699,54.604],[-1.7,54.604],[-1.701,54.604],[-1.702,54.604],[-1.704,54.604],[-1.707,54.604],[-1.71,54.604],[-1.714,54.605],[-1.715,54.605],[-1.716,54.604],[-1.716,54.603],[-1.717,54.603],[-1.72,54.604],[-1.721,54.604],[-1.722,54.604],[-1.724,54.604],[-1.725,54.604],[-1.726,54.604],[-1.727,54.604],[-1.729,54.605],[-1.732,54.605],[-1.734,54.606],[-1.735,54.606],[-1.736,54.606],[-1.737,54.605],[-1.738,54.605],[-1.739,54.605],[-1.74,54.605],[-1.74,54.604],[-1.741,54.604],[-1.742,54.604],[-1.743,54.604],[-1.744,54.604],[-1.745,54.603],[-1.746,54.603],[-1.748,54.603],[-1.75,54.603],[-1.752,54.603],[-1.754,54.603],[-1.755,54.603],[-1.758,54.603],[-1.759,54.603],[-1.761,54.604],[-1.763,54.604],[-1.763,54.603],[-1.764,54.603],[-1.764,54.604],[-1.765,54.604],[-1.766,54.604],[-1.767,54.603],[-1.768,54.602],[-1.769,54.602],[-1.77,54.602],[-1.771,54.602],[-1.772,54.602],[-1.773,54.601],[-1.774,54.601],[-1.774,54.602],[-1.775,54.603],[-1.776,54.604],[-1.777,54.604],[-1.779,54.604],[-1.78,54.604],[-1.782,54.604],[-1.784,54.604],[-1.785,54.605],[-1.786,54.605],[-1.788,54.605],[-1.789,54.605],[-1.793,54.605],[-1.796,54.605],[-1.797,54.605],[-1.799,54.604],[-1.8,54.605],[-1.802,54.605],[-1.805,54.606],[-1.807,54.606],[-1.812,54.606],[-1.815,54.606],[-1.816,54.605],[-1.82,54.606],[-1.825,54.607],[-1.827,54.607],[-1.829,54.607],[-1.831,54.607],[-1.832,54.608],[-1.835,54.608],[-1.836,54.608],[-1.838,54.609],[-1.839,54.61],[-1.84,54.61],[-1.843,54.611],[-1.843,54.61],[-1.844,54.611],[-1.844,54.612],[-1.845,54.613],[-1.844,54.613],[-1.844,54.614],[-1.845,54.614],[-1.846,54.614],[-1.847,54.614],[-1.849,54.614],[-1.85,54.614],[-1.85,54.615],[-1.851,54.615],[-1.851,54.616],[-1.852,54.616],[-1.852,54.617],[-1.853,54.618],[-1.854,54.618],[-1.855,54.618],[-1.856,54.618],[-1.858,54.618],[-1.859,54.619],[-1.86,54.619],[-1.861,54.619],[-1.862,54.619],[-1.862,54.62],[-1.863,54.62],[-1.864,54.62],[-1.865,54.62],[-1.866,54.62],[-1.867,54.62],[-1.867,54.621],[-1.868,54.621],[-1.869,54.621],[-1.87,54.622],[-1.871,54.622],[-1.872,54.622],[-1.873,54.622],[-1.874,54.622],[-1.875,54.622],[-1.876,54.622],[-1.877,54.622],[-1.878,54.622],[-1.878,54.621],[-1.878,54.62],[-1.879,54.62],[-1.88,54.62],[-1.881,54.62],[-1.882,54.62],[-1.882,54.619],[-1.882,54.618],[-1.883,54.618],[-1.884,54.618],[-1.885,54.617],[-1.886,54.617],[-1.887,54.617],[-1.889,54.617],[-1.89,54.617],[-1.891,54.617],[-1.892,54.617],[-1.894,54.617],[-1.895,54.619],[-1.896,54.62],[-1.899,54.62],[-1.905,54.62],[-1.909,54.619],[-1.913,54.618],[-1.915,54.617],[-1.919,54.618],[-1.92,54.618],[-1.921,54.618],[-1.922,54.618],[-1.923,54.618],[-1.923,54.619],[-1.924,54.619],[-1.925,54.619],[-1.926,54.619],[-1.927,54.619],[-1.928,54.619],[-1.928,54.618],[-1.929,54.618],[-1.929,54.619],[-1.929,54.618],[-1.93,54.618],[-1.931,54.618],[-1.932,54.618],[-1.932,54.619],[-1.933,54.619],[-1.934,54.618],[-1.935,54.619],[-1.935,54.618],[-1.936,54.618],[-1.937,54.618],[-1.938,54.618],[-1.939,54.618],[-1.94,54.618],[-1.94,54.617],[-1.941,54.618],[-1.941,54.617],[-1.941,54.618],[-1.942,54.618],[-1.943,54.618],[-1.944,54.618],[-1.945,54.618],[-1.945,54.619],[-1.946,54.619],[-1.947,54.619],[-1.948,54.619],[-1.949,54.619],[-1.95,54.619],[-1.951,54.618],[-1.952,54.618],[-1.953,54.617],[-1.954,54.617],[-1.955,54.617],[-1.956,54.617],[-1.957,54.617],[-1.958,54.617],[-1.959,54.617],[-1.96,54.617],[-1.962,54.62],[-1.964,54.622],[-1.963,54.626],[-1.962,54.63],[-1.961,54.636],[-1.961,54.637],[-1.961,54.638],[-1.96,54.638],[-1.959,54.638],[-1.959,54.637],[-1.958,54.637],[-1.957,54.638],[-1.957,54.637],[-1.956,54.637],[-1.956,54.638],[-1.955,54.637],[-1.954,54.637],[-1.953,54.637],[-1.952,54.637],[-1.95,54.637],[-1.949,54.637],[-1.948,54.637],[-1.946,54.636],[-1.945,54.637],[-1.943,54.636],[-1.947,54.638],[-1.951,54.641],[-1.953,54.641],[-1.955,54.642],[-1.957,54.642],[-1.96,54.642],[-1.961,54.642],[-1.962,54.643],[-1.963,54.643],[-1.964,54.643],[-1.965,54.643],[-1.966,54.643],[-1.967,54.643],[-1.969,54.644],[-1.97,54.644],[-1.971,54.645],[-1.975,54.65],[-1.977,54.652],[-1.978,54.655],[-1.979,54.656],[-1.98,54.657],[-1.98,54.66],[-1.979,54.665],[-1.978,54.669],[-1.978,54.671],[-1.977,54.672],[-1.977,54.673],[-1.975,54.673],[-1.974,54.673],[-1.973,54.673],[-1.972,54.673],[-1.97,54.673],[-1.969,54.674],[-1.969,54.673],[-1.968,54.673],[-1.967,54.673],[-1.966,54.673],[-1.965,54.672],[-1.964,54.672],[-1.963,54.672],[-1.959,54.672],[-1.956,54.671],[-1.955,54.671],[-1.952,54.671],[-1.951,54.671],[-1.948,54.671],[-1.949,54.672],[-1.95,54.676],[-1.949,54.676],[-1.948,54.677],[-1.947,54.677],[-1.946,54.677],[-1.946,54.678],[-1.945,54.678],[-1.944,54.678],[-1.943,54.678],[-1.942,54.678],[-1.941,54.678],[-1.94,54.678],[-1.939,54.678],[-1.938,54.678],[-1.938,54.679],[-1.937,54.679],[-1.936,54.679],[-1.935,54.679],[-1.934,54.679],[-1.934,54.68],[-1.933,54.679],[-1.932,54.679],[-1.932,54.68],[-1.931,54.68],[-1.931,54.679],[-1.93,54.68],[-1.929,54.68],[-1.928,54.679],[-1.928,54.68],[-1.927,54.68],[-1.926,54.68],[-1.925,54.68],[-1.925,54.679],[-1.925,54.68],[-1.924,54.68],[-1.923,54.68],[-1.922,54.68],[-1.916,54.684],[-1.914,54.685],[-1.91,54.687],[-1.906,54.688],[-1.902,54.689],[-1.896,54.691],[-1.892,54.691],[-1.891,54.691],[-1.885,54.693],[-1.884,54.693],[-1.88,54.695],[-1.878,54.696],[-1.875,54.698],[-1.872,54.7],[-1.87,54.7],[-1.869,54.7],[-1.868,54.7],[-1.868,54.701],[-1.867,54.701],[-1.866,54.701],[-1.863,54.702],[-1.855,54.704],[-1.853,54.704],[-1.85,54.705],[-1.847,54.705],[-1.845,54.706],[-1.838,54.707],[-1.834,54.708],[-1.832,54.707],[-1.83,54.707],[-1.827,54.708],[-1.826,54.708],[-1.825,54.708],[-1.824,54.708],[-1.823,54.709],[-1.821,54.707],[-1.82,54.706],[-1.818,54.705],[-1.816,54.704],[-1.815,54.703],[-1.815,54.702],[-1.814,54.701],[-1.812,54.699],[-1.811,54.698],[-1.809,54.696],[-1.808,54.696],[-1.807,54.694],[-1.807,54.693],[-1.806,54.691],[-1.806,54.69],[-1.806,54.689],[-1.806,54.688],[-1.805,54.687],[-1.804,54.687],[-1.802,54.686],[-1.8,54.685],[-1.799,54.685],[-1.796,54.684],[-1.794,54.683],[-1.792,54.682],[-1.791,54.682],[-1.79,54.682],[-1.79,54.681],[-1.79,54.679],[-1.791,54.679],[-1.791,54.678],[-1.792,54.678],[-1.793,54.677],[-1.793,54.676],[-1.794,54.676],[-1.794,54.675],[-1.793,54.675],[-1.793,54.674],[-1.792,54.674],[-1.791,54.674],[-1.79,54.674],[-1.788,54.673],[-1.787,54.672],[-1.786,54.672],[-1.785,54.671],[-1.784,54.671],[-1.783,54.671],[-1.782,54.671],[-1.781,54.671],[-1.78,54.671],[-1.778,54.671],[-1.776,54.671],[-1.773,54.671],[-1.771,54.672],[-1.77,54.672],[-1.768,54.672],[-1.768,54.673],[-1.767,54.674],[-1.767,54.675],[-1.767,54.676],[-1.765,54.676],[-1.764,54.677],[-1.763,54.677],[-1.76,54.677],[-1.758,54.676],[-1.757,54.676],[-1.756,54.676],[-1.756,54.675],[-1.755,54.674],[-1.754,54.674],[-1.753,54.673],[-1.753,54.674],[-1.752,54.674],[-1.75,54.675],[-1.748,54.676],[-1.746,54.676],[-1.744,54.677],[-1.743,54.677],[-1.742,54.677],[-1.741,54.677],[-1.741,54.676],[-1.741,54.675],[-1.741,54.674],[-1.741,54.673],[-1.74,54.673],[-1.739,54.672],[-1.738,54.672]]]},"properties":{"OBJECTID":6942,"wd11cd":"E05007985","wd11cdo":"00EJNH","wd11nm":"Evenwood","wd11nmw":" ","GlobalID":"b8884f6f-f982-4c9e-ad69-6f06977cee5a","results":{"2005":{"winning_party":"Labour","labour_votes":2246,"conservative_votes":1592,"libdem_votes":0,"reform_uk_votes":0,"green_votes":0,"independent_votes":0,"other_votes":0,"labour_pct":58.5,"conservative_pct":41.5,"libdem_pct":0.0,"reform_uk_pct":0.0,"green_pct":0.0,"independent_pct":0.0,"other_pct":0.0,"total_votes":3838,"turnout":0},"2008":{"winning_party":"Labour","labour_votes":1553,"conservative_votes":1519,"libdem_votes":0,"reform_uk_votes":0,"green_votes":0,"independent_votes":1231,"other_votes":0,"labour_pct":36.1,"conservative_pct":35.3,"libdem_pct":0.0,"reform_uk_pct":0.0,"green_pct":0.0,"independent_pct":28.6,"other_pct":0.0,"total_votes":4303,"turnout":0},"2013":{"winning_party":"Labour","labour_votes":1525,"conservative_votes":891,"libdem_votes":0,"reform_uk_votes":0,"green_votes":0,"independent_votes":0,"other_votes":491,"labour_pct":52.5,"conservative_pct":30.7,"libdem_pct":0.0,"reform_uk_pct":0.0,"green_pct":0.0,"independent_pct":0.0,"other_pct":16.9,"total_votes":2907,"turnout":24},"2017":{"winning_party":"Labour","labour_votes":1515,"conservative_votes":1432,"libdem_votes":0,"reform_uk_votes":0,"green_votes":0,"independent_votes":0,"other_votes":293,"labour_pct":46.8,"conservative_pct":44.2,"libdem_pct":0.0,"reform_uk_pct":0.0,"green_pct":0.0,"independent_pct":0.0,"other_pct":9.0,"total_votes":3240,"turnout":1840},"2021":{"winning_party":"Conservative","labour_votes":1507,"conservative_votes":2335,"libdem_votes":0,"reform_uk_votes":0,"green_votes":0,"independent_votes":367,"other_votes":0,"labour_pct":35.8,"conservative_pct":55.5,"libdem_pct":0.0,"reform_uk_pct":0.0,"green_pct":0.0,"independent_pct":8.7,"other_pct":0.0,"total_votes":4209,"turnout":0}}}},{"type":"Feature","id":6943,"geometry":{"type":"Polygon","coordinates":[[[-1.535,54.71],[-1.535,54.709],[-1.535,54.707],[-1.535,54.706],[-1.535,54.705],[-1.534,54.704],[-1.533,54.702],[-1.533,54.7],[-1.533,54.698],[-1.533,54.696],[-1.532,54.695],[-1.532,54.693],[-1.532,54.692],[-1.532,54.691],[-1.532,54.69],[-1.531,54.689],[-1.532,54.688],[-1.531,54.687],[-1.531,54.685],[-1.531,54.684],[-1.532,54.684],[-1.533,54.684],[-1.533,54.683],[-1.536,54.683],[-1.536,54.682],[-1.537,54.682],[-1.539,54.682],[-1.541,54.681],[-1.542,54.681],[-1.544,54.681],[-1.545,54.68],[-1.547,54.68],[-1.548,54.679],[-1.55,54.678],[-1.552,54.678],[-1.553,54.678],[-1.555,54.678],[-1.557,54.678],[-1.559,54.677],[-1.56,54.677],[-1.561,54.676],[-1.562,54.676],[-1.564,54.674],[-1.566,54.674],[-1.568,54.673],[-1.569,54.672],[-1.569,54.673],[-1.57,54.673],[-1.571,54.675],[-1.572,54.675],[-1.573,54.676],[-1.573,54.677],[-1.572,54.677],[-1.572,54.678],[-1.573,54.678],[-1.575,54.68],[-1.577,54.681],[-1.578,54.682],[-1.58,54.683],[-1.582,54.684],[-1.581,54.685],[-1.581,54.686],[-1.582,54.687],[-1.582,54.688],[-1.581,54.689],[-1.581,54.69],[-1.581,54.691],[-1.581,54.692],[-1.583,54.696],[-1.583,54.697],[-1.582,54.697],[-1.578,54.697],[-1.576,54.697],[-1.574,54.697],[-1.567,54.696],[-1.564,54.697],[-1.562,54.697],[-1.563,54.698],[-1.565,54.702],[-1.566,54.703],[-1.566,54.705],[-1.565,54.706],[-1.562,54.706],[-1.559,54.706],[-1.557,54.706],[-1.554,54.707],[-1.552,54.707],[-1.551,54.707],[-1.549,54.707],[-1.548,54.707],[-1.546,54.707],[-1.543,54.708],[-1.538,54.709],[-1.536,54.71],[-1.535,54.71]]]},"properties":{"OBJECTID":6943,"wd11cd":"E05007986","wd11cdo":"00EJNJ","wd11nm":"Ferryhill","wd11nmw":" ","GlobalID":"6c75926a-62f7-4fa7-87b7-a7456fa0b387","results":{"2005":{"winning_party":"Labour","labour_votes":2728,"conservative_votes":243,"libdem_votes":1156,"reform_uk_votes":0,"green_votes":0,"independent_votes":0,"other_votes":0,"labour_pct":66.1,"conservative_pct":5.9,"libdem_pct":28.0,"reform_uk_pct":0.0,"green_pct":0.0,"independent_pct":0.0,"other_pct":0.0,"total_votes":4127,"turnout":0},"2008":{"winning_party":"Independent","labour_votes":1892,"conservative_votes":0,"libdem_votes":634,"reform_uk_votes":0,"green_votes":0,"independent_votes":2061,"other_votes":597,"labour_pct":36.5,"conservative_pct":0.0,"libdem_pct":12.2,"reform_uk_pct":0.0,"green_pct":0.0,"independent_pct":39.8,"other_pct":11.5,"total_votes":5184,"turnout":0},"2013":{"winning_party":"Labour","labour_votes":2619,"conservative_votes":0,"libdem_votes":0,"reform_uk_votes":0,"green_votes":0,"independent_votes":933,"other_votes":0,"labour_pct":73.7,"conservative_pct":0.0,"libdem_pct":0.0,"reform_uk_pct":0.0,"green_pct":0.0,"independent_pct":26.3,"other_pct":0.0,"total_votes":3552,"turnout":26},"2017":{"winning_party":"Independent","labour_votes":2259,"conservative_votes":367,"libdem_votes":0,"reform_uk_votes":0,"green_votes":0,"independent_votes":3432,"other_votes":0,"labour_pct":37.3,"conservative_pct":6.1,"libdem_pct":0.0,"reform_uk_pct":0.0,"green_pct":0.0,"independent_pct":56.7,"other_pct":0.0,"total_votes":6058,"turnout":2383},"2021":{"winning_party":"Labour","labour_votes":2881,"conservative_votes":916,"libdem_votes":0,"reform_uk_votes":0,"green_votes":0,"independent_votes":2690,"other_votes":0,"labour_pct":44.4,"conservative_pct":14.1,"libdem_pct":0.0,"reform_uk_pct":0.0,"green_pct":0.0,"independent_pct":41.5,"other_pct":0.0,"total_votes":6487,"turnout":0}}}},{"type":"Feature","id":6944,"geometry":{"type":"Polygon","coordinates":[[[-1.525,54.806],[-1.525,54.805],[-1.526,54.804],[-1.527,54.804],[-1.528,54.805],[-1.529,54.805],[-1.53,54.805],[-1.531,54.805],[-1.536,54.804],[-1.537,54.802],[-1.538,54.801],[-1.538,54.8],[-1.538,54.799],[-1.538,54.798],[-1.539,54.798],[-1.539,54.797],[-1.54,54.797],[-1.541,54.797],[-1.543,54.798],[-1.544,54.798],[-1.545,54.798],[-1.547,54.797],[-1.548,54.796],[-1.548,54.795],[-1.547,54.795],[-1.545,54.793],[-1.545,54.792],[-1.545,54.791],[-1.546,54.791],[-1.549,54.791],[-1.55,54.791],[-1.551,54.79],[-1.552,54.79],[-1.552,54.789],[-1.553,54.789],[-1.553,54.79],[-1.554,54.79],[-1.555,54.791],[-1.556,54.791],[-1.557,54.791],[-1.558,54.791],[-1.558,54.79],[-1.559,54.79],[-1.56,54.79],[-1.561,54.79],[-1.562,54.79],[-1.563,54.79],[-1.564,54.79],[-1.564,54.791],[-1.565,54.791],[-1.565,54.792],[-1.566,54.792],[-1.567,54.792],[-1.569,54.793],[-1.57,54.793],[-1.567,54.795],[-1.565,54.796],[-1.562,54.797],[-1.56,54.798],[-1.559,54.8],[-1.559,54.801],[-1.559,54.802],[-1.56,54.803],[-1.562,54.805],[-1.567,54.806],[-1.57,54.805],[-1.573,54.804],[-1.577,54.804],[-1.578,54.802],[-1.58,54.8],[-1.581,54.799],[-1.581,54.798],[-1.582,54.797],[-1.583,54.796],[-1.584,54.795],[-1.585,54.794],[-1.583,54.793],[-1.582,54.793],[-1.581,54.793],[-1.579,54.794],[-1.578,54.794],[-1.578,54.793],[-1.579,54.793],[-1.581,54.793],[-1.582,54.792],[-1.583,54.792],[-1.584,54.791],[-1.585,54.791],[-1.586,54.791],[-1.587,54.791],[-1.588,54.791],[-1.59,54.791],[-1.591,54.79],[-1.593,54.791],[-1.594,54.79],[-1.595,54.79],[-1.595,54.789],[-1.596,54.79],[-1.596,54.789],[-1.597,54.789],[-1.598,54.789],[-1.599,54.79],[-1.6,54.789],[-1.601,54.789],[-1.602,54.789],[-1.606,54.789],[-1.605,54.788],[-1.603,54.787],[-1.602,54.786],[-1.601,54.786],[-1.602,54.785],[-1.601,54.784],[-1.599,54.784],[-1.599,54.783],[-1.598,54.781],[-1.599,54.78],[-1.6,54.78],[-1.601,54.779],[-1.602,54.779],[-1.602,54.778],[-1.603,54.778],[-1.604,54.777],[-1.605,54.777],[-1.607,54.778],[-1.608,54.778],[-1.609,54.778],[-1.61,54.778],[-1.611,54.779],[-1.612,54.779],[-1.613,54.78],[-1.616,54.78],[-1.617,54.779],[-1.618,54.78],[-1.62,54.782],[-1.621,54.782],[-1.623,54.782],[-1.624,54.781],[-1.626,54.781],[-1.627,54.781],[-1.628,54.781],[-1.629,54.78],[-1.634,54.781],[-1.633,54.782],[-1.636,54.783],[-1.638,54.783],[-1.639,54.783],[-1.642,54.783],[-1.643,54.783],[-1.645,54.783],[-1.648,54.783],[-1.648,54.785],[-1.648,54.786],[-1.65,54.787],[-1.651,54.787],[-1.653,54.788],[-1.655,54.79],[-1.656,54.791],[-1.657,54.793],[-1.658,54.793],[-1.66,54.793],[-1.661,54.794],[-1.661,54.795],[-1.662,54.795],[-1.662,54.796],[-1.663,54.797],[-1.664,54.797],[-1.664,54.798],[-1.665,54.799],[-1.666,54.8],[-1.666,54.801],[-1.665,54.801],[-1.664,54.801],[-1.663,54.801],[-1.663,54.802],[-1.662,54.802],[-1.661,54.802],[-1.66,54.802],[-1.66,54.803],[-1.659,54.803],[-1.658,54.803],[-1.657,54.804],[-1.656,54.804],[-1.656,54.803],[-1.654,54.802],[-1.652,54.8],[-1.651,54.8],[-1.652,54.8],[-1.652,54.801],[-1.653,54.801],[-1.653,54.802],[-1.653,54.803],[-1.652,54.803],[-1.652,54.804],[-1.653,54.804],[-1.653,54.805],[-1.653,54.806],[-1.654,54.806],[-1.655,54.807],[-1.656,54.808],[-1.657,54.809],[-1.657,54.81],[-1.657,54.811],[-1.657,54.812],[-1.656,54.812],[-1.656,54.813],[-1.657,54.813],[-1.657,54.814],[-1.656,54.814],[-1.656,54.815],[-1.655,54.815],[-1.655,54.816],[-1.656,54.816],[-1.656,54.817],[-1.657,54.817],[-1.658,54.818],[-1.658,54.819],[-1.659,54.819],[-1.66,54.819],[-1.66,54.82],[-1.661,54.82],[-1.661,54.821],[-1.662,54.821],[-1.662,54.822],[-1.662,54.823],[-1.663,54.823],[-1.663,54.824],[-1.663,54.825],[-1.664,54.825],[-1.662,54.826],[-1.658,54.826],[-1.656,54.827],[-1.653,54.827],[-1.653,54.826],[-1.651,54.825],[-1.648,54.826],[-1.646,54.824],[-1.646,54.822],[-1.643,54.821],[-1.64,54.821],[-1.639,54.821],[-1.639,54.82],[-1.64,54.819],[-1.639,54.818],[-1.639,54.817],[-1.638,54.816],[-1.64,54.816],[-1.641,54.816],[-1.642,54.816],[-1.641,54.814],[-1.64,54.814],[-1.638,54.814],[-1.636,54.815],[-1.636,54.814],[-1.635,54.814],[-1.634,54.814],[-1.632,54.813],[-1.63,54.813],[-1.629,54.813],[-1.624,54.811],[-1.624,54.812],[-1.622,54.813],[-1.62,54.813],[-1.619,54.814],[-1.617,54.814],[-1.617,54.815],[-1.615,54.816],[-1.611,54.817],[-1.607,54.818],[-1.601,54.817],[-1.598,54.816],[-1.596,54.816],[-1.595,54.817],[-1.594,54.817],[-1.592,54.818],[-1.591,54.82],[-1.59,54.82],[-1.589,54.82],[-1.589,54.821],[-1.59,54.821],[-1.588,54.822],[-1.587,54.822],[-1.586,54.823],[-1.585,54.823],[-1.584,54.823],[-1.58,54.823],[-1.577,54.823],[-1.573,54.82],[-1.57,54.824],[-1.567,54.825],[-1.566,54.826],[-1.565,54.826],[-1.563,54.826],[-1.562,54.826],[-1.561,54.826],[-1.559,54.826],[-1.557,54.826],[-1.556,54.825],[-1.555,54.825],[-1.554,54.825],[-1.553,54.825],[-1.552,54.825],[-1.551,54.825],[-1.55,54.825],[-1.549,54.825],[-1.548,54.825],[-1.548,54.824],[-1.547,54.825],[-1.546,54.825],[-1.545,54.825],[-1.544,54.825],[-1.543,54.825],[-1.542,54.825],[-1.541,54.825],[-1.54,54.825],[-1.538,54.826],[-1.537,54.826],[-1.537,54.827],[-1.536,54.827],[-1.536,54.828],[-1.535,54.827],[-1.534,54.827],[-1.534,54.826],[-1.533,54.825],[-1.532,54.824],[-1.531,54.824],[-1.529,54.824],[-1.53,54.824],[-1.53,54.822],[-1.531,54.822],[-1.531,54.821],[-1.53,54.82],[-1.529,54.819],[-1.532,54.818],[-1.535,54.817],[-1.536,54.817],[-1.539,54.816],[-1.54,54.816],[-1.54,54.815],[-1.539,54.813],[-1.537,54.812],[-1.534,54.811],[-1.532,54.81],[-1.53,54.809],[-1.529,54.808],[-1.528,54.808],[-1.527,54.807],[-1.525,54.806]]]},"properties":{"OBJECTID":6944,"wd11cd":"E05007987","wd11cdo":"00EJNK","wd11nm":"Framwellgate Moor","wd11nmw":" ","GlobalID":"b5a4c568-38e5-4b34-a0f7-0f9c7ce1d767","results":{"2005":{"winning_party":"Labour","labour_votes":2339,"conservative_votes":496,"libdem_votes":1952,"reform_uk_votes":0,"green_votes":0,"independent_votes":0,"other_votes":0,"labour_pct":48.9,"conservative_pct":10.4,"libdem_pct":40.8,"reform_uk_pct":0.0,"green_pct":0.0,"independent_pct":0.0,"other_pct":0.0,"total_votes":4787,"turnout":0},"2008":{"winning_party":"Liberal Democrats","labour_votes":2329,"conservative_votes":573,"libdem_votes":2833,"reform_uk_votes":0,"green_votes":0,"independent_votes":883,"other_votes":285,"labour_pct":33.7,"conservative_pct":8.3,"libdem_pct":41.0,"reform_uk_pct":0.0,"green_pct":0.0,"independent_pct":12.8,"other_pct":4.1,"total_votes":6903,"turnout":0},"2013":{"winning_party":"Liberal Democrats","labour_votes":3401,"conservative_votes":406,"libdem_votes":4670,"reform_uk_votes":0,"green_votes":462,"independent_votes":1400,"other_votes":589,"labour_pct":31.1,"conservative_pct":3.7,"libdem_pct":42.7,"reform_uk_pct":0.0,"green_pct":4.2,"independent_pct":12.8,"other_pct":5.4,"total_votes":10928,"turnout":36},"2017":{"winning_party":"Labour","labour_votes":2347,"conservative_votes":1353,"libdem_votes":0,"reform_uk_votes":0,"green_votes":697,"independent_votes":0,"other_votes":0,"labour_pct":53.4,"conservative_pct":30.8,"libdem_pct":0.0,"reform_uk_pct":0.0,"green_pct":15.9,"independent_pct":0.0,"other_pct":0.0,"total_votes":4397,"turnout":4183},"2021":{"winning_party":"Labour","labour_votes":3046,"conservative_votes":2187,"libdem_votes":0,"reform_uk_votes":0,"green_votes":417,"independent_votes":521,"other_votes":0,"labour_pct":49.4,"conservative_pct":35.4,"libdem_pct":0.0,"reform_uk_pct":0.0,"green_pct":6.8,"independent_pct":8.4,"other_pct":0.0,"total_votes":6171,"turnout":0}}}},{"type":"Feature","id":6945,"geometry":{"type":"Polygon","coordinates":[[[-1.523,54.805],[-1.524,54.803],[-1.525,54.8],[-1.528,54.794],[-1.531,54.79],[-1.532,54.788],[-1.533,54.786],[-1.533,54.784],[-1.533,54.78],[-1.533,54.775],[-1.533,54.773],[-1.532,54.771],[-1.532,54.768],[-1.533,54.768],[-1.534,54.768],[-1.535,54.767],[-1.536,54.767],[-1.536,54.766],[-1.537,54.766],[-1.538,54.766],[-1.539,54.767],[-1.541,54.767],[-1.542,54.767],[-1.543,54.767],[-1.544,54.767],[-1.545,54.766],[-1.546,54.766],[-1.547,54.766],[-1.549,54.766],[-1.55,54.766],[-1.551,54.766],[-1.553,54.767],[-1.554,54.768],[-1.554,54.769],[-1.556,54.768],[-1.558,54.769],[-1.559,54.77],[-1.56,54.77],[-1.56,54.771],[-1.559,54.772],[-1.558,54.772],[-1.557,54.773],[-1.557,54.774],[-1.558,54.775],[-1.559,54.775],[-1.556,54.777],[-1.557,54.777],[-1.558,54.777],[-1.559,54.777],[-1.559,54.778],[-1.561,54.778],[-1.562,54.778],[-1.563,54.778],[-1.564,54.778],[-1.564,54.779],[-1.563,54.78],[-1.561,54.78],[-1.56,54.781],[-1.559,54.783],[-1.557,54.784],[-1.559,54.784],[-1.56,54.784],[-1.562,54.784],[-1.564,54.784],[-1.565,54.785],[-1.564,54.787],[-1.564,54.788],[-1.562,54.788],[-1.561,54.788],[-1.56,54.788],[-1.559,54.789],[-1.558,54.79],[-1.558,54.791],[-1.557,54.791],[-1.556,54.791],[-1.555,54.791],[-1.554,54.79],[-1.553,54.789],[-1.552,54.789],[-1.552,54.79],[-1.551,54.79],[-1.549,54.791],[-1.547,54.791],[-1.545,54.791],[-1.545,54.792],[-1.545,54.793],[-1.546,54.793],[-1.548,54.795],[-1.548,54.796],[-1.547,54.797],[-1.546,54.797],[-1.544,54.798],[-1.543,54.798],[-1.541,54.797],[-1.54,54.797],[-1.539,54.797],[-1.539,54.798],[-1.538,54.798],[-1.538,54.799],[-1.538,54.8],[-1.538,54.802],[-1.537,54.803],[-1.535,54.804],[-1.531,54.805],[-1.53,54.805],[-1.529,54.805],[-1.528,54.805],[-1.527,54.804],[-1.526,54.804],[-1.525,54.805],[-1.525,54.806],[-1.524,54.806],[-1.523,54.805]]]},"properties":{"OBJECTID":6945,"wd11cd":"E05007988","wd11cdo":"00EJNL","wd11nm":"Gilesgate","wd11nmw":" ","GlobalID":"0eedf411-88b7-4964-92b7-a0e82cd23388","results":{"2005":{"winning_party":"Liberal Democrats","labour_votes":1763,"conservative_votes":226,"libdem_votes":1848,"reform_uk_votes":0,"green_votes":0,"independent_votes":0,"other_votes":0,"labour_pct":45.9,"conservative_pct":5.9,"libdem_pct":48.2,"reform_uk_pct":0.0,"green_pct":0.0,"independent_pct":0.0,"other_pct":0.0,"total_votes":3837,"turnout":0},"2008":{"winning_party":"Liberal Democrats","labour_votes":2000,"conservative_votes":344,"libdem_votes":2572,"reform_uk_votes":0,"green_votes":0,"independent_votes":0,"other_votes":90,"labour_pct":40.0,"conservative_pct":6.9,"libdem_pct":51.4,"reform_uk_pct":0.0,"green_pct":0.0,"independent_pct":0.0,"other_pct":1.8,"total_votes":5006,"turnout":0}}}},{"type":"Feature","id":6946,"geometry":{"type":"Polygon","coordinates":[[[-1.309,54.785],[-1.309,54.784],[-1.31,54.783],[-1.31,54.782],[-1.309,54.782],[-1.309,54.781],[-1.309,54.78],[-1.308,54.78],[-1.307,54.779],[-1.307,54.778],[-1.306,54.778],[-1.305,54.777],[-1.305,54.776],[-1.304,54.775],[-1.303,54.774],[-1.303,54.773],[-1.302,54.773],[-1.302,54.772],[-1.301,54.771],[-1.3,54.769],[-1.299,54.768],[-1.298,54.767],[-1.296,54.765],[-1.295,54.763],[-1.292,54.761],[-1.294,54.76],[-1.295,54.759],[-1.296,54.759],[-1.297,54.758],[-1.299,54.758],[-1.3,54.758],[-1.301,54.757],[-1.302,54.758],[-1.303,54.758],[-1.304,54.758],[-1.305,54.757],[-1.306,54.757],[-1.307,54.757],[-1.308,54.757],[-1.309,54.757],[-1.31,54.757],[-1.311,54.758],[-1.314,54.759],[-1.315,54.759],[-1.316,54.759],[-1.318,54.76],[-1.319,54.76],[-1.319,54.761],[-1.32,54.76],[-1.321,54.76],[-1.324,54.76],[-1.325,54.763],[-1.324,54.763],[-1.323,54.764],[-1.322,54.763],[-1.322,54.764],[-1.322,54.765],[-1.323,54.766],[-1.323,54.768],[-1.324,54.768],[-1.325,54.769],[-1.326,54.769],[-1.327,54.77],[-1.329,54.77],[-1.33,54.771],[-1.33,54.772],[-1.33,54.773],[-1.33,54.774],[-1.331,54.774],[-1.332,54.774],[-1.333,54.774],[-1.336,54.773],[-1.337,54.773],[-1.338,54.773],[-1.339,54.774],[-1.34,54.774],[-1.34,54.775],[-1.339,54.775],[-1.338,54.775],[-1.337,54.775],[-1.337,54.776],[-1.337,54.775],[-1.337,54.776],[-1.336,54.776],[-1.335,54.776],[-1.335,54.777],[-1.334,54.777],[-1.334,54.778],[-1.333,54.778],[-1.332,54.778],[-1.331,54.779],[-1.33,54.779],[-1.329,54.78],[-1.33,54.78],[-1.329,54.78],[-1.328,54.781],[-1.326,54.781],[-1.325,54.781],[-1.325,54.782],[-1.324,54.782],[-1.323,54.782],[-1.322,54.782],[-1.321,54.782],[-1.32,54.782],[-1.32,54.783],[-1.319,54.783],[-1.318,54.784],[-1.317,54.784],[-1.316,54.784],[-1.315,54.784],[-1.314,54.785],[-1.313,54.785],[-1.312,54.785],[-1.311,54.785],[-1.31,54.785],[-1.309,54.785]]]},"properties":{"OBJECTID":6946,"wd11cd":"E05007989","wd11cdo":"00EJNM","wd11nm":"Horden","wd11nmw":" ","GlobalID":"601d00bf-c6b7-4cb1-ae81-683f999f073d","results":{"2005":{"winning_party":"Labour","labour_votes":2723,"conservative_votes":366,"libdem_votes":0,"reform_uk_votes":0,"green_votes":0,"independent_votes":0,"other_votes":0,"labour_pct":88.2,"conservative_pct":11.8,"libdem_pct":0.0,"reform_uk_pct":0.0,"green_pct":0.0,"independent_pct":0.0,"other_pct":0.0,"total_votes":3089,"turnout":0},"2008":{"winning_party":"Labour","labour_votes":2713,"conservative_votes":335,"libdem_votes":364,"reform_uk_votes":0,"green_votes":0,"independent_votes":0,"other_votes":0,"labour_pct":79.5,"conservative_pct":9.8,"libdem_pct":10.7,"reform_uk_pct":0.0,"green_pct":0.0,"independent_pct":0.0,"other_pct":0.0,"total_votes":3412,"turnout":0},"2013":{"winning_party":"Labour","labour_votes":2157,"conservative_votes":0,"libdem_votes":0,"reform_uk_votes":0,"green_votes":0,"independent_votes":874,"other_votes":0,"labour_pct":71.2,"conservative_pct":0.0,"libdem_pct":0.0,"reform_uk_pct":0.0,"green_pct":0.0,"independent_pct":28.8,"other_pct":0.0,"total_votes":3031,"turnout":26},"2017":{"winning_party":"Labour","labour_votes":1421,"conservative_votes":87,"libdem_votes":0,"reform_uk_votes":0,"green_votes":0,"independent_votes":623,"other_votes":0,"labour_pct":66.7,"conservative_pct":4.1,"libdem_pct":0.0,"reform_uk_pct":0.0,"green_pct":0.0,"independent_pct":29.2,"other_pct":0.0,"total_votes":2131,"turnout":1544},"2021":{"winning_party":"Labour","labour_votes":1717,"conservative_votes":233,"libdem_votes":0,"reform_uk_votes":0,"green_votes":0,"independent_votes":0,"other_votes":0,"labour_pct":88.1,"conservative_pct":11.9,"libdem_pct":0.0,"reform_uk_pct":0.0,"green_pct":0.0,"independent_pct":0.0,"other_pct":0.0,"total_votes":1950,"turnout":0}}}},{"type":"Feature","id":6947,"geometry":{"type":"Polygon","coordinates":[[[-1.73,54.846],[-1.729,54.846],[-1.728,54.846],[-1.726,54.845],[-1.725,54.844],[-1.724,54.843],[-1.721,54.841],[-1.719,54.841],[-1.712,54.843],[-1.708,54.844],[-1.705,54.84],[-1.701,54.841],[-1.7,54.841],[-1.7,54.844],[-1.699,54.845],[-1.697,54.846],[-1.695,54.846],[-1.692,54.847],[-1.69,54.848],[-1.688,54.848],[-1.684,54.847],[-1.683,54.846],[-1.675,54.846],[-1.674,54.845],[-1.672,54.845],[-1.67,54.844],[-1.668,54.844],[-1.667,54.844],[-1.665,54.844],[-1.665,54.843],[-1.664,54.843],[-1.663,54.843],[-1.662,54.843],[-1.661,54.844],[-1.66,54.844],[-1.66,54.847],[-1.659,54.847],[-1.654,54.849],[-1.654,54.848],[-1.655,54.847],[-1.655,54.846],[-1.656,54.845],[-1.656,54.844],[-1.658,54.843],[-1.661,54.842],[-1.662,54.842],[-1.661,54.841],[-1.661,54.84],[-1.66,54.84],[-1.66,54.839],[-1.66,54.838],[-1.661,54.838],[-1.66,54.838],[-1.66,54.837],[-1.661,54.837],[-1.66,54.837],[-1.66,54.836],[-1.661,54.836],[-1.661,54.835],[-1.662,54.834],[-1.663,54.834],[-1.663,54.833],[-1.664,54.833],[-1.665,54.832],[-1.666,54.832],[-1.666,54.831],[-1.666,54.83],[-1.666,54.829],[-1.666,54.828],[-1.666,54.827],[-1.667,54.827],[-1.667,54.826],[-1.666,54.826],[-1.665,54.826],[-1.664,54.825],[-1.663,54.825],[-1.663,54.824],[-1.663,54.823],[-1.662,54.823],[-1.662,54.822],[-1.662,54.821],[-1.661,54.821],[-1.661,54.82],[-1.66,54.82],[-1.66,54.819],[-1.659,54.819],[-1.658,54.819],[-1.658,54.818],[-1.657,54.817],[-1.656,54.817],[-1.656,54.816],[-1.655,54.816],[-1.655,54.815],[-1.656,54.815],[-1.656,54.814],[-1.657,54.814],[-1.657,54.813],[-1.656,54.813],[-1.656,54.812],[-1.657,54.812],[-1.657,54.811],[-1.657,54.81],[-1.657,54.809],[-1.656,54.808],[-1.655,54.807],[-1.656,54.807],[-1.658,54.807],[-1.661,54.807],[-1.662,54.807],[-1.663,54.807],[-1.664,54.807],[-1.666,54.807],[-1.668,54.807],[-1.672,54.807],[-1.675,54.807],[-1.676,54.807],[-1.678,54.807],[-1.68,54.806],[-1.682,54.806],[-1.683,54.806],[-1.684,54.806],[-1.685,54.806],[-1.687,54.807],[-1.689,54.807],[-1.69,54.807],[-1.69,54.806],[-1.691,54.806],[-1.692,54.805],[-1.691,54.805],[-1.691,54.804],[-1.69,54.804],[-1.691,54.804],[-1.692,54.804],[-1.693,54.804],[-1.694,54.804],[-1.695,54.803],[-1.696,54.803],[-1.697,54.803],[-1.698,54.804],[-1.699,54.804],[-1.7,54.804],[-1.701,54.804],[-1.702,54.804],[-1.702,54.805],[-1.703,54.805],[-1.704,54.805],[-1.705,54.805],[-1.706,54.805],[-1.707,54.805],[-1.707,54.804],[-1.708,54.801],[-1.707,54.8],[-1.708,54.8],[-1.71,54.799],[-1.711,54.799],[-1.712,54.799],[-1.714,54.799],[-1.716,54.797],[-1.717,54.796],[-1.72,54.796],[-1.724,54.796],[-1.727,54.797],[-1.729,54.797],[-1.731,54.798],[-1.733,54.798],[-1.734,54.798],[-1.735,54.798],[-1.738,54.797],[-1.739,54.796],[-1.741,54.796],[-1.739,54.795],[-1.739,54.794],[-1.738,54.792],[-1.738,54.791],[-1.739,54.791],[-1.74,54.791],[-1.741,54.791],[-1.742,54.792],[-1.745,54.792],[-1.745,54.793],[-1.747,54.794],[-1.75,54.794],[-1.751,54.794],[-1.752,54.794],[-1.753,54.794],[-1.755,54.793],[-1.756,54.793],[-1.757,54.793],[-1.759,54.792],[-1.759,54.793],[-1.759,54.794],[-1.76,54.794],[-1.761,54.795],[-1.762,54.795],[-1.763,54.795],[-1.765,54.796],[-1.768,54.796],[-1.77,54.796],[-1.771,54.797],[-1.773,54.797],[-1.776,54.798],[-1.778,54.799],[-1.779,54.799],[-1.779,54.798],[-1.779,54.797],[-1.779,54.796],[-1.781,54.796],[-1.784,54.796],[-1.785,54.794],[-1.785,54.793],[-1.786,54.792],[-1.786,54.791],[-1.787,54.791],[-1.787,54.79],[-1.788,54.789],[-1.787,54.789],[-1.788,54.788],[-1.787,54.788],[-1.788,54.788],[-1.789,54.789],[-1.79,54.789],[-1.792,54.79],[-1.793,54.79],[-1.794,54.791],[-1.795,54.79],[-1.796,54.789],[-1.797,54.789],[-1.798,54.789],[-1.799,54.79],[-1.8,54.79],[-1.801,54.79],[-1.802,54.791],[-1.802,54.792],[-1.802,54.793],[-1.803,54.793],[-1.804,54.794],[-1.801,54.795],[-1.799,54.796],[-1.795,54.799],[-1.793,54.8],[-1.792,54.801],[-1.793,54.801],[-1.794,54.801],[-1.795,54.801],[-1.796,54.801],[-1.797,54.801],[-1.798,54.801],[-1.798,54.8],[-1.799,54.8],[-1.8,54.8],[-1.801,54.8],[-1.802,54.8],[-1.803,54.801],[-1.804,54.802],[-1.805,54.803],[-1.808,54.804],[-1.814,54.803],[-1.818,54.803],[-1.821,54.802],[-1.822,54.803],[-1.822,54.804],[-1.824,54.805],[-1.826,54.804],[-1.828,54.804],[-1.83,54.804],[-1.831,54.804],[-1.832,54.804],[-1.833,54.804],[-1.835,54.803],[-1.838,54.801],[-1.839,54.801],[-1.84,54.803],[-1.843,54.802],[-1.845,54.801],[-1.846,54.801],[-1.847,54.8],[-1.847,54.799],[-1.847,54.798],[-1.849,54.798],[-1.85,54.798],[-1.851,54.797],[-1.856,54.796],[-1.857,54.796],[-1.86,54.795],[-1.861,54.794],[-1.863,54.793],[-1.865,54.792],[-1.867,54.793],[-1.868,54.794],[-1.868,54.793],[-1.869,54.793],[-1.869,54.792],[-1.87,54.792],[-1.871,54.792],[-1.87,54.79],[-1.881,54.778],[-1.888,54.783],[-1.894,54.786],[-1.898,54.789],[-1.902,54.791],[-1.907,54.793],[-1.913,54.795],[-1.924,54.795],[-1.927,54.794],[-1.933,54.795],[-1.939,54.796],[-1.945,54.797],[-1.95,54.791],[-1.96,54.782],[-1.969,54.775],[-1.976,54.771],[-1.98,54.772],[-1.981,54.772],[-1.983,54.773],[-1.984,54.773],[-1.985,54.773],[-1.992,54.776],[-1.993,54.776],[-1.993,54.777],[-1.994,54.778],[-1.996,54.782],[-1.997,54.783],[-1.998,54.784],[-1.999,54.785],[-2.001,54.786],[-2.004,54.789],[-2.005,54.791],[-2.005,54.793],[-2.01,54.795],[-2.011,54.795],[-2.012,54.795],[-2.013,54.796],[-2.015,54.796],[-2.019,54.797],[-2.021,54.798],[-2.022,54.798],[-2.024,54.799],[-2.025,54.799],[-2.027,54.799],[-2.03,54.798],[-2.031,54.799],[-2.032,54.799],[-2.032,54.8],[-2.032,54.802],[-2.032,54.803],[-2.032,54.804],[-2.032,54.805],[-2.032,54.806],[-2.032,54.807],[-2.031,54.807],[-2.03,54.807],[-2.029,54.808],[-2.028,54.809],[-2.028,54.81],[-2.028,54.811],[-2.027,54.812],[-2.027,54.813],[-2.028,54.813],[-2.028,54.814],[-2.029,54.815],[-2.03,54.816],[-2.029,54.817],[-2.028,54.818],[-2.028,54.819],[-2.027,54.819],[-2.026,54.82],[-2.025,54.821],[-2.024,54.821],[-2.023,54.822],[-2.022,54.822],[-2.021,54.822],[-2.02,54.822],[-2.019,54.823],[-2.018,54.823],[-2.018,54.824],[-2.018,54.825],[-2.017,54.825],[-2.016,54.826],[-2.016,54.827],[-2.016,54.828],[-2.015,54.828],[-2.014,54.828],[-2.014,54.829],[-2.013,54.829],[-2.012,54.829],[-2.012,54.83],[-2.011,54.83],[-2.01,54.83],[-2.01,54.831],[-2.009,54.831],[-2.008,54.831],[-2.007,54.831],[-2.007,54.832],[-2.006,54.832],[-2.006,54.833],[-2.005,54.833],[-2.004,54.833],[-2.004,54.834],[-2.003,54.834],[-2.002,54.834],[-2.002,54.835],[-2.001,54.835],[-2.0,54.834],[-1.999,54.834],[-1.999,54.835],[-2.0,54.835],[-1.999,54.835],[-1.998,54.835],[-1.997,54.835],[-1.996,54.835],[-1.996,54.836],[-1.995,54.836],[-1.994,54.836],[-1.993,54.836],[-1.992,54.836],[-1.991,54.837],[-1.991,54.838],[-1.989,54.838],[-1.988,54.838],[-1.987,54.839],[-1.986,54.841],[-1.985,54.841],[-1.984,54.841],[-1.983,54.841],[-1.982,54.841],[-1.981,54.842],[-1.98,54.842],[-1.979,54.842],[-1.978,54.842],[-1.977,54.842],[-1.976,54.842],[-1.975,54.842],[-1.975,54.843],[-1.973,54.843],[-1.972,54.843],[-1.971,54.843],[-1.971,54.844],[-1.97,54.843],[-1.968,54.843],[-1.968,54.844],[-1.967,54.845],[-1.966,54.845],[-1.965,54.846],[-1.964,54.847],[-1.963,54.847],[-1.962,54.847],[-1.961,54.847],[-1.96,54.848],[-1.959,54.848],[-1.959,54.849],[-1.958,54.849],[-1.958,54.85],[-1.957,54.85],[-1.956,54.85],[-1.955,54.85],[-1.954,54.85],[-1.953,54.85],[-1.953,54.851],[-1.952,54.851],[-1.952,54.852],[-1.953,54.852],[-1.953,54.853],[-1.953,54.854],[-1.952,54.854],[-1.951,54.854],[-1.949,54.853],[-1.948,54.853],[-1.947,54.853],[-1.946,54.853],[-1.945,54.852],[-1.944,54.852],[-1.942,54.853],[-1.94,54.853],[-1.939,54.852],[-1.938,54.852],[-1.936,54.852],[-1.934,54.852],[-1.933,54.853],[-1.934,54.853],[-1.934,54.854],[-1.935,54.854],[-1.934,54.854],[-1.933,54.854],[-1.932,54.854],[-1.931,54.853],[-1.931,54.852],[-1.932,54.852],[-1.931,54.851],[-1.93,54.85],[-1.929,54.85],[-1.927,54.849],[-1.925,54.849],[-1.924,54.849],[-1.922,54.85],[-1.921,54.848],[-1.922,54.847],[-1.922,54.846],[-1.921,54.845],[-1.921,54.844],[-1.921,54.843],[-1.922,54.842],[-1.923,54.842],[-1.924,54.842],[-1.925,54.842],[-1.926,54.842],[-1.927,54.842],[-1.927,54.841],[-1.926,54.841],[-1.925,54.84],[-1.924,54.84],[-1.923,54.84],[-1.922,54.84],[-1.921,54.841],[-1.92,54.841],[-1.919,54.841],[-1.918,54.841],[-1.918,54.84],[-1.919,54.839],[-1.92,54.838],[-1.921,54.838],[-1.92,54.838],[-1.92,54.837],[-1.918,54.837],[-1.917,54.837],[-1.917,54.836],[-1.917,54.835],[-1.918,54.835],[-1.917,54.835],[-1.916,54.834],[-1.915,54.834],[-1.914,54.834],[-1.913,54.834],[-1.913,54.835],[-1.914,54.836],[-1.913,54.836],[-1.912,54.836],[-1.911,54.836],[-1.911,54.837],[-1.911,54.838],[-1.912,54.838],[-1.913,54.838],[-1.914,54.838],[-1.915,54.838],[-1.915,54.839],[-1.914,54.839],[-1.914,54.84],[-1.913,54.84],[-1.912,54.84],[-1.911,54.84],[-1.911,54.839],[-1.909,54.839],[-1.909,54.84],[-1.908,54.84],[-1.907,54.84],[-1.907,54.841],[-1.906,54.841],[-1.905,54.842],[-1.904,54.842],[-1.903,54.842],[-1.902,54.842],[-1.9,54.843],[-1.899,54.843],[-1.898,54.844],[-1.899,54.845],[-1.898,54.845],[-1.898,54.846],[-1.897,54.846],[-1.896,54.846],[-1.895,54.845],[-1.894,54.844],[-1.893,54.844],[-1.892,54.844],[-1.891,54.844],[-1.889,54.844],[-1.888,54.844],[-1.887,54.844],[-1.886,54.845],[-1.885,54.845],[-1.885,54.846],[-1.883,54.846],[-1.882,54.847],[-1.881,54.847],[-1.881,54.846],[-1.881,54.845],[-1.882,54.844],[-1.881,54.844],[-1.88,54.844],[-1.879,54.844],[-1.879,54.843],[-1.879,54.842],[-1.878,54.842],[-1.874,54.841],[-1.876,54.837],[-1.875,54.837],[-1.874,54.836],[-1.873,54.836],[-1.872,54.835],[-1.871,54.835],[-1.87,54.836],[-1.869,54.836],[-1.868,54.836],[-1.866,54.838],[-1.863,54.837],[-1.861,54.836],[-1.862,54.836],[-1.86,54.836],[-1.86,54.835],[-1.859,54.835],[-1.858,54.835],[-1.857,54.835],[-1.856,54.835],[-1.855,54.835],[-1.854,54.835],[-1.853,54.835],[-1.85,54.837],[-1.849,54.838],[-1.847,54.839],[-1.846,54.838],[-1.844,54.837],[-1.843,54.837],[-1.841,54.837],[-1.84,54.837],[-1.839,54.837],[-1.837,54.837],[-1.835,54.837],[-1.832,54.838],[-1.831,54.838],[-1.83,54.838],[-1.829,54.838],[-1.827,54.838],[-1.825,54.838],[-1.823,54.837],[-1.82,54.836],[-1.817,54.834],[-1.817,54.833],[-1.816,54.833],[-1.815,54.831],[-1.815,54.83],[-1.815,54.829],[-1.814,54.829],[-1.813,54.829],[-1.812,54.829],[-1.811,54.829],[-1.81,54.829],[-1.81,54.828],[-1.809,54.828],[-1.809,54.829],[-1.808,54.831],[-1.808,54.832],[-1.809,54.833],[-1.808,54.835],[-1.807,54.836],[-1.804,54.839],[-1.801,54.841],[-1.799,54.841],[-1.796,54.84],[-1.795,54.839],[-1.796,54.838],[-1.793,54.837],[-1.791,54.836],[-1.789,54.837],[-1.788,54.838],[-1.786,54.84],[-1.785,54.84],[-1.785,54.841],[-1.784,54.841],[-1.783,54.842],[-1.782,54.842],[-1.782,54.843],[-1.782,54.844],[-1.781,54.844],[-1.781,54.845],[-1.78,54.845],[-1.778,54.846],[-1.777,54.846],[-1.777,54.847],[-1.776,54.847],[-1.776,54.848],[-1.777,54.849],[-1.776,54.85],[-1.775,54.85],[-1.775,54.851],[-1.774,54.852],[-1.774,54.854],[-1.774,54.855],[-1.774,54.856],[-1.773,54.857],[-1.773,54.856],[-1.772,54.856],[-1.771,54.856],[-1.768,54.855],[-1.767,54.855],[-1.763,54.853],[-1.761,54.853],[-1.76,54.853],[-1.759,54.852],[-1.758,54.85],[-1.757,54.85],[-1.755,54.849],[-1.753,54.85],[-1.749,54.849],[-1.745,54.847],[-1.741,54.845],[-1.738,54.844],[-1.735,54.843],[-1.734,54.843],[-1.732,54.842],[-1.731,54.843],[-1.731,54.844],[-1.731,54.845],[-1.73,54.846]]]},"properties":{"OBJECTID":6947,"wd11cd":"E05007990","wd11cdo":"00EJNN","wd11nm":"Lanchester","wd11nmw":" ","GlobalID":"f5c60b6e-c082-409e-998a-5ed10a6eead7","results":{"2005":{"winning_party":"Labour","labour_votes":1508,"conservative_votes":797,"libdem_votes":713,"reform_uk_votes":0,"green_votes":0,"independent_votes":717,"other_votes":0,"labour_pct":40.4,"conservative_pct":21.3,"libdem_pct":19.1,"reform_uk_pct":0.0,"green_pct":0.0,"independent_pct":19.2,"other_pct":0.0,"total_votes":3735,"turnout":0},"2008":{"winning_party":"Labour","labour_votes":2147,"conservative_votes":890,"libdem_votes":460,"reform_uk_votes":0,"green_votes":0,"independent_votes":1188,"other_votes":0,"labour_pct":45.8,"conservative_pct":19.0,"libdem_pct":9.8,"reform_uk_pct":0.0,"green_pct":0.0,"independent_pct":25.4,"other_pct":0.0,"total_votes":4685,"turnout":0},"2013":{"winning_party":"Labour","labour_votes":1947,"conservative_votes":275,"libdem_votes":0,"reform_uk_votes":0,"green_votes":0,"independent_votes":876,"other_votes":753,"labour_pct":50.6,"conservative_pct":7.1,"libdem_pct":0.0,"reform_uk_pct":0.0,"green_pct":0.0,"independent_pct":22.7,"other_pct":19.6,"total_votes":3851,"turnout":0},"2017":{"winning_party":"Labour","labour_votes":1589,"conservative_votes":522,"libdem_votes":0,"reform_uk_votes":0,"green_votes":0,"independent_votes":1412,"other_votes":0,"labour_pct":45.1,"conservative_pct":14.8,"libdem_pct":0.0,"reform_uk_pct":0.0,"green_pct":0.0,"independent_pct":40.1,"other_pct":0.0,"total_votes":3523,"turnout":2190},"2021":{"winning_party":"Conservative","labour_votes":1905,"conservative_votes":2559,"libdem_votes":0,"reform_uk_votes":0,"green_votes":236,"independent_votes":728,"other_votes":0,"labour_pct":35.1,"conservative_pct":47.1,"libdem_pct":0.0,"reform_uk_pct":0.0,"green_pct":4.3,"independent_pct":13.4,"other_pct":0.0,"total_votes":5428,"turnout":0}}}},{"type":"Feature","id":6948,"geometry":{"type":"Polygon","coordinates":[[[-1.771,54.907],[-1.771,54.906],[-1.772,54.906],[-1.773,54.906],[-1.774,54.905],[-1.775,54.906],[-1.776,54.906],[-1.776,54.905],[-1.777,54.905],[-1.776,54.904],[-1.776,54.903],[-1.775,54.902],[-1.776,54.902],[-1.775,54.901],[-1.774,54.901],[-1.773,54.901],[-1.773,54.9],[-1.773,54.899],[-1.774,54.899],[-1.774,54.898],[-1.774,54.897],[-1.774,54.896],[-1.773,54.896],[-1.774,54.896],[-1.774,54.895],[-1.775,54.894],[-1.774,54.894],[-1.774,54.893],[-1.774,54.892],[-1.774,54.891],[-1.774,54.89],[-1.775,54.889],[-1.775,54.888],[-1.775,54.887],[-1.776,54.887],[-1.777,54.887],[-1.776,54.887],[-1.776,54.886],[-1.777,54.886],[-1.778,54.885],[-1.779,54.885],[-1.78,54.885],[-1.78,54.884],[-1.781,54.884],[-1.781,54.885],[-1.782,54.885],[-1.783,54.885],[-1.784,54.884],[-1.785,54.884],[-1.786,54.883],[-1.787,54.883],[-1.786,54.882],[-1.787,54.882],[-1.786,54.881],[-1.786,54.88],[-1.786,54.879],[-1.786,54.878],[-1.787,54.878],[-1.788,54.878],[-1.787,54.877],[-1.787,54.876],[-1.787,54.875],[-1.787,54.874],[-1.786,54.874],[-1.786,54.873],[-1.785,54.872],[-1.784,54.872],[-1.782,54.871],[-1.78,54.871],[-1.779,54.87],[-1.78,54.869],[-1.779,54.867],[-1.776,54.864],[-1.773,54.864],[-1.77,54.863],[-1.771,54.862],[-1.771,54.861],[-1.773,54.858],[-1.774,54.857],[-1.773,54.857],[-1.774,54.856],[-1.774,54.855],[-1.774,54.854],[-1.774,54.852],[-1.775,54.851],[-1.775,54.85],[-1.776,54.85],[-1.777,54.849],[-1.776,54.848],[-1.776,54.847],[-1.777,54.847],[-1.777,54.846],[-1.778,54.846],[-1.78,54.845],[-1.781,54.845],[-1.781,54.844],[-1.782,54.844],[-1.782,54.843],[-1.782,54.842],[-1.783,54.842],[-1.784,54.841],[-1.785,54.841],[-1.785,54.84],[-1.786,54.84],[-1.788,54.838],[-1.789,54.837],[-1.791,54.836],[-1.793,54.837],[-1.796,54.838],[-1.795,54.839],[-1.796,54.84],[-1.799,54.841],[-1.801,54.841],[-1.802,54.842],[-1.804,54.843],[-1.804,54.844],[-1.806,54.844],[-1.803,54.847],[-1.802,54.848],[-1.803,54.848],[-1.803,54.849],[-1.804,54.849],[-1.805,54.849],[-1.805,54.85],[-1.806,54.85],[-1.805,54.851],[-1.806,54.851],[-1.806,54.852],[-1.807,54.852],[-1.806,54.852],[-1.804,54.853],[-1.806,54.854],[-1.811,54.854],[-1.813,54.855],[-1.815,54.856],[-1.817,54.857],[-1.818,54.858],[-1.816,54.859],[-1.815,54.859],[-1.816,54.86],[-1.817,54.86],[-1.817,54.861],[-1.817,54.862],[-1.819,54.862],[-1.819,54.864],[-1.82,54.864],[-1.819,54.866],[-1.82,54.866],[-1.821,54.866],[-1.823,54.867],[-1.825,54.867],[-1.827,54.867],[-1.827,54.866],[-1.829,54.865],[-1.83,54.864],[-1.833,54.865],[-1.837,54.866],[-1.838,54.867],[-1.839,54.867],[-1.84,54.868],[-1.839,54.869],[-1.839,54.87],[-1.839,54.872],[-1.839,54.873],[-1.84,54.873],[-1.841,54.872],[-1.842,54.872],[-1.843,54.872],[-1.844,54.872],[-1.845,54.872],[-1.846,54.872],[-1.847,54.872],[-1.848,54.872],[-1.849,54.872],[-1.848,54.872],[-1.849,54.872],[-1.85,54.872],[-1.85,54.873],[-1.851,54.873],[-1.852,54.873],[-1.853,54.873],[-1.854,54.873],[-1.855,54.873],[-1.855,54.874],[-1.855,54.873],[-1.855,54.874],[-1.856,54.874],[-1.856,54.875],[-1.857,54.875],[-1.858,54.875],[-1.859,54.875],[-1.86,54.875],[-1.86,54.876],[-1.86,54.877],[-1.86,54.878],[-1.859,54.878],[-1.858,54.879],[-1.856,54.88],[-1.854,54.88],[-1.853,54.88],[-1.853,54.881],[-1.852,54.883],[-1.853,54.884],[-1.852,54.884],[-1.851,54.885],[-1.851,54.886],[-1.852,54.887],[-1.853,54.888],[-1.855,54.889],[-1.855,54.89],[-1.855,54.891],[-1.854,54.891],[-1.853,54.891],[-1.849,54.89],[-1.848,54.89],[-1.847,54.89],[-1.846,54.891],[-1.845,54.892],[-1.845,54.893],[-1.845,54.895],[-1.846,54.896],[-1.846,54.897],[-1.845,54.897],[-1.842,54.897],[-1.841,54.897],[-1.839,54.897],[-1.839,54.898],[-1.837,54.898],[-1.836,54.899],[-1.835,54.899],[-1.834,54.9],[-1.833,54.9],[-1.832,54.901],[-1.831,54.902],[-1.83,54.902],[-1.829,54.903],[-1.828,54.905],[-1.827,54.906],[-1.826,54.906],[-1.825,54.906],[-1.824,54.906],[-1.823,54.906],[-1.823,54.905],[-1.822,54.905],[-1.821,54.906],[-1.82,54.906],[-1.819,54.906],[-1.818,54.906],[-1.816,54.905],[-1.815,54.905],[-1.814,54.906],[-1.813,54.906],[-1.812,54.906],[-1.81,54.907],[-1.808,54.907],[-1.807,54.907],[-1.806,54.907],[-1.806,54.906],[-1.806,54.905],[-1.805,54.905],[-1.804,54.904],[-1.803,54.904],[-1.803,54.905],[-1.802,54.905],[-1.801,54.905],[-1.801,54.906],[-1.8,54.906],[-1.799,54.906],[-1.798,54.905],[-1.796,54.904],[-1.795,54.904],[-1.794,54.904],[-1.794,54.905],[-1.793,54.907],[-1.792,54.907],[-1.792,54.908],[-1.791,54.908],[-1.791,54.909],[-1.79,54.909],[-1.788,54.909],[-1.787,54.909],[-1.786,54.909],[-1.785,54.909],[-1.783,54.91],[-1.782,54.91],[-1.782,54.911],[-1.782,54.912],[-1.781,54.911],[-1.779,54.911],[-1.777,54.91],[-1.776,54.91],[-1.775,54.909],[-1.773,54.908],[-1.772,54.907],[-1.771,54.907]]]},"properties":{"OBJECTID":6948,"wd11cd":"E05007991","wd11cdo":"00EJNP","wd11nm":"Leadgate and Medomsley","wd11nmw":" ","GlobalID":"3256f130-6767-475f-9ffa-cbf48f933b81","results":{"2005":{"winning_party":"Independent","labour_votes":1663,"conservative_votes":495,"libdem_votes":0,"reform_uk_votes":0,"green_votes":0,"independent_votes":2279,"other_votes":0,"labour_pct":37.5,"conservative_pct":11.2,"libdem_pct":0.0,"reform_uk_pct":0.0,"green_pct":0.0,"independent_pct":51.4,"other_pct":0.0,"total_votes":4437,"turnout":0},"2008":{"winning_party":"Independent","labour_votes":1814,"conservative_votes":443,"libdem_votes":259,"reform_uk_votes":0,"green_votes":0,"independent_votes":3295,"other_votes":0,"labour_pct":31.2,"conservative_pct":7.6,"libdem_pct":4.5,"reform_uk_pct":0.0,"green_pct":0.0,"independent_pct":56.7,"other_pct":0.0,"total_votes":5811,"turnout":0},"2013":{"winning_party":"Independent","labour_votes":1685,"conservative_votes":206,"libdem_votes":0,"reform_uk_votes":0,"green_votes":0,"independent_votes":2560,"other_votes":0,"labour_pct":37.9,"conservative_pct":4.6,"libdem_pct":0.0,"reform_uk_pct":0.0,"green_pct":0.0,"independent_pct":57.5,"other_pct":0.0,"total_votes":4451,"turnout":33},"2017":{"winning_party":"Independent","labour_votes":1329,"conservative_votes":331,"libdem_votes":0,"reform_uk_votes":0,"green_votes":0,"independent_votes":2701,"other_votes":0,"labour_pct":30.5,"conservative_pct":7.6,"libdem_pct":0.0,"reform_uk_pct":0.0,"green_pct":0.0,"independent_pct":61.9,"other_pct":0.0,"total_votes":4361,"turnout":6690},"2021":{"winning_party":"Independent","labour_votes":1266,"conservative_votes":1344,"libdem_votes":0,"reform_uk_votes":0,"green_votes":0,"independent_votes":2291,"other_votes":0,"labour_pct":25.8,"conservative_pct":27.4,"libdem_pct":0.0,"reform_uk_pct":0.0,"green_pct":0.0,"independent_pct":46.7,"other_pct":0.0,"total_votes":4901,"turnout":0}}}},{"type":"Feature","id":6949,"geometry":{"type":"Polygon","coordinates":[[[-1.507,54.871],[-1.507,54.87],[-1.508,54.869],[-1.509,54.868],[-1.51,54.866],[-1.51,54.864],[-1.51,54.863],[-1.51,54.861],[-1.51,54.86],[-1.51,54.859],[-1.51,54.858],[-1.509,54.855],[-1.508,54.852],[-1.508,54.851],[-1.508,54.85],[-1.507,54.849],[-1.507,54.847],[-1.506,54.846],[-1.506,54.845],[-1.505,54.843],[-1.504,54.839],[-1.505,54.837],[-1.508,54.837],[-1.509,54.837],[-1.512,54.836],[-1.513,54.836],[-1.515,54.835],[-1.516,54.835],[-1.516,54.834],[-1.516,54.833],[-1.515,54.832],[-1.515,54.831],[-1.514,54.829],[-1.515,54.829],[-1.517,54.829],[-1.518,54.829],[-1.52,54.829],[-1.523,54.829],[-1.524,54.829],[-1.525,54.829],[-1.527,54.829],[-1.529,54.829],[-1.531,54.829],[-1.533,54.829],[-1.534,54.828],[-1.535,54.828],[-1.536,54.828],[-1.536,54.827],[-1.537,54.827],[-1.537,54.826],[-1.538,54.826],[-1.539,54.825],[-1.54,54.825],[-1.541,54.825],[-1.542,54.825],[-1.543,54.825],[-1.544,54.825],[-1.545,54.825],[-1.546,54.825],[-1.547,54.825],[-1.548,54.825],[-1.549,54.825],[-1.55,54.825],[-1.551,54.825],[-1.552,54.825],[-1.553,54.825],[-1.554,54.825],[-1.555,54.825],[-1.556,54.825],[-1.557,54.825],[-1.557,54.826],[-1.557,54.828],[-1.557,54.829],[-1.558,54.83],[-1.559,54.831],[-1.56,54.831],[-1.561,54.832],[-1.563,54.833],[-1.564,54.833],[-1.565,54.833],[-1.567,54.833],[-1.568,54.833],[-1.57,54.834],[-1.572,54.835],[-1.573,54.836],[-1.572,54.836],[-1.571,54.837],[-1.569,54.839],[-1.568,54.841],[-1.567,54.842],[-1.567,54.843],[-1.568,54.843],[-1.568,54.844],[-1.569,54.844],[-1.57,54.844],[-1.57,54.845],[-1.57,54.846],[-1.569,54.846],[-1.568,54.847],[-1.566,54.847],[-1.565,54.847],[-1.564,54.847],[-1.564,54.846],[-1.564,54.845],[-1.563,54.845],[-1.562,54.844],[-1.562,54.843],[-1.561,54.843],[-1.562,54.842],[-1.562,54.841],[-1.561,54.841],[-1.56,54.841],[-1.559,54.841],[-1.558,54.843],[-1.557,54.845],[-1.556,54.846],[-1.556,54.848],[-1.557,54.849],[-1.558,54.85],[-1.559,54.851],[-1.559,54.852],[-1.559,54.853],[-1.56,54.854],[-1.561,54.855],[-1.562,54.855],[-1.564,54.856],[-1.565,54.857],[-1.566,54.857],[-1.565,54.858],[-1.565,54.859],[-1.565,54.861],[-1.565,54.862],[-1.565,54.863],[-1.564,54.863],[-1.563,54.863],[-1.562,54.862],[-1.56,54.861],[-1.559,54.861],[-1.558,54.862],[-1.558,54.863],[-1.558,54.864],[-1.558,54.865],[-1.559,54.866],[-1.561,54.867],[-1.562,54.868],[-1.562,54.869],[-1.561,54.871],[-1.56,54.871],[-1.559,54.871],[-1.556,54.869],[-1.555,54.868],[-1.552,54.868],[-1.551,54.867],[-1.55,54.867],[-1.548,54.867],[-1.546,54.867],[-1.545,54.867],[-1.544,54.866],[-1.543,54.866],[-1.542,54.865],[-1.541,54.865],[-1.54,54.865],[-1.538,54.866],[-1.536,54.866],[-1.535,54.866],[-1.534,54.866],[-1.534,54.867],[-1.533,54.867],[-1.532,54.868],[-1.53,54.869],[-1.529,54.869],[-1.528,54.87],[-1.527,54.871],[-1.526,54.871],[-1.525,54.871],[-1.524,54.872],[-1.523,54.872],[-1.521,54.872],[-1.52,54.872],[-1.519,54.872],[-1.518,54.872],[-1.518,54.873],[-1.519,54.874],[-1.519,54.875],[-1.519,54.876],[-1.517,54.876],[-1.517,54.875],[-1.516,54.875],[-1.515,54.875],[-1.514,54.875],[-1.512,54.874],[-1.51,54.873],[-1.507,54.871]]]},"properties":{"OBJECTID":6949,"wd11cd":"E05007992","wd11cdo":"00EJNQ","wd11nm":"Lumley","wd11nmw":" ","GlobalID":"6658ac2f-950d-45da-b158-2cde225696cb","results":{"2005":{"winning_party":"Labour","labour_votes":1860,"conservative_votes":576,"libdem_votes":593,"reform_uk_votes":0,"green_votes":0,"independent_votes":475,"other_votes":0,"labour_pct":53.1,"conservative_pct":16.4,"libdem_pct":16.9,"reform_uk_pct":0.0,"green_pct":0.0,"independent_pct":13.6,"other_pct":0.0,"total_votes":3504,"turnout":0},"2008":{"winning_party":"Independent","labour_votes":1575,"conservative_votes":727,"libdem_votes":285,"reform_uk_votes":0,"green_votes":0,"independent_votes":1922,"other_votes":0,"labour_pct":34.9,"conservative_pct":16.1,"libdem_pct":6.3,"reform_uk_pct":0.0,"green_pct":0.0,"independent_pct":42.6,"other_pct":0.0,"total_votes":4509,"turnout":0},"2013":{"winning_party":"Independent","labour_votes":1393,"conservative_votes":0,"libdem_votes":0,"reform_uk_votes":0,"green_votes":0,"independent_votes":1972,"other_votes":0,"labour_pct":41.4,"conservative_pct":0.0,"libdem_pct":0.0,"reform_uk_pct":0.0,"green_pct":0.0,"independent_pct":58.6,"other_pct":0.0,"total_votes":3365,"turnout":0},"2017":{"winning_party":"Independent","labour_votes":919,"conservative_votes":339,"libdem_votes":0,"reform_uk_votes":0,"green_votes":0,"independent_votes":2413,"other_votes":0,"labour_pct":25.0,"conservative_pct":9.2,"libdem_pct":0.0,"reform_uk_pct":0.0,"green_pct":0.0,"independent_pct":65.7,"other_pct":0.0,"total_votes":3671,"turnout":2045},"2021":{"winning_party":"Independent","labour_votes":510,"conservative_votes":443,"libdem_votes":0,"reform_uk_votes":0,"green_votes":0,"independent_votes":2760,"other_votes":0,"labour_pct":13.7,"conservative_pct":11.9,"libdem_pct":0.0,"reform_uk_pct":0.0,"green_pct":0.0,"independent_pct":74.3,"other_pct":0.0,"total_votes":3713,"turnout":0}}}},{"type":"Feature","id":6950,"geometry":{"type":"Polygon","coordinates":[[[-1.377,54.831],[-1.376,54.832],[-1.375,54.832],[-1.374,54.832],[-1.373,54.831],[-1.373,54.83],[-1.371,54.83],[-1.37,54.83],[-1.369,54.83],[-1.369,54.829],[-1.368,54.829],[-1.367,54.829],[-1.367,54.83],[-1.366,54.83],[-1.365,54.83],[-1.363,54.83],[-1.362,54.831],[-1.36,54.831],[-1.359,54.831],[-1.358,54.831],[-1.357,54.831],[-1.355,54.831],[-1.355,54.83],[-1.356,54.83],[-1.356,54.829],[-1.356,54.828],[-1.355,54.828],[-1.354,54.828],[-1.353,54.828],[-1.352,54.828],[-1.351,54.829],[-1.35,54.829],[-1.349,54.828],[-1.349,54.827],[-1.349,54.826],[-1.35,54.825],[-1.35,54.824],[-1.35,54.823],[-1.351,54.822],[-1.352,54.822],[-1.351,54.821],[-1.351,54.82],[-1.353,54.818],[-1.354,54.817],[-1.356,54.817],[-1.357,54.816],[-1.358,54.816],[-1.36,54.815],[-1.362,54.814],[-1.361,54.812],[-1.359,54.811],[-1.359,54.81],[-1.36,54.81],[-1.363,54.81],[-1.363,54.809],[-1.364,54.809],[-1.364,54.808],[-1.365,54.808],[-1.366,54.808],[-1.368,54.807],[-1.369,54.807],[-1.37,54.807],[-1.371,54.807],[-1.372,54.807],[-1.374,54.807],[-1.377,54.808],[-1.378,54.807],[-1.38,54.807],[-1.381,54.806],[-1.381,54.805],[-1.382,54.805],[-1.383,54.804],[-1.384,54.803],[-1.385,54.802],[-1.386,54.802],[-1.387,54.801],[-1.388,54.801],[-1.389,54.801],[-1.39,54.8],[-1.391,54.8],[-1.392,54.8],[-1.393,54.8],[-1.394,54.8],[-1.395,54.8],[-1.398,54.801],[-1.4,54.801],[-1.402,54.801],[-1.403,54.802],[-1.404,54.802],[-1.405,54.802],[-1.408,54.802],[-1.409,54.802],[-1.41,54.802],[-1.412,54.802],[-1.413,54.803],[-1.412,54.805],[-1.412,54.806],[-1.411,54.809],[-1.413,54.81],[-1.414,54.81],[-1.415,54.81],[-1.417,54.81],[-1.418,54.808],[-1.422,54.808],[-1.423,54.809],[-1.422,54.81],[-1.422,54.811],[-1.422,54.812],[-1.422,54.813],[-1.421,54.814],[-1.42,54.814],[-1.419,54.814],[-1.419,54.815],[-1.418,54.817],[-1.418,54.818],[-1.417,54.818],[-1.416,54.818],[-1.415,54.819],[-1.414,54.819],[-1.414,54.82],[-1.414,54.821],[-1.414,54.822],[-1.413,54.822],[-1.413,54.823],[-1.413,54.824],[-1.413,54.825],[-1.412,54.825],[-1.412,54.824],[-1.41,54.824],[-1.408,54.824],[-1.407,54.824],[-1.406,54.824],[-1.405,54.823],[-1.404,54.823],[-1.403,54.823],[-1.402,54.823],[-1.401,54.824],[-1.4,54.825],[-1.399,54.825],[-1.398,54.825],[-1.399,54.826],[-1.399,54.827],[-1.399,54.828],[-1.399,54.829],[-1.4,54.83],[-1.4,54.831],[-1.399,54.831],[-1.398,54.831],[-1.397,54.832],[-1.396,54.832],[-1.395,54.832],[-1.394,54.833],[-1.393,54.833],[-1.392,54.833],[-1.39,54.832],[-1.389,54.832],[-1.387,54.832],[-1.385,54.832],[-1.384,54.832],[-1.383,54.832],[-1.381,54.832],[-1.38,54.832],[-1.379,54.832],[-1.378,54.831],[-1.377,54.831]]]},"properties":{"OBJECTID":6950,"wd11cd":"E05007993","wd11cdo":"00EJNR","wd11nm":"Murton","wd11nmw":" ","GlobalID":"05774c64-768e-431e-b7d6-04540c75423e","results":{"2005":{"winning_party":"Labour","labour_votes":2510,"conservative_votes":436,"libdem_votes":0,"reform_uk_votes":0,"green_votes":0,"independent_votes":0,"other_votes":0,"labour_pct":85.2,"conservative_pct":14.8,"libdem_pct":0.0,"reform_uk_pct":0.0,"green_pct":0.0,"independent_pct":0.0,"other_pct":0.0,"total_votes":2946,"turnout":0},"2008":{"winning_party":"Labour","labour_votes":2686,"conservative_votes":0,"libdem_votes":907,"reform_uk_votes":0,"green_votes":0,"independent_votes":0,"other_votes":0,"labour_pct":74.8,"conservative_pct":0.0,"libdem_pct":25.2,"reform_uk_pct":0.0,"green_pct":0.0,"independent_pct":0.0,"other_pct":0.0,"total_votes":3593,"turnout":0},"2013":{"winning_party":"Labour","labour_votes":2519,"conservative_votes":0,"libdem_votes":0,"reform_uk_votes":0,"green_votes":0,"independent_votes":0,"other_votes":779,"labour_pct":76.4,"conservative_pct":0.0,"libdem_pct":0.0,"reform_uk_pct":0.0,"green_pct":0.0,"independent_pct":0.0,"other_pct":23.6,"total_votes":3298,"turnout":27},"2017":{"winning_party":"Labour","labour_votes":1819,"conservative_votes":196,"libdem_votes":0,"reform_uk_votes":0,"green_votes":0,"independent_votes":604,"other_votes":690,"labour_pct":55.0,"conservative_pct":5.9,"libdem_pct":0.0,"reform_uk_pct":0.0,"green_pct":0.0,"independent_pct":18.3,"other_pct":20.9,"total_votes":3309,"turnout":1841},"2021":{"winning_party":"Labour","labour_votes":2206,"conservative_votes":274,"libdem_votes":0,"reform_uk_votes":0,"green_votes":0,"independent_votes":812,"other_votes":0,"labour_pct":67.0,"conservative_pct":8.3,"libdem_pct":0.0,"reform_uk_pct":0.0,"green_pct":0.0,"independent_pct":24.7,"other_pct":0.0,"total_votes":3292,"turnout":0}}}},{"type":"Feature","id":6951,"geometry":{"type":"Polygon","coordinates":[[[-1.578,54.793],[-1.577,54.793],[-1.577,54.792],[-1.575,54.791],[-1.574,54.79],[-1.573,54.79],[-1.573,54.789],[-1.569,54.793],[-1.568,54.792],[-1.566,54.792],[-1.565,54.792],[-1.565,54.791],[-1.564,54.791],[-1.564,54.79],[-1.563,54.79],[-1.562,54.79],[-1.561,54.79],[-1.56,54.79],[-1.559,54.79],[-1.559,54.789],[-1.56,54.788],[-1.561,54.788],[-1.562,54.788],[-1.564,54.788],[-1.564,54.787],[-1.565,54.785],[-1.564,54.784],[-1.564,54.783],[-1.567,54.782],[-1.573,54.782],[-1.574,54.782],[-1.575,54.781],[-1.576,54.781],[-1.576,54.78],[-1.577,54.778],[-1.579,54.773],[-1.58,54.772],[-1.579,54.771],[-1.579,54.77],[-1.579,54.769],[-1.58,54.769],[-1.582,54.767],[-1.584,54.766],[-1.585,54.766],[-1.585,54.765],[-1.586,54.765],[-1.587,54.765],[-1.587,54.763],[-1.586,54.763],[-1.584,54.763],[-1.583,54.763],[-1.582,54.762],[-1.581,54.762],[-1.58,54.762],[-1.584,54.759],[-1.587,54.757],[-1.588,54.757],[-1.589,54.755],[-1.589,54.754],[-1.591,54.753],[-1.591,54.751],[-1.591,54.749],[-1.59,54.747],[-1.589,54.746],[-1.589,54.744],[-1.588,54.741],[-1.587,54.74],[-1.587,54.738],[-1.588,54.738],[-1.588,54.737],[-1.589,54.737],[-1.59,54.737],[-1.592,54.737],[-1.593,54.737],[-1.594,54.737],[-1.595,54.736],[-1.596,54.736],[-1.598,54.736],[-1.599,54.737],[-1.6,54.737],[-1.602,54.738],[-1.602,54.739],[-1.6,54.74],[-1.599,54.741],[-1.599,54.743],[-1.6,54.744],[-1.599,54.745],[-1.598,54.746],[-1.597,54.746],[-1.593,54.745],[-1.592,54.745],[-1.592,54.746],[-1.593,54.747],[-1.597,54.749],[-1.599,54.751],[-1.6,54.751],[-1.599,54.753],[-1.599,54.754],[-1.6,54.755],[-1.601,54.755],[-1.602,54.756],[-1.603,54.756],[-1.604,54.757],[-1.605,54.757],[-1.605,54.758],[-1.604,54.758],[-1.602,54.758],[-1.601,54.759],[-1.6,54.759],[-1.6,54.76],[-1.6,54.761],[-1.601,54.762],[-1.602,54.762],[-1.603,54.763],[-1.604,54.763],[-1.605,54.763],[-1.604,54.764],[-1.603,54.764],[-1.602,54.764],[-1.599,54.764],[-1.599,54.765],[-1.598,54.765],[-1.598,54.766],[-1.599,54.766],[-1.599,54.767],[-1.6,54.767],[-1.601,54.768],[-1.602,54.768],[-1.603,54.768],[-1.603,54.769],[-1.603,54.77],[-1.603,54.771],[-1.602,54.771],[-1.601,54.772],[-1.6,54.771],[-1.599,54.772],[-1.599,54.773],[-1.6,54.773],[-1.601,54.773],[-1.603,54.774],[-1.604,54.774],[-1.605,54.774],[-1.605,54.775],[-1.604,54.776],[-1.604,54.777],[-1.603,54.778],[-1.602,54.778],[-1.602,54.779],[-1.601,54.779],[-1.599,54.78],[-1.598,54.781],[-1.599,54.782],[-1.599,54.783],[-1.601,54.784],[-1.602,54.785],[-1.602,54.786],[-1.603,54.787],[-1.605,54.788],[-1.605,54.789],[-1.601,54.789],[-1.6,54.789],[-1.599,54.79],[-1.598,54.789],[-1.597,54.789],[-1.596,54.789],[-1.596,54.79],[-1.595,54.789],[-1.595,54.79],[-1.594,54.79],[-1.593,54.79],[-1.593,54.791],[-1.592,54.79],[-1.591,54.791],[-1.589,54.791],[-1.587,54.791],[-1.586,54.791],[-1.585,54.791],[-1.584,54.791],[-1.583,54.792],[-1.582,54.792],[-1.581,54.793],[-1.58,54.793],[-1.579,54.793],[-1.578,54.793]]]},"properties":{"OBJECTID":6951,"wd11cd":"E05007994","wd11cdo":"00EJNS","wd11nm":"Neville's Cross","wd11nmw":" ","GlobalID":"eb99b2ff-cf14-438e-b2fd-7df30d516148","results":{"2005":{"winning_party":"Liberal Democrats","labour_votes":923,"conservative_votes":601,"libdem_votes":2681,"reform_uk_votes":0,"green_votes":0,"independent_votes":0,"other_votes":0,"labour_pct":22.0,"conservative_pct":14.3,"libdem_pct":63.8,"reform_uk_pct":0.0,"green_pct":0.0,"independent_pct":0.0,"other_pct":0.0,"total_votes":4205,"turnout":0},"2008":{"winning_party":"Liberal Democrats","labour_votes":757,"conservative_votes":772,"libdem_votes":2878,"reform_uk_votes":0,"green_votes":0,"independent_votes":660,"other_votes":0,"labour_pct":14.9,"conservative_pct":15.2,"libdem_pct":56.8,"reform_uk_pct":0.0,"green_pct":0.0,"independent_pct":13.0,"other_pct":0.0,"total_votes":5067,"turnout":0},"2013":{"winning_party":"Liberal Democrats","labour_votes":913,"conservative_votes":475,"libdem_votes":2204,"reform_uk_votes":0,"green_votes":1261,"independent_votes":0,"other_votes":0,"labour_pct":18.8,"conservative_pct":9.8,"libdem_pct":45.4,"reform_uk_pct":0.0,"green_pct":26.0,"independent_pct":0.0,"other_pct":0.0,"total_votes":4853,"turnout":32},"2017":{"winning_party":"Green","labour_votes":546,"conservative_votes":656,"libdem_votes":0,"reform_uk_votes":0,"green_votes":1672,"independent_votes":158,"other_votes":0,"labour_pct":18.0,"conservative_pct":21.6,"libdem_pct":0.0,"reform_uk_pct":0.0,"green_pct":55.1,"independent_pct":5.2,"other_pct":0.0,"total_votes":3032,"turnout":2708},"2021":{"winning_party":"Labour","labour_votes":1561,"conservative_votes":864,"libdem_votes":0,"reform_uk_votes":0,"green_votes":690,"independent_votes":0,"other_votes":0,"labour_pct":50.1,"conservative_pct":27.7,"libdem_pct":0.0,"reform_uk_pct":0.0,"green_pct":22.2,"independent_pct":0.0,"other_pct":0.0,"total_votes":3115,"turnout":0}}}},{"type":"Feature","id":6952,"geometry":{"type":"Polygon","coordinates":[[[-1.569,54.793],[-1.573,54.789],[-1.573,54.79],[-1.574,54.79],[-1.575,54.791],[-1.577,54.792],[-1.577,54.793],[-1.578,54.793],[-1.579,54.794],[-1.58,54.794],[-1.581,54.793],[-1.583,54.792],[-1.584,54.793],[-1.585,54.794],[-1.583,54.796],[-1.582,54.797],[-1.581,54.797],[-1.581,54.798],[-1.581,54.799],[-1.58,54.8],[-1.579,54.802],[-1.577,54.804],[-1.576,54.804],[-1.571,54.805],[-1.569,54.806],[-1.562,54.805],[-1.56,54.803],[-1.559,54.802],[-1.559,54.801],[-1.559,54.8],[-1.56,54.799],[-1.562,54.797],[-1.564,54.796],[-1.566,54.795],[-1.569,54.793]]]},"properties":{"OBJECTID":6952,"wd11cd":"E05007995","wd11cdo":"00EJNT","wd11nm":"Newton Hall","wd11nmw":" ","GlobalID":"259351ac-16bd-4951-99fd-15dfba7edd51","results":{"2005":{"winning_party":"Liberal Democrats","labour_votes":1569,"conservative_votes":415,"libdem_votes":2328,"reform_uk_votes":0,"green_votes":0,"independent_votes":0,"other_votes":0,"labour_pct":36.4,"conservative_pct":9.6,"libdem_pct":54.0,"reform_uk_pct":0.0,"green_pct":0.0,"independent_pct":0.0,"other_pct":0.0,"total_votes":4312,"turnout":0},"2008":{"winning_party":"Liberal Democrats","labour_votes":924,"conservative_votes":657,"libdem_votes":2795,"reform_uk_votes":0,"green_votes":0,"independent_votes":676,"other_votes":0,"labour_pct":18.3,"conservative_pct":13.0,"libdem_pct":55.3,"reform_uk_pct":0.0,"green_pct":0.0,"independent_pct":13.4,"other_pct":0.0,"total_votes":5052,"turnout":0},"2013":{"winning_party":"Independent","labour_votes":288,"conservative_votes":50,"libdem_votes":259,"reform_uk_votes":0,"green_votes":0,"independent_votes":540,"other_votes":0,"labour_pct":25.3,"conservative_pct":4.4,"libdem_pct":22.8,"reform_uk_pct":0.0,"green_pct":0.0,"independent_pct":47.5,"other_pct":0.0,"total_votes":1137,"turnout":39},"2017":{"winning_party":"Independent","labour_votes":110,"conservative_votes":104,"libdem_votes":0,"reform_uk_votes":0,"green_votes":0,"independent_votes":464,"other_votes":0,"labour_pct":16.2,"conservative_pct":15.3,"libdem_pct":0.0,"reform_uk_pct":0.0,"green_pct":0.0,"independent_pct":68.4,"other_pct":0.0,"total_votes":678,"turnout":1421},"2021":{"winning_party":"Labour","labour_votes":266,"conservative_votes":185,"libdem_votes":0,"reform_uk_votes":0,"green_votes":0,"independent_votes":167,"other_votes":0,"labour_pct":43.0,"conservative_pct":29.9,"libdem_pct":0.0,"reform_uk_pct":0.0,"green_pct":0.0,"independent_pct":27.0,"other_pct":0.0,"total_votes":618,"turnout":0}}}},{"type":"Feature","id":6953,"geometry":{"type":"Polygon","coordinates":[[[-1.588,54.894],[-1.587,54.894],[-1.586,54.894],[-1.585,54.894],[-1.584,54.893],[-1.584,54.892],[-1.584,54.891],[-1.583,54.891],[-1.583,54.89],[-1.583,54.889],[-1.582,54.887],[-1.582,54.886],[-1.581,54.883],[-1.581,54.881],[-1.582,54.881],[-1.583,54.88],[-1.584,54.879],[-1.585,54.879],[-1.586,54.879],[-1.587,54.878],[-1.588,54.878],[-1.589,54.878],[-1.591,54.878],[-1.592,54.878],[-1.594,54.878],[-1.595,54.877],[-1.595,54.876],[-1.596,54.876],[-1.597,54.877],[-1.598,54.878],[-1.599,54.878],[-1.6,54.878],[-1.603,54.878],[-1.604,54.878],[-1.605,54.878],[-1.607,54.877],[-1.608,54.877],[-1.61,54.877],[-1.612,54.876],[-1.614,54.876],[-1.615,54.876],[-1.616,54.876],[-1.617,54.877],[-1.618,54.877],[-1.619,54.876],[-1.62,54.877],[-1.621,54.877],[-1.622,54.876],[-1.623,54.876],[-1.623,54.875],[-1.624,54.875],[-1.625,54.874],[-1.625,54.873],[-1.627,54.873],[-1.629,54.872],[-1.632,54.872],[-1.635,54.872],[-1.637,54.872],[-1.638,54.872],[-1.639,54.871],[-1.638,54.872],[-1.637,54.872],[-1.637,54.871],[-1.637,54.87],[-1.637,54.869],[-1.637,54.868],[-1.635,54.868],[-1.636,54.867],[-1.636,54.866],[-1.636,54.865],[-1.635,54.864],[-1.634,54.863],[-1.635,54.863],[-1.634,54.862],[-1.634,54.86],[-1.634,54.858],[-1.637,54.858],[-1.638,54.858],[-1.639,54.858],[-1.642,54.856],[-1.644,54.855],[-1.647,54.855],[-1.651,54.855],[-1.652,54.855],[-1.654,54.855],[-1.656,54.857],[-1.656,54.856],[-1.657,54.856],[-1.658,54.856],[-1.658,54.855],[-1.659,54.855],[-1.66,54.855],[-1.661,54.855],[-1.662,54.855],[-1.663,54.855],[-1.664,54.855],[-1.665,54.856],[-1.666,54.855],[-1.667,54.855],[-1.666,54.855],[-1.666,54.856],[-1.667,54.856],[-1.668,54.856],[-1.669,54.856],[-1.67,54.856],[-1.67,54.857],[-1.669,54.857],[-1.669,54.858],[-1.669,54.859],[-1.668,54.859],[-1.668,54.86],[-1.666,54.86],[-1.665,54.861],[-1.664,54.862],[-1.663,54.863],[-1.662,54.864],[-1.662,54.865],[-1.662,54.866],[-1.663,54.868],[-1.663,54.869],[-1.664,54.87],[-1.664,54.871],[-1.664,54.872],[-1.664,54.873],[-1.66,54.875],[-1.659,54.875],[-1.658,54.876],[-1.659,54.876],[-1.66,54.876],[-1.662,54.876],[-1.663,54.876],[-1.664,54.876],[-1.665,54.877],[-1.665,54.878],[-1.665,54.879],[-1.665,54.881],[-1.665,54.882],[-1.665,54.883],[-1.665,54.885],[-1.665,54.886],[-1.666,54.886],[-1.665,54.886],[-1.664,54.888],[-1.664,54.889],[-1.662,54.89],[-1.66,54.89],[-1.659,54.89],[-1.658,54.89],[-1.659,54.891],[-1.66,54.891],[-1.658,54.891],[-1.657,54.891],[-1.656,54.891],[-1.656,54.892],[-1.655,54.892],[-1.654,54.893],[-1.653,54.893],[-1.652,54.893],[-1.651,54.893],[-1.65,54.894],[-1.649,54.893],[-1.648,54.891],[-1.647,54.889],[-1.647,54.888],[-1.647,54.887],[-1.647,54.886],[-1.648,54.885],[-1.648,54.884],[-1.647,54.883],[-1.647,54.882],[-1.646,54.882],[-1.646,54.881],[-1.647,54.881],[-1.648,54.881],[-1.649,54.881],[-1.65,54.881],[-1.651,54.881],[-1.651,54.88],[-1.651,54.879],[-1.65,54.879],[-1.649,54.88],[-1.648,54.879],[-1.647,54.879],[-1.646,54.879],[-1.645,54.879],[-1.644,54.879],[-1.643,54.879],[-1.642,54.879],[-1.64,54.88],[-1.639,54.881],[-1.638,54.881],[-1.637,54.881],[-1.635,54.882],[-1.635,54.883],[-1.634,54.883],[-1.633,54.883],[-1.632,54.883],[-1.632,54.884],[-1.631,54.884],[-1.632,54.885],[-1.63,54.885],[-1.629,54.885],[-1.628,54.885],[-1.627,54.886],[-1.626,54.887],[-1.625,54.887],[-1.624,54.887],[-1.623,54.887],[-1.622,54.887],[-1.621,54.887],[-1.62,54.887],[-1.619,54.887],[-1.619,54.888],[-1.619,54.889],[-1.619,54.89],[-1.618,54.89],[-1.617,54.891],[-1.616,54.891],[-1.616,54.892],[-1.615,54.892],[-1.615,54.893],[-1.614,54.893],[-1.613,54.894],[-1.612,54.895],[-1.611,54.895],[-1.61,54.895],[-1.61,54.896],[-1.609,54.896],[-1.608,54.896],[-1.608,54.897],[-1.607,54.897],[-1.607,54.898],[-1.606,54.898],[-1.605,54.898],[-1.605,54.899],[-1.604,54.899],[-1.604,54.898],[-1.603,54.898],[-1.602,54.898],[-1.602,54.899],[-1.601,54.899],[-1.6,54.899],[-1.601,54.899],[-1.601,54.9],[-1.6,54.9],[-1.599,54.901],[-1.598,54.901],[-1.598,54.902],[-1.597,54.902],[-1.596,54.902],[-1.595,54.902],[-1.594,54.902],[-1.594,54.901],[-1.593,54.9],[-1.592,54.9],[-1.592,54.899],[-1.591,54.899],[-1.59,54.898],[-1.59,54.897],[-1.59,54.896],[-1.589,54.896],[-1.589,54.895],[-1.588,54.895],[-1.588,54.894]]]},"properties":{"OBJECTID":6953,"wd11cd":"E05007996","wd11cdo":"00EJNU","wd11nm":"Ouston and Urpeth","wd11nmw":" ","GlobalID":"b07c1c20-b210-4a04-b6ec-6d23245a874a","results":{"2005":{"winning_party":"Labour","labour_votes":2170,"conservative_votes":588,"libdem_votes":827,"reform_uk_votes":0,"green_votes":0,"independent_votes":0,"other_votes":0,"labour_pct":60.5,"conservative_pct":16.4,"libdem_pct":23.1,"reform_uk_pct":0.0,"green_pct":0.0,"independent_pct":0.0,"other_pct":0.0,"total_votes":3585,"turnout":0},"2008":{"winning_party":"Labour","labour_votes":1663,"conservative_votes":1066,"libdem_votes":1304,"reform_uk_votes":0,"green_votes":0,"independent_votes":0,"other_votes":0,"labour_pct":41.2,"conservative_pct":26.4,"libdem_pct":32.3,"reform_uk_pct":0.0,"green_pct":0.0,"independent_pct":0.0,"other_pct":0.0,"total_votes":4033,"turnout":0}}}},{"type":"Feature","id":6954,"geometry":{"type":"Polygon","coordinates":[[[-1.533,54.877],[-1.533,54.878],[-1.532,54.878],[-1.531,54.878],[-1.529,54.877],[-1.528,54.877],[-1.527,54.877],[-1.526,54.877],[-1.525,54.877],[-1.524,54.877],[-1.523,54.876],[-1.522,54.876],[-1.521,54.876],[-1.52,54.876],[-1.52,54.875],[-1.52,54.874],[-1.519,54.874],[-1.519,54.873],[-1.519,54.872],[-1.52,54.872],[-1.521,54.872],[-1.524,54.872],[-1.525,54.872],[-1.526,54.872],[-1.527,54.871],[-1.528,54.87],[-1.529,54.87],[-1.53,54.869],[-1.532,54.868],[-1.534,54.867],[-1.535,54.866],[-1.536,54.866],[-1.54,54.866],[-1.543,54.866],[-1.544,54.866],[-1.545,54.867],[-1.547,54.867],[-1.549,54.867],[-1.551,54.867],[-1.552,54.868],[-1.554,54.868],[-1.556,54.869],[-1.558,54.87],[-1.559,54.871],[-1.56,54.871],[-1.561,54.871],[-1.561,54.87],[-1.562,54.869],[-1.562,54.868],[-1.562,54.867],[-1.561,54.867],[-1.56,54.866],[-1.558,54.865],[-1.558,54.864],[-1.558,54.863],[-1.558,54.862],[-1.559,54.861],[-1.56,54.861],[-1.561,54.861],[-1.562,54.862],[-1.563,54.863],[-1.564,54.863],[-1.565,54.863],[-1.567,54.863],[-1.568,54.862],[-1.569,54.862],[-1.569,54.863],[-1.57,54.864],[-1.57,54.865],[-1.571,54.864],[-1.572,54.864],[-1.573,54.864],[-1.574,54.864],[-1.574,54.865],[-1.575,54.866],[-1.575,54.868],[-1.576,54.868],[-1.579,54.868],[-1.582,54.868],[-1.583,54.868],[-1.584,54.868],[-1.586,54.867],[-1.586,54.866],[-1.587,54.866],[-1.588,54.865],[-1.589,54.865],[-1.591,54.865],[-1.593,54.865],[-1.594,54.865],[-1.593,54.864],[-1.595,54.863],[-1.597,54.862],[-1.598,54.862],[-1.599,54.861],[-1.601,54.861],[-1.604,54.861],[-1.604,54.862],[-1.603,54.863],[-1.603,54.864],[-1.604,54.864],[-1.606,54.864],[-1.608,54.864],[-1.609,54.865],[-1.61,54.865],[-1.613,54.865],[-1.614,54.864],[-1.616,54.864],[-1.616,54.863],[-1.617,54.863],[-1.62,54.863],[-1.62,54.862],[-1.621,54.863],[-1.623,54.863],[-1.627,54.864],[-1.628,54.864],[-1.63,54.863],[-1.633,54.863],[-1.635,54.863],[-1.634,54.863],[-1.635,54.864],[-1.636,54.865],[-1.636,54.866],[-1.636,54.867],[-1.635,54.868],[-1.637,54.868],[-1.637,54.869],[-1.637,54.87],[-1.637,54.871],[-1.637,54.872],[-1.638,54.872],[-1.639,54.871],[-1.638,54.872],[-1.637,54.872],[-1.635,54.872],[-1.632,54.872],[-1.629,54.872],[-1.627,54.873],[-1.625,54.873],[-1.625,54.874],[-1.624,54.875],[-1.623,54.875],[-1.623,54.876],[-1.622,54.876],[-1.621,54.877],[-1.62,54.877],[-1.619,54.876],[-1.618,54.877],[-1.617,54.877],[-1.616,54.876],[-1.615,54.876],[-1.614,54.876],[-1.612,54.876],[-1.61,54.877],[-1.608,54.877],[-1.607,54.877],[-1.605,54.878],[-1.604,54.878],[-1.603,54.878],[-1.6,54.878],[-1.599,54.878],[-1.598,54.878],[-1.597,54.877],[-1.596,54.876],[-1.595,54.876],[-1.595,54.877],[-1.594,54.878],[-1.592,54.878],[-1.591,54.878],[-1.589,54.878],[-1.588,54.878],[-1.587,54.878],[-1.586,54.879],[-1.585,54.879],[-1.584,54.879],[-1.583,54.88],[-1.582,54.881],[-1.581,54.881],[-1.58,54.879],[-1.579,54.878],[-1.577,54.878],[-1.576,54.879],[-1.574,54.879],[-1.571,54.879],[-1.57,54.88],[-1.569,54.88],[-1.568,54.88],[-1.566,54.881],[-1.562,54.881],[-1.561,54.881],[-1.559,54.882],[-1.56,54.88],[-1.561,54.879],[-1.562,54.878],[-1.562,54.877],[-1.561,54.876],[-1.559,54.876],[-1.556,54.876],[-1.554,54.876],[-1.553,54.876],[-1.552,54.876],[-1.548,54.875],[-1.546,54.874],[-1.543,54.874],[-1.539,54.875],[-1.537,54.875],[-1.536,54.875],[-1.533,54.877]]]},"properties":{"OBJECTID":6954,"wd11cd":"E05007997","wd11cdo":"00EJNW","wd11nm":"Pelton","wd11nmw":" ","GlobalID":"fd79cd0d-eaab-4d98-a7a0-655ddbfd8851","results":{"2005":{"winning_party":"Labour","labour_votes":1848,"conservative_votes":655,"libdem_votes":698,"reform_uk_votes":0,"green_votes":0,"independent_votes":545,"other_votes":0,"labour_pct":49.3,"conservative_pct":17.5,"libdem_pct":18.6,"reform_uk_pct":0.0,"green_pct":0.0,"independent_pct":14.5,"other_pct":0.0,"total_votes":3746,"turnout":0},"2008":{"winning_party":"Labour","labour_votes":2325,"conservative_votes":1240,"libdem_votes":0,"reform_uk_votes":0,"green_votes":0,"independent_votes":0,"other_votes":0,"labour_pct":65.2,"conservative_pct":34.8,"libdem_pct":0.0,"reform_uk_pct":0.0,"green_pct":0.0,"independent_pct":0.0,"other_pct":0.0,"total_votes":3565,"turnout":0},"2013":{"winning_party":"Labour","labour_votes":4870,"conservative_votes":823,"libdem_votes":0,"reform_uk_votes":0,"green_votes":0,"independent_votes":0,"other_votes":865,"labour_pct":74.3,"conservative_pct":12.5,"libdem_pct":0.0,"reform_uk_pct":0.0,"green_pct":0.0,"independent_pct":0.0,"other_pct":13.2,"total_votes":6558,"turnout":25},"2017":{"winning_party":"Labour","labour_votes":4648,"conservative_votes":1000,"libdem_votes":0,"reform_uk_votes":0,"green_votes":530,"independent_votes":0,"other_votes":681,"labour_pct":67.8,"conservative_pct":14.6,"libdem_pct":0.0,"reform_uk_pct":0.0,"green_pct":7.7,"independent_pct":0.0,"other_pct":9.9,"total_votes":6859,"turnout":2944},"2021":{"winning_party":"Labour","labour_votes":5284,"conservative_votes":2516,"libdem_votes":0,"reform_uk_votes":0,"green_votes":0,"independent_votes":711,"other_votes":0,"labour_pct":62.1,"conservative_pct":29.6,"libdem_pct":0.0,"reform_uk_pct":0.0,"green_pct":0.0,"independent_pct":8.4,"other_pct":0.0,"total_votes":8511,"turnout":3422}}}},{"type":"Feature","id":6955,"geometry":{"type":"Polygon","coordinates":[[[-1.34,54.774],[-1.339,54.773],[-1.338,54.773],[-1.337,54.773],[-1.334,54.774],[-1.333,54.774],[-1.332,54.774],[-1.33,54.774],[-1.33,54.773],[-1.331,54.772],[-1.331,54.771],[-1.33,54.771],[-1.328,54.77],[-1.327,54.77],[-1.326,54.769],[-1.325,54.769],[-1.324,54.768],[-1.323,54.768],[-1.322,54.765],[-1.322,54.764],[-1.322,54.763],[-1.324,54.764],[-1.324,54.763],[-1.325,54.761],[-1.323,54.76],[-1.321,54.76],[-1.319,54.761],[-1.318,54.761],[-1.318,54.76],[-1.316,54.759],[-1.315,54.759],[-1.313,54.758],[-1.311,54.758],[-1.31,54.758],[-1.309,54.757],[-1.308,54.757],[-1.307,54.757],[-1.306,54.757],[-1.305,54.757],[-1.304,54.758],[-1.303,54.758],[-1.302,54.758],[-1.301,54.757],[-1.3,54.758],[-1.299,54.758],[-1.298,54.758],[-1.297,54.758],[-1.296,54.759],[-1.295,54.759],[-1.294,54.76],[-1.293,54.761],[-1.292,54.76],[-1.294,54.758],[-1.295,54.758],[-1.296,54.757],[-1.297,54.757],[-1.298,54.758],[-1.299,54.758],[-1.299,54.757],[-1.3,54.757],[-1.3,54.756],[-1.301,54.756],[-1.301,54.757],[-1.302,54.757],[-1.303,54.757],[-1.304,54.757],[-1.306,54.756],[-1.307,54.756],[-1.308,54.756],[-1.308,54.755],[-1.309,54.755],[-1.31,54.754],[-1.312,54.754],[-1.313,54.754],[-1.314,54.754],[-1.315,54.754],[-1.316,54.754],[-1.318,54.753],[-1.319,54.752],[-1.32,54.752],[-1.321,54.752],[-1.322,54.752],[-1.322,54.751],[-1.323,54.751],[-1.324,54.751],[-1.324,54.75],[-1.325,54.75],[-1.326,54.75],[-1.327,54.75],[-1.329,54.751],[-1.33,54.751],[-1.331,54.751],[-1.332,54.751],[-1.334,54.751],[-1.334,54.752],[-1.334,54.751],[-1.334,54.752],[-1.335,54.752],[-1.336,54.752],[-1.337,54.752],[-1.337,54.753],[-1.337,54.754],[-1.338,54.754],[-1.338,54.755],[-1.339,54.756],[-1.339,54.757],[-1.338,54.758],[-1.337,54.758],[-1.337,54.759],[-1.337,54.76],[-1.337,54.761],[-1.338,54.762],[-1.339,54.763],[-1.34,54.764],[-1.342,54.767],[-1.344,54.77],[-1.344,54.771],[-1.344,54.772],[-1.344,54.773],[-1.344,54.774],[-1.343,54.774],[-1.343,54.775],[-1.341,54.775],[-1.34,54.774]]]},"properties":{"OBJECTID":6955,"wd11cd":"E05007998","wd11cdo":"00EJNX","wd11nm":"Peterlee East","wd11nmw":" ","GlobalID":"b951fa60-5cba-4d9b-ae43-e4750ea1e2d8","results":{"2005":{"winning_party":"Labour","labour_votes":1856,"conservative_votes":209,"libdem_votes":0,"reform_uk_votes":0,"green_votes":0,"independent_votes":404,"other_votes":0,"labour_pct":75.2,"conservative_pct":8.5,"libdem_pct":0.0,"reform_uk_pct":0.0,"green_pct":0.0,"independent_pct":16.4,"other_pct":0.0,"total_votes":2469,"turnout":0},"2008":{"winning_party":"Labour","labour_votes":1342,"conservative_votes":0,"libdem_votes":242,"reform_uk_votes":0,"green_votes":0,"independent_votes":1258,"other_votes":0,"labour_pct":47.2,"conservative_pct":0.0,"libdem_pct":8.5,"reform_uk_pct":0.0,"green_pct":0.0,"independent_pct":44.3,"other_pct":0.0,"total_votes":2842,"turnout":0},"2013":{"winning_party":"Labour","labour_votes":1525,"conservative_votes":0,"libdem_votes":0,"reform_uk_votes":0,"green_votes":0,"independent_votes":1034,"other_votes":0,"labour_pct":59.6,"conservative_pct":0.0,"libdem_pct":0.0,"reform_uk_pct":0.0,"green_pct":0.0,"independent_pct":40.4,"other_pct":0.0,"total_votes":2559,"turnout":23},"2017":{"winning_party":"Labour","labour_votes":1154,"conservative_votes":129,"libdem_votes":0,"reform_uk_votes":0,"green_votes":0,"independent_votes":0,"other_votes":0,"labour_pct":89.9,"conservative_pct":10.1,"libdem_pct":0.0,"reform_uk_pct":0.0,"green_pct":0.0,"independent_pct":0.0,"other_pct":0.0,"total_votes":1283,"turnout":1270},"2021":{"winning_party":"Labour","labour_votes":934,"conservative_votes":313,"libdem_votes":0,"reform_uk_votes":0,"green_votes":0,"independent_votes":0,"other_votes":0,"labour_pct":74.9,"conservative_pct":25.1,"libdem_pct":0.0,"reform_uk_pct":0.0,"green_pct":0.0,"independent_pct":0.0,"other_pct":0.0,"total_votes":1247,"turnout":1350}}}},{"type":"Feature","id":6956,"geometry":{"type":"Polygon","coordinates":[[[-1.344,54.774],[-1.344,54.773],[-1.344,54.772],[-1.344,54.771],[-1.342,54.768],[-1.341,54.764],[-1.342,54.764],[-1.343,54.764],[-1.344,54.764],[-1.345,54.764],[-1.346,54.764],[-1.347,54.764],[-1.348,54.763],[-1.349,54.763],[-1.35,54.763],[-1.35,54.762],[-1.347,54.76],[-1.346,54.76],[-1.345,54.759],[-1.343,54.759],[-1.342,54.758],[-1.343,54.757],[-1.344,54.757],[-1.346,54.755],[-1.349,54.753],[-1.351,54.752],[-1.352,54.751],[-1.353,54.751],[-1.354,54.75],[-1.355,54.75],[-1.356,54.75],[-1.36,54.749],[-1.361,54.749],[-1.362,54.749],[-1.363,54.75],[-1.362,54.751],[-1.361,54.753],[-1.36,54.755],[-1.36,54.756],[-1.359,54.758],[-1.358,54.759],[-1.357,54.761],[-1.357,54.762],[-1.357,54.764],[-1.357,54.765],[-1.357,54.767],[-1.357,54.768],[-1.357,54.769],[-1.357,54.77],[-1.358,54.771],[-1.358,54.772],[-1.357,54.772],[-1.356,54.772],[-1.355,54.772],[-1.354,54.772],[-1.353,54.772],[-1.351,54.772],[-1.35,54.772],[-1.349,54.772],[-1.348,54.772],[-1.348,54.773],[-1.347,54.773],[-1.346,54.773],[-1.345,54.774],[-1.344,54.774]]]},"properties":{"OBJECTID":6956,"wd11cd":"E05007999","wd11cdo":"00EJNY","wd11nm":"Peterlee West","wd11nmw":" ","GlobalID":"33822608-f021-4f0a-a399-8ae127925b78","results":{"2005":{"winning_party":"Labour","labour_votes":2276,"conservative_votes":376,"libdem_votes":0,"reform_uk_votes":0,"green_votes":0,"independent_votes":0,"other_votes":0,"labour_pct":85.8,"conservative_pct":14.2,"libdem_pct":0.0,"reform_uk_pct":0.0,"green_pct":0.0,"independent_pct":0.0,"other_pct":0.0,"total_votes":2652,"turnout":0},"2008":{"winning_party":"Liberal Democrats","labour_votes":1349,"conservative_votes":0,"libdem_votes":1690,"reform_uk_votes":0,"green_votes":0,"independent_votes":0,"other_votes":0,"labour_pct":44.4,"conservative_pct":0.0,"libdem_pct":55.6,"reform_uk_pct":0.0,"green_pct":0.0,"independent_pct":0.0,"other_pct":0.0,"total_votes":3039,"turnout":0},"2013":{"winning_party":"Independent","labour_votes":1211,"conservative_votes":36,"libdem_votes":0,"reform_uk_votes":0,"green_votes":0,"independent_votes":1368,"other_votes":0,"labour_pct":46.3,"conservative_pct":1.4,"libdem_pct":0.0,"reform_uk_pct":0.0,"green_pct":0.0,"independent_pct":52.3,"other_pct":0.0,"total_votes":2615,"turnout":21},"2017":{"winning_party":"Labour","labour_votes":1172,"conservative_votes":211,"libdem_votes":0,"reform_uk_votes":0,"green_votes":0,"independent_votes":0,"other_votes":0,"labour_pct":84.7,"conservative_pct":15.3,"libdem_pct":0.0,"reform_uk_pct":0.0,"green_pct":0.0,"independent_pct":0.0,"other_pct":0.0,"total_votes":1383,"turnout":1483},"2021":{"winning_party":"Labour","labour_votes":1053,"conservative_votes":404,"libdem_votes":0,"reform_uk_votes":0,"green_votes":0,"independent_votes":0,"other_votes":0,"labour_pct":72.3,"conservative_pct":27.7,"libdem_pct":0.0,"reform_uk_pct":0.0,"green_pct":0.0,"independent_pct":0.0,"other_pct":0.0,"total_votes":1457,"turnout":1575}}}},{"type":"Feature","id":6957,"geometry":{"type":"Polygon","coordinates":[[[-1.582,54.835],[-1.58,54.835],[-1.576,54.835],[-1.575,54.833],[-1.571,54.833],[-1.57,54.833],[-1.57,54.834],[-1.568,54.833],[-1.567,54.833],[-1.565,54.833],[-1.564,54.833],[-1.563,54.833],[-1.561,54.832],[-1.56,54.831],[-1.559,54.831],[-1.558,54.83],[-1.557,54.829],[-1.557,54.827],[-1.557,54.826],[-1.558,54.826],[-1.56,54.826],[-1.561,54.826],[-1.562,54.826],[-1.564,54.826],[-1.566,54.826],[-1.569,54.825],[-1.573,54.821],[-1.576,54.822],[-1.579,54.823],[-1.584,54.823],[-1.585,54.823],[-1.587,54.822],[-1.588,54.822],[-1.589,54.821],[-1.59,54.821],[-1.589,54.821],[-1.589,54.82],[-1.59,54.82],[-1.591,54.82],[-1.592,54.819],[-1.593,54.817],[-1.594,54.817],[-1.595,54.817],[-1.596,54.816],[-1.598,54.816],[-1.6,54.817],[-1.605,54.817],[-1.609,54.817],[-1.613,54.816],[-1.617,54.815],[-1.618,54.815],[-1.618,54.814],[-1.62,54.813],[-1.621,54.813],[-1.623,54.813],[-1.623,54.811],[-1.628,54.812],[-1.63,54.813],[-1.631,54.813],[-1.634,54.814],[-1.635,54.814],[-1.636,54.814],[-1.636,54.815],[-1.638,54.814],[-1.639,54.814],[-1.64,54.815],[-1.641,54.815],[-1.641,54.816],[-1.64,54.816],[-1.639,54.816],[-1.639,54.817],[-1.639,54.818],[-1.64,54.819],[-1.639,54.82],[-1.639,54.821],[-1.641,54.821],[-1.645,54.822],[-1.646,54.823],[-1.647,54.824],[-1.649,54.825],[-1.652,54.826],[-1.653,54.827],[-1.655,54.827],[-1.657,54.827],[-1.661,54.826],[-1.664,54.825],[-1.665,54.826],[-1.666,54.826],[-1.667,54.826],[-1.666,54.827],[-1.666,54.828],[-1.666,54.829],[-1.666,54.83],[-1.666,54.831],[-1.666,54.832],[-1.665,54.832],[-1.664,54.832],[-1.663,54.832],[-1.662,54.832],[-1.661,54.832],[-1.66,54.832],[-1.659,54.832],[-1.658,54.832],[-1.657,54.832],[-1.657,54.831],[-1.656,54.831],[-1.655,54.831],[-1.654,54.832],[-1.654,54.831],[-1.653,54.831],[-1.651,54.831],[-1.649,54.832],[-1.648,54.832],[-1.647,54.832],[-1.645,54.833],[-1.644,54.833],[-1.643,54.833],[-1.642,54.833],[-1.641,54.833],[-1.64,54.833],[-1.639,54.833],[-1.638,54.833],[-1.637,54.833],[-1.636,54.833],[-1.635,54.833],[-1.634,54.833],[-1.631,54.833],[-1.632,54.835],[-1.63,54.835],[-1.626,54.836],[-1.625,54.836],[-1.623,54.837],[-1.619,54.839],[-1.618,54.839],[-1.617,54.839],[-1.614,54.837],[-1.613,54.837],[-1.612,54.836],[-1.611,54.836],[-1.61,54.835],[-1.609,54.834],[-1.608,54.833],[-1.607,54.833],[-1.606,54.832],[-1.604,54.832],[-1.602,54.833],[-1.6,54.833],[-1.598,54.834],[-1.598,54.835],[-1.596,54.834],[-1.594,54.835],[-1.591,54.834],[-1.588,54.834],[-1.586,54.834],[-1.584,54.834],[-1.583,54.835],[-1.582,54.835]]]},"properties":{"OBJECTID":6957,"wd11cd":"E05008000","wd11cdo":"00EJNZ","wd11nm":"Sacriston","wd11nmw":" ","GlobalID":"1985050c-18a0-49a8-9904-db2cec6bc45a","results":{"2005":{"winning_party":"Labour","labour_votes":1693,"conservative_votes":349,"libdem_votes":499,"reform_uk_votes":0,"green_votes":0,"independent_votes":0,"other_votes":0,"labour_pct":66.6,"conservative_pct":13.7,"libdem_pct":19.6,"reform_uk_pct":0.0,"green_pct":0.0,"independent_pct":0.0,"other_pct":0.0,"total_votes":2541,"turnout":0},"2008":{"winning_party":"Labour","labour_votes":1941,"conservative_votes":313,"libdem_votes":759,"reform_uk_votes":0,"green_votes":0,"independent_votes":0,"other_votes":0,"labour_pct":64.4,"conservative_pct":10.4,"libdem_pct":25.2,"reform_uk_pct":0.0,"green_pct":0.0,"independent_pct":0.0,"other_pct":0.0,"total_votes":3013,"turnout":0},"2013":{"winning_party":"Labour","labour_votes":1830,"conservative_votes":205,"libdem_votes":162,"reform_uk_votes":0,"green_votes":0,"independent_votes":0,"other_votes":678,"labour_pct":63.7,"conservative_pct":7.1,"libdem_pct":5.6,"reform_uk_pct":0.0,"green_pct":0.0,"independent_pct":0.0,"other_pct":23.6,"total_votes":2875,"turnout":26},"2017":{"winning_party":"Labour","labour_votes":1965,"conservative_votes":403,"libdem_votes":0,"reform_uk_votes":0,"green_votes":0,"independent_votes":0,"other_votes":394,"labour_pct":71.1,"conservative_pct":14.6,"libdem_pct":0.0,"reform_uk_pct":0.0,"green_pct":0.0,"independent_pct":0.0,"other_pct":14.3,"total_votes":2762,"turnout":1644},"2021":{"winning_party":"Labour","labour_votes":1806,"conservative_votes":979,"libdem_votes":0,"reform_uk_votes":0,"green_votes":151,"independent_votes":0,"other_votes":0,"labour_pct":61.5,"conservative_pct":33.3,"libdem_pct":0.0,"reform_uk_pct":0.0,"green_pct":5.1,"independent_pct":0.0,"other_pct":0.0,"total_votes":2936,"turnout":1735}}}},{"type":"Feature","id":6958,"geometry":{"type":"Polygon","coordinates":[[[-1.332,54.842],[-1.333,54.842],[-1.334,54.842],[-1.334,54.841],[-1.335,54.841],[-1.334,54.841],[-1.335,54.841],[-1.335,54.84],[-1.336,54.84],[-1.337,54.84],[-1.338,54.84],[-1.339,54.84],[-1.339,54.839],[-1.34,54.839],[-1.341,54.839],[-1.342,54.839],[-1.343,54.838],[-1.345,54.839],[-1.35,54.839],[-1.352,54.839],[-1.354,54.839],[-1.356,54.839],[-1.362,54.839],[-1.363,54.838],[-1.366,54.838],[-1.368,54.838],[-1.369,54.839],[-1.371,54.84],[-1.372,54.839],[-1.372,54.838],[-1.372,54.837],[-1.373,54.837],[-1.374,54.837],[-1.374,54.836],[-1.375,54.836],[-1.376,54.835],[-1.377,54.835],[-1.378,54.834],[-1.378,54.833],[-1.377,54.832],[-1.377,54.831],[-1.378,54.832],[-1.379,54.832],[-1.38,54.832],[-1.381,54.832],[-1.382,54.832],[-1.383,54.832],[-1.385,54.832],[-1.386,54.832],[-1.387,54.832],[-1.388,54.832],[-1.389,54.832],[-1.39,54.832],[-1.391,54.832],[-1.392,54.833],[-1.393,54.833],[-1.394,54.833],[-1.395,54.832],[-1.396,54.832],[-1.397,54.832],[-1.398,54.831],[-1.399,54.831],[-1.4,54.831],[-1.4,54.83],[-1.399,54.829],[-1.399,54.828],[-1.399,54.827],[-1.399,54.826],[-1.399,54.825],[-1.398,54.825],[-1.399,54.825],[-1.4,54.825],[-1.401,54.824],[-1.402,54.824],[-1.403,54.823],[-1.404,54.823],[-1.405,54.823],[-1.406,54.824],[-1.407,54.824],[-1.408,54.824],[-1.409,54.824],[-1.411,54.824],[-1.412,54.824],[-1.413,54.825],[-1.415,54.826],[-1.416,54.827],[-1.415,54.827],[-1.416,54.827],[-1.416,54.828],[-1.417,54.829],[-1.416,54.829],[-1.416,54.83],[-1.416,54.831],[-1.417,54.831],[-1.419,54.832],[-1.42,54.833],[-1.421,54.834],[-1.421,54.835],[-1.421,54.836],[-1.422,54.837],[-1.422,54.838],[-1.422,54.839],[-1.421,54.839],[-1.42,54.839],[-1.42,54.84],[-1.419,54.84],[-1.418,54.84],[-1.418,54.841],[-1.417,54.841],[-1.416,54.841],[-1.415,54.841],[-1.414,54.841],[-1.414,54.842],[-1.412,54.842],[-1.412,54.843],[-1.412,54.844],[-1.413,54.844],[-1.414,54.845],[-1.413,54.845],[-1.412,54.845],[-1.411,54.845],[-1.409,54.845],[-1.408,54.846],[-1.407,54.846],[-1.405,54.846],[-1.404,54.846],[-1.403,54.846],[-1.402,54.846],[-1.401,54.846],[-1.4,54.847],[-1.4,54.846],[-1.399,54.846],[-1.398,54.846],[-1.397,54.846],[-1.396,54.846],[-1.395,54.846],[-1.394,54.846],[-1.393,54.846],[-1.392,54.846],[-1.391,54.846],[-1.389,54.846],[-1.387,54.847],[-1.386,54.847],[-1.385,54.848],[-1.384,54.848],[-1.383,54.848],[-1.382,54.847],[-1.381,54.847],[-1.38,54.848],[-1.38,54.849],[-1.379,54.85],[-1.378,54.85],[-1.377,54.851],[-1.377,54.852],[-1.376,54.852],[-1.375,54.853],[-1.373,54.854],[-1.371,54.856],[-1.369,54.857],[-1.368,54.858],[-1.367,54.858],[-1.366,54.858],[-1.365,54.858],[-1.364,54.858],[-1.363,54.858],[-1.362,54.858],[-1.361,54.858],[-1.36,54.858],[-1.359,54.858],[-1.358,54.858],[-1.357,54.859],[-1.356,54.859],[-1.355,54.859],[-1.355,54.86],[-1.354,54.86],[-1.353,54.86],[-1.352,54.861],[-1.351,54.86],[-1.35,54.86],[-1.349,54.86],[-1.348,54.861],[-1.347,54.861],[-1.347,54.859],[-1.347,54.858],[-1.346,54.856],[-1.346,54.855],[-1.345,54.855],[-1.344,54.853],[-1.343,54.852],[-1.342,54.851],[-1.341,54.849],[-1.339,54.847],[-1.337,54.846],[-1.337,54.845],[-1.336,54.844],[-1.335,54.843],[-1.334,54.842],[-1.333,54.842],[-1.332,54.842]]]},"properties":{"OBJECTID":6958,"wd11cd":"E05008001","wd11cdo":"00EJPA","wd11nm":"Seaham","wd11nmw":" ","GlobalID":"9c0fe0b7-d232-4a73-8548-443e41b8baa5","results":{"2005":{"winning_party":"Labour","labour_votes":2246,"conservative_votes":971,"libdem_votes":0,"reform_uk_votes":0,"green_votes":0,"independent_votes":0,"other_votes":0,"labour_pct":69.8,"conservative_pct":30.2,"libdem_pct":0.0,"reform_uk_pct":0.0,"green_pct":0.0,"independent_pct":0.0,"other_pct":0.0,"total_votes":3217,"turnout":0},"2008":{"winning_party":"Labour","labour_votes":2107,"conservative_votes":1827,"libdem_votes":0,"reform_uk_votes":0,"green_votes":0,"independent_votes":0,"other_votes":0,"labour_pct":53.6,"conservative_pct":46.4,"libdem_pct":0.0,"reform_uk_pct":0.0,"green_pct":0.0,"independent_pct":0.0,"other_pct":0.0,"total_votes":3934,"turnout":0},"2013":{"winning_party":"Labour","labour_votes":1448,"conservative_votes":487,"libdem_votes":0,"reform_uk_votes":0,"green_votes":0,"independent_votes":0,"other_votes":845,"labour_pct":52.1,"conservative_pct":17.5,"libdem_pct":0.0,"reform_uk_pct":0.0,"green_pct":0.0,"independent_pct":0.0,"other_pct":30.4,"total_votes":2780,"turnout":25},"2017":{"winning_party":"Labour","labour_votes":1238,"conservative_votes":870,"libdem_votes":0,"reform_uk_votes":0,"green_votes":94,"independent_votes":0,"other_votes":909,"labour_pct":39.8,"conservative_pct":28.0,"libdem_pct":0.0,"reform_uk_pct":0.0,"green_pct":3.0,"independent_pct":0.0,"other_pct":29.2,"total_votes":3111,"turnout":1617},"2021":{"winning_party":"Labour","labour_votes":1441,"conservative_votes":881,"libdem_votes":100,"reform_uk_votes":0,"green_votes":0,"independent_votes":0,"other_votes":921,"labour_pct":43.1,"conservative_pct":26.4,"libdem_pct":3.0,"reform_uk_pct":0.0,"green_pct":0.0,"independent_pct":0.0,"other_pct":27.6,"total_votes":3343,"turnout":1836}}}},{"type":"Feature","id":6959,"geometry":{"type":"Polygon","coordinates":[[[-1.39,54.683],[-1.388,54.683],[-1.387,54.683],[-1.386,54.683],[-1.384,54.684],[-1.383,54.684],[-1.382,54.684],[-1.381,54.684],[-1.381,54.685],[-1.38,54.685],[-1.38,54.686],[-1.379,54.686],[-1.379,54.687],[-1.379,54.688],[-1.378,54.688],[-1.377,54.688],[-1.376,54.689],[-1.375,54.689],[-1.374,54.69],[-1.375,54.691],[-1.374,54.692],[-1.373,54.692],[-1.372,54.692],[-1.37,54.692],[-1.369,54.692],[-1.368,54.692],[-1.367,54.692],[-1.366,54.692],[-1.365,54.692],[-1.363,54.692],[-1.362,54.692],[-1.361,54.692],[-1.36,54.692],[-1.357,54.692],[-1.356,54.692],[-1.355,54.692],[-1.352,54.691],[-1.352,54.692],[-1.351,54.692],[-1.35,54.692],[-1.347,54.691],[-1.345,54.691],[-1.344,54.691],[-1.341,54.69],[-1.34,54.69],[-1.339,54.689],[-1.338,54.69],[-1.336,54.689],[-1.335,54.689],[-1.334,54.689],[-1.334,54.688],[-1.333,54.687],[-1.332,54.687],[-1.332,54.686],[-1.332,54.685],[-1.332,54.684],[-1.331,54.684],[-1.331,54.682],[-1.331,54.681],[-1.332,54.681],[-1.332,54.68],[-1.332,54.679],[-1.332,54.678],[-1.332,54.677],[-1.333,54.677],[-1.333,54.676],[-1.332,54.675],[-1.332,54.674],[-1.333,54.674],[-1.333,54.673],[-1.334,54.672],[-1.334,54.671],[-1.336,54.671],[-1.337,54.67],[-1.338,54.67],[-1.339,54.669],[-1.34,54.669],[-1.341,54.669],[-1.342,54.669],[-1.343,54.668],[-1.343,54.667],[-1.342,54.666],[-1.343,54.666],[-1.343,54.665],[-1.344,54.665],[-1.345,54.665],[-1.346,54.665],[-1.346,54.664],[-1.347,54.664],[-1.347,54.663],[-1.348,54.663],[-1.348,54.662],[-1.346,54.662],[-1.347,54.661],[-1.346,54.661],[-1.346,54.66],[-1.346,54.659],[-1.347,54.659],[-1.348,54.659],[-1.347,54.659],[-1.347,54.658],[-1.347,54.659],[-1.345,54.658],[-1.344,54.658],[-1.343,54.658],[-1.343,54.657],[-1.344,54.657],[-1.343,54.656],[-1.343,54.655],[-1.342,54.654],[-1.341,54.653],[-1.342,54.653],[-1.342,54.652],[-1.341,54.651],[-1.341,54.65],[-1.343,54.65],[-1.344,54.65],[-1.344,54.651],[-1.346,54.651],[-1.348,54.651],[-1.349,54.651],[-1.35,54.651],[-1.35,54.649],[-1.351,54.649],[-1.352,54.649],[-1.353,54.649],[-1.355,54.649],[-1.356,54.648],[-1.356,54.649],[-1.357,54.649],[-1.358,54.649],[-1.359,54.649],[-1.361,54.649],[-1.362,54.649],[-1.363,54.649],[-1.364,54.649],[-1.365,54.648],[-1.366,54.648],[-1.366,54.649],[-1.367,54.649],[-1.368,54.648],[-1.369,54.648],[-1.37,54.648],[-1.371,54.647],[-1.372,54.647],[-1.373,54.647],[-1.375,54.647],[-1.376,54.647],[-1.378,54.646],[-1.379,54.646],[-1.38,54.646],[-1.382,54.646],[-1.384,54.646],[-1.383,54.645],[-1.383,54.644],[-1.382,54.644],[-1.381,54.644],[-1.382,54.644],[-1.383,54.644],[-1.384,54.643],[-1.385,54.643],[-1.386,54.642],[-1.387,54.642],[-1.388,54.641],[-1.388,54.64],[-1.389,54.64],[-1.39,54.64],[-1.39,54.639],[-1.391,54.638],[-1.39,54.638],[-1.39,54.637],[-1.391,54.637],[-1.391,54.636],[-1.39,54.636],[-1.39,54.635],[-1.389,54.635],[-1.389,54.634],[-1.388,54.633],[-1.387,54.633],[-1.388,54.632],[-1.389,54.632],[-1.389,54.631],[-1.39,54.631],[-1.391,54.632],[-1.392,54.632],[-1.393,54.632],[-1.394,54.631],[-1.395,54.631],[-1.396,54.631],[-1.395,54.63],[-1.394,54.629],[-1.399,54.627],[-1.401,54.627],[-1.401,54.626],[-1.4,54.625],[-1.4,54.624],[-1.401,54.623],[-1.405,54.624],[-1.406,54.623],[-1.408,54.622],[-1.407,54.622],[-1.407,54.621],[-1.406,54.621],[-1.407,54.621],[-1.408,54.62],[-1.409,54.619],[-1.41,54.618],[-1.413,54.617],[-1.415,54.616],[-1.417,54.615],[-1.418,54.614],[-1.421,54.614],[-1.421,54.613],[-1.423,54.613],[-1.424,54.612],[-1.426,54.612],[-1.427,54.612],[-1.428,54.613],[-1.428,54.614],[-1.429,54.615],[-1.43,54.615],[-1.431,54.615],[-1.432,54.614],[-1.433,54.614],[-1.434,54.614],[-1.435,54.614],[-1.436,54.614],[-1.437,54.614],[-1.438,54.613],[-1.439,54.613],[-1.439,54.612],[-1.439,54.611],[-1.44,54.611],[-1.441,54.611],[-1.442,54.611],[-1.442,54.61],[-1.443,54.61],[-1.444,54.61],[-1.445,54.61],[-1.444,54.61],[-1.445,54.611],[-1.447,54.611],[-1.448,54.611],[-1.449,54.611],[-1.449,54.61],[-1.45,54.61],[-1.45,54.611],[-1.451,54.611],[-1.451,54.61],[-1.451,54.609],[-1.452,54.609],[-1.452,54.608],[-1.452,54.607],[-1.453,54.607],[-1.452,54.607],[-1.452,54.606],[-1.451,54.606],[-1.451,54.605],[-1.45,54.605],[-1.45,54.604],[-1.449,54.604],[-1.449,54.603],[-1.448,54.603],[-1.447,54.603],[-1.447,54.602],[-1.445,54.602],[-1.445,54.601],[-1.444,54.6],[-1.445,54.6],[-1.445,54.599],[-1.444,54.599],[-1.443,54.599],[-1.443,54.598],[-1.442,54.598],[-1.442,54.597],[-1.441,54.597],[-1.44,54.597],[-1.44,54.596],[-1.439,54.596],[-1.44,54.596],[-1.439,54.596],[-1.439,54.595],[-1.438,54.595],[-1.439,54.595],[-1.44,54.595],[-1.44,54.594],[-1.44,54.593],[-1.441,54.593],[-1.442,54.593],[-1.443,54.592],[-1.443,54.591],[-1.444,54.591],[-1.444,54.59],[-1.444,54.591],[-1.445,54.591],[-1.446,54.591],[-1.447,54.591],[-1.449,54.591],[-1.451,54.591],[-1.452,54.591],[-1.453,54.593],[-1.453,54.594],[-1.454,54.594],[-1.455,54.596],[-1.456,54.598],[-1.456,54.599],[-1.457,54.599],[-1.458,54.599],[-1.459,54.598],[-1.459,54.597],[-1.46,54.597],[-1.461,54.598],[-1.464,54.599],[-1.464,54.6],[-1.466,54.6],[-1.468,54.6],[-1.469,54.601],[-1.47,54.601],[-1.471,54.6],[-1.472,54.599],[-1.474,54.599],[-1.478,54.599],[-1.48,54.599],[-1.481,54.599],[-1.482,54.599],[-1.483,54.599],[-1.484,54.599],[-1.484,54.6],[-1.485,54.6],[-1.486,54.599],[-1.488,54.599],[-1.489,54.599],[-1.49,54.598],[-1.491,54.598],[-1.494,54.597],[-1.495,54.596],[-1.496,54.596],[-1.497,54.596],[-1.499,54.596],[-1.5,54.596],[-1.503,54.596],[-1.505,54.596],[-1.508,54.596],[-1.509,54.595],[-1.51,54.595],[-1.512,54.595],[-1.518,54.596],[-1.519,54.596],[-1.522,54.597],[-1.522,54.596],[-1.526,54.596],[-1.528,54.596],[-1.53,54.596],[-1.532,54.595],[-1.535,54.595],[-1.538,54.594],[-1.54,54.594],[-1.542,54.593],[-1.544,54.593],[-1.545,54.592],[-1.546,54.592],[-1.547,54.592],[-1.549,54.592],[-1.55,54.592],[-1.553,54.591],[-1.553,54.592],[-1.556,54.592],[-1.557,54.592],[-1.558,54.592],[-1.559,54.592],[-1.558,54.593],[-1.558,54.594],[-1.559,54.595],[-1.558,54.596],[-1.559,54.596],[-1.559,54.597],[-1.558,54.598],[-1.558,54.599],[-1.558,54.6],[-1.557,54.6],[-1.558,54.601],[-1.557,54.601],[-1.556,54.601],[-1.556,54.602],[-1.556,54.603],[-1.555,54.604],[-1.554,54.604],[-1.554,54.605],[-1.553,54.605],[-1.553,54.606],[-1.551,54.607],[-1.55,54.608],[-1.548,54.608],[-1.547,54.609],[-1.546,54.61],[-1.545,54.61],[-1.544,54.611],[-1.543,54.611],[-1.542,54.612],[-1.541,54.612],[-1.54,54.612],[-1.539,54.612],[-1.538,54.612],[-1.537,54.612],[-1.536,54.612],[-1.535,54.612],[-1.534,54.612],[-1.533,54.612],[-1.532,54.612],[-1.531,54.612],[-1.529,54.612],[-1.528,54.612],[-1.527,54.612],[-1.526,54.612],[-1.525,54.612],[-1.524,54.613],[-1.523,54.613],[-1.523,54.614],[-1.522,54.614],[-1.521,54.614],[-1.52,54.615],[-1.521,54.615],[-1.521,54.616],[-1.521,54.617],[-1.522,54.619],[-1.523,54.621],[-1.525,54.623],[-1.526,54.623],[-1.527,54.623],[-1.528,54.623],[-1.528,54.624],[-1.529,54.624],[-1.528,54.624],[-1.529,54.625],[-1.53,54.625],[-1.529,54.625],[-1.53,54.625],[-1.53,54.626],[-1.531,54.626],[-1.532,54.626],[-1.532,54.627],[-1.533,54.627],[-1.532,54.627],[-1.533,54.628],[-1.534,54.628],[-1.534,54.629],[-1.535,54.629],[-1.534,54.629],[-1.535,54.63],[-1.536,54.63],[-1.537,54.63],[-1.537,54.631],[-1.538,54.631],[-1.538,54.63],[-1.539,54.63],[-1.539,54.631],[-1.54,54.631],[-1.54,54.632],[-1.54,54.633],[-1.541,54.633],[-1.541,54.632],[-1.541,54.633],[-1.542,54.633],[-1.542,54.634],[-1.541,54.634],[-1.541,54.635],[-1.542,54.635],[-1.542,54.636],[-1.542,54.637],[-1.542,54.638],[-1.542,54.639],[-1.543,54.639],[-1.542,54.64],[-1.542,54.641],[-1.542,54.642],[-1.542,54.643],[-1.542,54.644],[-1.541,54.644],[-1.54,54.645],[-1.539,54.645],[-1.539,54.646],[-1.539,54.647],[-1.538,54.647],[-1.538,54.648],[-1.54,54.65],[-1.538,54.651],[-1.537,54.651],[-1.536,54.651],[-1.536,54.652],[-1.537,54.653],[-1.536,54.654],[-1.535,54.654],[-1.534,54.654],[-1.534,54.655],[-1.533,54.655],[-1.533,54.656],[-1.532,54.656],[-1.532,54.657],[-1.53,54.657],[-1.528,54.658],[-1.526,54.659],[-1.525,54.659],[-1.525,54.66],[-1.524,54.66],[-1.523,54.66],[-1.522,54.661],[-1.521,54.662],[-1.519,54.662],[-1.518,54.662],[-1.517,54.662],[-1.516,54.662],[-1.515,54.662],[-1.514,54.662],[-1.513,54.662],[-1.512,54.662],[-1.511,54.662],[-1.511,54.663],[-1.51,54.663],[-1.509,54.663],[-1.508,54.663],[-1.507,54.664],[-1.508,54.665],[-1.509,54.667],[-1.51,54.668],[-1.511,54.668],[-1.512,54.668],[-1.512,54.669],[-1.515,54.669],[-1.518,54.67],[-1.519,54.671],[-1.52,54.671],[-1.521,54.672],[-1.522,54.672],[-1.523,54.673],[-1.525,54.674],[-1.526,54.675],[-1.526,54.676],[-1.524,54.677],[-1.523,54.678],[-1.52,54.678],[-1.52,54.68],[-1.519,54.68],[-1.517,54.68],[-1.517,54.681],[-1.518,54.681],[-1.518,54.682],[-1.52,54.683],[-1.521,54.683],[-1.521,54.684],[-1.522,54.685],[-1.522,54.686],[-1.521,54.686],[-1.52,54.686],[-1.518,54.687],[-1.515,54.687],[-1.512,54.688],[-1.51,54.688],[-1.509,54.687],[-1.508,54.687],[-1.507,54.687],[-1.505,54.687],[-1.506,54.689],[-1.506,54.69],[-1.506,54.691],[-1.505,54.692],[-1.503,54.692],[-1.502,54.692],[-1.5,54.692],[-1.499,54.693],[-1.498,54.693],[-1.495,54.694],[-1.494,54.694],[-1.493,54.694],[-1.491,54.694],[-1.489,54.695],[-1.486,54.696],[-1.485,54.696],[-1.483,54.697],[-1.481,54.697],[-1.48,54.695],[-1.479,54.694],[-1.478,54.694],[-1.477,54.693],[-1.476,54.692],[-1.474,54.69],[-1.473,54.69],[-1.472,54.689],[-1.471,54.688],[-1.47,54.686],[-1.47,54.685],[-1.469,54.684],[-1.468,54.682],[-1.467,54.681],[-1.467,54.68],[-1.466,54.679],[-1.464,54.677],[-1.462,54.677],[-1.461,54.677],[-1.461,54.678],[-1.46,54.678],[-1.459,54.678],[-1.458,54.678],[-1.457,54.678],[-1.456,54.678],[-1.455,54.678],[-1.454,54.679],[-1.453,54.679],[-1.451,54.678],[-1.451,54.679],[-1.45,54.679],[-1.449,54.678],[-1.448,54.678],[-1.447,54.678],[-1.446,54.678],[-1.445,54.678],[-1.445,54.677],[-1.444,54.677],[-1.443,54.677],[-1.443,54.676],[-1.442,54.676],[-1.441,54.676],[-1.44,54.675],[-1.439,54.675],[-1.439,54.674],[-1.44,54.673],[-1.44,54.672],[-1.439,54.672],[-1.438,54.672],[-1.437,54.672],[-1.436,54.671],[-1.435,54.671],[-1.435,54.67],[-1.433,54.67],[-1.432,54.67],[-1.431,54.669],[-1.43,54.669],[-1.429,54.669],[-1.428,54.669],[-1.427,54.67],[-1.427,54.669],[-1.426,54.67],[-1.426,54.669],[-1.426,54.67],[-1.425,54.67],[-1.424,54.67],[-1.423,54.67],[-1.422,54.67],[-1.422,54.669],[-1.421,54.669],[-1.42,54.669],[-1.417,54.67],[-1.416,54.67],[-1.415,54.669],[-1.414,54.669],[-1.413,54.669],[-1.412,54.67],[-1.411,54.67],[-1.41,54.67],[-1.409,54.67],[-1.408,54.67],[-1.407,54.67],[-1.407,54.671],[-1.408,54.671],[-1.408,54.672],[-1.407,54.672],[-1.406,54.672],[-1.405,54.672],[-1.404,54.673],[-1.404,54.674],[-1.403,54.675],[-1.403,54.676],[-1.402,54.677],[-1.401,54.677],[-1.401,54.678],[-1.401,54.679],[-1.4,54.681],[-1.399,54.681],[-1.397,54.682],[-1.395,54.682],[-1.394,54.682],[-1.392,54.683],[-1.39,54.683]]]},"properties":{"OBJECTID":6959,"wd11cd":"E05008002","wd11cdo":"00EJPB","wd11nm":"Sedgefield","wd11nmw":" ","GlobalID":"5a4608bb-595b-45f7-9258-1b8ed836548f","results":{"2005":{"winning_party":"Labour","labour_votes":2196,"conservative_votes":1616,"libdem_votes":0,"reform_uk_votes":0,"green_votes":0,"independent_votes":0,"other_votes":0,"labour_pct":57.6,"conservative_pct":42.4,"libdem_pct":0.0,"reform_uk_pct":0.0,"green_pct":0.0,"independent_pct":0.0,"other_pct":0.0,"total_votes":3812,"turnout":0},"2008":{"winning_party":"Labour","labour_votes":1581,"conservative_votes":1101,"libdem_votes":0,"reform_uk_votes":0,"green_votes":0,"independent_votes":1173,"other_votes":222,"labour_pct":38.8,"conservative_pct":27.0,"libdem_pct":0.0,"reform_uk_pct":0.0,"green_pct":0.0,"independent_pct":28.8,"other_pct":5.4,"total_votes":4077,"turnout":0},"2013":{"winning_party":"Labour","labour_votes":2105,"conservative_votes":1529,"libdem_votes":0,"reform_uk_votes":0,"green_votes":0,"independent_votes":493,"other_votes":0,"labour_pct":51.0,"conservative_pct":37.0,"libdem_pct":0.0,"reform_uk_pct":0.0,"green_pct":0.0,"independent_pct":11.9,"other_pct":0.0,"total_votes":4127,"turnout":35},"2017":{"winning_party":"Labour","labour_votes":1533,"conservative_votes":1110,"libdem_votes":0,"reform_uk_votes":0,"green_votes":0,"independent_votes":1067,"other_votes":144,"labour_pct":39.8,"conservative_pct":28.8,"libdem_pct":0.0,"reform_uk_pct":0.0,"green_pct":0.0,"independent_pct":27.7,"other_pct":3.7,"total_votes":3854,"turnout":2173},"2021":{"winning_party":"Conservative","labour_votes":1440,"conservative_votes":1871,"libdem_votes":0,"reform_uk_votes":0,"green_votes":0,"independent_votes":1297,"other_votes":0,"labour_pct":31.2,"conservative_pct":40.6,"libdem_pct":0.0,"reform_uk_pct":0.0,"green_pct":0.0,"independent_pct":28.1,"other_pct":0.0,"total_votes":4608,"turnout":2538}}}},{"type":"Feature","id":6960,"geometry":{"type":"Polygon","coordinates":[[[-1.503,54.837],[-1.503,54.836],[-1.503,54.835],[-1.503,54.834],[-1.504,54.832],[-1.504,54.831],[-1.502,54.828],[-1.5,54.826],[-1.499,54.825],[-1.498,54.824],[-1.497,54.823],[-1.494,54.823],[-1.493,54.822],[-1.492,54.822],[-1.49,54.82],[-1.491,54.82],[-1.492,54.819],[-1.492,54.818],[-1.493,54.817],[-1.493,54.815],[-1.491,54.814],[-1.489,54.813],[-1.486,54.812],[-1.485,54.812],[-1.485,54.811],[-1.484,54.811],[-1.484,54.81],[-1.482,54.81],[-1.482,54.809],[-1.484,54.809],[-1.485,54.808],[-1.486,54.808],[-1.488,54.807],[-1.489,54.806],[-1.49,54.805],[-1.491,54.805],[-1.492,54.804],[-1.492,54.803],[-1.493,54.802],[-1.494,54.801],[-1.494,54.8],[-1.493,54.8],[-1.492,54.8],[-1.489,54.799],[-1.486,54.8],[-1.485,54.8],[-1.483,54.799],[-1.482,54.799],[-1.481,54.799],[-1.48,54.8],[-1.478,54.8],[-1.475,54.8],[-1.471,54.8],[-1.468,54.8],[-1.465,54.801],[-1.462,54.801],[-1.458,54.801],[-1.456,54.801],[-1.455,54.801],[-1.453,54.8],[-1.452,54.8],[-1.449,54.801],[-1.448,54.801],[-1.447,54.801],[-1.445,54.802],[-1.444,54.802],[-1.443,54.802],[-1.442,54.802],[-1.441,54.802],[-1.44,54.802],[-1.441,54.801],[-1.441,54.8],[-1.439,54.8],[-1.437,54.8],[-1.437,54.799],[-1.436,54.797],[-1.437,54.797],[-1.437,54.796],[-1.438,54.796],[-1.438,54.794],[-1.439,54.794],[-1.44,54.794],[-1.441,54.793],[-1.442,54.792],[-1.443,54.792],[-1.445,54.792],[-1.446,54.791],[-1.447,54.79],[-1.448,54.79],[-1.448,54.789],[-1.449,54.789],[-1.45,54.789],[-1.451,54.789],[-1.452,54.79],[-1.453,54.79],[-1.454,54.79],[-1.455,54.79],[-1.456,54.79],[-1.457,54.79],[-1.46,54.791],[-1.466,54.791],[-1.467,54.791],[-1.468,54.791],[-1.469,54.79],[-1.469,54.789],[-1.468,54.789],[-1.468,54.788],[-1.468,54.787],[-1.468,54.786],[-1.469,54.785],[-1.469,54.784],[-1.469,54.782],[-1.47,54.781],[-1.47,54.78],[-1.471,54.779],[-1.469,54.779],[-1.467,54.778],[-1.464,54.776],[-1.462,54.775],[-1.461,54.774],[-1.46,54.774],[-1.458,54.772],[-1.457,54.772],[-1.456,54.772],[-1.454,54.772],[-1.452,54.772],[-1.453,54.77],[-1.451,54.77],[-1.45,54.769],[-1.448,54.769],[-1.447,54.769],[-1.446,54.77],[-1.445,54.77],[-1.444,54.77],[-1.444,54.771],[-1.443,54.771],[-1.442,54.771],[-1.441,54.771],[-1.44,54.771],[-1.439,54.771],[-1.438,54.771],[-1.438,54.772],[-1.437,54.772],[-1.436,54.772],[-1.435,54.772],[-1.434,54.772],[-1.433,54.772],[-1.431,54.772],[-1.43,54.772],[-1.428,54.771],[-1.427,54.771],[-1.425,54.771],[-1.424,54.771],[-1.421,54.771],[-1.419,54.771],[-1.416,54.77],[-1.415,54.77],[-1.414,54.77],[-1.412,54.769],[-1.411,54.769],[-1.41,54.769],[-1.408,54.769],[-1.407,54.769],[-1.406,54.768],[-1.407,54.768],[-1.408,54.767],[-1.408,54.766],[-1.407,54.765],[-1.408,54.765],[-1.408,54.764],[-1.407,54.764],[-1.408,54.763],[-1.407,54.763],[-1.406,54.762],[-1.405,54.762],[-1.405,54.761],[-1.404,54.76],[-1.403,54.76],[-1.404,54.76],[-1.407,54.759],[-1.408,54.759],[-1.409,54.759],[-1.409,54.758],[-1.41,54.758],[-1.411,54.758],[-1.411,54.757],[-1.411,54.756],[-1.411,54.755],[-1.411,54.754],[-1.412,54.753],[-1.413,54.752],[-1.414,54.752],[-1.415,54.753],[-1.416,54.752],[-1.419,54.753],[-1.421,54.754],[-1.424,54.754],[-1.426,54.754],[-1.428,54.755],[-1.429,54.755],[-1.43,54.755],[-1.431,54.755],[-1.432,54.755],[-1.433,54.756],[-1.434,54.756],[-1.435,54.756],[-1.437,54.756],[-1.438,54.756],[-1.439,54.755],[-1.441,54.755],[-1.442,54.755],[-1.442,54.754],[-1.443,54.754],[-1.444,54.754],[-1.444,54.753],[-1.445,54.753],[-1.446,54.752],[-1.447,54.752],[-1.447,54.751],[-1.448,54.751],[-1.448,54.75],[-1.449,54.75],[-1.451,54.749],[-1.452,54.749],[-1.453,54.749],[-1.454,54.748],[-1.455,54.748],[-1.456,54.748],[-1.456,54.747],[-1.457,54.747],[-1.459,54.747],[-1.461,54.748],[-1.463,54.748],[-1.463,54.749],[-1.464,54.749],[-1.465,54.75],[-1.467,54.75],[-1.469,54.75],[-1.471,54.75],[-1.474,54.75],[-1.474,54.751],[-1.474,54.752],[-1.475,54.752],[-1.476,54.752],[-1.477,54.752],[-1.479,54.752],[-1.48,54.753],[-1.481,54.753],[-1.482,54.753],[-1.483,54.753],[-1.484,54.753],[-1.485,54.754],[-1.486,54.754],[-1.486,54.755],[-1.487,54.755],[-1.486,54.756],[-1.487,54.756],[-1.489,54.756],[-1.49,54.756],[-1.49,54.757],[-1.491,54.758],[-1.496,54.76],[-1.5,54.762],[-1.501,54.762],[-1.506,54.763],[-1.509,54.762],[-1.51,54.762],[-1.515,54.764],[-1.519,54.765],[-1.517,54.767],[-1.515,54.769],[-1.515,54.77],[-1.516,54.77],[-1.516,54.771],[-1.517,54.771],[-1.518,54.772],[-1.519,54.772],[-1.52,54.772],[-1.521,54.771],[-1.522,54.771],[-1.522,54.77],[-1.523,54.77],[-1.525,54.771],[-1.527,54.77],[-1.526,54.769],[-1.526,54.768],[-1.528,54.768],[-1.529,54.768],[-1.53,54.768],[-1.531,54.768],[-1.532,54.771],[-1.533,54.775],[-1.531,54.775],[-1.528,54.775],[-1.528,54.777],[-1.528,54.778],[-1.527,54.778],[-1.527,54.78],[-1.524,54.781],[-1.521,54.781],[-1.52,54.781],[-1.517,54.781],[-1.515,54.782],[-1.515,54.783],[-1.514,54.783],[-1.514,54.784],[-1.514,54.785],[-1.515,54.786],[-1.515,54.787],[-1.517,54.789],[-1.517,54.79],[-1.514,54.792],[-1.513,54.793],[-1.511,54.795],[-1.511,54.796],[-1.51,54.797],[-1.509,54.798],[-1.51,54.799],[-1.511,54.799],[-1.512,54.8],[-1.513,54.8],[-1.515,54.801],[-1.516,54.802],[-1.517,54.802],[-1.518,54.803],[-1.519,54.803],[-1.52,54.804],[-1.521,54.804],[-1.522,54.804],[-1.523,54.805],[-1.524,54.805],[-1.524,54.806],[-1.525,54.806],[-1.526,54.807],[-1.528,54.808],[-1.529,54.808],[-1.53,54.809],[-1.532,54.81],[-1.533,54.81],[-1.536,54.812],[-1.538,54.813],[-1.54,54.814],[-1.541,54.815],[-1.54,54.816],[-1.537,54.817],[-1.535,54.817],[-1.534,54.817],[-1.529,54.819],[-1.53,54.82],[-1.53,54.821],[-1.531,54.821],[-1.53,54.822],[-1.53,54.823],[-1.529,54.824],[-1.53,54.824],[-1.532,54.824],[-1.533,54.825],[-1.533,54.826],[-1.534,54.826],[-1.535,54.827],[-1.535,54.828],[-1.534,54.828],[-1.533,54.829],[-1.531,54.829],[-1.529,54.829],[-1.527,54.829],[-1.525,54.829],[-1.524,54.829],[-1.523,54.829],[-1.52,54.829],[-1.518,54.829],[-1.517,54.829],[-1.515,54.829],[-1.514,54.829],[-1.515,54.831],[-1.515,54.832],[-1.516,54.833],[-1.516,54.834],[-1.516,54.835],[-1.515,54.835],[-1.513,54.836],[-1.512,54.836],[-1.509,54.837],[-1.508,54.837],[-1.505,54.837],[-1.503,54.837]]]},"properties":{"OBJECTID":6960,"wd11cd":"E05008003","wd11cdo":"00EJPC","wd11nm":"Sherburn","wd11nmw":" ","GlobalID":"75a2bc14-e78c-4998-b045-0f6a5e8b6339","results":{"2005":{"winning_party":"Labour","labour_votes":2412,"conservative_votes":385,"libdem_votes":1690,"reform_uk_votes":0,"green_votes":0,"independent_votes":0,"other_votes":0,"labour_pct":53.8,"conservative_pct":8.6,"libdem_pct":37.7,"reform_uk_pct":0.0,"green_pct":0.0,"independent_pct":0.0,"other_pct":0.0,"total_votes":4487,"turnout":0},"2008":{"winning_party":"Liberal Democrats","labour_votes":2271,"conservative_votes":479,"libdem_votes":2706,"reform_uk_votes":0,"green_votes":228,"independent_votes":0,"other_votes":0,"labour_pct":40.0,"conservative_pct":8.4,"libdem_pct":47.6,"reform_uk_pct":0.0,"green_pct":4.0,"independent_pct":0.0,"other_pct":0.0,"total_votes":5684,"turnout":0},"2013":{"winning_party":"Labour","labour_votes":2096,"conservative_votes":356,"libdem_votes":1355,"reform_uk_votes":0,"green_votes":0,"independent_votes":231,"other_votes":0,"labour_pct":51.9,"conservative_pct":8.8,"libdem_pct":33.6,"reform_uk_pct":0.0,"green_pct":0.0,"independent_pct":5.7,"other_pct":0.0,"total_votes":4038,"turnout":30},"2017":{"winning_party":"Labour","labour_votes":2187,"conservative_votes":523,"libdem_votes":0,"reform_uk_votes":0,"green_votes":0,"independent_votes":0,"other_votes":0,"labour_pct":80.7,"conservative_pct":19.3,"libdem_pct":0.0,"reform_uk_pct":0.0,"green_pct":0.0,"independent_pct":0.0,"other_pct":0.0,"total_votes":2710,"turnout":1984},"2021":{"winning_party":"Labour","labour_votes":2530,"conservative_votes":1455,"libdem_votes":0,"reform_uk_votes":0,"green_votes":0,"independent_votes":0,"other_votes":0,"labour_pct":63.5,"conservative_pct":36.5,"libdem_pct":0.0,"reform_uk_pct":0.0,"green_pct":0.0,"independent_pct":0.0,"other_pct":0.0,"total_votes":3985,"turnout":2410}}}},{"type":"Feature","id":6961,"geometry":{"type":"Polygon","coordinates":[[[-1.583,54.638],[-1.584,54.637],[-1.585,54.637],[-1.585,54.636],[-1.585,54.635],[-1.586,54.633],[-1.587,54.632],[-1.585,54.631],[-1.581,54.629],[-1.582,54.627],[-1.586,54.625],[-1.588,54.624],[-1.59,54.623],[-1.591,54.622],[-1.59,54.621],[-1.59,54.62],[-1.591,54.619],[-1.593,54.616],[-1.596,54.615],[-1.603,54.617],[-1.608,54.619],[-1.609,54.619],[-1.611,54.618],[-1.612,54.618],[-1.613,54.618],[-1.614,54.619],[-1.615,54.619],[-1.616,54.619],[-1.617,54.619],[-1.618,54.619],[-1.621,54.619],[-1.624,54.619],[-1.627,54.619],[-1.629,54.618],[-1.632,54.616],[-1.634,54.616],[-1.638,54.617],[-1.638,54.618],[-1.638,54.619],[-1.638,54.62],[-1.638,54.621],[-1.639,54.622],[-1.639,54.623],[-1.641,54.624],[-1.643,54.626],[-1.642,54.626],[-1.641,54.626],[-1.638,54.626],[-1.636,54.626],[-1.637,54.626],[-1.638,54.627],[-1.639,54.627],[-1.64,54.628],[-1.642,54.631],[-1.643,54.633],[-1.643,54.634],[-1.642,54.634],[-1.64,54.634],[-1.639,54.635],[-1.638,54.635],[-1.637,54.635],[-1.636,54.634],[-1.634,54.634],[-1.631,54.633],[-1.63,54.633],[-1.628,54.633],[-1.627,54.633],[-1.625,54.632],[-1.622,54.631],[-1.62,54.631],[-1.618,54.63],[-1.617,54.63],[-1.616,54.631],[-1.616,54.632],[-1.616,54.633],[-1.615,54.633],[-1.615,54.634],[-1.614,54.634],[-1.614,54.635],[-1.613,54.636],[-1.613,54.637],[-1.613,54.639],[-1.612,54.639],[-1.61,54.639],[-1.607,54.639],[-1.606,54.639],[-1.606,54.64],[-1.605,54.641],[-1.604,54.642],[-1.603,54.642],[-1.602,54.642],[-1.599,54.641],[-1.598,54.641],[-1.596,54.641],[-1.594,54.64],[-1.593,54.64],[-1.589,54.638],[-1.586,54.638],[-1.583,54.638]]]},"properties":{"OBJECTID":6961,"wd11cd":"E05008004","wd11cdo":"00EJPD","wd11nm":"Shildon East","wd11nmw":" ","GlobalID":"d58acb44-46cf-440a-9026-d3943068418f","results":{"2005":{"winning_party":"Labour","labour_votes":1968,"conservative_votes":356,"libdem_votes":791,"reform_uk_votes":0,"green_votes":0,"independent_votes":595,"other_votes":0,"labour_pct":53.0,"conservative_pct":9.6,"libdem_pct":21.3,"reform_uk_pct":0.0,"green_pct":0.0,"independent_pct":16.0,"other_pct":0.0,"total_votes":3710,"turnout":0},"2008":{"winning_party":"Labour","labour_votes":1699,"conservative_votes":578,"libdem_votes":403,"reform_uk_votes":0,"green_votes":0,"independent_votes":877,"other_votes":511,"labour_pct":41.8,"conservative_pct":14.2,"libdem_pct":9.9,"reform_uk_pct":0.0,"green_pct":0.0,"independent_pct":21.6,"other_pct":12.6,"total_votes":4068,"turnout":0},"2013":{"winning_party":"Labour","labour_votes":3841,"conservative_votes":0,"libdem_votes":1159,"reform_uk_votes":0,"green_votes":0,"independent_votes":2507,"other_votes":0,"labour_pct":51.2,"conservative_pct":0.0,"libdem_pct":15.4,"reform_uk_pct":0.0,"green_pct":0.0,"independent_pct":33.4,"other_pct":0.0,"total_votes":7507,"turnout":27},"2017":{"winning_party":"Labour","labour_votes":3324,"conservative_votes":587,"libdem_votes":0,"reform_uk_votes":0,"green_votes":0,"independent_votes":814,"other_votes":468,"labour_pct":64.0,"conservative_pct":11.3,"libdem_pct":0.0,"reform_uk_pct":0.0,"green_pct":0.0,"independent_pct":15.7,"other_pct":9.0,"total_votes":5193,"turnout":2722},"2021":{"winning_party":"Labour","labour_votes":3263,"conservative_votes":2531,"libdem_votes":0,"reform_uk_votes":0,"green_votes":0,"independent_votes":1793,"other_votes":0,"labour_pct":43.0,"conservative_pct":33.4,"libdem_pct":0.0,"reform_uk_pct":0.0,"green_pct":0.0,"independent_pct":23.6,"other_pct":0.0,"total_votes":7587,"turnout":3136}}}},{"type":"Feature","id":6962,"geometry":{"type":"Polygon","coordinates":[[[-1.605,54.642],[-1.605,54.641],[-1.606,54.64],[-1.606,54.639],[-1.607,54.639],[-1.611,54.639],[-1.612,54.639],[-1.613,54.639],[-1.613,54.638],[-1.613,54.637],[-1.613,54.636],[-1.614,54.635],[-1.614,54.634],[-1.615,54.634],[-1.615,54.633],[-1.616,54.633],[-1.616,54.632],[-1.616,54.631],[-1.617,54.63],[-1.619,54.63],[-1.621,54.631],[-1.622,54.631],[-1.623,54.631],[-1.626,54.632],[-1.628,54.633],[-1.629,54.633],[-1.63,54.633],[-1.632,54.633],[-1.635,54.634],[-1.636,54.634],[-1.638,54.635],[-1.639,54.635],[-1.64,54.634],[-1.641,54.634],[-1.642,54.634],[-1.643,54.634],[-1.643,54.633],[-1.643,54.632],[-1.641,54.631],[-1.639,54.628],[-1.638,54.627],[-1.637,54.626],[-1.636,54.626],[-1.638,54.626],[-1.642,54.626],[-1.643,54.626],[-1.644,54.626],[-1.639,54.623],[-1.639,54.622],[-1.638,54.621],[-1.638,54.62],[-1.638,54.619],[-1.638,54.618],[-1.638,54.617],[-1.641,54.617],[-1.641,54.619],[-1.642,54.619],[-1.644,54.619],[-1.645,54.619],[-1.648,54.618],[-1.65,54.618],[-1.652,54.617],[-1.657,54.615],[-1.659,54.616],[-1.661,54.616],[-1.662,54.616],[-1.663,54.616],[-1.664,54.616],[-1.665,54.616],[-1.666,54.616],[-1.667,54.616],[-1.669,54.617],[-1.671,54.617],[-1.672,54.617],[-1.673,54.617],[-1.676,54.618],[-1.679,54.618],[-1.682,54.618],[-1.683,54.619],[-1.683,54.62],[-1.683,54.621],[-1.683,54.623],[-1.683,54.624],[-1.683,54.626],[-1.683,54.629],[-1.683,54.631],[-1.683,54.633],[-1.683,54.634],[-1.684,54.634],[-1.685,54.636],[-1.684,54.636],[-1.683,54.636],[-1.682,54.636],[-1.681,54.635],[-1.68,54.635],[-1.68,54.636],[-1.68,54.637],[-1.681,54.637],[-1.681,54.638],[-1.68,54.638],[-1.679,54.638],[-1.679,54.637],[-1.678,54.638],[-1.678,54.639],[-1.679,54.639],[-1.68,54.639],[-1.68,54.64],[-1.681,54.64],[-1.68,54.64],[-1.679,54.641],[-1.678,54.641],[-1.678,54.64],[-1.677,54.641],[-1.677,54.642],[-1.676,54.642],[-1.677,54.643],[-1.676,54.643],[-1.675,54.643],[-1.674,54.643],[-1.672,54.644],[-1.669,54.644],[-1.665,54.645],[-1.663,54.645],[-1.659,54.645],[-1.658,54.645],[-1.657,54.644],[-1.654,54.644],[-1.652,54.644],[-1.651,54.643],[-1.65,54.643],[-1.649,54.642],[-1.648,54.641],[-1.649,54.642],[-1.649,54.643],[-1.648,54.643],[-1.648,54.644],[-1.648,54.645],[-1.647,54.645],[-1.646,54.645],[-1.645,54.645],[-1.644,54.645],[-1.643,54.645],[-1.642,54.645],[-1.641,54.645],[-1.64,54.645],[-1.64,54.646],[-1.639,54.646],[-1.638,54.646],[-1.637,54.646],[-1.636,54.646],[-1.636,54.647],[-1.635,54.647],[-1.634,54.648],[-1.633,54.648],[-1.632,54.649],[-1.631,54.649],[-1.63,54.65],[-1.628,54.65],[-1.627,54.65],[-1.626,54.651],[-1.625,54.652],[-1.626,54.653],[-1.624,54.654],[-1.623,54.654],[-1.621,54.654],[-1.619,54.654],[-1.618,54.654],[-1.617,54.654],[-1.615,54.654],[-1.614,54.654],[-1.614,54.655],[-1.612,54.655],[-1.61,54.655],[-1.61,54.654],[-1.61,54.653],[-1.61,54.652],[-1.61,54.651],[-1.61,54.65],[-1.611,54.648],[-1.611,54.647],[-1.611,54.645],[-1.611,54.644],[-1.607,54.643],[-1.605,54.644],[-1.605,54.643],[-1.605,54.642]]]},"properties":{"OBJECTID":6962,"wd11cd":"E05008005","wd11cdo":"00EJPE","wd11nm":"Shildon West","wd11nmw":" ","GlobalID":"b3e4e3bf-48dc-4e5a-b2ef-325a3c328916","results":{"2005":{"winning_party":"Labour","labour_votes":1312,"conservative_votes":126,"libdem_votes":1310,"reform_uk_votes":0,"green_votes":0,"independent_votes":337,"other_votes":0,"labour_pct":42.5,"conservative_pct":4.1,"libdem_pct":42.5,"reform_uk_pct":0.0,"green_pct":0.0,"independent_pct":10.9,"other_pct":0.0,"total_votes":3085,"turnout":0},"2008":{"winning_party":"Liberal Democrats","labour_votes":1173,"conservative_votes":0,"libdem_votes":1390,"reform_uk_votes":0,"green_votes":0,"independent_votes":1164,"other_votes":556,"labour_pct":27.4,"conservative_pct":0.0,"libdem_pct":32.5,"reform_uk_pct":0.0,"green_pct":0.0,"independent_pct":27.2,"other_pct":13.0,"total_votes":4283,"turnout":0}}}},{"type":"Feature","id":6963,"geometry":{"type":"Polygon","coordinates":[[[-1.394,54.8],[-1.394,54.798],[-1.392,54.798],[-1.391,54.797],[-1.39,54.796],[-1.389,54.794],[-1.388,54.793],[-1.388,54.792],[-1.39,54.791],[-1.394,54.791],[-1.397,54.789],[-1.396,54.788],[-1.395,54.787],[-1.395,54.786],[-1.393,54.784],[-1.392,54.783],[-1.391,54.782],[-1.389,54.781],[-1.388,54.78],[-1.387,54.779],[-1.386,54.778],[-1.385,54.778],[-1.385,54.776],[-1.384,54.775],[-1.385,54.775],[-1.385,54.774],[-1.384,54.774],[-1.384,54.772],[-1.383,54.772],[-1.384,54.772],[-1.385,54.772],[-1.386,54.772],[-1.39,54.771],[-1.39,54.77],[-1.391,54.77],[-1.392,54.771],[-1.392,54.77],[-1.392,54.769],[-1.392,54.767],[-1.391,54.766],[-1.39,54.766],[-1.388,54.766],[-1.387,54.766],[-1.385,54.766],[-1.383,54.766],[-1.379,54.766],[-1.377,54.765],[-1.374,54.765],[-1.373,54.765],[-1.371,54.765],[-1.37,54.766],[-1.369,54.766],[-1.367,54.766],[-1.367,54.767],[-1.366,54.768],[-1.365,54.769],[-1.364,54.769],[-1.363,54.77],[-1.362,54.77],[-1.36,54.771],[-1.359,54.772],[-1.358,54.772],[-1.358,54.771],[-1.357,54.77],[-1.357,54.769],[-1.357,54.768],[-1.357,54.767],[-1.357,54.766],[-1.357,54.764],[-1.357,54.763],[-1.357,54.762],[-1.358,54.76],[-1.358,54.759],[-1.359,54.757],[-1.36,54.756],[-1.361,54.754],[-1.362,54.752],[-1.362,54.751],[-1.363,54.75],[-1.364,54.749],[-1.364,54.748],[-1.365,54.748],[-1.365,54.747],[-1.366,54.747],[-1.366,54.746],[-1.366,54.745],[-1.367,54.744],[-1.367,54.743],[-1.368,54.743],[-1.369,54.743],[-1.37,54.743],[-1.371,54.743],[-1.372,54.742],[-1.373,54.742],[-1.375,54.742],[-1.376,54.742],[-1.378,54.742],[-1.379,54.742],[-1.38,54.742],[-1.382,54.742],[-1.383,54.743],[-1.384,54.743],[-1.385,54.743],[-1.386,54.744],[-1.387,54.744],[-1.388,54.744],[-1.389,54.744],[-1.39,54.744],[-1.39,54.745],[-1.389,54.747],[-1.389,54.748],[-1.389,54.749],[-1.389,54.75],[-1.389,54.751],[-1.39,54.752],[-1.391,54.752],[-1.392,54.751],[-1.393,54.751],[-1.394,54.751],[-1.395,54.751],[-1.396,54.751],[-1.399,54.751],[-1.403,54.752],[-1.405,54.753],[-1.406,54.753],[-1.407,54.753],[-1.409,54.753],[-1.41,54.753],[-1.412,54.754],[-1.411,54.754],[-1.411,54.755],[-1.411,54.756],[-1.411,54.757],[-1.411,54.758],[-1.41,54.758],[-1.409,54.758],[-1.409,54.759],[-1.408,54.759],[-1.407,54.759],[-1.405,54.76],[-1.404,54.76],[-1.403,54.76],[-1.404,54.76],[-1.404,54.761],[-1.405,54.761],[-1.406,54.762],[-1.407,54.762],[-1.407,54.763],[-1.408,54.763],[-1.407,54.764],[-1.408,54.764],[-1.407,54.765],[-1.408,54.765],[-1.408,54.766],[-1.408,54.767],[-1.407,54.768],[-1.406,54.768],[-1.407,54.769],[-1.409,54.769],[-1.41,54.769],[-1.411,54.769],[-1.412,54.769],[-1.413,54.769],[-1.415,54.77],[-1.418,54.77],[-1.42,54.771],[-1.422,54.771],[-1.424,54.771],[-1.425,54.771],[-1.427,54.771],[-1.429,54.772],[-1.43,54.772],[-1.431,54.772],[-1.432,54.772],[-1.433,54.772],[-1.434,54.772],[-1.435,54.772],[-1.436,54.772],[-1.437,54.772],[-1.438,54.772],[-1.438,54.771],[-1.439,54.771],[-1.44,54.771],[-1.442,54.771],[-1.443,54.771],[-1.444,54.771],[-1.444,54.77],[-1.445,54.77],[-1.446,54.77],[-1.447,54.769],[-1.45,54.768],[-1.451,54.769],[-1.452,54.77],[-1.453,54.771],[-1.453,54.772],[-1.454,54.772],[-1.455,54.772],[-1.456,54.772],[-1.457,54.772],[-1.459,54.773],[-1.46,54.774],[-1.461,54.774],[-1.463,54.776],[-1.465,54.777],[-1.468,54.779],[-1.47,54.779],[-1.471,54.779],[-1.471,54.78],[-1.47,54.78],[-1.47,54.781],[-1.469,54.782],[-1.469,54.784],[-1.469,54.785],[-1.468,54.786],[-1.468,54.787],[-1.467,54.788],[-1.468,54.789],[-1.469,54.789],[-1.469,54.79],[-1.468,54.791],[-1.467,54.791],[-1.464,54.791],[-1.46,54.791],[-1.46,54.79],[-1.457,54.79],[-1.456,54.79],[-1.455,54.79],[-1.454,54.79],[-1.453,54.79],[-1.452,54.79],[-1.451,54.79],[-1.451,54.789],[-1.45,54.789],[-1.449,54.789],[-1.448,54.789],[-1.448,54.79],[-1.447,54.79],[-1.447,54.791],[-1.446,54.791],[-1.445,54.791],[-1.444,54.792],[-1.443,54.792],[-1.442,54.792],[-1.441,54.793],[-1.44,54.793],[-1.44,54.794],[-1.439,54.794],[-1.438,54.795],[-1.437,54.796],[-1.437,54.797],[-1.437,54.798],[-1.437,54.799],[-1.437,54.8],[-1.437,54.801],[-1.436,54.801],[-1.434,54.801],[-1.432,54.801],[-1.43,54.802],[-1.429,54.801],[-1.427,54.802],[-1.426,54.802],[-1.425,54.803],[-1.424,54.803],[-1.423,54.803],[-1.422,54.803],[-1.422,54.804],[-1.423,54.804],[-1.423,54.805],[-1.424,54.805],[-1.424,54.806],[-1.424,54.807],[-1.423,54.807],[-1.422,54.808],[-1.418,54.808],[-1.417,54.81],[-1.415,54.81],[-1.414,54.81],[-1.413,54.81],[-1.411,54.809],[-1.412,54.806],[-1.412,54.805],[-1.413,54.803],[-1.412,54.802],[-1.41,54.802],[-1.409,54.802],[-1.408,54.802],[-1.405,54.802],[-1.404,54.802],[-1.403,54.802],[-1.402,54.801],[-1.4,54.801],[-1.398,54.801],[-1.395,54.8],[-1.394,54.8]]]},"properties":{"OBJECTID":6963,"wd11cd":"E05008006","wd11cdo":"00EJPF","wd11nm":"Shotton","wd11nmw":" ","GlobalID":"6c737240-e7c7-42ab-9a18-6c0941474c62","results":{"2005":{"winning_party":"Labour","labour_votes":2735,"conservative_votes":538,"libdem_votes":0,"reform_uk_votes":0,"green_votes":0,"independent_votes":0,"other_votes":0,"labour_pct":83.6,"conservative_pct":16.4,"libdem_pct":0.0,"reform_uk_pct":0.0,"green_pct":0.0,"independent_pct":0.0,"other_pct":0.0,"total_votes":3273,"turnout":0},"2008":{"winning_party":"Labour","labour_votes":2395,"conservative_votes":0,"libdem_votes":651,"reform_uk_votes":0,"green_votes":0,"independent_votes":734,"other_votes":0,"labour_pct":63.4,"conservative_pct":0.0,"libdem_pct":17.2,"reform_uk_pct":0.0,"green_pct":0.0,"independent_pct":19.4,"other_pct":0.0,"total_votes":3780,"turnout":0},"2013":{"winning_party":"Labour","labour_votes":2098,"conservative_votes":0,"libdem_votes":0,"reform_uk_votes":0,"green_votes":0,"independent_votes":1797,"other_votes":0,"labour_pct":53.9,"conservative_pct":0.0,"libdem_pct":0.0,"reform_uk_pct":0.0,"green_pct":0.0,"independent_pct":46.1,"other_pct":0.0,"total_votes":3895,"turnout":26},"2017":{"winning_party":"Independent","labour_votes":1634,"conservative_votes":425,"libdem_votes":0,"reform_uk_votes":0,"green_votes":0,"independent_votes":1721,"other_votes":0,"labour_pct":43.2,"conservative_pct":11.2,"libdem_pct":0.0,"reform_uk_pct":0.0,"green_pct":0.0,"independent_pct":45.5,"other_pct":0.0,"total_votes":3780,"turnout":1768},"2021":{"winning_party":"Independent","labour_votes":1407,"conservative_votes":855,"libdem_votes":0,"reform_uk_votes":0,"green_votes":0,"independent_votes":1924,"other_votes":0,"labour_pct":33.6,"conservative_pct":20.4,"libdem_pct":0.0,"reform_uk_pct":0.0,"green_pct":0.0,"independent_pct":46.0,"other_pct":0.0,"total_votes":4186,"turnout":2005}}}},{"type":"Feature","id":6964,"geometry":{"type":"Polygon","coordinates":[[[-1.598,54.693],[-1.599,54.693],[-1.599,54.692],[-1.599,54.691],[-1.599,54.69],[-1.599,54.689],[-1.6,54.689],[-1.6,54.688],[-1.601,54.688],[-1.602,54.687],[-1.603,54.687],[-1.604,54.686],[-1.609,54.685],[-1.612,54.683],[-1.611,54.682],[-1.611,54.681],[-1.612,54.681],[-1.612,54.68],[-1.613,54.68],[-1.612,54.68],[-1.612,54.679],[-1.613,54.678],[-1.614,54.678],[-1.616,54.678],[-1.617,54.677],[-1.618,54.677],[-1.62,54.677],[-1.625,54.677],[-1.626,54.677],[-1.629,54.677],[-1.63,54.678],[-1.632,54.678],[-1.633,54.677],[-1.635,54.677],[-1.636,54.677],[-1.637,54.679],[-1.637,54.68],[-1.639,54.681],[-1.642,54.683],[-1.643,54.684],[-1.644,54.684],[-1.645,54.684],[-1.645,54.685],[-1.646,54.685],[-1.647,54.685],[-1.648,54.686],[-1.65,54.686],[-1.651,54.687],[-1.652,54.687],[-1.653,54.686],[-1.653,54.687],[-1.655,54.687],[-1.657,54.687],[-1.662,54.691],[-1.666,54.695],[-1.673,54.699],[-1.676,54.701],[-1.678,54.704],[-1.677,54.704],[-1.676,54.704],[-1.674,54.705],[-1.672,54.706],[-1.671,54.707],[-1.67,54.707],[-1.668,54.707],[-1.668,54.706],[-1.668,54.705],[-1.667,54.705],[-1.666,54.705],[-1.665,54.706],[-1.664,54.706],[-1.661,54.707],[-1.659,54.707],[-1.657,54.708],[-1.655,54.708],[-1.653,54.708],[-1.651,54.708],[-1.649,54.708],[-1.648,54.708],[-1.647,54.709],[-1.646,54.71],[-1.645,54.711],[-1.645,54.712],[-1.644,54.713],[-1.643,54.713],[-1.641,54.713],[-1.64,54.713],[-1.637,54.713],[-1.636,54.713],[-1.635,54.714],[-1.634,54.714],[-1.632,54.716],[-1.629,54.717],[-1.628,54.717],[-1.627,54.717],[-1.626,54.717],[-1.625,54.717],[-1.625,54.716],[-1.624,54.716],[-1.623,54.716],[-1.622,54.715],[-1.621,54.715],[-1.621,54.714],[-1.62,54.714],[-1.619,54.714],[-1.619,54.713],[-1.618,54.713],[-1.617,54.713],[-1.616,54.713],[-1.615,54.712],[-1.614,54.712],[-1.614,54.713],[-1.613,54.713],[-1.612,54.713],[-1.611,54.713],[-1.611,54.714],[-1.611,54.713],[-1.61,54.714],[-1.609,54.714],[-1.609,54.713],[-1.608,54.713],[-1.609,54.713],[-1.61,54.712],[-1.611,54.712],[-1.612,54.711],[-1.612,54.71],[-1.612,54.709],[-1.613,54.708],[-1.612,54.709],[-1.611,54.709],[-1.61,54.709],[-1.609,54.709],[-1.607,54.708],[-1.608,54.707],[-1.609,54.706],[-1.608,54.706],[-1.607,54.705],[-1.606,54.705],[-1.605,54.704],[-1.605,54.703],[-1.606,54.703],[-1.607,54.702],[-1.605,54.702],[-1.603,54.701],[-1.603,54.7],[-1.602,54.7],[-1.601,54.701],[-1.6,54.701],[-1.6,54.7],[-1.601,54.7],[-1.601,54.699],[-1.601,54.698],[-1.603,54.698],[-1.603,54.697],[-1.602,54.697],[-1.601,54.696],[-1.6,54.695],[-1.6,54.694],[-1.599,54.694],[-1.599,54.693],[-1.598,54.693]]]},"properties":{"OBJECTID":6964,"wd11cd":"E05008007","wd11cdo":"00EJPG","wd11nm":"Spennymoor and Middlestone","wd11nmw":" ","GlobalID":"e9501cdd-9075-424d-9764-1ea0e4f81831","results":{"2005":{"winning_party":"Labour","labour_votes":2413,"conservative_votes":431,"libdem_votes":1358,"reform_uk_votes":0,"green_votes":0,"independent_votes":0,"other_votes":0,"labour_pct":57.4,"conservative_pct":10.3,"libdem_pct":32.3,"reform_uk_pct":0.0,"green_pct":0.0,"independent_pct":0.0,"other_pct":0.0,"total_votes":4202,"turnout":0},"2008":{"winning_party":"Liberal Democrats","labour_votes":1868,"conservative_votes":448,"libdem_votes":2182,"reform_uk_votes":0,"green_votes":0,"independent_votes":0,"other_votes":1610,"labour_pct":30.6,"conservative_pct":7.3,"libdem_pct":35.7,"reform_uk_pct":0.0,"green_pct":0.0,"independent_pct":0.0,"other_pct":26.4,"total_votes":6108,"turnout":0},"2013":{"winning_party":"Labour","labour_votes":2729,"conservative_votes":188,"libdem_votes":872,"reform_uk_votes":0,"green_votes":0,"independent_votes":1911,"other_votes":271,"labour_pct":45.7,"conservative_pct":3.1,"libdem_pct":14.6,"reform_uk_pct":0.0,"green_pct":0.0,"independent_pct":32.0,"other_pct":4.5,"total_votes":5971,"turnout":27},"2017":{"winning_party":"Labour","labour_votes":1904,"conservative_votes":694,"libdem_votes":0,"reform_uk_votes":0,"green_votes":130,"independent_votes":601,"other_votes":258,"labour_pct":53.1,"conservative_pct":19.3,"libdem_pct":0.0,"reform_uk_pct":0.0,"green_pct":3.6,"independent_pct":16.8,"other_pct":7.2,"total_votes":3587,"turnout":3092},"2021":{"winning_party":"Conservative","labour_votes":1486,"conservative_votes":1972,"libdem_votes":1043,"reform_uk_votes":0,"green_votes":239,"independent_votes":1959,"other_votes":0,"labour_pct":22.2,"conservative_pct":29.4,"libdem_pct":15.6,"reform_uk_pct":0.0,"green_pct":3.6,"independent_pct":29.2,"other_pct":0.0,"total_votes":6699,"turnout":3053}}}},{"type":"Feature","id":6965,"geometry":{"type":"Polygon","coordinates":[[[-1.665,54.877],[-1.664,54.876],[-1.663,54.876],[-1.662,54.876],[-1.661,54.876],[-1.659,54.876],[-1.658,54.876],[-1.659,54.875],[-1.664,54.873],[-1.664,54.871],[-1.664,54.87],[-1.663,54.869],[-1.663,54.868],[-1.662,54.867],[-1.662,54.865],[-1.662,54.864],[-1.663,54.863],[-1.665,54.862],[-1.666,54.861],[-1.666,54.86],[-1.667,54.86],[-1.668,54.859],[-1.669,54.859],[-1.669,54.858],[-1.67,54.857],[-1.67,54.858],[-1.671,54.859],[-1.672,54.859],[-1.673,54.859],[-1.673,54.86],[-1.674,54.86],[-1.673,54.86],[-1.673,54.861],[-1.674,54.861],[-1.674,54.862],[-1.675,54.862],[-1.675,54.863],[-1.676,54.863],[-1.677,54.864],[-1.677,54.866],[-1.681,54.865],[-1.682,54.865],[-1.683,54.865],[-1.683,54.864],[-1.684,54.864],[-1.685,54.864],[-1.685,54.863],[-1.684,54.862],[-1.683,54.862],[-1.683,54.861],[-1.682,54.861],[-1.683,54.861],[-1.684,54.861],[-1.685,54.861],[-1.686,54.861],[-1.687,54.861],[-1.688,54.861],[-1.689,54.861],[-1.69,54.861],[-1.69,54.86],[-1.691,54.86],[-1.692,54.86],[-1.693,54.86],[-1.693,54.859],[-1.694,54.859],[-1.696,54.86],[-1.698,54.86],[-1.699,54.86],[-1.701,54.86],[-1.703,54.861],[-1.703,54.862],[-1.703,54.863],[-1.703,54.864],[-1.7,54.865],[-1.7,54.866],[-1.701,54.866],[-1.702,54.866],[-1.701,54.867],[-1.699,54.868],[-1.698,54.868],[-1.696,54.868],[-1.696,54.869],[-1.695,54.869],[-1.694,54.869],[-1.694,54.87],[-1.694,54.871],[-1.694,54.872],[-1.692,54.872],[-1.69,54.872],[-1.689,54.873],[-1.689,54.874],[-1.689,54.875],[-1.688,54.875],[-1.687,54.875],[-1.686,54.875],[-1.685,54.875],[-1.684,54.875],[-1.685,54.875],[-1.684,54.875],[-1.685,54.876],[-1.684,54.876],[-1.684,54.877],[-1.684,54.878],[-1.684,54.879],[-1.685,54.879],[-1.684,54.879],[-1.682,54.88],[-1.681,54.88],[-1.68,54.88],[-1.679,54.88],[-1.678,54.88],[-1.677,54.879],[-1.676,54.879],[-1.675,54.879],[-1.673,54.878],[-1.671,54.878],[-1.669,54.878],[-1.666,54.877],[-1.665,54.877]]]},"properties":{"OBJECTID":6965,"wd11cd":"E05008008","wd11cdo":"00EJPH","wd11nm":"Stanley","wd11nmw":" ","GlobalID":"1017a18b-d56c-4f3e-8f97-168ca558971d","results":{"2005":{"winning_party":"Labour","labour_votes":2169,"conservative_votes":220,"libdem_votes":628,"reform_uk_votes":0,"green_votes":0,"independent_votes":0,"other_votes":119,"labour_pct":69.2,"conservative_pct":7.0,"libdem_pct":20.0,"reform_uk_pct":0.0,"green_pct":0.0,"independent_pct":0.0,"other_pct":3.8,"total_votes":3136,"turnout":0},"2008":{"winning_party":"Labour","labour_votes":1908,"conservative_votes":169,"libdem_votes":196,"reform_uk_votes":0,"green_votes":0,"independent_votes":1449,"other_votes":0,"labour_pct":51.3,"conservative_pct":4.5,"libdem_pct":5.3,"reform_uk_pct":0.0,"green_pct":0.0,"independent_pct":38.9,"other_pct":0.0,"total_votes":3722,"turnout":0},"2013":{"winning_party":"Labour","labour_votes":2225,"conservative_votes":0,"libdem_votes":0,"reform_uk_votes":0,"green_votes":0,"independent_votes":455,"other_votes":438,"labour_pct":71.4,"conservative_pct":0.0,"libdem_pct":0.0,"reform_uk_pct":0.0,"green_pct":0.0,"independent_pct":14.6,"other_pct":14.0,"total_votes":3118,"turnout":25},"2017":{"winning_party":"Labour","labour_votes":1843,"conservative_votes":250,"libdem_votes":0,"reform_uk_votes":0,"green_votes":0,"independent_votes":933,"other_votes":0,"labour_pct":60.9,"conservative_pct":8.3,"libdem_pct":0.0,"reform_uk_pct":0.0,"green_pct":0.0,"independent_pct":30.8,"other_pct":0.0,"total_votes":3026,"turnout":1662},"2021":{"winning_party":"Labour","labour_votes":1732,"conservative_votes":432,"libdem_votes":0,"reform_uk_votes":0,"green_votes":130,"independent_votes":591,"other_votes":0,"labour_pct":60.0,"conservative_pct":15.0,"libdem_pct":0.0,"reform_uk_pct":0.0,"green_pct":4.5,"independent_pct":20.5,"other_pct":0.0,"total_votes":2885,"turnout":1749}}}},{"type":"Feature","id":6966,"geometry":{"type":"Polygon","coordinates":[[[-1.675,54.909],[-1.675,54.908],[-1.675,54.907],[-1.676,54.906],[-1.676,54.905],[-1.677,54.904],[-1.677,54.903],[-1.678,54.902],[-1.678,54.9],[-1.677,54.899],[-1.676,54.899],[-1.675,54.898],[-1.673,54.897],[-1.671,54.897],[-1.67,54.896],[-1.669,54.895],[-1.668,54.895],[-1.666,54.895],[-1.665,54.895],[-1.663,54.896],[-1.662,54.895],[-1.662,54.894],[-1.661,54.894],[-1.66,54.894],[-1.66,54.893],[-1.659,54.893],[-1.659,54.892],[-1.66,54.892],[-1.66,54.891],[-1.659,54.891],[-1.658,54.89],[-1.659,54.89],[-1.66,54.89],[-1.662,54.89],[-1.664,54.889],[-1.664,54.888],[-1.665,54.886],[-1.666,54.886],[-1.665,54.886],[-1.665,54.885],[-1.665,54.883],[-1.665,54.882],[-1.665,54.881],[-1.665,54.879],[-1.665,54.878],[-1.665,54.877],[-1.668,54.877],[-1.67,54.878],[-1.673,54.878],[-1.675,54.879],[-1.676,54.879],[-1.677,54.879],[-1.678,54.879],[-1.679,54.88],[-1.68,54.88],[-1.682,54.88],[-1.683,54.879],[-1.685,54.879],[-1.684,54.879],[-1.684,54.878],[-1.684,54.877],[-1.683,54.876],[-1.684,54.876],[-1.685,54.876],[-1.684,54.875],[-1.685,54.875],[-1.684,54.875],[-1.685,54.875],[-1.686,54.875],[-1.687,54.875],[-1.688,54.875],[-1.689,54.875],[-1.689,54.874],[-1.689,54.873],[-1.69,54.872],[-1.691,54.872],[-1.693,54.872],[-1.694,54.872],[-1.694,54.871],[-1.694,54.87],[-1.694,54.869],[-1.695,54.869],[-1.696,54.868],[-1.697,54.868],[-1.699,54.868],[-1.7,54.867],[-1.702,54.867],[-1.706,54.867],[-1.707,54.869],[-1.707,54.87],[-1.708,54.87],[-1.708,54.871],[-1.709,54.872],[-1.709,54.871],[-1.71,54.871],[-1.71,54.872],[-1.711,54.873],[-1.712,54.874],[-1.713,54.874],[-1.714,54.875],[-1.714,54.876],[-1.715,54.876],[-1.716,54.876],[-1.716,54.875],[-1.716,54.876],[-1.717,54.875],[-1.718,54.875],[-1.719,54.875],[-1.72,54.875],[-1.72,54.874],[-1.721,54.874],[-1.723,54.873],[-1.724,54.872],[-1.726,54.872],[-1.728,54.872],[-1.728,54.871],[-1.729,54.871],[-1.73,54.871],[-1.73,54.872],[-1.731,54.872],[-1.732,54.872],[-1.733,54.872],[-1.733,54.873],[-1.735,54.873],[-1.738,54.874],[-1.742,54.876],[-1.744,54.876],[-1.745,54.877],[-1.746,54.878],[-1.749,54.878],[-1.749,54.879],[-1.749,54.88],[-1.747,54.882],[-1.746,54.883],[-1.746,54.884],[-1.744,54.887],[-1.744,54.888],[-1.742,54.889],[-1.741,54.889],[-1.74,54.889],[-1.738,54.889],[-1.737,54.888],[-1.736,54.888],[-1.735,54.888],[-1.734,54.888],[-1.733,54.889],[-1.732,54.89],[-1.733,54.891],[-1.734,54.892],[-1.732,54.891],[-1.732,54.892],[-1.731,54.892],[-1.73,54.893],[-1.729,54.895],[-1.728,54.894],[-1.728,54.895],[-1.727,54.895],[-1.726,54.895],[-1.725,54.895],[-1.724,54.895],[-1.723,54.895],[-1.722,54.896],[-1.721,54.896],[-1.72,54.896],[-1.72,54.897],[-1.718,54.897],[-1.717,54.898],[-1.718,54.898],[-1.712,54.899],[-1.711,54.9],[-1.707,54.904],[-1.708,54.905],[-1.708,54.906],[-1.709,54.907],[-1.71,54.907],[-1.709,54.907],[-1.708,54.908],[-1.707,54.908],[-1.706,54.908],[-1.706,54.907],[-1.705,54.907],[-1.704,54.907],[-1.703,54.907],[-1.702,54.907],[-1.701,54.908],[-1.7,54.907],[-1.698,54.906],[-1.697,54.906],[-1.696,54.905],[-1.694,54.904],[-1.693,54.903],[-1.692,54.903],[-1.691,54.903],[-1.691,54.904],[-1.691,54.905],[-1.69,54.905],[-1.689,54.906],[-1.689,54.907],[-1.688,54.908],[-1.687,54.908],[-1.686,54.908],[-1.684,54.909],[-1.682,54.908],[-1.68,54.908],[-1.679,54.909],[-1.677,54.909],[-1.676,54.909],[-1.675,54.91],[-1.675,54.909]]]},"properties":{"OBJECTID":6966,"wd11cd":"E05008009","wd11cdo":"00EJPJ","wd11nm":"Tanfield","wd11nmw":" ","GlobalID":"8b602efd-bde2-4b00-b042-24d381fc268a","results":{"2005":{"winning_party":"Labour","labour_votes":2036,"conservative_votes":395,"libdem_votes":945,"reform_uk_votes":0,"green_votes":0,"independent_votes":0,"other_votes":0,"labour_pct":60.3,"conservative_pct":11.7,"libdem_pct":28.0,"reform_uk_pct":0.0,"green_pct":0.0,"independent_pct":0.0,"other_pct":0.0,"total_votes":3376,"turnout":0},"2008":{"winning_party":"Independent","labour_votes":1862,"conservative_votes":214,"libdem_votes":318,"reform_uk_votes":0,"green_votes":0,"independent_votes":1952,"other_votes":0,"labour_pct":42.8,"conservative_pct":4.9,"libdem_pct":7.3,"reform_uk_pct":0.0,"green_pct":0.0,"independent_pct":44.9,"other_pct":0.0,"total_votes":4346,"turnout":0},"2013":{"winning_party":"Labour","labour_votes":1667,"conservative_votes":0,"libdem_votes":0,"reform_uk_votes":0,"green_votes":0,"independent_votes":1343,"other_votes":296,"labour_pct":50.4,"conservative_pct":0.0,"libdem_pct":0.0,"reform_uk_pct":0.0,"green_pct":0.0,"independent_pct":40.6,"other_pct":9.0,"total_votes":3306,"turnout":26},"2017":{"winning_party":"Independent","labour_votes":1639,"conservative_votes":274,"libdem_votes":0,"reform_uk_votes":0,"green_votes":0,"independent_votes":1695,"other_votes":0,"labour_pct":45.4,"conservative_pct":7.6,"libdem_pct":0.0,"reform_uk_pct":0.0,"green_pct":0.0,"independent_pct":47.0,"other_pct":0.0,"total_votes":3608,"turnout":1991},"2021":{"winning_party":"Labour","labour_votes":1711,"conservative_votes":666,"libdem_votes":0,"reform_uk_votes":0,"green_votes":0,"independent_votes":1500,"other_votes":0,"labour_pct":44.1,"conservative_pct":17.2,"libdem_pct":0.0,"reform_uk_pct":0.0,"green_pct":0.0,"independent_pct":38.7,"other_pct":0.0,"total_votes":3877,"turnout":2179}}}},{"type":"Feature","id":6967,"geometry":{"type":"Polygon","coordinates":[[[-1.411,54.753],[-1.409,54.753],[-1.408,54.753],[-1.407,54.753],[-1.405,54.753],[-1.404,54.752],[-1.4,54.752],[-1.396,54.751],[-1.395,54.751],[-1.394,54.751],[-1.393,54.751],[-1.392,54.751],[-1.391,54.752],[-1.39,54.752],[-1.389,54.751],[-1.389,54.75],[-1.389,54.749],[-1.389,54.748],[-1.389,54.747],[-1.39,54.746],[-1.39,54.745],[-1.39,54.744],[-1.388,54.744],[-1.387,54.744],[-1.386,54.744],[-1.387,54.744],[-1.388,54.743],[-1.389,54.743],[-1.39,54.742],[-1.391,54.741],[-1.393,54.74],[-1.393,54.738],[-1.395,54.738],[-1.399,54.738],[-1.401,54.738],[-1.4,54.736],[-1.4,54.735],[-1.399,54.733],[-1.399,54.732],[-1.4,54.731],[-1.398,54.73],[-1.398,54.729],[-1.398,54.728],[-1.398,54.727],[-1.399,54.725],[-1.398,54.724],[-1.398,54.722],[-1.4,54.721],[-1.399,54.721],[-1.398,54.72],[-1.397,54.72],[-1.395,54.719],[-1.396,54.718],[-1.399,54.717],[-1.4,54.718],[-1.401,54.718],[-1.402,54.718],[-1.403,54.718],[-1.404,54.719],[-1.405,54.719],[-1.406,54.719],[-1.408,54.718],[-1.41,54.718],[-1.411,54.718],[-1.412,54.718],[-1.414,54.718],[-1.416,54.718],[-1.418,54.718],[-1.419,54.719],[-1.422,54.719],[-1.424,54.719],[-1.425,54.719],[-1.426,54.719],[-1.427,54.72],[-1.429,54.72],[-1.429,54.722],[-1.429,54.723],[-1.429,54.725],[-1.429,54.726],[-1.429,54.727],[-1.429,54.728],[-1.429,54.729],[-1.43,54.73],[-1.43,54.732],[-1.431,54.733],[-1.432,54.733],[-1.433,54.733],[-1.434,54.733],[-1.435,54.733],[-1.436,54.733],[-1.437,54.733],[-1.438,54.733],[-1.439,54.732],[-1.44,54.733],[-1.441,54.733],[-1.444,54.733],[-1.445,54.733],[-1.446,54.733],[-1.447,54.734],[-1.448,54.734],[-1.45,54.734],[-1.453,54.733],[-1.454,54.733],[-1.457,54.733],[-1.46,54.734],[-1.462,54.734],[-1.463,54.734],[-1.464,54.736],[-1.465,54.737],[-1.463,54.738],[-1.461,54.738],[-1.46,54.739],[-1.459,54.739],[-1.459,54.741],[-1.459,54.742],[-1.459,54.743],[-1.459,54.745],[-1.458,54.746],[-1.457,54.746],[-1.456,54.747],[-1.456,54.748],[-1.455,54.748],[-1.454,54.748],[-1.453,54.749],[-1.452,54.749],[-1.451,54.749],[-1.449,54.75],[-1.448,54.75],[-1.448,54.751],[-1.447,54.751],[-1.447,54.752],[-1.446,54.752],[-1.445,54.753],[-1.444,54.753],[-1.444,54.754],[-1.443,54.754],[-1.442,54.754],[-1.442,54.755],[-1.441,54.755],[-1.439,54.755],[-1.438,54.756],[-1.437,54.756],[-1.435,54.756],[-1.434,54.756],[-1.433,54.756],[-1.432,54.755],[-1.431,54.755],[-1.43,54.755],[-1.429,54.755],[-1.428,54.755],[-1.426,54.754],[-1.424,54.754],[-1.421,54.754],[-1.419,54.753],[-1.416,54.752],[-1.415,54.753],[-1.414,54.752],[-1.413,54.752],[-1.411,54.753]]]},"properties":{"OBJECTID":6967,"wd11cd":"E05008010","wd11cdo":"00EJPK","wd11nm":"Thornley","wd11nmw":" ","GlobalID":"bc7cec1d-7e7d-4f1e-9b7a-2b1553717c52","results":{"2005":{"winning_party":"Labour","labour_votes":2642,"conservative_votes":297,"libdem_votes":0,"reform_uk_votes":0,"green_votes":0,"independent_votes":0,"other_votes":0,"labour_pct":89.9,"conservative_pct":10.1,"libdem_pct":0.0,"reform_uk_pct":0.0,"green_pct":0.0,"independent_pct":0.0,"other_pct":0.0,"total_votes":2939,"turnout":0},"2008":{"winning_party":"Labour","labour_votes":2006,"conservative_votes":0,"libdem_votes":320,"reform_uk_votes":0,"green_votes":0,"independent_votes":940,"other_votes":0,"labour_pct":61.4,"conservative_pct":0.0,"libdem_pct":9.8,"reform_uk_pct":0.0,"green_pct":0.0,"independent_pct":28.8,"other_pct":0.0,"total_votes":3266,"turnout":0}}}},{"type":"Feature","id":6968,"geometry":{"type":"Polygon","coordinates":[[[-1.398,54.717],[-1.399,54.716],[-1.399,54.715],[-1.4,54.714],[-1.401,54.711],[-1.401,54.71],[-1.4,54.709],[-1.4,54.708],[-1.399,54.707],[-1.397,54.706],[-1.396,54.704],[-1.396,54.703],[-1.395,54.702],[-1.395,54.701],[-1.394,54.701],[-1.395,54.701],[-1.396,54.702],[-1.397,54.702],[-1.398,54.702],[-1.399,54.702],[-1.4,54.701],[-1.4,54.7],[-1.402,54.7],[-1.402,54.699],[-1.401,54.699],[-1.4,54.698],[-1.4,54.697],[-1.399,54.697],[-1.398,54.696],[-1.397,54.696],[-1.398,54.695],[-1.398,54.694],[-1.398,54.693],[-1.399,54.693],[-1.4,54.692],[-1.399,54.691],[-1.398,54.69],[-1.398,54.689],[-1.398,54.688],[-1.397,54.688],[-1.397,54.687],[-1.396,54.687],[-1.395,54.686],[-1.394,54.685],[-1.393,54.685],[-1.392,54.685],[-1.391,54.684],[-1.39,54.684],[-1.39,54.683],[-1.393,54.682],[-1.394,54.682],[-1.395,54.682],[-1.398,54.682],[-1.399,54.681],[-1.4,54.68],[-1.401,54.679],[-1.401,54.678],[-1.401,54.677],[-1.402,54.677],[-1.403,54.675],[-1.403,54.674],[-1.404,54.673],[-1.405,54.672],[-1.406,54.672],[-1.407,54.672],[-1.408,54.672],[-1.408,54.671],[-1.407,54.671],[-1.407,54.67],[-1.408,54.67],[-1.409,54.67],[-1.41,54.67],[-1.411,54.67],[-1.412,54.67],[-1.413,54.67],[-1.414,54.669],[-1.415,54.669],[-1.416,54.67],[-1.418,54.67],[-1.421,54.669],[-1.422,54.669],[-1.422,54.67],[-1.423,54.67],[-1.424,54.67],[-1.425,54.67],[-1.426,54.67],[-1.427,54.669],[-1.427,54.67],[-1.428,54.669],[-1.429,54.669],[-1.43,54.669],[-1.431,54.669],[-1.432,54.669],[-1.432,54.67],[-1.434,54.67],[-1.435,54.671],[-1.436,54.671],[-1.437,54.671],[-1.437,54.672],[-1.438,54.672],[-1.439,54.672],[-1.44,54.672],[-1.44,54.673],[-1.439,54.674],[-1.439,54.675],[-1.44,54.675],[-1.441,54.676],[-1.442,54.676],[-1.443,54.676],[-1.443,54.677],[-1.444,54.677],[-1.445,54.677],[-1.445,54.678],[-1.446,54.678],[-1.447,54.678],[-1.448,54.678],[-1.449,54.678],[-1.449,54.679],[-1.45,54.679],[-1.451,54.679],[-1.452,54.679],[-1.453,54.679],[-1.455,54.678],[-1.456,54.678],[-1.457,54.678],[-1.458,54.678],[-1.459,54.678],[-1.46,54.678],[-1.461,54.678],[-1.461,54.677],[-1.462,54.677],[-1.463,54.676],[-1.464,54.677],[-1.465,54.678],[-1.466,54.679],[-1.467,54.681],[-1.468,54.681],[-1.468,54.683],[-1.469,54.684],[-1.47,54.685],[-1.47,54.686],[-1.471,54.687],[-1.472,54.688],[-1.472,54.689],[-1.473,54.69],[-1.474,54.691],[-1.476,54.692],[-1.477,54.693],[-1.478,54.694],[-1.479,54.695],[-1.48,54.696],[-1.482,54.697],[-1.484,54.699],[-1.485,54.699],[-1.486,54.701],[-1.489,54.703],[-1.491,54.705],[-1.491,54.706],[-1.492,54.706],[-1.492,54.707],[-1.494,54.708],[-1.493,54.708],[-1.493,54.707],[-1.491,54.707],[-1.49,54.706],[-1.489,54.705],[-1.487,54.704],[-1.486,54.704],[-1.484,54.703],[-1.483,54.703],[-1.48,54.701],[-1.479,54.701],[-1.478,54.7],[-1.476,54.7],[-1.474,54.699],[-1.471,54.699],[-1.468,54.698],[-1.466,54.698],[-1.465,54.698],[-1.462,54.698],[-1.46,54.698],[-1.459,54.698],[-1.458,54.698],[-1.457,54.698],[-1.455,54.698],[-1.454,54.698],[-1.453,54.699],[-1.451,54.698],[-1.451,54.699],[-1.448,54.699],[-1.449,54.701],[-1.449,54.703],[-1.45,54.704],[-1.45,54.706],[-1.451,54.707],[-1.453,54.707],[-1.454,54.709],[-1.452,54.71],[-1.451,54.71],[-1.45,54.71],[-1.449,54.71],[-1.448,54.711],[-1.445,54.711],[-1.443,54.711],[-1.442,54.711],[-1.44,54.712],[-1.439,54.712],[-1.439,54.713],[-1.44,54.714],[-1.439,54.714],[-1.439,54.715],[-1.436,54.715],[-1.435,54.716],[-1.435,54.718],[-1.433,54.719],[-1.433,54.718],[-1.432,54.719],[-1.43,54.719],[-1.428,54.72],[-1.427,54.719],[-1.426,54.719],[-1.424,54.719],[-1.422,54.719],[-1.42,54.719],[-1.418,54.719],[-1.417,54.718],[-1.414,54.718],[-1.413,54.718],[-1.412,54.718],[-1.411,54.718],[-1.409,54.718],[-1.406,54.719],[-1.405,54.719],[-1.404,54.719],[-1.402,54.718],[-1.401,54.718],[-1.4,54.718],[-1.4,54.717],[-1.398,54.717]]]},"properties":{"OBJECTID":6968,"wd11cd":"E05008011","wd11cdo":"00EJPL","wd11nm":"Trimdon","wd11nmw":" ","GlobalID":"1ea1dfa2-5f02-459b-aece-92b76229ac08","results":{"2005":{"winning_party":"Labour","labour_votes":2744,"conservative_votes":857,"libdem_votes":0,"reform_uk_votes":0,"green_votes":0,"independent_votes":0,"other_votes":0,"labour_pct":76.2,"conservative_pct":23.8,"libdem_pct":0.0,"reform_uk_pct":0.0,"green_pct":0.0,"independent_pct":0.0,"other_pct":0.0,"total_votes":3601,"turnout":0},"2008":{"winning_party":"Labour","labour_votes":2106,"conservative_votes":388,"libdem_votes":0,"reform_uk_votes":0,"green_votes":0,"independent_votes":659,"other_votes":445,"labour_pct":58.5,"conservative_pct":10.8,"libdem_pct":0.0,"reform_uk_pct":0.0,"green_pct":0.0,"independent_pct":18.3,"other_pct":12.4,"total_votes":3598,"turnout":0},"2013":{"winning_party":"Labour","labour_votes":5147,"conservative_votes":0,"libdem_votes":0,"reform_uk_votes":0,"green_votes":0,"independent_votes":0,"other_votes":1091,"labour_pct":82.5,"conservative_pct":0.0,"libdem_pct":0.0,"reform_uk_pct":0.0,"green_pct":0.0,"independent_pct":0.0,"other_pct":17.5,"total_votes":6238,"turnout":24},"2017":{"winning_party":"Labour","labour_votes":4238,"conservative_votes":546,"libdem_votes":0,"reform_uk_votes":0,"green_votes":0,"independent_votes":0,"other_votes":582,"labour_pct":79.0,"conservative_pct":10.2,"libdem_pct":0.0,"reform_uk_pct":0.0,"green_pct":0.0,"independent_pct":0.0,"other_pct":10.8,"total_votes":5366,"turnout":2433},"2021":{"winning_party":"Labour","labour_votes":3586,"conservative_votes":1554,"libdem_votes":0,"reform_uk_votes":0,"green_votes":0,"independent_votes":0,"other_votes":0,"labour_pct":69.8,"conservative_pct":30.2,"libdem_pct":0.0,"reform_uk_pct":0.0,"green_pct":0.0,"independent_pct":0.0,"other_pct":0.0,"total_votes":5140,"turnout":2601}}}},{"type":"Feature","id":6969,"geometry":{"type":"Polygon","coordinates":[[[-1.596,54.73],[-1.597,54.729],[-1.598,54.728],[-1.599,54.727],[-1.598,54.727],[-1.597,54.727],[-1.596,54.727],[-1.594,54.727],[-1.593,54.727],[-1.593,54.726],[-1.592,54.726],[-1.592,54.725],[-1.591,54.725],[-1.591,54.724],[-1.589,54.724],[-1.588,54.722],[-1.587,54.722],[-1.585,54.722],[-1.584,54.722],[-1.584,54.721],[-1.583,54.721],[-1.582,54.72],[-1.582,54.719],[-1.582,54.718],[-1.58,54.718],[-1.578,54.719],[-1.575,54.719],[-1.574,54.718],[-1.572,54.715],[-1.57,54.714],[-1.568,54.71],[-1.567,54.709],[-1.567,54.707],[-1.565,54.706],[-1.566,54.705],[-1.566,54.703],[-1.565,54.702],[-1.563,54.698],[-1.562,54.697],[-1.564,54.697],[-1.567,54.696],[-1.574,54.697],[-1.576,54.697],[-1.578,54.697],[-1.582,54.697],[-1.584,54.697],[-1.585,54.697],[-1.586,54.696],[-1.59,54.693],[-1.592,54.692],[-1.593,54.692],[-1.594,54.692],[-1.595,54.692],[-1.596,54.693],[-1.597,54.693],[-1.598,54.693],[-1.599,54.693],[-1.599,54.694],[-1.6,54.694],[-1.6,54.695],[-1.601,54.696],[-1.602,54.697],[-1.603,54.697],[-1.603,54.698],[-1.601,54.698],[-1.601,54.699],[-1.601,54.7],[-1.6,54.7],[-1.6,54.701],[-1.601,54.701],[-1.602,54.7],[-1.603,54.7],[-1.603,54.701],[-1.605,54.702],[-1.607,54.702],[-1.606,54.703],[-1.605,54.703],[-1.605,54.704],[-1.606,54.705],[-1.607,54.705],[-1.608,54.706],[-1.609,54.706],[-1.608,54.707],[-1.607,54.708],[-1.609,54.709],[-1.61,54.709],[-1.611,54.709],[-1.612,54.709],[-1.613,54.708],[-1.612,54.709],[-1.612,54.71],[-1.612,54.711],[-1.611,54.712],[-1.61,54.712],[-1.609,54.713],[-1.608,54.713],[-1.609,54.713],[-1.609,54.714],[-1.61,54.714],[-1.611,54.713],[-1.611,54.714],[-1.611,54.713],[-1.612,54.713],[-1.613,54.713],[-1.614,54.713],[-1.614,54.712],[-1.615,54.712],[-1.616,54.713],[-1.617,54.713],[-1.618,54.713],[-1.619,54.713],[-1.619,54.714],[-1.62,54.714],[-1.621,54.714],[-1.621,54.715],[-1.622,54.715],[-1.623,54.716],[-1.624,54.716],[-1.625,54.716],[-1.625,54.717],[-1.626,54.717],[-1.625,54.718],[-1.624,54.718],[-1.624,54.719],[-1.625,54.719],[-1.625,54.72],[-1.624,54.72],[-1.624,54.721],[-1.623,54.721],[-1.622,54.722],[-1.621,54.722],[-1.62,54.723],[-1.619,54.723],[-1.618,54.725],[-1.617,54.725],[-1.616,54.725],[-1.616,54.726],[-1.615,54.726],[-1.613,54.726],[-1.61,54.727],[-1.606,54.729],[-1.605,54.729],[-1.601,54.731],[-1.6,54.731],[-1.599,54.731],[-1.596,54.73]]]},"properties":{"OBJECTID":6969,"wd11cd":"E05008012","wd11cdo":"00EJPM","wd11nm":"Tudhoe","wd11nmw":" ","GlobalID":"81cb9859-e769-436a-bbeb-10a3ed3492c3","results":{"2005":{"winning_party":"Labour","labour_votes":2526,"conservative_votes":523,"libdem_votes":1041,"reform_uk_votes":0,"green_votes":0,"independent_votes":0,"other_votes":0,"labour_pct":61.8,"conservative_pct":12.8,"libdem_pct":25.5,"reform_uk_pct":0.0,"green_pct":0.0,"independent_pct":0.0,"other_pct":0.0,"total_votes":4090,"turnout":0},"2008":{"winning_party":"Labour","labour_votes":2167,"conservative_votes":680,"libdem_votes":1523,"reform_uk_votes":0,"green_votes":0,"independent_votes":0,"other_votes":1775,"labour_pct":35.3,"conservative_pct":11.1,"libdem_pct":24.8,"reform_uk_pct":0.0,"green_pct":0.0,"independent_pct":0.0,"other_pct":28.9,"total_votes":6145,"turnout":0},"2013":{"winning_party":"Labour","labour_votes":1966,"conservative_votes":121,"libdem_votes":115,"reform_uk_votes":0,"green_votes":0,"independent_votes":710,"other_votes":712,"labour_pct":54.2,"conservative_pct":3.3,"libdem_pct":3.2,"reform_uk_pct":0.0,"green_pct":0.0,"independent_pct":19.6,"other_pct":19.6,"total_votes":3624,"turnout":32},"2017":{"winning_party":"Labour","labour_votes":1278,"conservative_votes":367,"libdem_votes":0,"reform_uk_votes":0,"green_votes":0,"independent_votes":635,"other_votes":0,"labour_pct":56.1,"conservative_pct":16.1,"libdem_pct":0.0,"reform_uk_pct":0.0,"green_pct":0.0,"independent_pct":27.9,"other_pct":0.0,"total_votes":2280,"turnout":2148},"2021":{"winning_party":"Independent","labour_votes":1174,"conservative_votes":896,"libdem_votes":0,"reform_uk_votes":0,"green_votes":138,"independent_votes":1248,"other_votes":0,"labour_pct":34.0,"conservative_pct":25.9,"libdem_pct":0.0,"reform_uk_pct":0.0,"green_pct":4.0,"independent_pct":36.1,"other_pct":0.0,"total_votes":3456,"turnout":2415}}}},{"type":"Feature","id":6970,"geometry":{"type":"Polygon","coordinates":[[[-1.952,54.854],[-1.953,54.854],[-1.953,54.853],[-1.953,54.852],[-1.952,54.852],[-1.952,54.851],[-1.953,54.851],[-1.953,54.85],[-1.954,54.85],[-1.955,54.85],[-1.956,54.85],[-1.957,54.85],[-1.958,54.85],[-1.958,54.849],[-1.959,54.849],[-1.959,54.848],[-1.96,54.848],[-1.961,54.847],[-1.962,54.847],[-1.963,54.847],[-1.964,54.847],[-1.965,54.846],[-1.966,54.845],[-1.967,54.845],[-1.968,54.844],[-1.968,54.843],[-1.97,54.843],[-1.971,54.844],[-1.971,54.843],[-1.972,54.843],[-1.973,54.843],[-1.975,54.843],[-1.975,54.842],[-1.976,54.842],[-1.977,54.842],[-1.978,54.842],[-1.979,54.842],[-1.98,54.842],[-1.981,54.842],[-1.982,54.841],[-1.983,54.841],[-1.984,54.841],[-1.985,54.841],[-1.986,54.841],[-1.987,54.839],[-1.988,54.838],[-1.989,54.838],[-1.991,54.838],[-1.991,54.837],[-1.992,54.836],[-1.993,54.836],[-1.994,54.836],[-1.995,54.836],[-1.996,54.836],[-1.996,54.835],[-1.997,54.835],[-1.998,54.835],[-1.999,54.835],[-2.0,54.835],[-1.999,54.835],[-1.999,54.834],[-2.0,54.834],[-2.001,54.835],[-2.002,54.835],[-2.002,54.834],[-2.003,54.834],[-2.004,54.834],[-2.004,54.833],[-2.005,54.833],[-2.006,54.833],[-2.006,54.832],[-2.007,54.832],[-2.007,54.831],[-2.008,54.831],[-2.009,54.831],[-2.01,54.831],[-2.01,54.83],[-2.011,54.83],[-2.012,54.83],[-2.012,54.829],[-2.013,54.829],[-2.014,54.829],[-2.014,54.828],[-2.015,54.828],[-2.016,54.828],[-2.016,54.827],[-2.016,54.826],[-2.017,54.825],[-2.018,54.825],[-2.018,54.824],[-2.018,54.823],[-2.019,54.823],[-2.02,54.822],[-2.021,54.822],[-2.022,54.822],[-2.023,54.822],[-2.024,54.821],[-2.025,54.821],[-2.026,54.82],[-2.027,54.819],[-2.028,54.819],[-2.028,54.818],[-2.029,54.817],[-2.03,54.816],[-2.029,54.815],[-2.028,54.814],[-2.028,54.813],[-2.027,54.813],[-2.027,54.812],[-2.028,54.811],[-2.028,54.81],[-2.028,54.809],[-2.029,54.808],[-2.03,54.807],[-2.031,54.807],[-2.032,54.807],[-2.032,54.806],[-2.032,54.805],[-2.032,54.804],[-2.032,54.803],[-2.032,54.802],[-2.032,54.8],[-2.032,54.799],[-2.031,54.799],[-2.03,54.798],[-2.027,54.799],[-2.025,54.799],[-2.024,54.799],[-2.022,54.798],[-2.021,54.798],[-2.019,54.797],[-2.015,54.796],[-2.013,54.796],[-2.012,54.795],[-2.011,54.795],[-2.01,54.795],[-2.005,54.793],[-2.005,54.791],[-2.004,54.789],[-2.001,54.786],[-1.999,54.785],[-1.998,54.784],[-1.997,54.783],[-1.996,54.782],[-1.994,54.778],[-1.993,54.777],[-1.993,54.776],[-1.992,54.776],[-1.985,54.773],[-1.984,54.773],[-1.983,54.773],[-1.981,54.772],[-1.98,54.772],[-1.976,54.771],[-1.969,54.775],[-1.96,54.782],[-1.95,54.791],[-1.945,54.797],[-1.939,54.796],[-1.933,54.795],[-1.927,54.794],[-1.924,54.795],[-1.913,54.795],[-1.907,54.793],[-1.902,54.791],[-1.898,54.789],[-1.894,54.786],[-1.888,54.783],[-1.881,54.778],[-1.871,54.774],[-1.855,54.768],[-1.85,54.764],[-1.851,54.764],[-1.854,54.762],[-1.854,54.761],[-1.854,54.76],[-1.854,54.759],[-1.853,54.759],[-1.854,54.758],[-1.854,54.757],[-1.855,54.757],[-1.854,54.757],[-1.854,54.756],[-1.855,54.756],[-1.855,54.755],[-1.855,54.754],[-1.854,54.754],[-1.854,54.753],[-1.853,54.753],[-1.853,54.752],[-1.852,54.752],[-1.852,54.751],[-1.852,54.75],[-1.851,54.75],[-1.851,54.749],[-1.85,54.748],[-1.85,54.747],[-1.849,54.747],[-1.849,54.746],[-1.848,54.746],[-1.847,54.745],[-1.846,54.745],[-1.847,54.744],[-1.846,54.744],[-1.845,54.744],[-1.845,54.743],[-1.844,54.743],[-1.844,54.742],[-1.843,54.741],[-1.842,54.741],[-1.842,54.74],[-1.841,54.74],[-1.841,54.739],[-1.84,54.739],[-1.84,54.738],[-1.84,54.737],[-1.839,54.737],[-1.838,54.737],[-1.837,54.736],[-1.836,54.736],[-1.835,54.735],[-1.835,54.734],[-1.835,54.733],[-1.836,54.733],[-1.836,54.732],[-1.835,54.732],[-1.836,54.731],[-1.835,54.73],[-1.835,54.729],[-1.836,54.728],[-1.836,54.727],[-1.836,54.726],[-1.836,54.725],[-1.837,54.725],[-1.837,54.724],[-1.837,54.723],[-1.838,54.723],[-1.838,54.722],[-1.837,54.722],[-1.837,54.721],[-1.837,54.72],[-1.833,54.719],[-1.831,54.719],[-1.829,54.719],[-1.827,54.718],[-1.826,54.717],[-1.825,54.717],[-1.822,54.716],[-1.821,54.715],[-1.819,54.715],[-1.817,54.715],[-1.816,54.715],[-1.815,54.715],[-1.813,54.715],[-1.812,54.714],[-1.81,54.715],[-1.805,54.715],[-1.802,54.714],[-1.798,54.714],[-1.795,54.711],[-1.793,54.71],[-1.79,54.708],[-1.787,54.706],[-1.786,54.705],[-1.785,54.705],[-1.784,54.703],[-1.784,54.701],[-1.781,54.7],[-1.778,54.7],[-1.772,54.699],[-1.768,54.698],[-1.769,54.696],[-1.762,54.694],[-1.761,54.694],[-1.759,54.693],[-1.758,54.692],[-1.757,54.691],[-1.753,54.691],[-1.751,54.692],[-1.749,54.691],[-1.746,54.688],[-1.745,54.685],[-1.744,54.685],[-1.744,54.683],[-1.743,54.681],[-1.742,54.68],[-1.742,54.679],[-1.739,54.674],[-1.738,54.672],[-1.739,54.672],[-1.74,54.673],[-1.741,54.673],[-1.741,54.674],[-1.741,54.675],[-1.741,54.676],[-1.741,54.677],[-1.742,54.677],[-1.743,54.677],[-1.744,54.677],[-1.746,54.676],[-1.748,54.676],[-1.75,54.675],[-1.752,54.674],[-1.753,54.674],[-1.753,54.673],[-1.754,54.674],[-1.755,54.674],[-1.756,54.675],[-1.756,54.676],[-1.757,54.676],[-1.758,54.676],[-1.76,54.677],[-1.763,54.677],[-1.764,54.677],[-1.765,54.676],[-1.767,54.676],[-1.767,54.675],[-1.767,54.674],[-1.768,54.673],[-1.768,54.672],[-1.77,54.672],[-1.771,54.672],[-1.773,54.671],[-1.776,54.671],[-1.778,54.671],[-1.78,54.671],[-1.781,54.671],[-1.782,54.671],[-1.783,54.671],[-1.784,54.671],[-1.785,54.671],[-1.786,54.672],[-1.787,54.672],[-1.788,54.673],[-1.79,54.674],[-1.791,54.674],[-1.792,54.674],[-1.793,54.674],[-1.793,54.675],[-1.794,54.675],[-1.794,54.676],[-1.793,54.676],[-1.793,54.677],[-1.792,54.678],[-1.791,54.678],[-1.791,54.679],[-1.79,54.679],[-1.79,54.681],[-1.79,54.682],[-1.791,54.682],[-1.792,54.682],[-1.794,54.683],[-1.796,54.684],[-1.799,54.685],[-1.8,54.685],[-1.802,54.686],[-1.804,54.687],[-1.805,54.687],[-1.806,54.688],[-1.806,54.689],[-1.806,54.69],[-1.806,54.691],[-1.807,54.693],[-1.807,54.694],[-1.808,54.696],[-1.809,54.696],[-1.811,54.698],[-1.812,54.699],[-1.814,54.701],[-1.815,54.702],[-1.815,54.703],[-1.816,54.704],[-1.818,54.705],[-1.82,54.706],[-1.821,54.707],[-1.823,54.709],[-1.824,54.708],[-1.825,54.708],[-1.826,54.708],[-1.827,54.708],[-1.83,54.707],[-1.832,54.707],[-1.834,54.708],[-1.838,54.707],[-1.845,54.706],[-1.847,54.705],[-1.85,54.705],[-1.853,54.704],[-1.855,54.704],[-1.863,54.702],[-1.866,54.701],[-1.867,54.701],[-1.868,54.701],[-1.868,54.7],[-1.869,54.7],[-1.87,54.7],[-1.872,54.7],[-1.875,54.698],[-1.878,54.696],[-1.88,54.695],[-1.884,54.693],[-1.885,54.693],[-1.891,54.691],[-1.892,54.691],[-1.896,54.691],[-1.902,54.689],[-1.906,54.688],[-1.91,54.687],[-1.914,54.685],[-1.916,54.684],[-1.922,54.68],[-1.923,54.68],[-1.924,54.68],[-1.925,54.68],[-1.925,54.679],[-1.925,54.68],[-1.926,54.68],[-1.927,54.68],[-1.928,54.68],[-1.928,54.679],[-1.929,54.68],[-1.93,54.68],[-1.931,54.679],[-1.931,54.68],[-1.932,54.68],[-1.932,54.679],[-1.933,54.679],[-1.934,54.68],[-1.934,54.679],[-1.935,54.679],[-1.936,54.679],[-1.937,54.679],[-1.938,54.679],[-1.938,54.678],[-1.939,54.678],[-1.94,54.678],[-1.941,54.678],[-1.942,54.678],[-1.943,54.678],[-1.944,54.678],[-1.945,54.678],[-1.946,54.678],[-1.946,54.677],[-1.947,54.677],[-1.948,54.677],[-1.949,54.676],[-1.95,54.676],[-1.949,54.672],[-1.948,54.671],[-1.951,54.671],[-1.952,54.671],[-1.955,54.671],[-1.956,54.671],[-1.959,54.672],[-1.963,54.672],[-1.964,54.672],[-1.965,54.672],[-1.966,54.673],[-1.967,54.673],[-1.968,54.673],[-1.969,54.673],[-1.969,54.674],[-1.97,54.673],[-1.972,54.673],[-1.973,54.673],[-1.974,54.673],[-1.975,54.673],[-1.977,54.673],[-1.978,54.673],[-1.978,54.674],[-1.979,54.674],[-1.979,54.675],[-1.981,54.676],[-1.983,54.678],[-1.985,54.68],[-1.988,54.683],[-1.991,54.684],[-1.993,54.683],[-1.995,54.683],[-1.997,54.683],[-1.998,54.683],[-1.999,54.683],[-2.001,54.683],[-2.005,54.68],[-2.008,54.682],[-2.009,54.681],[-2.01,54.681],[-2.015,54.682],[-2.02,54.683],[-2.022,54.684],[-2.024,54.684],[-2.027,54.684],[-2.028,54.684],[-2.028,54.685],[-2.029,54.685],[-2.034,54.686],[-2.042,54.685],[-2.047,54.685],[-2.052,54.686],[-2.055,54.687],[-2.056,54.687],[-2.058,54.688],[-2.059,54.688],[-2.06,54.688],[-2.062,54.688],[-2.062,54.689],[-2.063,54.689],[-2.065,54.69],[-2.067,54.692],[-2.071,54.693],[-2.081,54.695],[-2.087,54.694],[-2.091,54.694],[-2.093,54.694],[-2.094,54.693],[-2.095,54.693],[-2.096,54.693],[-2.098,54.693],[-2.099,54.693],[-2.101,54.692],[-2.103,54.691],[-2.104,54.691],[-2.105,54.69],[-2.106,54.69],[-2.108,54.689],[-2.112,54.688],[-2.115,54.688],[-2.116,54.688],[-2.117,54.688],[-2.119,54.688],[-2.12,54.688],[-2.121,54.688],[-2.122,54.688],[-2.122,54.689],[-2.123,54.689],[-2.124,54.689],[-2.125,54.689],[-2.125,54.69],[-2.126,54.69],[-2.127,54.69],[-2.128,54.69],[-2.13,54.691],[-2.131,54.691],[-2.132,54.691],[-2.134,54.691],[-2.135,54.692],[-2.136,54.692],[-2.136,54.693],[-2.137,54.693],[-2.138,54.694],[-2.139,54.693],[-2.14,54.694],[-2.141,54.695],[-2.144,54.695],[-2.146,54.696],[-2.149,54.695],[-2.15,54.695],[-2.151,54.695],[-2.157,54.694],[-2.159,54.694],[-2.165,54.694],[-2.167,54.694],[-2.169,54.694],[-2.174,54.694],[-2.176,54.694],[-2.179,54.695],[-2.182,54.695],[-2.186,54.696],[-2.188,54.696],[-2.191,54.695],[-2.194,54.698],[-2.195,54.7],[-2.195,54.703],[-2.195,54.704],[-2.195,54.706],[-2.196,54.706],[-2.198,54.706],[-2.199,54.705],[-2.202,54.705],[-2.204,54.705],[-2.205,54.705],[-2.206,54.705],[-2.208,54.706],[-2.209,54.706],[-2.21,54.707],[-2.212,54.708],[-2.213,54.709],[-2.213,54.71],[-2.214,54.71],[-2.215,54.71],[-2.216,54.71],[-2.217,54.71],[-2.218,54.711],[-2.22,54.712],[-2.221,54.712],[-2.222,54.712],[-2.223,54.713],[-2.224,54.713],[-2.225,54.713],[-2.225,54.714],[-2.226,54.714],[-2.227,54.715],[-2.228,54.716],[-2.229,54.717],[-2.23,54.716],[-2.231,54.716],[-2.232,54.716],[-2.233,54.716],[-2.235,54.715],[-2.238,54.714],[-2.24,54.714],[-2.241,54.714],[-2.242,54.714],[-2.245,54.714],[-2.245,54.713],[-2.246,54.713],[-2.246,54.712],[-2.25,54.711],[-2.253,54.71],[-2.256,54.709],[-2.259,54.709],[-2.26,54.709],[-2.261,54.71],[-2.262,54.711],[-2.263,54.712],[-2.263,54.713],[-2.263,54.714],[-2.262,54.714],[-2.262,54.715],[-2.263,54.715],[-2.265,54.717],[-2.267,54.718],[-2.268,54.718],[-2.269,54.718],[-2.27,54.718],[-2.27,54.719],[-2.272,54.719],[-2.272,54.718],[-2.273,54.718],[-2.274,54.718],[-2.274,54.719],[-2.274,54.718],[-2.275,54.718],[-2.276,54.718],[-2.277,54.718],[-2.278,54.718],[-2.279,54.718],[-2.28,54.718],[-2.28,54.719],[-2.281,54.719],[-2.282,54.719],[-2.282,54.72],[-2.284,54.72],[-2.286,54.721],[-2.287,54.721],[-2.287,54.722],[-2.288,54.722],[-2.289,54.722],[-2.291,54.722],[-2.293,54.723],[-2.294,54.723],[-2.296,54.723],[-2.297,54.724],[-2.298,54.724],[-2.299,54.724],[-2.3,54.725],[-2.301,54.725],[-2.302,54.725],[-2.304,54.725],[-2.304,54.726],[-2.305,54.726],[-2.307,54.726],[-2.308,54.726],[-2.309,54.726],[-2.31,54.726],[-2.311,54.725],[-2.312,54.725],[-2.312,54.724],[-2.314,54.724],[-2.315,54.724],[-2.316,54.723],[-2.317,54.724],[-2.318,54.724],[-2.318,54.723],[-2.319,54.723],[-2.32,54.722],[-2.321,54.722],[-2.321,54.723],[-2.322,54.723],[-2.323,54.725],[-2.324,54.725],[-2.325,54.726],[-2.326,54.726],[-2.326,54.727],[-2.327,54.727],[-2.328,54.727],[-2.329,54.727],[-2.33,54.728],[-2.331,54.729],[-2.331,54.73],[-2.332,54.731],[-2.332,54.732],[-2.332,54.733],[-2.332,54.734],[-2.331,54.735],[-2.329,54.736],[-2.329,54.737],[-2.327,54.738],[-2.327,54.739],[-2.328,54.74],[-2.327,54.741],[-2.327,54.742],[-2.327,54.743],[-2.328,54.743],[-2.327,54.744],[-2.327,54.745],[-2.327,54.747],[-2.325,54.75],[-2.324,54.75],[-2.323,54.752],[-2.323,54.753],[-2.322,54.754],[-2.321,54.755],[-2.322,54.757],[-2.322,54.758],[-2.322,54.759],[-2.322,54.76],[-2.323,54.76],[-2.323,54.761],[-2.323,54.762],[-2.322,54.764],[-2.322,54.765],[-2.321,54.765],[-2.321,54.766],[-2.32,54.766],[-2.319,54.767],[-2.318,54.768],[-2.318,54.769],[-2.316,54.769],[-2.313,54.771],[-2.312,54.771],[-2.311,54.772],[-2.31,54.773],[-2.309,54.774],[-2.312,54.775],[-2.312,54.777],[-2.312,54.779],[-2.313,54.78],[-2.314,54.781],[-2.314,54.784],[-2.314,54.785],[-2.313,54.786],[-2.313,54.787],[-2.313,54.788],[-2.314,54.789],[-2.313,54.789],[-2.313,54.79],[-2.313,54.791],[-2.312,54.791],[-2.311,54.791],[-2.31,54.791],[-2.308,54.792],[-2.306,54.792],[-2.305,54.792],[-2.304,54.792],[-2.303,54.792],[-2.302,54.793],[-2.3,54.793],[-2.299,54.793],[-2.298,54.793],[-2.297,54.793],[-2.296,54.794],[-2.293,54.793],[-2.292,54.794],[-2.29,54.796],[-2.287,54.796],[-2.285,54.797],[-2.282,54.798],[-2.277,54.796],[-2.276,54.796],[-2.274,54.796],[-2.273,54.796],[-2.271,54.796],[-2.27,54.795],[-2.269,54.795],[-2.268,54.795],[-2.267,54.795],[-2.266,54.794],[-2.264,54.793],[-2.263,54.793],[-2.261,54.792],[-2.256,54.791],[-2.253,54.79],[-2.251,54.79],[-2.249,54.788],[-2.244,54.788],[-2.24,54.787],[-2.236,54.787],[-2.234,54.785],[-2.232,54.784],[-2.227,54.783],[-2.224,54.783],[-2.221,54.783],[-2.219,54.782],[-2.217,54.783],[-2.215,54.785],[-2.215,54.786],[-2.214,54.787],[-2.213,54.788],[-2.211,54.789],[-2.21,54.792],[-2.209,54.793],[-2.207,54.794],[-2.205,54.796],[-2.204,54.798],[-2.202,54.8],[-2.201,54.8],[-2.201,54.801],[-2.2,54.802],[-2.199,54.805],[-2.199,54.806],[-2.195,54.806],[-2.189,54.806],[-2.187,54.806],[-2.184,54.807],[-2.181,54.807],[-2.179,54.807],[-2.177,54.807],[-2.175,54.806],[-2.173,54.806],[-2.172,54.804],[-2.169,54.805],[-2.169,54.807],[-2.167,54.81],[-2.167,54.813],[-2.165,54.815],[-2.164,54.816],[-2.161,54.819],[-2.158,54.82],[-2.153,54.822],[-2.15,54.824],[-2.143,54.827],[-2.143,54.828],[-2.143,54.829],[-2.144,54.83],[-2.143,54.83],[-2.143,54.831],[-2.142,54.831],[-2.142,54.832],[-2.142,54.833],[-2.141,54.833],[-2.14,54.834],[-2.14,54.835],[-2.14,54.836],[-2.139,54.837],[-2.139,54.838],[-2.139,54.839],[-2.139,54.84],[-2.139,54.841],[-2.14,54.841],[-2.14,54.842],[-2.138,54.842],[-2.136,54.843],[-2.135,54.843],[-2.134,54.843],[-2.134,54.842],[-2.133,54.842],[-2.132,54.842],[-2.131,54.843],[-2.13,54.843],[-2.129,54.842],[-2.128,54.842],[-2.126,54.842],[-2.125,54.842],[-2.124,54.841],[-2.123,54.841],[-2.122,54.841],[-2.121,54.841],[-2.12,54.841],[-2.119,54.841],[-2.118,54.841],[-2.117,54.841],[-2.116,54.841],[-2.115,54.841],[-2.114,54.84],[-2.112,54.84],[-2.111,54.84],[-2.11,54.84],[-2.109,54.841],[-2.108,54.841],[-2.106,54.84],[-2.104,54.84],[-2.103,54.84],[-2.103,54.839],[-2.102,54.838],[-2.101,54.838],[-2.1,54.837],[-2.098,54.837],[-2.097,54.837],[-2.096,54.837],[-2.095,54.837],[-2.094,54.837],[-2.093,54.837],[-2.092,54.838],[-2.091,54.838],[-2.09,54.838],[-2.089,54.837],[-2.088,54.838],[-2.087,54.838],[-2.084,54.838],[-2.083,54.838],[-2.082,54.838],[-2.082,54.839],[-2.08,54.839],[-2.078,54.839],[-2.078,54.84],[-2.077,54.84],[-2.076,54.84],[-2.075,54.84],[-2.074,54.841],[-2.073,54.842],[-2.071,54.843],[-2.07,54.843],[-2.069,54.843],[-2.068,54.844],[-2.068,54.845],[-2.067,54.845],[-2.066,54.845],[-2.066,54.844],[-2.065,54.844],[-2.063,54.844],[-2.062,54.844],[-2.061,54.845],[-2.06,54.845],[-2.06,54.846],[-2.058,54.846],[-2.057,54.846],[-2.056,54.847],[-2.055,54.847],[-2.053,54.847],[-2.052,54.848],[-2.05,54.848],[-2.049,54.848],[-2.048,54.848],[-2.047,54.848],[-2.046,54.848],[-2.045,54.848],[-2.044,54.848],[-2.042,54.848],[-2.04,54.848],[-2.039,54.849],[-2.038,54.85],[-2.037,54.851],[-2.036,54.851],[-2.036,54.852],[-2.036,54.853],[-2.035,54.853],[-2.034,54.854],[-2.032,54.854],[-2.031,54.855],[-2.03,54.855],[-2.029,54.856],[-2.028,54.856],[-2.027,54.858],[-2.026,54.859],[-2.025,54.859],[-2.024,54.859],[-2.023,54.859],[-2.022,54.859],[-2.022,54.86],[-2.02,54.861],[-2.02,54.862],[-2.019,54.862],[-2.019,54.863],[-2.017,54.863],[-2.016,54.863],[-2.015,54.863],[-2.014,54.863],[-2.014,54.864],[-2.012,54.864],[-2.012,54.865],[-2.012,54.866],[-2.012,54.867],[-2.011,54.867],[-2.009,54.867],[-2.008,54.868],[-2.007,54.868],[-2.006,54.868],[-2.005,54.868],[-2.003,54.868],[-2.002,54.868],[-2.001,54.869],[-2.001,54.87],[-2.0,54.869],[-1.999,54.87],[-1.998,54.87],[-1.997,54.87],[-1.996,54.87],[-1.994,54.87],[-1.993,54.87],[-1.992,54.87],[-1.991,54.87],[-1.99,54.87],[-1.989,54.87],[-1.988,54.869],[-1.987,54.869],[-1.986,54.868],[-1.985,54.868],[-1.984,54.869],[-1.983,54.869],[-1.982,54.869],[-1.982,54.868],[-1.98,54.868],[-1.979,54.867],[-1.978,54.867],[-1.977,54.866],[-1.976,54.866],[-1.975,54.866],[-1.974,54.865],[-1.973,54.865],[-1.971,54.864],[-1.971,54.863],[-1.972,54.862],[-1.973,54.862],[-1.974,54.862],[-1.975,54.862],[-1.974,54.862],[-1.973,54.861],[-1.973,54.86],[-1.972,54.86],[-1.971,54.86],[-1.97,54.86],[-1.969,54.86],[-1.967,54.859],[-1.967,54.86],[-1.966,54.859],[-1.964,54.859],[-1.963,54.859],[-1.963,54.858],[-1.962,54.857],[-1.961,54.857],[-1.96,54.856],[-1.958,54.856],[-1.957,54.856],[-1.955,54.855],[-1.953,54.855],[-1.952,54.854]]]},"properties":{"OBJECTID":6970,"wd11cd":"E05008013","wd11cdo":"00EJPN","wd11nm":"Weardale","wd11nmw":" ","GlobalID":"db38d4e3-3fca-4ecb-82f0-d4bff6059c45","results":{"2005":{"winning_party":"Independent","labour_votes":583,"conservative_votes":0,"libdem_votes":774,"reform_uk_votes":0,"green_votes":0,"independent_votes":2853,"other_votes":0,"labour_pct":13.8,"conservative_pct":0.0,"libdem_pct":18.4,"reform_uk_pct":0.0,"green_pct":0.0,"independent_pct":67.8,"other_pct":0.0,"total_votes":4210,"turnout":0},"2008":{"winning_party":"Independent","labour_votes":317,"conservative_votes":339,"libdem_votes":278,"reform_uk_votes":0,"green_votes":0,"independent_votes":4719,"other_votes":0,"labour_pct":5.6,"conservative_pct":6.0,"libdem_pct":4.9,"reform_uk_pct":0.0,"green_pct":0.0,"independent_pct":83.5,"other_pct":0.0,"total_votes":5653,"turnout":0},"2013":{"winning_party":"Independent","labour_votes":983,"conservative_votes":339,"libdem_votes":0,"reform_uk_votes":0,"green_votes":0,"independent_votes":3178,"other_votes":0,"labour_pct":21.8,"conservative_pct":7.5,"libdem_pct":0.0,"reform_uk_pct":0.0,"green_pct":0.0,"independent_pct":70.6,"other_pct":0.0,"total_votes":4500,"turnout":41},"2017":{"winning_party":"Independent","labour_votes":867,"conservative_votes":495,"libdem_votes":0,"reform_uk_votes":0,"green_votes":0,"independent_votes":3616,"other_votes":0,"labour_pct":17.4,"conservative_pct":9.9,"libdem_pct":0.0,"reform_uk_pct":0.0,"green_pct":0.0,"independent_pct":72.6,"other_pct":0.0,"total_votes":4978,"turnout":2976},"2021":{"winning_party":"Independent","labour_votes":785,"conservative_votes":2264,"libdem_votes":0,"reform_uk_votes":0,"green_votes":0,"independent_votes":3021,"other_votes":0,"labour_pct":12.9,"conservative_pct":37.3,"libdem_pct":0.0,"reform_uk_pct":0.0,"green_pct":0.0,"independent_pct":49.8,"other_pct":0.0,"total_votes":6070,"turnout":3609}}}},{"type":"Feature","id":6971,"geometry":{"type":"Polygon","coordinates":[[[-1.717,54.672],[-1.715,54.672],[-1.714,54.671],[-1.711,54.67],[-1.71,54.669],[-1.708,54.669],[-1.707,54.669],[-1.705,54.668],[-1.703,54.667],[-1.702,54.666],[-1.7,54.665],[-1.698,54.664],[-1.698,54.663],[-1.697,54.662],[-1.697,54.661],[-1.696,54.66],[-1.695,54.66],[-1.694,54.66],[-1.695,54.658],[-1.695,54.657],[-1.695,54.656],[-1.696,54.656],[-1.696,54.655],[-1.697,54.655],[-1.698,54.655],[-1.699,54.655],[-1.7,54.655],[-1.699,54.654],[-1.698,54.653],[-1.701,54.652],[-1.702,54.652],[-1.702,54.651],[-1.701,54.651],[-1.701,54.65],[-1.7,54.65],[-1.7,54.649],[-1.701,54.649],[-1.702,54.648],[-1.703,54.647],[-1.701,54.647],[-1.699,54.646],[-1.698,54.646],[-1.697,54.645],[-1.693,54.643],[-1.694,54.642],[-1.693,54.642],[-1.693,54.641],[-1.692,54.641],[-1.691,54.64],[-1.69,54.64],[-1.688,54.64],[-1.687,54.639],[-1.686,54.638],[-1.686,54.637],[-1.685,54.636],[-1.686,54.636],[-1.687,54.636],[-1.686,54.635],[-1.687,54.635],[-1.687,54.634],[-1.686,54.634],[-1.686,54.633],[-1.687,54.633],[-1.687,54.634],[-1.688,54.634],[-1.689,54.633],[-1.689,54.632],[-1.69,54.632],[-1.691,54.632],[-1.69,54.633],[-1.691,54.634],[-1.692,54.634],[-1.692,54.633],[-1.692,54.632],[-1.693,54.632],[-1.694,54.631],[-1.695,54.631],[-1.696,54.631],[-1.697,54.631],[-1.697,54.63],[-1.698,54.63],[-1.699,54.63],[-1.7,54.63],[-1.701,54.63],[-1.701,54.631],[-1.702,54.631],[-1.703,54.631],[-1.702,54.631],[-1.702,54.632],[-1.703,54.632],[-1.704,54.632],[-1.705,54.632],[-1.705,54.633],[-1.706,54.633],[-1.706,54.632],[-1.707,54.632],[-1.707,54.633],[-1.708,54.633],[-1.709,54.632],[-1.71,54.632],[-1.709,54.629],[-1.709,54.628],[-1.712,54.628],[-1.713,54.627],[-1.713,54.628],[-1.715,54.626],[-1.719,54.626],[-1.721,54.626],[-1.724,54.626],[-1.725,54.628],[-1.729,54.628],[-1.731,54.629],[-1.732,54.629],[-1.732,54.631],[-1.729,54.633],[-1.728,54.633],[-1.727,54.633],[-1.725,54.633],[-1.725,54.634],[-1.725,54.635],[-1.726,54.635],[-1.727,54.636],[-1.728,54.636],[-1.73,54.638],[-1.731,54.639],[-1.73,54.64],[-1.728,54.641],[-1.726,54.642],[-1.728,54.644],[-1.729,54.645],[-1.731,54.646],[-1.734,54.648],[-1.736,54.65],[-1.737,54.651],[-1.735,54.651],[-1.734,54.651],[-1.733,54.652],[-1.734,54.653],[-1.734,54.654],[-1.735,54.655],[-1.735,54.656],[-1.736,54.657],[-1.736,54.658],[-1.737,54.659],[-1.739,54.659],[-1.741,54.661],[-1.74,54.662],[-1.741,54.665],[-1.741,54.667],[-1.738,54.667],[-1.739,54.669],[-1.736,54.67],[-1.737,54.67],[-1.738,54.671],[-1.738,54.672],[-1.739,54.672],[-1.738,54.672],[-1.736,54.672],[-1.734,54.673],[-1.732,54.673],[-1.73,54.673],[-1.729,54.673],[-1.729,54.672],[-1.729,54.67],[-1.729,54.669],[-1.727,54.67],[-1.726,54.67],[-1.725,54.67],[-1.723,54.671],[-1.723,54.672],[-1.721,54.672],[-1.72,54.672],[-1.719,54.672],[-1.718,54.672],[-1.717,54.672]]]},"properties":{"OBJECTID":6971,"wd11cd":"E05008014","wd11cdo":"00EJPP","wd11nm":"West Auckland","wd11nmw":" ","GlobalID":"98df9a22-d614-4946-89fc-6e677d53e50e","results":{"2005":{"winning_party":"Labour","labour_votes":1619,"conservative_votes":407,"libdem_votes":1057,"reform_uk_votes":0,"green_votes":0,"independent_votes":0,"other_votes":0,"labour_pct":52.5,"conservative_pct":13.2,"libdem_pct":34.3,"reform_uk_pct":0.0,"green_pct":0.0,"independent_pct":0.0,"other_pct":0.0,"total_votes":3083,"turnout":0},"2008":{"winning_party":"Labour","labour_votes":1408,"conservative_votes":1173,"libdem_votes":1013,"reform_uk_votes":0,"green_votes":0,"independent_votes":0,"other_votes":0,"labour_pct":39.2,"conservative_pct":32.6,"libdem_pct":28.2,"reform_uk_pct":0.0,"green_pct":0.0,"independent_pct":0.0,"other_pct":0.0,"total_votes":3594,"turnout":0},"2013":{"winning_party":"Labour","labour_votes":1454,"conservative_votes":204,"libdem_votes":0,"reform_uk_votes":0,"green_votes":0,"independent_votes":408,"other_votes":349,"labour_pct":60.2,"conservative_pct":8.4,"libdem_pct":0.0,"reform_uk_pct":0.0,"green_pct":0.0,"independent_pct":16.9,"other_pct":14.5,"total_votes":2415,"turnout":21},"2017":{"winning_party":"Labour","labour_votes":1567,"conservative_votes":944,"libdem_votes":0,"reform_uk_votes":0,"green_votes":0,"independent_votes":254,"other_votes":239,"labour_pct":52.2,"conservative_pct":31.4,"libdem_pct":0.0,"reform_uk_pct":0.0,"green_pct":0.0,"independent_pct":8.5,"other_pct":8.0,"total_votes":3004,"turnout":1633},"2021":{"winning_party":"Conservative","labour_votes":1754,"conservative_votes":1914,"libdem_votes":0,"reform_uk_votes":0,"green_votes":0,"independent_votes":713,"other_votes":0,"labour_pct":40.0,"conservative_pct":43.7,"libdem_pct":0.0,"reform_uk_pct":0.0,"green_pct":0.0,"independent_pct":16.3,"other_pct":0.0,"total_votes":4381,"turnout":2443}}}},{"type":"Feature","id":6972,"geometry":{"type":"Polygon","coordinates":[[[-1.633,54.715],[-1.635,54.714],[-1.636,54.713],[-1.637,54.713],[-1.639,54.713],[-1.64,54.713],[-1.641,54.713],[-1.643,54.713],[-1.644,54.713],[-1.645,54.712],[-1.645,54.711],[-1.646,54.71],[-1.646,54.709],[-1.647,54.709],[-1.647,54.708],[-1.648,54.708],[-1.649,54.708],[-1.65,54.708],[-1.652,54.708],[-1.654,54.708],[-1.656,54.708],[-1.658,54.707],[-1.66,54.707],[-1.661,54.707],[-1.664,54.706],[-1.666,54.706],[-1.666,54.705],[-1.667,54.705],[-1.668,54.705],[-1.668,54.706],[-1.668,54.707],[-1.669,54.707],[-1.67,54.707],[-1.672,54.706],[-1.675,54.704],[-1.676,54.704],[-1.677,54.704],[-1.678,54.704],[-1.679,54.705],[-1.68,54.705],[-1.681,54.705],[-1.684,54.705],[-1.686,54.705],[-1.687,54.705],[-1.689,54.704],[-1.689,54.703],[-1.691,54.702],[-1.691,54.701],[-1.692,54.701],[-1.692,54.7],[-1.692,54.699],[-1.691,54.699],[-1.691,54.698],[-1.691,54.697],[-1.691,54.696],[-1.692,54.695],[-1.692,54.694],[-1.693,54.693],[-1.693,54.692],[-1.693,54.691],[-1.692,54.691],[-1.691,54.692],[-1.69,54.692],[-1.688,54.692],[-1.685,54.692],[-1.682,54.692],[-1.68,54.692],[-1.677,54.692],[-1.676,54.692],[-1.676,54.691],[-1.676,54.69],[-1.677,54.688],[-1.677,54.687],[-1.678,54.687],[-1.679,54.687],[-1.681,54.687],[-1.682,54.687],[-1.682,54.686],[-1.683,54.686],[-1.683,54.685],[-1.683,54.684],[-1.683,54.683],[-1.684,54.681],[-1.685,54.68],[-1.685,54.679],[-1.684,54.677],[-1.684,54.676],[-1.683,54.675],[-1.683,54.674],[-1.682,54.674],[-1.683,54.673],[-1.684,54.673],[-1.685,54.673],[-1.686,54.673],[-1.686,54.674],[-1.687,54.674],[-1.689,54.674],[-1.69,54.674],[-1.692,54.674],[-1.693,54.674],[-1.694,54.673],[-1.696,54.673],[-1.698,54.674],[-1.701,54.674],[-1.704,54.674],[-1.706,54.675],[-1.706,54.673],[-1.71,54.673],[-1.711,54.673],[-1.712,54.673],[-1.713,54.673],[-1.713,54.672],[-1.714,54.673],[-1.716,54.673],[-1.717,54.673],[-1.717,54.672],[-1.718,54.672],[-1.719,54.672],[-1.72,54.672],[-1.722,54.672],[-1.723,54.671],[-1.725,54.67],[-1.726,54.67],[-1.728,54.669],[-1.729,54.669],[-1.729,54.67],[-1.729,54.671],[-1.729,54.672],[-1.729,54.673],[-1.73,54.673],[-1.731,54.673],[-1.732,54.673],[-1.735,54.673],[-1.737,54.672],[-1.738,54.672],[-1.739,54.674],[-1.742,54.679],[-1.742,54.68],[-1.743,54.681],[-1.744,54.683],[-1.744,54.685],[-1.745,54.685],[-1.746,54.688],[-1.747,54.688],[-1.748,54.691],[-1.749,54.692],[-1.748,54.692],[-1.747,54.692],[-1.747,54.693],[-1.747,54.694],[-1.746,54.694],[-1.746,54.695],[-1.747,54.695],[-1.746,54.695],[-1.745,54.695],[-1.745,54.696],[-1.746,54.696],[-1.745,54.696],[-1.746,54.697],[-1.743,54.698],[-1.738,54.701],[-1.735,54.7],[-1.733,54.7],[-1.73,54.7],[-1.73,54.701],[-1.73,54.702],[-1.729,54.703],[-1.728,54.704],[-1.727,54.704],[-1.726,54.703],[-1.726,54.702],[-1.725,54.702],[-1.725,54.703],[-1.724,54.703],[-1.724,54.702],[-1.723,54.702],[-1.722,54.702],[-1.722,54.703],[-1.722,54.702],[-1.721,54.702],[-1.72,54.702],[-1.719,54.702],[-1.718,54.701],[-1.717,54.701],[-1.716,54.7],[-1.715,54.7],[-1.713,54.701],[-1.711,54.701],[-1.71,54.701],[-1.71,54.703],[-1.709,54.704],[-1.711,54.705],[-1.713,54.706],[-1.714,54.706],[-1.714,54.707],[-1.715,54.707],[-1.714,54.708],[-1.713,54.707],[-1.713,54.708],[-1.713,54.709],[-1.713,54.71],[-1.713,54.711],[-1.713,54.712],[-1.712,54.712],[-1.71,54.712],[-1.709,54.712],[-1.707,54.713],[-1.706,54.713],[-1.706,54.714],[-1.707,54.714],[-1.708,54.715],[-1.709,54.715],[-1.71,54.716],[-1.712,54.717],[-1.711,54.718],[-1.712,54.719],[-1.714,54.719],[-1.714,54.72],[-1.719,54.722],[-1.719,54.721],[-1.72,54.721],[-1.722,54.722],[-1.722,54.723],[-1.725,54.723],[-1.728,54.724],[-1.729,54.724],[-1.735,54.726],[-1.736,54.727],[-1.733,54.728],[-1.729,54.729],[-1.727,54.729],[-1.727,54.73],[-1.726,54.731],[-1.725,54.731],[-1.724,54.732],[-1.723,54.733],[-1.723,54.734],[-1.72,54.734],[-1.718,54.735],[-1.717,54.735],[-1.716,54.735],[-1.714,54.735],[-1.712,54.735],[-1.712,54.734],[-1.711,54.734],[-1.709,54.734],[-1.708,54.734],[-1.707,54.734],[-1.706,54.734],[-1.705,54.735],[-1.703,54.735],[-1.702,54.736],[-1.701,54.736],[-1.701,54.737],[-1.699,54.737],[-1.698,54.737],[-1.697,54.737],[-1.696,54.737],[-1.696,54.736],[-1.696,54.737],[-1.695,54.736],[-1.695,54.737],[-1.694,54.737],[-1.694,54.736],[-1.693,54.736],[-1.693,54.737],[-1.692,54.737],[-1.692,54.736],[-1.691,54.736],[-1.69,54.736],[-1.689,54.736],[-1.688,54.737],[-1.687,54.737],[-1.686,54.737],[-1.685,54.738],[-1.684,54.738],[-1.683,54.738],[-1.682,54.738],[-1.681,54.738],[-1.68,54.738],[-1.679,54.738],[-1.678,54.738],[-1.678,54.739],[-1.677,54.739],[-1.676,54.739],[-1.675,54.739],[-1.674,54.739],[-1.673,54.739],[-1.673,54.74],[-1.672,54.74],[-1.672,54.739],[-1.671,54.739],[-1.671,54.74],[-1.67,54.739],[-1.669,54.739],[-1.668,54.739],[-1.667,54.739],[-1.666,54.739],[-1.665,54.739],[-1.664,54.738],[-1.663,54.737],[-1.662,54.736],[-1.661,54.736],[-1.66,54.735],[-1.658,54.734],[-1.657,54.734],[-1.657,54.733],[-1.658,54.732],[-1.658,54.731],[-1.658,54.73],[-1.657,54.73],[-1.656,54.73],[-1.654,54.73],[-1.653,54.73],[-1.652,54.73],[-1.65,54.728],[-1.649,54.727],[-1.649,54.726],[-1.649,54.725],[-1.646,54.724],[-1.645,54.723],[-1.644,54.722],[-1.643,54.721],[-1.642,54.721],[-1.642,54.72],[-1.642,54.719],[-1.641,54.718],[-1.639,54.715],[-1.638,54.715],[-1.637,54.715],[-1.636,54.715],[-1.635,54.715],[-1.634,54.716],[-1.633,54.716],[-1.633,54.715]]]},"properties":{"OBJECTID":6972,"wd11cd":"E05008015","wd11cdo":"00EJPQ","wd11nm":"Willington","wd11nmw":" ","GlobalID":"c2f837fe-fba3-4e76-ad45-8c9e0b0b9c4f","results":{"2005":{"winning_party":"Labour","labour_votes":2199,"conservative_votes":0,"libdem_votes":1309,"reform_uk_votes":0,"green_votes":0,"independent_votes":0,"other_votes":0,"labour_pct":62.7,"conservative_pct":0.0,"libdem_pct":37.3,"reform_uk_pct":0.0,"green_pct":0.0,"independent_pct":0.0,"other_pct":0.0,"total_votes":3508,"turnout":0},"2008":{"winning_party":"Conservative","labour_votes":1814,"conservative_votes":1922,"libdem_votes":586,"reform_uk_votes":0,"green_votes":0,"independent_votes":301,"other_votes":280,"labour_pct":37.0,"conservative_pct":39.2,"libdem_pct":12.0,"reform_uk_pct":0.0,"green_pct":0.0,"independent_pct":6.1,"other_pct":5.7,"total_votes":4903,"turnout":0},"2013":{"winning_party":"Labour","labour_votes":1778,"conservative_votes":486,"libdem_votes":0,"reform_uk_votes":0,"green_votes":0,"independent_votes":731,"other_votes":0,"labour_pct":59.4,"conservative_pct":16.2,"libdem_pct":0.0,"reform_uk_pct":0.0,"green_pct":0.0,"independent_pct":24.4,"other_pct":0.0,"total_votes":2995,"turnout":24},"2017":{"winning_party":"Labour","labour_votes":2155,"conservative_votes":629,"libdem_votes":0,"reform_uk_votes":0,"green_votes":0,"independent_votes":0,"other_votes":0,"labour_pct":77.4,"conservative_pct":22.6,"libdem_pct":0.0,"reform_uk_pct":0.0,"green_pct":0.0,"independent_pct":0.0,"other_pct":0.0,"total_votes":2784,"turnout":1846},"2021":{"winning_party":"Labour","labour_votes":2457,"conservative_votes":2346,"libdem_votes":0,"reform_uk_votes":0,"green_votes":0,"independent_votes":0,"other_votes":0,"labour_pct":51.2,"conservative_pct":48.8,"libdem_pct":0.0,"reform_uk_pct":0.0,"green_pct":0.0,"independent_pct":0.0,"other_pct":0.0,"total_votes":4803,"turnout":2673}}}},{"type":"Feature","id":6973,"geometry":{"type":"Polygon","coordinates":[[[-1.314,54.754],[-1.314,54.753],[-1.315,54.753],[-1.315,54.752],[-1.314,54.752],[-1.313,54.751],[-1.313,54.75],[-1.313,54.749],[-1.313,54.748],[-1.312,54.747],[-1.311,54.746],[-1.311,54.744],[-1.311,54.742],[-1.31,54.742],[-1.311,54.742],[-1.312,54.741],[-1.313,54.741],[-1.314,54.74],[-1.315,54.74],[-1.317,54.74],[-1.318,54.74],[-1.319,54.74],[-1.32,54.74],[-1.321,54.74],[-1.322,54.74],[-1.323,54.74],[-1.325,54.739],[-1.326,54.739],[-1.325,54.737],[-1.324,54.737],[-1.324,54.736],[-1.323,54.736],[-1.324,54.735],[-1.323,54.735],[-1.323,54.734],[-1.324,54.733],[-1.325,54.734],[-1.326,54.734],[-1.327,54.734],[-1.327,54.733],[-1.326,54.733],[-1.326,54.732],[-1.327,54.732],[-1.328,54.731],[-1.329,54.731],[-1.329,54.73],[-1.33,54.73],[-1.331,54.729],[-1.332,54.729],[-1.333,54.728],[-1.334,54.727],[-1.335,54.727],[-1.336,54.726],[-1.337,54.726],[-1.338,54.727],[-1.339,54.727],[-1.339,54.728],[-1.34,54.728],[-1.341,54.728],[-1.342,54.728],[-1.344,54.728],[-1.345,54.728],[-1.346,54.728],[-1.348,54.729],[-1.35,54.729],[-1.352,54.729],[-1.353,54.729],[-1.354,54.728],[-1.355,54.727],[-1.357,54.727],[-1.358,54.727],[-1.359,54.727],[-1.36,54.727],[-1.361,54.727],[-1.361,54.726],[-1.362,54.726],[-1.364,54.726],[-1.364,54.725],[-1.365,54.725],[-1.367,54.724],[-1.368,54.724],[-1.37,54.724],[-1.371,54.724],[-1.372,54.725],[-1.373,54.725],[-1.375,54.724],[-1.376,54.724],[-1.377,54.724],[-1.378,54.724],[-1.379,54.723],[-1.378,54.723],[-1.378,54.722],[-1.379,54.722],[-1.378,54.722],[-1.378,54.721],[-1.379,54.72],[-1.38,54.72],[-1.382,54.72],[-1.383,54.719],[-1.384,54.719],[-1.385,54.719],[-1.386,54.719],[-1.388,54.718],[-1.389,54.717],[-1.39,54.716],[-1.391,54.716],[-1.391,54.715],[-1.39,54.715],[-1.39,54.714],[-1.389,54.714],[-1.386,54.713],[-1.384,54.713],[-1.383,54.712],[-1.381,54.711],[-1.38,54.711],[-1.379,54.711],[-1.378,54.711],[-1.377,54.71],[-1.375,54.71],[-1.373,54.709],[-1.372,54.709],[-1.371,54.709],[-1.37,54.709],[-1.369,54.708],[-1.367,54.708],[-1.366,54.707],[-1.365,54.706],[-1.365,54.705],[-1.364,54.705],[-1.364,54.704],[-1.363,54.704],[-1.362,54.704],[-1.361,54.704],[-1.36,54.704],[-1.359,54.704],[-1.359,54.703],[-1.358,54.702],[-1.357,54.701],[-1.358,54.701],[-1.359,54.701],[-1.361,54.7],[-1.364,54.699],[-1.365,54.699],[-1.365,54.698],[-1.366,54.698],[-1.367,54.696],[-1.367,54.695],[-1.368,54.695],[-1.368,54.694],[-1.368,54.693],[-1.369,54.693],[-1.369,54.692],[-1.37,54.692],[-1.371,54.692],[-1.372,54.692],[-1.374,54.692],[-1.375,54.691],[-1.374,54.69],[-1.375,54.69],[-1.375,54.689],[-1.377,54.688],[-1.378,54.688],[-1.379,54.688],[-1.379,54.687],[-1.379,54.686],[-1.38,54.686],[-1.38,54.685],[-1.381,54.685],[-1.381,54.684],[-1.382,54.684],[-1.383,54.684],[-1.384,54.684],[-1.386,54.683],[-1.387,54.683],[-1.388,54.683],[-1.39,54.683],[-1.39,54.684],[-1.391,54.684],[-1.392,54.684],[-1.393,54.685],[-1.394,54.685],[-1.395,54.686],[-1.396,54.687],[-1.397,54.687],[-1.397,54.688],[-1.398,54.688],[-1.398,54.689],[-1.398,54.69],[-1.399,54.691],[-1.4,54.691],[-1.4,54.692],[-1.4,54.693],[-1.399,54.693],[-1.398,54.693],[-1.398,54.694],[-1.398,54.695],[-1.397,54.696],[-1.398,54.696],[-1.399,54.697],[-1.4,54.697],[-1.4,54.698],[-1.401,54.699],[-1.402,54.7],[-1.4,54.7],[-1.4,54.701],[-1.399,54.702],[-1.398,54.702],[-1.397,54.702],[-1.396,54.702],[-1.395,54.701],[-1.394,54.701],[-1.395,54.701],[-1.395,54.702],[-1.396,54.703],[-1.396,54.704],[-1.397,54.705],[-1.398,54.706],[-1.399,54.707],[-1.4,54.708],[-1.401,54.709],[-1.401,54.711],[-1.401,54.712],[-1.4,54.714],[-1.399,54.715],[-1.399,54.716],[-1.396,54.718],[-1.395,54.719],[-1.397,54.72],[-1.398,54.72],[-1.399,54.721],[-1.398,54.723],[-1.398,54.724],[-1.399,54.726],[-1.398,54.727],[-1.398,54.729],[-1.398,54.73],[-1.398,54.731],[-1.4,54.731],[-1.399,54.733],[-1.399,54.734],[-1.4,54.736],[-1.4,54.737],[-1.401,54.738],[-1.397,54.738],[-1.394,54.738],[-1.392,54.739],[-1.393,54.741],[-1.39,54.742],[-1.389,54.743],[-1.388,54.743],[-1.386,54.744],[-1.386,54.743],[-1.385,54.743],[-1.384,54.743],[-1.383,54.743],[-1.381,54.742],[-1.38,54.742],[-1.378,54.742],[-1.377,54.742],[-1.376,54.742],[-1.374,54.742],[-1.372,54.742],[-1.371,54.743],[-1.37,54.743],[-1.369,54.743],[-1.368,54.743],[-1.367,54.743],[-1.367,54.744],[-1.367,54.745],[-1.366,54.746],[-1.365,54.747],[-1.365,54.748],[-1.364,54.748],[-1.363,54.75],[-1.362,54.749],[-1.361,54.749],[-1.36,54.749],[-1.356,54.75],[-1.355,54.75],[-1.354,54.75],[-1.353,54.751],[-1.352,54.751],[-1.351,54.752],[-1.349,54.753],[-1.346,54.755],[-1.344,54.757],[-1.343,54.757],[-1.342,54.758],[-1.343,54.759],[-1.345,54.759],[-1.346,54.76],[-1.347,54.76],[-1.35,54.762],[-1.35,54.763],[-1.349,54.763],[-1.348,54.763],[-1.347,54.764],[-1.346,54.764],[-1.345,54.764],[-1.344,54.764],[-1.343,54.764],[-1.342,54.764],[-1.341,54.764],[-1.34,54.764],[-1.339,54.762],[-1.338,54.761],[-1.336,54.761],[-1.337,54.76],[-1.338,54.759],[-1.337,54.759],[-1.337,54.758],[-1.338,54.758],[-1.339,54.757],[-1.339,54.756],[-1.339,54.755],[-1.338,54.755],[-1.338,54.754],[-1.337,54.754],[-1.337,54.753],[-1.337,54.752],[-1.336,54.752],[-1.335,54.752],[-1.334,54.752],[-1.334,54.751],[-1.334,54.752],[-1.334,54.751],[-1.333,54.751],[-1.332,54.751],[-1.331,54.751],[-1.33,54.751],[-1.329,54.751],[-1.326,54.75],[-1.325,54.75],[-1.324,54.75],[-1.323,54.751],[-1.322,54.751],[-1.322,54.752],[-1.321,54.752],[-1.32,54.752],[-1.319,54.752],[-1.318,54.753],[-1.316,54.754],[-1.315,54.754],[-1.314,54.754]]]},"properties":{"OBJECTID":6973,"wd11cd":"E05008016","wd11cdo":"00EJPR","wd11nm":"Wingate","wd11nmw":" ","GlobalID":"8798d638-4edd-48b3-8861-62a6cfcded67","results":{"2005":{"winning_party":"Labour","labour_votes":3205,"conservative_votes":870,"libdem_votes":0,"reform_uk_votes":0,"green_votes":0,"independent_votes":0,"other_votes":0,"labour_pct":78.7,"conservative_pct":21.3,"libdem_pct":0.0,"reform_uk_pct":0.0,"green_pct":0.0,"independent_pct":0.0,"other_pct":0.0,"total_votes":4075,"turnout":0},"2008":{"winning_party":"Labour","labour_votes":2130,"conservative_votes":0,"libdem_votes":750,"reform_uk_votes":0,"green_votes":0,"independent_votes":1349,"other_votes":0,"labour_pct":50.4,"conservative_pct":0.0,"libdem_pct":17.7,"reform_uk_pct":0.0,"green_pct":0.0,"independent_pct":31.9,"other_pct":0.0,"total_votes":4229,"turnout":0},"2013":{"winning_party":"Labour","labour_votes":538,"conservative_votes":0,"libdem_votes":0,"reform_uk_votes":0,"green_votes":0,"independent_votes":256,"other_votes":0,"labour_pct":67.8,"conservative_pct":0.0,"libdem_pct":0.0,"reform_uk_pct":0.0,"green_pct":0.0,"independent_pct":32.2,"other_pct":0.0,"total_votes":794,"turnout":24},"2017":{"winning_party":"Labour","labour_votes":577,"conservative_votes":107,"libdem_votes":0,"reform_uk_votes":0,"green_votes":0,"independent_votes":0,"other_votes":0,"labour_pct":84.4,"conservative_pct":15.6,"libdem_pct":0.0,"reform_uk_pct":0.0,"green_pct":0.0,"independent_pct":0.0,"other_pct":0.0,"total_votes":684,"turnout":783},"2021":{"winning_party":"Labour","labour_votes":630,"conservative_votes":227,"libdem_votes":0,"reform_uk_votes":0,"green_votes":0,"independent_votes":0,"other_votes":0,"labour_pct":73.5,"conservative_pct":26.5,"libdem_pct":0.0,"reform_uk_pct":0.0,"green_pct":0.0,"independent_pct":0.0,"other_pct":0.0,"total_votes":857,"turnout":906}}}},{"type":"Feature","id":6974,"geometry":{"type":"Polygon","coordinates":[[[-1.666,54.656],[-1.665,54.655],[-1.663,54.654],[-1.666,54.654],[-1.666,54.653],[-1.667,54.653],[-1.668,54.652],[-1.669,54.651],[-1.671,54.65],[-1.673,54.648],[-1.676,54.645],[-1.677,54.645],[-1.678,54.644],[-1.679,54.644],[-1.68,54.643],[-1.681,54.642],[-1.682,54.642],[-1.682,54.639],[-1.683,54.638],[-1.683,54.636],[-1.684,54.636],[-1.685,54.636],[-1.686,54.637],[-1.686,54.638],[-1.687,54.639],[-1.688,54.64],[-1.69,54.64],[-1.691,54.64],[-1.691,54.641],[-1.692,54.641],[-1.693,54.641],[-1.693,54.642],[-1.694,54.642],[-1.696,54.644],[-1.698,54.646],[-1.699,54.646],[-1.699,54.647],[-1.703,54.647],[-1.702,54.648],[-1.701,54.648],[-1.7,54.649],[-1.7,54.65],[-1.701,54.65],[-1.701,54.651],[-1.702,54.651],[-1.701,54.652],[-1.7,54.652],[-1.697,54.653],[-1.696,54.652],[-1.695,54.652],[-1.694,54.652],[-1.694,54.651],[-1.692,54.651],[-1.69,54.651],[-1.689,54.651],[-1.685,54.651],[-1.681,54.65],[-1.679,54.65],[-1.678,54.653],[-1.677,54.657],[-1.675,54.657],[-1.673,54.657],[-1.672,54.657],[-1.67,54.657],[-1.668,54.656],[-1.666,54.656]]]},"properties":{"OBJECTID":6974,"wd11cd":"E05008017","wd11cdo":"00EJPS","wd11nm":"Woodhouse Close","wd11nmw":" ","GlobalID":"655735aa-340a-4620-8fe4-6fecf9c8ea1b","results":{"2005":{"winning_party":"Labour","labour_votes":2119,"conservative_votes":299,"libdem_votes":712,"reform_uk_votes":0,"green_votes":0,"independent_votes":0,"other_votes":0,"labour_pct":67.7,"conservative_pct":9.6,"libdem_pct":22.7,"reform_uk_pct":0.0,"green_pct":0.0,"independent_pct":0.0,"other_pct":0.0,"total_votes":3130,"turnout":0},"2008":{"winning_party":"Labour","labour_votes":1308,"conservative_votes":410,"libdem_votes":1103,"reform_uk_votes":0,"green_votes":0,"independent_votes":0,"other_votes":0,"labour_pct":46.4,"conservative_pct":14.5,"libdem_pct":39.1,"reform_uk_pct":0.0,"green_pct":0.0,"independent_pct":0.0,"other_pct":0.0,"total_votes":2821,"turnout":0},"2013":{"winning_party":"Labour","labour_votes":1296,"conservative_votes":77,"libdem_votes":231,"reform_uk_votes":0,"green_votes":0,"independent_votes":626,"other_votes":0,"labour_pct":58.1,"conservative_pct":3.5,"libdem_pct":10.4,"reform_uk_pct":0.0,"green_pct":0.0,"independent_pct":28.1,"other_pct":0.0,"total_votes":2230,"turnout":19},"2017":{"winning_party":"Labour","labour_votes":1359,"conservative_votes":396,"libdem_votes":0,"reform_uk_votes":0,"green_votes":0,"independent_votes":0,"other_votes":306,"labour_pct":65.9,"conservative_pct":19.2,"libdem_pct":0.0,"reform_uk_pct":0.0,"green_pct":0.0,"independent_pct":0.0,"other_pct":14.8,"total_votes":2061,"turnout":1287},"2021":{"winning_party":"Conservative","labour_votes":1187,"conservative_votes":1266,"libdem_votes":0,"reform_uk_votes":0,"green_votes":0,"independent_votes":230,"other_votes":0,"labour_pct":44.2,"conservative_pct":47.2,"libdem_pct":0.0,"reform_uk_pct":0.0,"green_pct":0.0,"independent_pct":8.6,"other_pct":0.0,"total_votes":2683,"turnout":1712}}}}]}