{"type":"FeatureCollection","features":[{"type":"Feature","properties":{"lsoa_code":"E01020590","lsoa_name":"County Durham 015A","data":{"2015":{"imd_decile":6,"imd":19.569,"income_decile":6,"income":0.143,"employment_decile":7,"employment":0.136,"health_decile":8,"health":0.74,"education_decile":4,"education":10.735,"crime_decile":6,"crime":0.219,"barriers_decile":3,"barriers":15.042,"living_env_decile":2,"living_env":7.054},"2019":{"imd_decile":6,"imd":19.888,"income_decile":6,"income":0.125,"employment_decile":7,"employment":0.116,"health_decile":9,"health":0.786,"education_decile":4,"education":10.865,"crime_decile":7,"crime":0.429,"barriers_decile":1,"barriers":8.101,"living_env_decile":1,"living_env":4.659},"2025":{"imd_decile":7,"imd":23.351,"income_decile":6,"income":0.199,"employment_decile":8,"employment":0.175,"health_decile":8,"health":0.617,"education_decile":5,"education":15.897,"crime_decile":8,"crime":0.575,"barriers_decile":4,"barriers":16.32,"living_env_decile":8,"living_env":30.15},"2004":{"imd":15.87,"income":0.0890606423826214,"employment":0.109067912586985,"health":0.244065046070021,"education":13.3510432408469,"barriers":16.6170254173262,"crime":0.12,"living_env":5.05,"imd_decile":5,"income_decile":5,"employment_decile":7,"health_decile":7,"education_decile":5,"barriers_decile":4,"crime_decile":6,"living_env_decile":2},"2007":{"imd":16.6698265075684,"income":0.116360247135162,"employment":0.116404473781586,"health":0.238808146381878,"education":11.7153625488281,"barriers":21.6973379953898,"crime":-0.405405938625336,"living_env":6.54171800613403,"imd_decile":5,"income_decile":6,"employment_decile":7,"health_decile":7,"education_decile":4,"barriers_decile":6,"crime_decile":4,"living_env_decile":2}}},"geometry":{"type":"Polygon","coordinates":[[[-1.55529,54.86267],[-1.53583,54.85668],[-1.53041,54.85688],[-1.53049,54.8577],[-1.53227,54.86258],[-1.51988,54.85595],[-1.52191,54.85349],[-1.51972,54.85187],[-1.51355,54.8503],[-1.51002,54.84974],[-1.50715,54.84771],[-1.50652,54.84516],[-1.5142,54.84674],[-1.51467,54.84761],[-1.51676,54.84831],[-1.53055,54.848],[-1.53797,54.84937],[-1.54222,54.84903],[-1.54505,54.84869],[-1.54849,54.84711],[-1.55609,54.8463],[-1.55977,54.85381],[-1.56545,54.85659],[-1.56503,54.86216],[-1.56268,54.86276],[-1.55848,54.86147],[-1.55672,54.86378],[-1.55529,54.86267]]]}},{"type":"Feature","properties":{"lsoa_code":"E01020591","lsoa_name":"County Durham 015B","data":{"2015":{"imd_decile":8,"imd":27.963,"income_decile":8,"income":0.201,"employment_decile":8,"employment":0.176,"health_decile":9,"health":0.952,"education_decile":8,"education":28.043,"crime_decile":5,"crime":-0.022,"barriers_decile":7,"barriers":23.968,"living_env_decile":1,"living_env":1.401},"2019":{"imd_decile":8,"imd":29.562,"income_decile":8,"income":0.195,"employment_decile":9,"employment":0.154,"health_decile":9,"health":0.957,"education_decile":8,"education":31.479,"crime_decile":7,"crime":0.237,"barriers_decile":5,"barriers":18.636,"living_env_decile":1,"living_env":3.417},"2025":{"imd_decile":9,"imd":35.567,"income_decile":8,"income":0.327,"employment_decile":9,"employment":0.227,"health_decile":10,"health":1.394,"education_decile":9,"education":44.63,"crime_decile":9,"crime":0.763,"barriers_decile":4,"barriers":16.506,"living_env_decile":2,"living_env":6.208},"2004":{"imd":28.66,"income":0.170012680368742,"employment":0.175064711957778,"health":0.822522277986533,"education":24.2709367244074,"barriers":25.6073320067447,"crime":0.05,"living_env":11.73,"imd_decile":8,"income_decile":8,"employment_decile":9,"health_decile":9,"education_decile":7,"barriers_decile":7,"crime_decile":6,"living_env_decile":4},"2007":{"imd":30.1140079498291,"income":0.172511428594589,"employment":0.180128559470177,"health":0.839163505660677,"education":30.7383575439453,"barriers":30.8451753445293,"crime":0.0116327404975891,"living_env":2.7986102104187,"imd_decile":8,"income_decile":7,"employment_decile":9,"health_decile":9,"education_decile":8,"barriers_decile":8,"crime_decile":6,"living_env_decile":1}}},"geometry":{"type":"Polygon","coordinates":[[[-1.51715,54.87572],[-1.51165,54.8739],[-1.5101,54.86418],[-1.50905,54.85543],[-1.51002,54.84974],[-1.51355,54.8503],[-1.51972,54.85187],[-1.52191,54.85349],[-1.51988,54.85595],[-1.53227,54.86258],[-1.53049,54.8577],[-1.53041,54.85688],[-1.53583,54.85668],[-1.55529,54.86267],[-1.55848,54.86476],[-1.56194,54.8683],[-1.5586,54.87057],[-1.55146,54.86751],[-1.54186,54.86536],[-1.52663,54.87107],[-1.51842,54.87287],[-1.51715,54.87572]]]}},{"type":"Feature","properties":{"lsoa_code":"E01020592","lsoa_name":"County Durham 011A","data":{"2015":{"imd_decile":10,"imd":58.432,"income_decile":10,"income":0.419,"employment_decile":10,"employment":0.306,"health_decile":10,"health":1.818,"education_decile":10,"education":60.25,"crime_decile":8,"crime":0.602,"barriers_decile":6,"barriers":21.877,"living_env_decile":1,"living_env":2.268},"2019":{"imd_decile":10,"imd":55.483,"income_decile":10,"income":0.406,"employment_decile":10,"employment":0.266,"health_decile":10,"health":1.433,"education_decile":10,"education":51.353,"crime_decile":8,"crime":0.596,"barriers_decile":4,"barriers":16.472,"living_env_decile":1,"living_env":2.244},"2025":{"imd_decile":10,"imd":67.248,"income_decile":10,"income":0.663,"employment_decile":10,"employment":0.4,"health_decile":10,"health":1.853,"education_decile":10,"education":62.114,"crime_decile":10,"crime":1.46,"barriers_decile":3,"barriers":13.22,"living_env_decile":4,"living_env":13.203},"2004":{"imd":55.22,"income":0.429479453419255,"employment":0.296071327358512,"health":1.77951926214616,"education":63.0642351327103,"barriers":11.7826011352387,"crime":0.11,"living_env":6.29,"imd_decile":10,"income_decile":10,"employment_decile":10,"health_decile":10,"education_decile":10,"barriers_decile":2,"crime_decile":6,"living_env_decile":2},"2007":{"imd":57.5008087158203,"income":0.470313906669617,"employment":0.284697920084,"health":1.8435643970169,"education":56.0976943969727,"barriers":14.5786536566452,"crime":0.799267292022705,"living_env":2.32101202011108,"imd_decile":10,"income_decile":10,"employment_decile":10,"health_decile":10,"education_decile":10,"barriers_decile":3,"crime_decile":9,"living_env_decile":1}}},"geometry":{"type":"Polygon","coordinates":[[[-1.57895,54.85678],[-1.58024,54.85583],[-1.58208,54.85605],[-1.58494,54.85429],[-1.58211,54.85388],[-1.58762,54.8533],[-1.58854,54.85736],[-1.58758,54.85807],[-1.58393,54.85986],[-1.57895,54.85678]]]}},{"type":"Feature","properties":{"lsoa_code":"E01020593","lsoa_name":"County Durham 011B","data":{"2015":{"imd_decile":8,"imd":31.647,"income_decile":8,"income":0.222,"employment_decile":9,"employment":0.218,"health_decile":10,"health":1.192,"education_decile":7,"education":23.01,"crime_decile":7,"crime":0.383,"barriers_decile":2,"barriers":10.758,"living_env_decile":3,"living_env":9.832},"2019":{"imd_decile":8,"imd":33.139,"income_decile":9,"income":0.224,"employment_decile":9,"employment":0.176,"health_decile":9,"health":0.956,"education_decile":7,"education":25.682,"crime_decile":9,"crime":0.986,"barriers_decile":1,"barriers":6.318,"living_env_decile":2,"living_env":5.47},"2025":{"imd_decile":9,"imd":39.401,"income_decile":8,"income":0.348,"employment_decile":9,"employment":0.243,"health_decile":9,"health":0.972,"education_decile":8,"education":31.587,"crime_decile":10,"crime":1.65,"barriers_decile":1,"barriers":5.894,"living_env_decile":9,"living_env":40.747},"2004":{"imd":30.71,"income":0.214344216816861,"employment":0.192982584580701,"health":0.949480438413233,"education":21.0436843472479,"barriers":6.64046581610649,"crime":0.49,"living_env":16.1,"imd_decile":8,"income_decile":8,"employment_decile":9,"health_decile":9,"education_decile":7,"barriers_decile":1,"crime_decile":8,"living_env_decile":5},"2007":{"imd":27.4826774597168,"income":0.228374019265175,"employment":0.168548136949539,"health":0.708540188194619,"education":19.0543518066406,"barriers":8.65583654720167,"crime":0.613907694816589,"living_env":6.14282894134522,"imd_decile":8,"income_decile":8,"employment_decile":9,"health_decile":8,"education_decile":6,"barriers_decile":2,"crime_decile":8,"living_env_decile":2}}},"geometry":{"type":"Polygon","coordinates":[[[-1.57418,54.85809],[-1.57347,54.85327],[-1.57345,54.85156],[-1.57758,54.85246],[-1.58153,54.85391],[-1.58439,54.85399],[-1.5827,54.85541],[-1.58074,54.85607],[-1.5788,54.85623],[-1.57633,54.85877],[-1.57418,54.85809]]]}},{"type":"Feature","properties":{"lsoa_code":"E01020594","lsoa_name":"County Durham 013A","data":{"2015":{"imd_decile":4,"imd":11.246,"income_decile":4,"income":0.083,"employment_decile":4,"employment":0.081,"health_decile":6,"health":0.068,"education_decile":5,"education":12.758,"crime_decile":5,"crime":0.006,"barriers_decile":1,"barriers":6.021,"living_env_decile":4,"living_env":11.772},"2019":{"imd_decile":5,"imd":15.715,"income_decile":5,"income":0.098,"employment_decile":6,"employment":0.09,"health_decile":6,"health":0.134,"education_decile":5,"education":14.007,"crime_decile":8,"crime":0.51,"barriers_decile":1,"barriers":4.515,"living_env_decile":4,"living_env":12.28},"2025":{"imd_decile":7,"imd":23.776,"income_decile":5,"income":0.18,"employment_decile":7,"employment":0.153,"health_decile":8,"health":0.754,"education_decile":5,"education":13.533,"crime_decile":9,"crime":0.786,"barriers_decile":1,"barriers":8.781,"living_env_decile":9,"living_env":43.753},"2004":{"imd":17.1,"income":0.0981668927740587,"employment":0.112025769801079,"health":0.476055306087911,"education":9.70934591916793,"barriers":6.10309342086973,"crime":-0.25,"living_env":24.57,"imd_decile":6,"income_decile":5,"employment_decile":7,"health_decile":8,"education_decile":4,"barriers_decile":1,"crime_decile":4,"living_env_decile":7},"2007":{"imd":13.8823223114014,"income":0.10925680398941,"employment":0.0952692702412605,"health":0.144884762024799,"education":13.0111122131348,"barriers":8.42594332124562,"crime":-0.209904879331589,"living_env":8.44220542907715,"imd_decile":5,"income_decile":5,"employment_decile":6,"health_decile":6,"education_decile":5,"barriers_decile":1,"crime_decile":5,"living_env_decile":3}}},"geometry":{"type":"Polygon","coordinates":[[[-1.57031,54.85162],[-1.57054,54.84992],[-1.57317,54.84888],[-1.57327,54.84758],[-1.57426,54.848],[-1.57621,54.84658],[-1.5769,54.84921],[-1.57563,54.85268],[-1.57324,54.85226],[-1.57192,54.85482],[-1.56963,54.85165],[-1.57031,54.85162]]]}},{"type":"Feature","properties":{"lsoa_code":"E01020595","lsoa_name":"County Durham 013B","data":{"2015":{"imd_decile":3,"imd":9.402,"income_decile":3,"income":0.059,"employment_decile":5,"employment":0.085,"health_decile":6,"health":0.069,"education_decile":2,"education":3.64,"crime_decile":6,"crime":0.091,"barriers_decile":3,"barriers":14.096,"living_env_decile":2,"living_env":6.103},"2019":{"imd_decile":3,"imd":9.771,"income_decile":3,"income":0.053,"employment_decile":5,"employment":0.072,"health_decile":7,"health":0.213,"education_decile":1,"education":2.782,"crime_decile":6,"crime":0.172,"barriers_decile":2,"barriers":11.821,"living_env_decile":1,"living_env":3.393},"2025":{"imd_decile":3,"imd":10.678,"income_decile":2,"income":0.093,"employment_decile":5,"employment":0.095,"health_decile":6,"health":0.088,"education_decile":2,"education":3.216,"crime_decile":7,"crime":0.338,"barriers_decile":1,"barriers":6.909,"living_env_decile":6,"living_env":21.158},"2004":{"imd":12.44,"income":0.0538746056879387,"employment":0.0944267719841668,"health":0.192020566963633,"education":4.39473142759107,"barriers":14.093256426532,"crime":0.31,"living_env":9.26,"imd_decile":4,"income_decile":3,"employment_decile":6,"health_decile":6,"education_decile":2,"barriers_decile":3,"crime_decile":7,"living_env_decile":3},"2007":{"imd":9.91751480102539,"income":0.0617856048047543,"employment":0.0760350674390793,"health":0.0529637663154432,"education":3.29186415672302,"barriers":12.2184791283921,"crime":0.279084801673889,"living_env":5.86034297943115,"imd_decile":3,"income_decile":3,"employment_decile":5,"health_decile":6,"education_decile":2,"barriers_decile":3,"crime_decile":7,"living_env_decile":2}}},"geometry":{"type":"Polygon","coordinates":[[[-1.5742,54.8585],[-1.56473,54.85808],[-1.56423,54.85568],[-1.55852,54.8505],[-1.55718,54.84401],[-1.56168,54.84093],[-1.56411,54.84673],[-1.56877,54.84643],[-1.56783,54.84332],[-1.57014,54.8375],[-1.5705,54.83434],[-1.57627,54.83521],[-1.57809,54.84448],[-1.57621,54.84658],[-1.57426,54.848],[-1.57327,54.84758],[-1.57317,54.84888],[-1.57054,54.84992],[-1.57031,54.85162],[-1.57179,54.8526],[-1.57376,54.85547],[-1.5742,54.8585]]]}},{"type":"Feature","properties":{"lsoa_code":"E01020596","lsoa_name":"County Durham 007A","data":{"2015":{"imd_decile":8,"imd":28.906,"income_decile":8,"income":0.211,"employment_decile":9,"employment":0.183,"health_decile":10,"health":1.231,"education_decile":8,"education":28.351,"crime_decile":4,"crime":-0.423,"barriers_decile":5,"barriers":19.455,"living_env_decile":1,"living_env":3.244},"2019":{"imd_decile":9,"imd":33.715,"income_decile":9,"income":0.245,"employment_decile":9,"employment":0.177,"health_decile":9,"health":1.121,"education_decile":9,"education":39.493,"crime_decile":4,"crime":-0.335,"barriers_decile":3,"barriers":12.956,"living_env_decile":1,"living_env":3.689},"2025":{"imd_decile":8,"imd":32.877,"income_decile":8,"income":0.357,"employment_decile":9,"employment":0.219,"health_decile":9,"health":1.102,"education_decile":9,"education":43.357,"crime_decile":6,"crime":0.199,"barriers_decile":3,"barriers":13.773,"living_env_decile":4,"living_env":13.111},"2004":{"imd":25.26,"income":0.169475851959757,"employment":0.157006721508533,"health":0.803968135742875,"education":34.088494781421,"barriers":9.84094637586114,"crime":-0.49,"living_env":4.04,"imd_decile":7,"income_decile":8,"employment_decile":9,"health_decile":9,"education_decile":8,"barriers_decile":2,"crime_decile":3,"living_env_decile":1},"2007":{"imd":26.9691524505615,"income":0.202809050679207,"employment":0.153204411268234,"health":0.900890946314957,"education":35.972412109375,"barriers":13.2437430465228,"crime":-0.280759543180466,"living_env":3.5255913734436,"imd_decile":8,"income_decile":8,"employment_decile":9,"health_decile":9,"education_decile":9,"barriers_decile":3,"crime_decile":4,"living_env_decile":1}}},"geometry":{"type":"Polygon","coordinates":[[[-1.57626,54.86772],[-1.57474,54.86752],[-1.5772,54.86661],[-1.57802,54.86574],[-1.57875,54.86131],[-1.57971,54.86111],[-1.58226,54.86171],[-1.58538,54.86399],[-1.58733,54.86568],[-1.57626,54.86772]]]}},{"type":"Feature","properties":{"lsoa_code":"E01020597","lsoa_name":"County Durham 007B","data":{"2015":{"imd_decile":3,"imd":8.627,"income_decile":3,"income":0.065,"employment_decile":4,"employment":0.079,"health_decile":5,"health":-0.039,"education_decile":4,"education":8.935,"crime_decile":3,"crime":-0.514,"barriers_decile":4,"barriers":15.055,"living_env_decile":1,"living_env":3.602},"2019":{"imd_decile":3,"imd":9.627,"income_decile":3,"income":0.057,"employment_decile":4,"employment":0.066,"health_decile":6,"health":0.008,"education_decile":4,"education":9.462,"crime_decile":6,"crime":0.039,"barriers_decile":3,"barriers":13.331,"living_env_decile":1,"living_env":2.378},"2025":{"imd_decile":3,"imd":8.653,"income_decile":2,"income":0.09,"employment_decile":4,"employment":0.091,"health_decile":5,"health":-0.083,"education_decile":3,"education":9.067,"crime_decile":5,"crime":-0.19,"barriers_decile":1,"barriers":8.596,"living_env_decile":3,"living_env":9.456},"2004":{"imd":9.91,"income":0.0315367680552897,"employment":0.104267412859869,"health":-0.0269082950287291,"education":7.95243792073139,"barriers":7.64801279406205,"crime":-0.29,"living_env":4.96,"imd_decile":3,"income_decile":1,"employment_decile":7,"health_decile":5,"education_decile":3,"barriers_decile":1,"crime_decile":4,"living_env_decile":2},"2007":{"imd":12.2238540649414,"income":0.0696681067347527,"employment":0.102940671145916,"health":0.0265233279857478,"education":11.156102180481,"barriers":10.0845988965909,"crime":-0.112881049513817,"living_env":6.11279964447022,"imd_decile":4,"income_decile":3,"employment_decile":7,"health_decile":6,"education_decile":4,"barriers_decile":2,"crime_decile":5,"living_env_decile":2}}},"geometry":{"type":"Polygon","coordinates":[[[-1.58274,54.86263],[-1.58131,54.86093],[-1.57854,54.86124],[-1.57665,54.86105],[-1.57638,54.85984],[-1.57637,54.85922],[-1.58102,54.85914],[-1.59066,54.86114],[-1.59541,54.86088],[-1.59272,54.86347],[-1.58841,54.86537],[-1.58517,54.86424],[-1.58274,54.86263]]]}},{"type":"Feature","properties":{"lsoa_code":"E01020598","lsoa_name":"County Durham 007C","data":{"2015":{"imd_decile":3,"imd":10.393,"income_decile":3,"income":0.071,"employment_decile":5,"employment":0.086,"health_decile":7,"health":0.378,"education_decile":2,"education":5.924,"crime_decile":2,"crime":-0.753,"barriers_decile":5,"barriers":18.006,"living_env_decile":1,"living_env":3.96},"2019":{"imd_decile":3,"imd":9.152,"income_decile":4,"income":0.064,"employment_decile":4,"employment":0.063,"health_decile":7,"health":0.272,"education_decile":2,"education":5.331,"crime_decile":3,"crime":-0.531,"barriers_decile":3,"barriers":12.455,"living_env_decile":1,"living_env":3.873},"2025":{"imd_decile":4,"imd":11.221,"income_decile":4,"income":0.142,"employment_decile":4,"employment":0.088,"health_decile":7,"health":0.351,"education_decile":2,"education":4.82,"crime_decile":5,"crime":-0.031,"barriers_decile":1,"barriers":6.09,"living_env_decile":5,"living_env":15.012},"2004":{"imd":11.34,"income":0.0572179769290698,"employment":0.0960700890964897,"health":0.106561635576982,"education":7.33112596399396,"barriers":8.02482225882994,"crime":-0.48,"living_env":12.5,"imd_decile":4,"income_decile":3,"employment_decile":6,"health_decile":6,"education_decile":3,"barriers_decile":1,"crime_decile":3,"living_env_decile":4},"2007":{"imd":12.6080083847046,"income":0.110916659235954,"employment":0.0953852534294128,"health":-0.0189076698278875,"education":6.76786613464356,"barriers":10.3107918000017,"crime":-0.0831827744841576,"living_env":5.04138278961182,"imd_decile":4,"income_decile":5,"employment_decile":6,"health_decile":5,"education_decile":3,"barriers_decile":2,"crime_decile":5,"living_env_decile":2}}},"geometry":{"type":"Polygon","coordinates":[[[-1.57474,54.86752],[-1.57102,54.86442],[-1.56833,54.86201],[-1.56503,54.86216],[-1.57115,54.85786],[-1.57637,54.85922],[-1.57638,54.85984],[-1.57665,54.86105],[-1.57854,54.86124],[-1.57822,54.8643],[-1.57699,54.86637],[-1.57513,54.86759],[-1.57474,54.86752]]]}},{"type":"Feature","properties":{"lsoa_code":"E01020599","lsoa_name":"County Durham 011C","data":{"2015":{"imd_decile":8,"imd":30.194,"income_decile":8,"income":0.211,"employment_decile":9,"employment":0.226,"health_decile":10,"health":1.284,"education_decile":7,"education":25.697,"crime_decile":3,"crime":-0.436,"barriers_decile":2,"barriers":9.263,"living_env_decile":1,"living_env":1.922},"2019":{"imd_decile":9,"imd":33.548,"income_decile":9,"income":0.203,"employment_decile":10,"employment":0.219,"health_decile":9,"health":1.112,"education_decile":8,"education":29.525,"crime_decile":6,"crime":0.152,"barriers_decile":1,"barriers":5.992,"living_env_decile":1,"living_env":0.951},"2025":{"imd_decile":9,"imd":39.862,"income_decile":9,"income":0.44,"employment_decile":10,"employment":0.261,"health_decile":10,"health":1.418,"education_decile":8,"education":30.185,"crime_decile":10,"crime":1.103,"barriers_decile":3,"barriers":14.444,"living_env_decile":1,"living_env":4.066},"2004":{"imd":30.42,"income":0.170212904366593,"employment":0.221097883650241,"health":1.16554422661217,"education":28.3754832595994,"barriers":5.79005421461517,"crime":-0.27,"living_env":3.81,"imd_decile":8,"income_decile":8,"employment_decile":10,"health_decile":9,"education_decile":8,"barriers_decile":1,"crime_decile":4,"living_env_decile":1},"2007":{"imd":30.9491996765137,"income":0.210321381688118,"employment":0.204230695962906,"health":0.996061793021104,"education":29.8419303894043,"barriers":8.28153547694318,"crime":0.10295969247818,"living_env":3.5591926574707,"imd_decile":8,"income_decile":8,"employment_decile":10,"health_decile":9,"education_decile":8,"barriers_decile":1,"crime_decile":6,"living_env_decile":1}}},"geometry":{"type":"Polygon","coordinates":[[[-1.5769,54.84921],[-1.58329,54.84853],[-1.58774,54.8475],[-1.58788,54.84673],[-1.59147,54.84961],[-1.58096,54.8511],[-1.5775,54.85219],[-1.5769,54.84921]]]}},{"type":"Feature","properties":{"lsoa_code":"E01020600","lsoa_name":"County Durham 013C","data":{"2015":{"imd_decile":2,"imd":5.701,"income_decile":1,"income":0.04,"employment_decile":4,"employment":0.07,"health_decile":5,"health":-0.139,"education_decile":2,"education":3.823,"crime_decile":1,"crime":-1.401,"barriers_decile":4,"barriers":16.988,"living_env_decile":1,"living_env":0.64},"2019":{"imd_decile":2,"imd":5.965,"income_decile":2,"income":0.037,"employment_decile":2,"employment":0.041,"health_decile":6,"health":0.049,"education_decile":2,"education":3.862,"crime_decile":4,"crime":-0.388,"barriers_decile":4,"barriers":16.647,"living_env_decile":1,"living_env":0.71},"2025":{"imd_decile":1,"imd":4.59,"income_decile":1,"income":0.053,"employment_decile":2,"employment":0.063,"health_decile":5,"health":-0.14,"education_decile":2,"education":3.792,"crime_decile":2,"crime":-1.043,"barriers_decile":2,"barriers":12.187,"living_env_decile":2,"living_env":5.566},"2004":{"imd":5.67,"income":0.0185046215806914,"employment":0.0713532275493186,"health":-0.22427288391199,"education":7.12493320627256,"barriers":3.06379946386755,"crime":-0.87,"living_env":0.38,"imd_decile":1,"income_decile":1,"employment_decile":5,"health_decile":5,"education_decile":3,"barriers_decile":1,"crime_decile":2,"living_env_decile":1},"2007":{"imd":6.27856206893921,"income":0.0337068699300289,"employment":0.067082479596138,"health":-0.23495993401736,"education":7.47145509719849,"barriers":3.30191575837882,"crime":-0.274139255285263,"living_env":1.75567877292633,"imd_decile":2,"income_decile":1,"employment_decile":4,"health_decile":5,"education_decile":3,"barriers_decile":1,"crime_decile":4,"living_env_decile":1}}},"geometry":{"type":"Polygon","coordinates":[[[-1.5769,54.84921],[-1.57729,54.84653],[-1.57995,54.8427],[-1.58595,54.84304],[-1.58961,54.84264],[-1.58845,54.84526],[-1.58764,54.8465],[-1.588,54.84742],[-1.58342,54.84844],[-1.57873,54.84891],[-1.5769,54.84921]]]}},{"type":"Feature","properties":{"lsoa_code":"E01020601","lsoa_name":"County Durham 011D","data":{"2015":{"imd_decile":4,"imd":11.135,"income_decile":4,"income":0.084,"employment_decile":4,"employment":0.074,"health_decile":7,"health":0.363,"education_decile":3,"education":6.478,"crime_decile":5,"crime":-0.18,"barriers_decile":6,"barriers":20.444,"living_env_decile":1,"living_env":1.544},"2019":{"imd_decile":4,"imd":14.137,"income_decile":5,"income":0.082,"employment_decile":5,"employment":0.067,"health_decile":8,"health":0.54,"education_decile":3,"education":6.601,"crime_decile":7,"crime":0.414,"barriers_decile":5,"barriers":20.123,"living_env_decile":1,"living_env":1.881},"2025":{"imd_decile":4,"imd":12.86,"income_decile":4,"income":0.129,"employment_decile":5,"employment":0.098,"health_decile":7,"health":0.322,"education_decile":5,"education":15.204,"crime_decile":6,"crime":0.18,"barriers_decile":3,"barriers":13.791,"living_env_decile":2,"living_env":5.982},"2004":{"imd":12.57,"income":0.0557982662097653,"employment":0.0950969079395893,"health":0.291804665180374,"education":7.8737391430508,"barriers":21.8790312724996,"crime":-0.3,"living_env":0.69,"imd_decile":4,"income_decile":3,"employment_decile":6,"health_decile":7,"education_decile":3,"barriers_decile":6,"crime_decile":4,"living_env_decile":1},"2007":{"imd":13.5004348754883,"income":0.0899041369557381,"employment":0.0785517171025276,"health":0.314915346087277,"education":6.97977161407471,"barriers":23.1328633934166,"crime":0.180273741483688,"living_env":2.55545973777771,"imd_decile":4,"income_decile":4,"employment_decile":5,"health_decile":7,"education_decile":3,"barriers_decile":6,"crime_decile":6,"living_env_decile":1}}},"geometry":{"type":"Polygon","coordinates":[[[-1.58571,54.85981],[-1.58898,54.85786],[-1.58841,54.85621],[-1.58895,54.8543],[-1.58944,54.85676],[-1.59273,54.85661],[-1.59493,54.85561],[-1.59589,54.85448],[-1.5976,54.85239],[-1.59489,54.85277],[-1.59037,54.85138],[-1.5966,54.85095],[-1.60011,54.85195],[-1.60652,54.84906],[-1.60831,54.84814],[-1.60534,54.85116],[-1.60362,54.85221],[-1.6025,54.8525],[-1.60065,54.85681],[-1.59996,54.8576],[-1.59755,54.8587],[-1.59662,54.85888],[-1.593,54.86139],[-1.58571,54.85981]]]}},{"type":"Feature","properties":{"lsoa_code":"E01020602","lsoa_name":"County Durham 011E","data":{"2015":{"imd_decile":9,"imd":37.289,"income_decile":9,"income":0.262,"employment_decile":10,"employment":0.244,"health_decile":10,"health":1.468,"education_decile":8,"education":33.532,"crime_decile":5,"crime":-0.032,"barriers_decile":5,"barriers":19.343,"living_env_decile":1,"living_env":1.792},"2019":{"imd_decile":9,"imd":42.956,"income_decile":9,"income":0.252,"employment_decile":10,"employment":0.226,"health_decile":10,"health":1.324,"education_decile":9,"education":45.849,"crime_decile":9,"crime":0.825,"barriers_decile":4,"barriers":17.021,"living_env_decile":1,"living_env":0.942},"2025":{"imd_decile":9,"imd":41.998,"income_decile":9,"income":0.42,"employment_decile":10,"employment":0.26,"health_decile":10,"health":1.922,"education_decile":9,"education":41.134,"crime_decile":8,"crime":0.586,"barriers_decile":3,"barriers":14.119,"living_env_decile":2,"living_env":6.419},"2004":{"imd":35.64,"income":0.243181427558428,"employment":0.214810125753513,"health":1.42877598906909,"education":31.2804027249732,"barriers":13.1573033119569,"crime":0.16,"living_env":3.94,"imd_decile":9,"income_decile":9,"employment_decile":10,"health_decile":10,"education_decile":8,"barriers_decile":3,"crime_decile":6,"living_env_decile":1},"2007":{"imd":34.061408996582,"income":0.232432067394257,"employment":0.191586792469025,"health":1.1920963199948,"education":33.7841300964356,"barriers":15.4595632758334,"crime":0.531312108039856,"living_env":4.07959985733032,"imd_decile":8,"income_decile":8,"employment_decile":9,"health_decile":10,"education_decile":8,"barriers_decile":4,"crime_decile":8,"living_env_decile":1}}},"geometry":{"type":"Polygon","coordinates":[[[-1.58944,54.85676],[-1.58895,54.8543],[-1.58541,54.85336],[-1.57862,54.85392],[-1.5775,54.85219],[-1.58096,54.8511],[-1.59147,54.84961],[-1.59237,54.85177],[-1.59539,54.85221],[-1.59758,54.85355],[-1.59494,54.85441],[-1.59429,54.8563],[-1.59137,54.85637],[-1.58944,54.85676]]]}},{"type":"Feature","properties":{"lsoa_code":"E01020603","lsoa_name":"County Durham 013D","data":{"2015":{"imd_decile":1,"imd":4.306,"income_decile":1,"income":0.019,"employment_decile":1,"employment":0.042,"health_decile":4,"health":-0.376,"education_decile":1,"education":1.142,"crime_decile":1,"crime":-1.743,"barriers_decile":7,"barriers":25.466,"living_env_decile":1,"living_env":0.51},"2019":{"imd_decile":1,"imd":4.093,"income_decile":1,"income":0.015,"employment_decile":1,"employment":0.028,"health_decile":4,"health":-0.385,"education_decile":1,"education":1.229,"crime_decile":1,"crime":-1.519,"barriers_decile":7,"barriers":25.635,"living_env_decile":1,"living_env":0.71},"2025":{"imd_decile":1,"imd":2.093,"income_decile":1,"income":0.024,"employment_decile":1,"employment":0.038,"health_decile":2,"health":-0.776,"education_decile":1,"education":1.059,"crime_decile":1,"crime":-1.753,"barriers_decile":5,"barriers":17.749,"living_env_decile":1,"living_env":0.758},"2004":{"imd":6.06,"income":0.0102047003098365,"employment":0.0540160781520896,"health":-0.186813664843968,"education":3.4138094136403,"barriers":24.8787208126072,"crime":-0.98,"living_env":0.23,"imd_decile":2,"income_decile":1,"employment_decile":3,"health_decile":5,"education_decile":2,"barriers_decile":7,"crime_decile":2,"living_env_decile":1},"2007":{"imd":4.96031188964844,"income":0.013573445379734,"employment":0.0453846529126167,"health":-0.348428882722961,"education":2.447016954422,"barriers":25.4855485954295,"crime":-1.31639778614044,"living_env":1.0341420173645,"imd_decile":1,"income_decile":1,"employment_decile":2,"health_decile":4,"education_decile":1,"barriers_decile":7,"crime_decile":1,"living_env_decile":1}}},"geometry":{"type":"Polygon","coordinates":[[[-1.59399,54.8478],[-1.59286,54.84654],[-1.5893,54.84599],[-1.58795,54.84516],[-1.59006,54.84281],[-1.59418,54.84266],[-1.59529,54.84379],[-1.59646,54.84315],[-1.59824,54.84147],[-1.60056,54.84782],[-1.59496,54.84704],[-1.59399,54.8478]]]}},{"type":"Feature","properties":{"lsoa_code":"E01020604","lsoa_name":"County Durham 019A","data":{"2015":{"imd_decile":6,"imd":20.771,"income_decile":7,"income":0.158,"employment_decile":8,"employment":0.144,"health_decile":8,"health":0.568,"education_decile":5,"education":13.34,"crime_decile":2,"crime":-0.697,"barriers_decile":8,"barriers":28.739,"living_env_decile":1,"living_env":2.845},"2019":{"imd_decile":6,"imd":21.425,"income_decile":7,"income":0.129,"employment_decile":7,"employment":0.118,"health_decile":8,"health":0.508,"education_decile":5,"education":13.016,"crime_decile":6,"crime":0.145,"barriers_decile":8,"barriers":29.038,"living_env_decile":1,"living_env":3.877},"2025":{"imd_decile":7,"imd":24.55,"income_decile":7,"income":0.233,"employment_decile":8,"employment":0.175,"health_decile":8,"health":0.624,"education_decile":6,"education":16.77,"crime_decile":7,"crime":0.34,"barriers_decile":7,"barriers":24.443,"living_env_decile":7,"living_env":25.516},"2004":{"imd":23.61,"income":0.142402295251687,"employment":0.141465506349968,"health":0.632561881584633,"education":19.1992662309537,"barriers":30.0972610668916,"crime":-0.31,"living_env":4.76,"imd_decile":7,"income_decile":7,"employment_decile":8,"health_decile":8,"education_decile":6,"barriers_decile":8,"crime_decile":4,"living_env_decile":2},"2007":{"imd":23.9062938690186,"income":0.160910293459892,"employment":0.142874047160149,"health":0.504038678490717,"education":20.6308860778809,"barriers":32.9643538958699,"crime":-0.542172312736511,"living_env":3.87171649932861,"imd_decile":7,"income_decile":7,"employment_decile":8,"health_decile":8,"education_decile":7,"barriers_decile":9,"crime_decile":3,"living_env_decile":1}}},"geometry":{"type":"Polygon","coordinates":[[[-1.63449,54.85777],[-1.62046,54.85466],[-1.61401,54.85358],[-1.61239,54.84962],[-1.60912,54.84799],[-1.6048,54.84741],[-1.60157,54.8477],[-1.59718,54.84266],[-1.59687,54.84347],[-1.59447,54.84404],[-1.59104,54.8431],[-1.58961,54.84264],[-1.58595,54.84304],[-1.57995,54.8427],[-1.58323,54.83517],[-1.58799,54.83394],[-1.59696,54.8339],[-1.60694,54.83198],[-1.60866,54.83361],[-1.61811,54.83887],[-1.62613,54.83584],[-1.63353,54.83284],[-1.64486,54.83261],[-1.65406,54.83163],[-1.6642,54.83202],[-1.66144,54.83536],[-1.65971,54.83881],[-1.65576,54.8444],[-1.6544,54.85303],[-1.64533,54.85458],[-1.63449,54.85777]]]}},{"type":"Feature","properties":{"lsoa_code":"E01020605","lsoa_name":"County Durham 013E","data":{"2015":{"imd_decile":2,"imd":6.084,"income_decile":2,"income":0.047,"employment_decile":3,"employment":0.059,"health_decile":5,"health":-0.051,"education_decile":1,"education":2.589,"crime_decile":1,"crime":-1.289,"barriers_decile":6,"barriers":21.409,"living_env_decile":1,"living_env":1.485},"2019":{"imd_decile":1,"imd":5.129,"income_decile":2,"income":0.04,"employment_decile":2,"employment":0.043,"health_decile":3,"health":-0.524,"education_decile":1,"education":2.704,"crime_decile":1,"crime":-1.126,"barriers_decile":7,"barriers":23.249,"living_env_decile":1,"living_env":0.984},"2025":{"imd_decile":1,"imd":5.09,"income_decile":1,"income":0.066,"employment_decile":3,"employment":0.07,"health_decile":5,"health":-0.229,"education_decile":2,"education":3.759,"crime_decile":2,"crime":-0.932,"barriers_decile":3,"barriers":13.731,"living_env_decile":2,"living_env":4.501},"2004":{"imd":6.5,"income":0.0230505162166055,"employment":0.0625822750253291,"health":-0.144062046570114,"education":6.8136651040858,"barriers":18.3918157709266,"crime":-0.86,"living_env":0.96,"imd_decile":2,"income_decile":1,"employment_decile":4,"health_decile":5,"education_decile":3,"barriers_decile":5,"crime_decile":2,"living_env_decile":1},"2007":{"imd":6.08487892150879,"income":0.0344981588423252,"employment":0.0561265721917152,"health":-0.168714638660858,"education":4.64767265319824,"barriers":20.5468883147309,"crime":-0.899393081665039,"living_env":1.5884268283844,"imd_decile":2,"income_decile":1,"employment_decile":3,"health_decile":5,"education_decile":2,"barriers_decile":6,"crime_decile":2,"living_env_decile":1}}},"geometry":{"type":"Polygon","coordinates":[[[-1.59102,54.84855],[-1.58841,54.84619],[-1.58956,54.8454],[-1.59265,54.84695],[-1.5939,54.84674],[-1.59496,54.84704],[-1.60056,54.84782],[-1.6026,54.84812],[-1.60286,54.85033],[-1.59954,54.85188],[-1.59353,54.85008],[-1.59135,54.84874],[-1.59102,54.84855]]]}},{"type":"Feature","properties":{"lsoa_code":"E01020606","lsoa_name":"County Durham 005A","data":{"2015":{"imd_decile":9,"imd":38.303,"income_decile":9,"income":0.253,"employment_decile":10,"employment":0.246,"health_decile":9,"health":0.818,"education_decile":8,"education":34.336,"crime_decile":10,"crime":1.244,"barriers_decile":3,"barriers":13.498,"living_env_decile":3,"living_env":9.167},"2019":{"imd_decile":9,"imd":41.886,"income_decile":9,"income":0.247,"employment_decile":10,"employment":0.217,"health_decile":9,"health":0.921,"education_decile":9,"education":43.804,"crime_decile":10,"crime":1.372,"barriers_decile":2,"barriers":10.608,"living_env_decile":4,"living_env":11.279},"2025":{"imd_decile":10,"imd":50.069,"income_decile":8,"income":0.359,"employment_decile":10,"employment":0.299,"health_decile":10,"health":1.481,"education_decile":10,"education":52.702,"crime_decile":10,"crime":1.789,"barriers_decile":5,"barriers":20.054,"living_env_decile":8,"living_env":34.308},"2004":{"imd":35.68,"income":0.202105071046704,"employment":0.225563384442744,"health":1.04299069893913,"education":38.637010418379,"barriers":16.0021445366745,"crime":0.18,"living_env":19.47,"imd_decile":9,"income_decile":8,"employment_decile":10,"health_decile":9,"education_decile":9,"barriers_decile":4,"crime_decile":6,"living_env_decile":6},"2007":{"imd":33.5977020263672,"income":0.226300954818726,"employment":0.191682621836662,"health":0.903675604671033,"education":39.2126350402832,"barriers":17.5362247568764,"crime":0.181502744555473,"living_env":15.7860832214355,"imd_decile":8,"income_decile":8,"employment_decile":9,"health_decile":9,"education_decile":9,"barriers_decile":5,"crime_decile":6,"living_env_decile":5}}},"geometry":{"type":"Polygon","coordinates":[[[-1.63817,54.87196],[-1.63673,54.86839],[-1.63592,54.86703],[-1.63389,54.86305],[-1.63449,54.85777],[-1.64533,54.85458],[-1.65571,54.85667],[-1.66126,54.85547],[-1.66523,54.85558],[-1.66623,54.85541],[-1.66876,54.85646],[-1.66789,54.85944],[-1.6628,54.86927],[-1.66404,54.87296],[-1.65802,54.87612],[-1.64749,54.87518],[-1.63817,54.87196]]]}},{"type":"Feature","properties":{"lsoa_code":"E01020607","lsoa_name":"County Durham 019B","data":{"2015":{"imd_decile":7,"imd":26.451,"income_decile":7,"income":0.174,"employment_decile":9,"employment":0.186,"health_decile":10,"health":1.17,"education_decile":7,"education":26.428,"crime_decile":4,"crime":-0.316,"barriers_decile":3,"barriers":13.309,"living_env_decile":1,"living_env":3.882},"2019":{"imd_decile":7,"imd":26.401,"income_decile":7,"income":0.151,"employment_decile":8,"employment":0.148,"health_decile":9,"health":0.86,"education_decile":7,"education":26.791,"crime_decile":8,"crime":0.642,"barriers_decile":2,"barriers":10.357,"living_env_decile":1,"living_env":3.425},"2025":{"imd_decile":8,"imd":28.771,"income_decile":7,"income":0.26,"employment_decile":8,"employment":0.172,"health_decile":9,"health":1.064,"education_decile":7,"education":27.301,"crime_decile":9,"crime":0.936,"barriers_decile":7,"barriers":24.605,"living_env_decile":3,"living_env":7.998},"2004":{"imd":29.27,"income":0.195264400067582,"employment":0.205835496499487,"health":0.880575357701977,"education":25.1286593082383,"barriers":17.9713373014698,"crime":-0.4,"living_env":4.15,"imd_decile":8,"income_decile":8,"employment_decile":9,"health_decile":9,"education_decile":7,"barriers_decile":5,"crime_decile":4,"living_env_decile":1},"2007":{"imd":26.4197158813477,"income":0.188006788492203,"employment":0.184745714068413,"health":0.769835945746756,"education":22.9492073059082,"barriers":13.4236499877731,"crime":-0.260547161102295,"living_env":2.46973514556885,"imd_decile":7,"income_decile":8,"employment_decile":9,"health_decile":8,"education_decile":7,"barriers_decile":3,"crime_decile":4,"living_env_decile":1}}},"geometry":{"type":"Polygon","coordinates":[[[-1.60762,54.8326],[-1.60084,54.83295],[-1.59038,54.83459],[-1.58337,54.83446],[-1.57627,54.83521],[-1.5705,54.83434],[-1.56319,54.83307],[-1.55695,54.82576],[-1.5635,54.8255],[-1.57307,54.82004],[-1.58429,54.82302],[-1.59146,54.81974],[-1.59251,54.81731],[-1.60015,54.81695],[-1.60993,54.81921],[-1.61858,54.82392],[-1.62728,54.82548],[-1.63075,54.83337],[-1.62607,54.83586],[-1.618,54.83954],[-1.60737,54.83314],[-1.60762,54.8326]]]}},{"type":"Feature","properties":{"lsoa_code":"E01020608","lsoa_name":"County Durham 015C","data":{"2015":{"imd_decile":5,"imd":17.043,"income_decile":6,"income":0.134,"employment_decile":7,"employment":0.118,"health_decile":8,"health":0.51,"education_decile":4,"education":10.971,"crime_decile":5,"crime":-0.052,"barriers_decile":5,"barriers":19.759,"living_env_decile":1,"living_env":2.294},"2019":{"imd_decile":5,"imd":15.99,"income_decile":6,"income":0.109,"employment_decile":6,"employment":0.095,"health_decile":8,"health":0.536,"education_decile":3,"education":8.619,"crime_decile":6,"crime":0.219,"barriers_decile":3,"barriers":12.898,"living_env_decile":1,"living_env":1.1},"2025":{"imd_decile":6,"imd":20.78,"income_decile":7,"income":0.233,"employment_decile":7,"employment":0.151,"health_decile":8,"health":0.63,"education_decile":5,"education":12.903,"crime_decile":7,"crime":0.353,"barriers_decile":5,"barriers":18.609,"living_env_decile":5,"living_env":14.673},"2004":{"imd":20.16,"income":0.151363479922244,"employment":0.122753469835429,"health":0.579984367201453,"education":16.2118167231828,"barriers":11.8040150050545,"crime":0.2,"living_env":2.34,"imd_decile":6,"income_decile":7,"employment_decile":8,"health_decile":8,"education_decile":6,"barriers_decile":2,"crime_decile":6,"living_env_decile":1},"2007":{"imd":16.5889015197754,"income":0.124678306281567,"employment":0.103093765676022,"health":0.426791162456039,"education":16.2818965911865,"barriers":17.7923046080582,"crime":-0.323176831007004,"living_env":2.61245274543762,"imd_decile":5,"income_decile":6,"employment_decile":7,"health_decile":7,"education_decile":6,"barriers_decile":5,"crime_decile":4,"living_env_decile":1}}},"geometry":{"type":"Polygon","coordinates":[[[-1.53569,54.85168],[-1.52071,54.84807],[-1.51674,54.84757],[-1.51403,54.84741],[-1.51246,54.84705],[-1.5067,54.8456],[-1.50372,54.83805],[-1.5086,54.83702],[-1.51339,54.83587],[-1.51419,54.82851],[-1.52463,54.83503],[-1.53142,54.83605],[-1.53195,54.83712],[-1.53575,54.83706],[-1.53761,54.83779],[-1.53995,54.83781],[-1.53997,54.83734],[-1.54033,54.83519],[-1.54398,54.83586],[-1.54782,54.83582],[-1.55082,54.83428],[-1.55073,54.83625],[-1.54876,54.8362],[-1.54363,54.83714],[-1.54297,54.83874],[-1.54259,54.83959],[-1.5396,54.84048],[-1.53929,54.84432],[-1.54849,54.84711],[-1.54505,54.84869],[-1.54222,54.84903],[-1.53797,54.84937],[-1.53569,54.85168]]]}},{"type":"Feature","properties":{"lsoa_code":"E01020609","lsoa_name":"County Durham 015D","data":{"2015":{"imd_decile":7,"imd":21.592,"income_decile":7,"income":0.15,"employment_decile":8,"employment":0.17,"health_decile":9,"health":0.819,"education_decile":7,"education":25.202,"crime_decile":2,"crime":-0.894,"barriers_decile":1,"barriers":7.761,"living_env_decile":1,"living_env":1.985},"2019":{"imd_decile":6,"imd":19.875,"income_decile":7,"income":0.147,"employment_decile":8,"employment":0.138,"health_decile":7,"health":0.398,"education_decile":6,"education":19.937,"crime_decile":3,"crime":-0.512,"barriers_decile":1,"barriers":5.191,"living_env_decile":1,"living_env":1.885},"2025":{"imd_decile":6,"imd":21.272,"income_decile":6,"income":0.222,"employment_decile":8,"employment":0.164,"health_decile":9,"health":0.783,"education_decile":7,"education":25.03,"crime_decile":4,"crime":-0.305,"barriers_decile":5,"barriers":18.22,"living_env_decile":2,"living_env":4.943},"2004":{"imd":21.14,"income":0.156600542363065,"employment":0.158782293305322,"health":0.563112038624867,"education":17.8646073482237,"barriers":5.89654394519605,"crime":-0.57,"living_env":1.39,"imd_decile":6,"income_decile":7,"employment_decile":9,"health_decile":8,"education_decile":6,"barriers_decile":1,"crime_decile":3,"living_env_decile":1},"2007":{"imd":22.4438648223877,"income":0.167762577533722,"employment":0.155678942799568,"health":0.508685524965996,"education":26.7898635864258,"barriers":7.76473565958906,"crime":-0.359859853982925,"living_env":2.35159635543823,"imd_decile":7,"income_decile":7,"employment_decile":9,"health_decile":8,"education_decile":8,"barriers_decile":1,"crime_decile":4,"living_env_decile":1}}},"geometry":{"type":"Polygon","coordinates":[[[-1.5396,54.84048],[-1.54259,54.83959],[-1.54297,54.83874],[-1.54363,54.83714],[-1.54816,54.83715],[-1.54675,54.83865],[-1.54903,54.8403],[-1.5564,54.84082],[-1.55609,54.8463],[-1.54849,54.84711],[-1.53929,54.84432],[-1.5396,54.84048]]]}},{"type":"Feature","properties":{"lsoa_code":"E01020610","lsoa_name":"County Durham 015E","data":{"2015":{"imd_decile":2,"imd":8.033,"income_decile":4,"income":0.075,"employment_decile":4,"employment":0.069,"health_decile":7,"health":0.268,"education_decile":2,"education":5.203,"crime_decile":3,"crime":-0.595,"barriers_decile":1,"barriers":5.398,"living_env_decile":1,"living_env":0.95},"2019":{"imd_decile":2,"imd":7.531,"income_decile":3,"income":0.056,"employment_decile":4,"employment":0.065,"health_decile":6,"health":0.095,"education_decile":2,"education":4.479,"crime_decile":3,"crime":-0.622,"barriers_decile":1,"barriers":5.488,"living_env_decile":1,"living_env":0.955},"2025":{"imd_decile":3,"imd":8.599,"income_decile":3,"income":0.102,"employment_decile":4,"employment":0.085,"health_decile":6,"health":0.008,"education_decile":3,"education":8.719,"crime_decile":2,"crime":-0.805,"barriers_decile":5,"barriers":18.6,"living_env_decile":1,"living_env":2.667},"2004":{"imd":10.3,"income":0.0605106609305561,"employment":0.0841726357282598,"health":0.383956816234693,"education":5.3194208819641,"barriers":4.90508527955267,"crime":-0.37,"living_env":1.05,"imd_decile":3,"income_decile":4,"employment_decile":6,"health_decile":7,"education_decile":2,"barriers_decile":1,"crime_decile":4,"living_env_decile":1},"2007":{"imd":8.38576030731201,"income":0.0637703016400337,"employment":0.0692032501101494,"health":0.256739426354017,"education":5.44113445281982,"barriers":5.44642265161657,"crime":-0.455146342515945,"living_env":1.81174111366272,"imd_decile":3,"income_decile":3,"employment_decile":4,"health_decile":7,"education_decile":2,"barriers_decile":1,"crime_decile":4,"living_env_decile":1}}},"geometry":{"type":"Polygon","coordinates":[[[-1.56168,54.84093],[-1.5564,54.84082],[-1.54903,54.8403],[-1.54675,54.83865],[-1.54816,54.83715],[-1.54987,54.83613],[-1.55494,54.83694],[-1.54975,54.83581],[-1.5477,54.83628],[-1.54237,54.83534],[-1.54083,54.83635],[-1.53933,54.83732],[-1.53998,54.83815],[-1.53851,54.83727],[-1.53628,54.83856],[-1.5327,54.837],[-1.5316,54.8357],[-1.52395,54.82941],[-1.5354,54.82764],[-1.53995,54.82512],[-1.54794,54.82447],[-1.55395,54.82516],[-1.55695,54.82576],[-1.56319,54.83307],[-1.5705,54.83434],[-1.57014,54.8375],[-1.56783,54.84332],[-1.56877,54.84643],[-1.56411,54.84673],[-1.56168,54.84093]]]}},{"type":"Feature","properties":{"lsoa_code":"E01020611","lsoa_name":"County Durham 007D","data":{"2015":{"imd_decile":2,"imd":6.838,"income_decile":1,"income":0.035,"employment_decile":2,"employment":0.054,"health_decile":4,"health":-0.265,"education_decile":2,"education":4.901,"crime_decile":1,"crime":-1.369,"barriers_decile":8,"barriers":29.724,"living_env_decile":1,"living_env":2.982},"2019":{"imd_decile":3,"imd":9.396,"income_decile":2,"income":0.041,"employment_decile":3,"employment":0.047,"health_decile":5,"health":-0.152,"education_decile":2,"education":4.475,"crime_decile":6,"crime":0.077,"barriers_decile":8,"barriers":30.529,"living_env_decile":1,"living_env":4.475},"2025":{"imd_decile":1,"imd":5.226,"income_decile":1,"income":0.063,"employment_decile":2,"employment":0.055,"health_decile":4,"health":-0.352,"education_decile":2,"education":5.711,"crime_decile":4,"crime":-0.422,"barriers_decile":4,"barriers":15.527,"living_env_decile":2,"living_env":6.904},"2004":{"imd":8.6,"income":0.0190845773903203,"employment":0.0729758178122282,"health":-0.14059356119195,"education":4.28127092025955,"barriers":28.5660689308111,"crime":-0.75,"living_env":2.02,"imd_decile":3,"income_decile":1,"employment_decile":5,"health_decile":5,"education_decile":2,"barriers_decile":8,"crime_decile":2,"living_env_decile":1},"2007":{"imd":9.42000389099121,"income":0.0372626110911369,"employment":0.0629686862230301,"health":-0.195533812515736,"education":5.04786539077759,"barriers":34.4206505656111,"crime":-0.735978364944458,"living_env":3.07041335105896,"imd_decile":3,"income_decile":1,"employment_decile":4,"health_decile":5,"education_decile":2,"barriers_decile":9,"crime_decile":2,"living_env_decile":1}}},"geometry":{"type":"Polygon","coordinates":[[[-1.56194,54.87737],[-1.55303,54.87591],[-1.53748,54.87439],[-1.53309,54.8767],[-1.53079,54.87789],[-1.52737,54.87699],[-1.52167,54.87601],[-1.52443,54.8719],[-1.53539,54.86626],[-1.54631,54.86717],[-1.55629,54.86889],[-1.561,54.87058],[-1.56002,54.86595],[-1.56369,54.86665],[-1.56607,54.86859],[-1.57529,54.87261],[-1.57555,54.87578],[-1.5765,54.87769],[-1.57591,54.87895],[-1.56416,54.88077],[-1.56037,54.8799],[-1.56194,54.87737]]]}},{"type":"Feature","properties":{"lsoa_code":"E01020612","lsoa_name":"County Durham 007E","data":{"2015":{"imd_decile":2,"imd":6.484,"income_decile":2,"income":0.049,"employment_decile":2,"employment":0.054,"health_decile":4,"health":-0.39,"education_decile":2,"education":4.174,"crime_decile":2,"crime":-0.949,"barriers_decile":8,"barriers":27.021,"living_env_decile":1,"living_env":1.308},"2019":{"imd_decile":2,"imd":7.599,"income_decile":3,"income":0.061,"employment_decile":2,"employment":0.044,"health_decile":5,"health":-0.162,"education_decile":2,"education":3.429,"crime_decile":2,"crime":-0.999,"barriers_decile":7,"barriers":25.515,"living_env_decile":1,"living_env":3.472},"2025":{"imd_decile":1,"imd":4.823,"income_decile":2,"income":0.087,"employment_decile":3,"employment":0.065,"health_decile":3,"health":-0.615,"education_decile":1,"education":2.474,"crime_decile":1,"crime":-1.25,"barriers_decile":2,"barriers":10.843,"living_env_decile":5,"living_env":13.979},"2004":{"imd":8.35,"income":0.044418113658543,"employment":0.0735291717876647,"health":-0.104061658023552,"education":4.78526375520324,"barriers":21.1842564377172,"crime":-1.08,"living_env":4.06,"imd_decile":2,"income_decile":2,"employment_decile":5,"health_decile":5,"education_decile":2,"barriers_decile":6,"crime_decile":1,"living_env_decile":1},"2007":{"imd":7.83972930908203,"income":0.0529565140604973,"employment":0.0579208731651306,"health":-0.44193676249066,"education":4.51332569122314,"barriers":28.9304797024517,"crime":-1.04696726799011,"living_env":4.88505172729492,"imd_decile":2,"income_decile":2,"employment_decile":3,"health_decile":4,"education_decile":2,"barriers_decile":8,"crime_decile":2,"living_env_decile":2}}},"geometry":{"type":"Polygon","coordinates":[[[-1.58071,54.88106],[-1.5765,54.87769],[-1.57555,54.87578],[-1.57529,54.87261],[-1.56607,54.86859],[-1.56369,54.86665],[-1.56002,54.86595],[-1.55801,54.86208],[-1.56124,54.86146],[-1.56446,54.8629],[-1.56844,54.86227],[-1.57394,54.86405],[-1.5747,54.86772],[-1.58284,54.86871],[-1.59498,54.87127],[-1.59636,54.87505],[-1.59104,54.87802],[-1.58287,54.88035],[-1.58071,54.88106]]]}},{"type":"Feature","properties":{"lsoa_code":"E01020613","lsoa_name":"County Durham 002A","data":{"2015":{"imd_decile":1,"imd":5.477,"income_decile":2,"income":0.045,"employment_decile":2,"employment":0.055,"health_decile":5,"health":-0.169,"education_decile":3,"education":7.989,"crime_decile":3,"crime":-0.598,"barriers_decile":2,"barriers":9.829,"living_env_decile":1,"living_env":4.419},"2019":{"imd_decile":2,"imd":6.608,"income_decile":1,"income":0.034,"employment_decile":3,"employment":0.052,"health_decile":5,"health":-0.226,"education_decile":4,"education":9.282,"crime_decile":5,"crime":-0.093,"barriers_decile":3,"barriers":12.574,"living_env_decile":1,"living_env":2.037},"2025":{"imd_decile":1,"imd":5.356,"income_decile":1,"income":0.056,"employment_decile":2,"employment":0.052,"health_decile":4,"health":-0.266,"education_decile":3,"education":8.346,"crime_decile":1,"crime":-1.206,"barriers_decile":6,"barriers":20.829,"living_env_decile":1,"living_env":3.118},"2004":{"imd":12.91,"income":0.0817736087644912,"employment":0.100967836539134,"health":0.0419226346834915,"education":11.5338687841316,"barriers":14.3511801349261,"crime":-0.46,"living_env":4.23,"imd_decile":4,"income_decile":5,"employment_decile":7,"health_decile":6,"education_decile":4,"barriers_decile":3,"crime_decile":4,"living_env_decile":1},"2007":{"imd":7.73550081253052,"income":0.0423909053206444,"employment":0.0589251965284348,"health":-0.0393785213348419,"education":10.5806694030762,"barriers":15.8665309953456,"crime":-0.280567497014999,"living_env":2.49254179000855,"imd_decile":2,"income_decile":2,"employment_decile":4,"health_decile":5,"education_decile":4,"barriers_decile":4,"crime_decile":4,"living_env_decile":1}}},"geometry":{"type":"Polygon","coordinates":[[[-1.58333,54.89067],[-1.58287,54.88035],[-1.59104,54.87802],[-1.59659,54.87646],[-1.60075,54.87788],[-1.5969,54.8819],[-1.59779,54.8834],[-1.5943,54.88371],[-1.59155,54.88309],[-1.59051,54.88551],[-1.59431,54.88475],[-1.59679,54.88606],[-1.59805,54.88724],[-1.59909,54.88714],[-1.60268,54.88672],[-1.60351,54.88933],[-1.60023,54.89335],[-1.59387,54.89865],[-1.58971,54.89624],[-1.58756,54.89434],[-1.58404,54.89165],[-1.58333,54.89067]]]}},{"type":"Feature","properties":{"lsoa_code":"E01020614","lsoa_name":"County Durham 002B","data":{"2015":{"imd_decile":7,"imd":21.516,"income_decile":7,"income":0.155,"employment_decile":8,"employment":0.16,"health_decile":9,"health":1.036,"education_decile":6,"education":16.78,"crime_decile":2,"crime":-0.7,"barriers_decile":2,"barriers":9.857,"living_env_decile":2,"living_env":5.262},"2019":{"imd_decile":7,"imd":22.52,"income_decile":7,"income":0.139,"employment_decile":8,"employment":0.139,"health_decile":9,"health":0.926,"education_decile":6,"education":18.652,"crime_decile":5,"crime":-0.051,"barriers_decile":1,"barriers":8.382,"living_env_decile":1,"living_env":4.089},"2025":{"imd_decile":7,"imd":22.324,"income_decile":6,"income":0.185,"employment_decile":8,"employment":0.177,"health_decile":9,"health":1.163,"education_decile":5,"education":14.158,"crime_decile":5,"crime":-0.21,"barriers_decile":6,"barriers":21.16,"living_env_decile":3,"living_env":8.144},"2004":{"imd":21.87,"income":0.128777012311867,"employment":0.157303876064134,"health":0.651842176627542,"education":20.2693848004535,"barriers":10.0083062180335,"crime":-0.17,"living_env":6.78,"imd_decile":7,"income_decile":7,"employment_decile":9,"health_decile":8,"education_decile":6,"barriers_decile":2,"crime_decile":5,"living_env_decile":2},"2007":{"imd":19.0173645019531,"income":0.124940611422062,"employment":0.125626057386398,"health":0.624604679481466,"education":21.3930282592773,"barriers":11.7715291979149,"crime":-0.279328286647797,"living_env":2.63658857345581,"imd_decile":6,"income_decile":6,"employment_decile":8,"health_decile":8,"education_decile":7,"barriers_decile":2,"crime_decile":4,"living_env_decile":1}}},"geometry":{"type":"Polygon","coordinates":[[[-1.59694,54.88728],[-1.5959,54.88472],[-1.59345,54.88503],[-1.58998,54.88429],[-1.59485,54.88152],[-1.59704,54.88376],[-1.59712,54.88245],[-1.60099,54.87989],[-1.60404,54.87807],[-1.60312,54.88303],[-1.60268,54.88672],[-1.59909,54.88714],[-1.59805,54.88724],[-1.59694,54.88728]]]}},{"type":"Feature","properties":{"lsoa_code":"E01020615","lsoa_name":"County Durham 005B","data":{"2015":{"imd_decile":9,"imd":39.224,"income_decile":9,"income":0.28,"employment_decile":10,"employment":0.24,"health_decile":10,"health":1.533,"education_decile":9,"education":47.978,"crime_decile":5,"crime":-0.107,"barriers_decile":2,"barriers":10.279,"living_env_decile":1,"living_env":2.879},"2019":{"imd_decile":9,"imd":38.896,"income_decile":9,"income":0.249,"employment_decile":9,"employment":0.196,"health_decile":10,"health":1.237,"education_decile":9,"education":48.751,"crime_decile":8,"crime":0.624,"barriers_decile":1,"barriers":6.544,"living_env_decile":1,"living_env":2.395},"2025":{"imd_decile":9,"imd":41.048,"income_decile":9,"income":0.4,"employment_decile":10,"employment":0.284,"health_decile":10,"health":1.237,"education_decile":9,"education":41.559,"crime_decile":9,"crime":0.896,"barriers_decile":4,"barriers":17.158,"living_env_decile":5,"living_env":14.382},"2004":{"imd":34.5,"income":0.247748243997583,"employment":0.210061989394632,"health":1.29879887793142,"education":34.3461119886994,"barriers":7.48214867292414,"crime":-0.02,"living_env":4.42,"imd_decile":9,"income_decile":9,"employment_decile":10,"health_decile":10,"education_decile":8,"barriers_decile":1,"crime_decile":5,"living_env_decile":2},"2007":{"imd":33.115119934082,"income":0.252399057149887,"employment":0.179406940937042,"health":1.20887521673758,"education":37.4315032958984,"barriers":6.97234976599992,"crime":0.38187175989151,"living_env":2.59684014320374,"imd_decile":8,"income_decile":9,"employment_decile":9,"health_decile":10,"education_decile":9,"barriers_decile":1,"crime_decile":7,"living_env_decile":1}}},"geometry":{"type":"Polygon","coordinates":[[[-1.59659,54.87646],[-1.59595,54.87355],[-1.59537,54.87138],[-1.59834,54.86965],[-1.60855,54.87279],[-1.60647,54.87447],[-1.61501,54.87514],[-1.60404,54.87807],[-1.60038,54.87787],[-1.59659,54.87646]]]}},{"type":"Feature","properties":{"lsoa_code":"E01020616","lsoa_name":"County Durham 005C","data":{"2015":{"imd_decile":8,"imd":27.306,"income_decile":8,"income":0.215,"employment_decile":9,"employment":0.184,"health_decile":9,"health":1.046,"education_decile":7,"education":26.691,"crime_decile":5,"crime":-0.108,"barriers_decile":1,"barriers":8.263,"living_env_decile":1,"living_env":3.49},"2019":{"imd_decile":8,"imd":32.307,"income_decile":8,"income":0.202,"employment_decile":9,"employment":0.168,"health_decile":10,"health":1.14,"education_decile":8,"education":30.628,"crime_decile":9,"crime":0.829,"barriers_decile":1,"barriers":6.342,"living_env_decile":1,"living_env":1.817},"2025":{"imd_decile":9,"imd":37.146,"income_decile":9,"income":0.372,"employment_decile":9,"employment":0.234,"health_decile":10,"health":1.394,"education_decile":9,"education":40.52,"crime_decile":9,"crime":0.856,"barriers_decile":3,"barriers":13.898,"living_env_decile":4,"living_env":11.803},"2004":{"imd":30.94,"income":0.216370406104341,"employment":0.174718666571924,"health":1.09550461479364,"education":36.9254398260187,"barriers":11.3900641510775,"crime":-0.1,"living_env":9.42,"imd_decile":8,"income_decile":8,"employment_decile":9,"health_decile":9,"education_decile":9,"barriers_decile":2,"crime_decile":5,"living_env_decile":3},"2007":{"imd":26.940128326416,"income":0.220326989889145,"employment":0.160878464579582,"health":0.915651343960401,"education":25.6340274810791,"barriers":7.39599860803181,"crime":0.0696863532066345,"living_env":4.41648530960083,"imd_decile":8,"income_decile":8,"employment_decile":9,"health_decile":9,"education_decile":7,"barriers_decile":1,"crime_decile":6,"living_env_decile":1}}},"geometry":{"type":"Polygon","coordinates":[[[-1.60642,54.87477],[-1.60758,54.87304],[-1.60428,54.87331],[-1.59441,54.86779],[-1.59374,54.86458],[-1.59775,54.86168],[-1.60343,54.8628],[-1.60639,54.86779],[-1.60805,54.86855],[-1.61121,54.87058],[-1.61285,54.87224],[-1.60642,54.87477]]]}},{"type":"Feature","properties":{"lsoa_code":"E01020617","lsoa_name":"County Durham 005D","data":{"2015":{"imd_decile":5,"imd":16.093,"income_decile":5,"income":0.099,"employment_decile":6,"employment":0.11,"health_decile":7,"health":0.251,"education_decile":5,"education":15.236,"crime_decile":8,"crime":0.66,"barriers_decile":3,"barriers":13.588,"living_env_decile":1,"living_env":4.433},"2019":{"imd_decile":6,"imd":18.108,"income_decile":6,"income":0.1,"employment_decile":6,"employment":0.086,"health_decile":6,"health":0.171,"education_decile":6,"education":19.419,"crime_decile":9,"crime":0.981,"barriers_decile":3,"barriers":13.695,"living_env_decile":1,"living_env":4.208},"2025":{"imd_decile":4,"imd":12.458,"income_decile":4,"income":0.129,"employment_decile":5,"employment":0.097,"health_decile":6,"health":0.021,"education_decile":5,"education":15.545,"crime_decile":5,"crime":-0.044,"barriers_decile":4,"barriers":17.346,"living_env_decile":4,"living_env":11.856},"2004":{"imd":18.38,"income":0.0781166791719293,"employment":0.119983735227881,"health":0.373816639878233,"education":20.9324111864141,"barriers":16.3430600105792,"crime":0.17,"living_env":11.99,"imd_decile":6,"income_decile":5,"employment_decile":7,"health_decile":7,"education_decile":7,"barriers_decile":4,"crime_decile":6,"living_env_decile":4},"2007":{"imd":18.096887588501,"income":0.11724366992712,"employment":0.107593365013599,"health":0.207560359584277,"education":22.0055484771729,"barriers":11.1782168189783,"crime":0.516456723213196,"living_env":6.47691679000855,"imd_decile":6,"income_decile":6,"employment_decile":7,"health_decile":6,"education_decile":7,"barriers_decile":2,"crime_decile":8,"living_env_decile":2}}},"geometry":{"type":"MultiPolygon","coordinates":[[[[-1.58841,54.86537],[-1.59441,54.86779],[-1.59317,54.87076],[-1.58463,54.86714],[-1.58841,54.86537]]],[[[-1.62059,54.8768],[-1.61626,54.87651],[-1.61081,54.87217],[-1.61148,54.86968],[-1.60647,54.87042],[-1.60328,54.8657],[-1.60865,54.86455],[-1.61261,54.86397],[-1.61985,54.8629],[-1.62053,54.86294],[-1.63492,54.86236],[-1.63576,54.8654],[-1.63516,54.8673],[-1.63945,54.87134],[-1.62729,54.87255],[-1.62326,54.87516],[-1.62059,54.8768]]]]}},{"type":"Feature","properties":{"lsoa_code":"E01020618","lsoa_name":"County Durham 011F","data":{"2015":{"imd_decile":9,"imd":36.119,"income_decile":9,"income":0.266,"employment_decile":9,"employment":0.211,"health_decile":9,"health":1.062,"education_decile":9,"education":40.224,"crime_decile":8,"crime":0.482,"barriers_decile":7,"barriers":23.464,"living_env_decile":1,"living_env":2.627},"2019":{"imd_decile":9,"imd":34.627,"income_decile":9,"income":0.221,"employment_decile":9,"employment":0.165,"health_decile":9,"health":1.116,"education_decile":9,"education":45.673,"crime_decile":7,"crime":0.36,"barriers_decile":5,"barriers":18.232,"living_env_decile":1,"living_env":3.6},"2025":{"imd_decile":8,"imd":31.919,"income_decile":8,"income":0.346,"employment_decile":8,"employment":0.196,"health_decile":10,"health":1.182,"education_decile":8,"education":31.714,"crime_decile":8,"crime":0.62,"barriers_decile":7,"barriers":23.315,"living_env_decile":2,"living_env":4.59},"2004":{"imd":42.56,"income":0.299184576658139,"employment":0.251028949686049,"health":1.39676134244356,"education":53.5264652112057,"barriers":11.2759236260059,"crime":-0.09,"living_env":6.38,"imd_decile":9,"income_decile":9,"employment_decile":10,"health_decile":10,"education_decile":10,"barriers_decile":2,"crime_decile":5,"living_env_decile":2},"2007":{"imd":39.4350891113281,"income":0.266987770795822,"employment":0.210552737116814,"health":1.18012648984207,"education":55.530704498291,"barriers":20.0952819532395,"crime":0.25605720281601,"living_env":2.92928957939148,"imd_decile":9,"income_decile":9,"employment_decile":10,"health_decile":10,"education_decile":10,"barriers_decile":5,"crime_decile":7,"living_env_decile":1}}},"geometry":{"type":"Polygon","coordinates":[[[-1.60865,54.86455],[-1.60343,54.8628],[-1.59775,54.86168],[-1.59548,54.85975],[-1.59842,54.85878],[-1.59877,54.85822],[-1.6012,54.85722],[-1.60365,54.85295],[-1.60308,54.85191],[-1.6042,54.85158],[-1.60822,54.84926],[-1.61008,54.84814],[-1.61159,54.85002],[-1.61548,54.85481],[-1.62633,54.8552],[-1.63363,54.86271],[-1.62047,54.86233],[-1.61632,54.86272],[-1.61319,54.86475],[-1.60865,54.86455]]]}},{"type":"Feature","properties":{"lsoa_code":"E01020619","lsoa_name":"County Durham 019C","data":{"2015":{"imd_decile":5,"imd":16.312,"income_decile":6,"income":0.117,"employment_decile":6,"employment":0.115,"health_decile":8,"health":0.561,"education_decile":5,"education":15.689,"crime_decile":7,"crime":0.227,"barriers_decile":1,"barriers":6.431,"living_env_decile":1,"living_env":2.038},"2019":{"imd_decile":6,"imd":21.309,"income_decile":6,"income":0.117,"employment_decile":7,"employment":0.105,"health_decile":8,"health":0.591,"education_decile":7,"education":23.492,"crime_decile":9,"crime":0.925,"barriers_decile":1,"barriers":5.279,"living_env_decile":1,"living_env":2.919},"2025":{"imd_decile":7,"imd":24.053,"income_decile":6,"income":0.217,"employment_decile":7,"employment":0.155,"health_decile":9,"health":0.806,"education_decile":7,"education":24.514,"crime_decile":8,"crime":0.623,"barriers_decile":4,"barriers":17.369,"living_env_decile":6,"living_env":20.284},"2004":{"imd":16.23,"income":0.107638231822825,"employment":0.114069516848153,"health":0.118401189960938,"education":20.4558330580446,"barriers":3.66043864922498,"crime":-0.04,"living_env":3.87,"imd_decile":5,"income_decile":6,"employment_decile":7,"health_decile":6,"education_decile":6,"barriers_decile":1,"crime_decile":5,"living_env_decile":1},"2007":{"imd":17.9158515930176,"income":0.10107534378767,"employment":0.1082853525877,"health":0.196300441476897,"education":18.891529083252,"barriers":5.60950672840498,"crime":0.962352633476257,"living_env":2.70378112792969,"imd_decile":6,"income_decile":5,"employment_decile":7,"health_decile":6,"education_decile":6,"barriers_decile":1,"crime_decile":9,"living_env_decile":1}}},"geometry":{"type":"Polygon","coordinates":[[[-1.63806,54.82441],[-1.63586,54.82343],[-1.63104,54.82268],[-1.63144,54.82113],[-1.63308,54.82038],[-1.63229,54.8178],[-1.62803,54.81641],[-1.62814,54.81716],[-1.62773,54.81811],[-1.62959,54.81811],[-1.62564,54.81845],[-1.62714,54.82077],[-1.62364,54.8193],[-1.62519,54.81788],[-1.62289,54.81737],[-1.6228,54.81589],[-1.62024,54.81621],[-1.6184,54.81474],[-1.61729,54.81423],[-1.62168,54.81297],[-1.62485,54.81159],[-1.63631,54.81453],[-1.64108,54.81446],[-1.63845,54.81632],[-1.63929,54.81911],[-1.6462,54.82366],[-1.63806,54.82441]]]}},{"type":"Feature","properties":{"lsoa_code":"E01020620","lsoa_name":"County Durham 019D","data":{"2015":{"imd_decile":6,"imd":21.345,"income_decile":7,"income":0.156,"employment_decile":8,"employment":0.152,"health_decile":9,"health":0.807,"education_decile":6,"education":19.111,"crime_decile":6,"crime":0.039,"barriers_decile":2,"barriers":10.86,"living_env_decile":1,"living_env":3.068},"2019":{"imd_decile":7,"imd":25.764,"income_decile":7,"income":0.154,"employment_decile":8,"employment":0.148,"health_decile":9,"health":0.85,"education_decile":7,"education":26.244,"crime_decile":8,"crime":0.452,"barriers_decile":1,"barriers":8.704,"living_env_decile":1,"living_env":4.125},"2025":{"imd_decile":8,"imd":30.7,"income_decile":7,"income":0.247,"employment_decile":8,"employment":0.187,"health_decile":10,"health":1.245,"education_decile":8,"education":30.788,"crime_decile":9,"crime":0.849,"barriers_decile":6,"barriers":21.953,"living_env_decile":5,"living_env":16.703},"2004":{"imd":25.58,"income":0.174330601626331,"employment":0.188987496558403,"health":0.670935241943058,"education":24.5699464610472,"barriers":9.24554102386949,"crime":-0.35,"living_env":3.13,"imd_decile":7,"income_decile":8,"employment_decile":9,"health_decile":8,"education_decile":7,"barriers_decile":2,"crime_decile":4,"living_env_decile":1},"2007":{"imd":22.8975772857666,"income":0.159822449088097,"employment":0.143276661634445,"health":0.601337913492893,"education":21.460807800293,"barriers":10.7568059215368,"crime":0.493488252162933,"living_env":2.82837867736816,"imd_decile":7,"income_decile":7,"employment_decile":8,"health_decile":8,"education_decile":7,"barriers_decile":2,"crime_decile":8,"living_env_decile":1}}},"geometry":{"type":"Polygon","coordinates":[[[-1.63543,54.83347],[-1.62956,54.83104],[-1.6263,54.82516],[-1.62225,54.8232],[-1.62582,54.82267],[-1.6295,54.82108],[-1.62651,54.81875],[-1.62747,54.8184],[-1.62864,54.81792],[-1.62834,54.81733],[-1.62646,54.81711],[-1.63137,54.81729],[-1.63408,54.81986],[-1.63311,54.82137],[-1.63041,54.82163],[-1.63548,54.82351],[-1.63648,54.82349],[-1.6462,54.82366],[-1.65313,54.82695],[-1.66664,54.82641],[-1.66515,54.8324],[-1.65936,54.83192],[-1.6529,54.83131],[-1.63973,54.83339],[-1.63543,54.83347]]]}},{"type":"Feature","properties":{"lsoa_code":"E01020621","lsoa_name":"County Durham 019E","data":{"2015":{"imd_decile":8,"imd":31.677,"income_decile":9,"income":0.249,"employment_decile":10,"employment":0.238,"health_decile":9,"health":1.048,"education_decile":7,"education":24.271,"crime_decile":4,"crime":-0.346,"barriers_decile":3,"barriers":13.349,"living_env_decile":1,"living_env":0.631},"2019":{"imd_decile":8,"imd":29.714,"income_decile":8,"income":0.186,"employment_decile":9,"employment":0.178,"health_decile":9,"health":0.869,"education_decile":8,"education":29.844,"crime_decile":8,"crime":0.493,"barriers_decile":2,"barriers":9.498,"living_env_decile":1,"living_env":0.422},"2025":{"imd_decile":8,"imd":30.906,"income_decile":8,"income":0.33,"employment_decile":9,"employment":0.229,"health_decile":9,"health":0.94,"education_decile":8,"education":33.806,"crime_decile":7,"crime":0.303,"barriers_decile":5,"barriers":19.187,"living_env_decile":2,"living_env":6.838},"2004":{"imd":38.21,"income":0.259369667594334,"employment":0.259630808036456,"health":1.00418221504628,"education":40.1306488981916,"barriers":9.77966893658814,"crime":0.29,"living_env":6.73,"imd_decile":9,"income_decile":9,"employment_decile":10,"health_decile":9,"education_decile":9,"barriers_decile":2,"crime_decile":7,"living_env_decile":2},"2007":{"imd":37.3463401794434,"income":0.253808885812759,"employment":0.224880695343018,"health":0.914308382760994,"education":41.9016914367676,"barriers":11.7186115621618,"crime":0.833942890167236,"living_env":1.21080052852631,"imd_decile":9,"income_decile":9,"employment_decile":10,"health_decile":9,"education_decile":9,"barriers_decile":2,"crime_decile":9,"living_env_decile":1}}},"geometry":{"type":"Polygon","coordinates":[[[-1.61858,54.82392],[-1.60993,54.81921],[-1.61707,54.81495],[-1.61935,54.81536],[-1.62301,54.81561],[-1.62307,54.81664],[-1.62478,54.81742],[-1.62445,54.81874],[-1.62586,54.81932],[-1.62872,54.82045],[-1.6275,54.82206],[-1.62382,54.82254],[-1.62112,54.82316],[-1.61858,54.82392]]]}},{"type":"Feature","properties":{"lsoa_code":"E01020622","lsoa_name":"County Durham 002C","data":{"2015":{"imd_decile":3,"imd":8.921,"income_decile":3,"income":0.062,"employment_decile":3,"employment":0.067,"health_decile":5,"health":-0.21,"education_decile":4,"education":9.501,"crime_decile":5,"crime":-0.134,"barriers_decile":6,"barriers":20.315,"living_env_decile":2,"living_env":6.01},"2019":{"imd_decile":3,"imd":10.695,"income_decile":4,"income":0.066,"employment_decile":3,"employment":0.055,"health_decile":6,"health":0.007,"education_decile":4,"education":10.168,"crime_decile":6,"crime":0.169,"barriers_decile":5,"barriers":19.908,"living_env_decile":2,"living_env":5.315},"2025":{"imd_decile":4,"imd":11.968,"income_decile":3,"income":0.101,"employment_decile":4,"employment":0.079,"health_decile":6,"health":0.164,"education_decile":4,"education":11.303,"crime_decile":4,"crime":-0.311,"barriers_decile":7,"barriers":22.799,"living_env_decile":6,"living_env":21.343},"2004":{"imd":14.72,"income":0.0517728637128993,"employment":0.0932074020659813,"health":0.222601451613204,"education":12.2198083197746,"barriers":30.1979422559254,"crime":-0.1,"living_env":5.07,"imd_decile":5,"income_decile":3,"employment_decile":6,"health_decile":7,"education_decile":4,"barriers_decile":8,"crime_decile":5,"living_env_decile":2},"2007":{"imd":11.8419380187988,"income":0.0467107817530632,"employment":0.0790522918105125,"health":0.0176123984494804,"education":12.0664110183716,"barriers":30.3987434626112,"crime":-0.450920403003693,"living_env":3.61533260345459,"imd_decile":4,"income_decile":2,"employment_decile":5,"health_decile":6,"education_decile":4,"barriers_decile":8,"crime_decile":4,"living_env_decile":1}}},"geometry":{"type":"Polygon","coordinates":[[[-1.59387,54.89865],[-1.60023,54.89335],[-1.6105,54.88866],[-1.61249,54.88534],[-1.61328,54.88301],[-1.60748,54.88253],[-1.60473,54.88237],[-1.60274,54.88091],[-1.61626,54.87651],[-1.62059,54.8768],[-1.62538,54.87431],[-1.63477,54.87188],[-1.64367,54.87362],[-1.65393,54.87626],[-1.66325,54.87627],[-1.66489,54.8824],[-1.66484,54.88623],[-1.65866,54.8898],[-1.6565,54.89076],[-1.65001,54.89363],[-1.64662,54.8884],[-1.64775,54.88416],[-1.64635,54.8814],[-1.65107,54.88027],[-1.64543,54.87881],[-1.63919,54.88069],[-1.63334,54.88325],[-1.63158,54.88458],[-1.62842,54.88512],[-1.62494,54.8869],[-1.621,54.88735],[-1.61832,54.89013],[-1.61026,54.89535],[-1.60691,54.89707],[-1.60479,54.89875],[-1.60018,54.89909],[-1.59559,54.90194],[-1.59365,54.90086],[-1.59387,54.89865]]]}},{"type":"Feature","properties":{"lsoa_code":"E01020623","lsoa_name":"County Durham 002D","data":{"2015":{"imd_decile":3,"imd":9.05,"income_decile":2,"income":0.047,"employment_decile":4,"employment":0.072,"health_decile":6,"health":0.002,"education_decile":3,"education":7.037,"crime_decile":1,"crime":-1.025,"barriers_decile":8,"barriers":28.713,"living_env_decile":1,"living_env":1.914},"2019":{"imd_decile":3,"imd":11.21,"income_decile":3,"income":0.055,"employment_decile":3,"employment":0.055,"health_decile":7,"health":0.196,"education_decile":3,"education":8.242,"crime_decile":4,"crime":-0.306,"barriers_decile":8,"barriers":30.162,"living_env_decile":1,"living_env":1.511},"2025":{"imd_decile":3,"imd":10.217,"income_decile":3,"income":0.107,"employment_decile":4,"employment":0.088,"health_decile":6,"health":0.188,"education_decile":3,"education":6.543,"crime_decile":3,"crime":-0.583,"barriers_decile":7,"barriers":23.846,"living_env_decile":1,"living_env":2.822},"2004":{"imd":11.14,"income":0.0365644508346402,"employment":0.0664107776859931,"health":0.0796622159830702,"education":8.96884532748943,"barriers":33.0579719594958,"crime":-0.43,"living_env":0.88,"imd_decile":4,"income_decile":2,"employment_decile":4,"health_decile":6,"education_decile":3,"barriers_decile":9,"crime_decile":4,"living_env_decile":1},"2007":{"imd":10.5138111114502,"income":0.0443367101252079,"employment":0.0654516741633415,"health":-0.0903537709156383,"education":9.41443347930908,"barriers":34.2811783815812,"crime":-0.829234004020691,"living_env":2.02786254882813,"imd_decile":3,"income_decile":2,"employment_decile":4,"health_decile":5,"education_decile":4,"barriers_decile":9,"crime_decile":2,"living_env_decile":1}}},"geometry":{"type":"Polygon","coordinates":[[[-1.60363,54.88398],[-1.60562,54.88238],[-1.60851,54.88103],[-1.61073,54.88452],[-1.61088,54.88595],[-1.60575,54.89194],[-1.60351,54.88933],[-1.60268,54.88672],[-1.60363,54.88398]]]}},{"type":"Feature","properties":{"lsoa_code":"E01020624","lsoa_name":"County Durham 009A","data":{"2015":{"imd_decile":9,"imd":41.754,"income_decile":9,"income":0.264,"employment_decile":10,"employment":0.258,"health_decile":10,"health":1.366,"education_decile":8,"education":28.307,"crime_decile":10,"crime":1.181,"barriers_decile":2,"barriers":11.813,"living_env_decile":5,"living_env":16.762},"2019":{"imd_decile":9,"imd":41.315,"income_decile":9,"income":0.238,"employment_decile":10,"employment":0.236,"health_decile":9,"health":0.903,"education_decile":8,"education":31.814,"crime_decile":10,"crime":1.236,"barriers_decile":4,"barriers":15.856,"living_env_decile":4,"living_env":14.289},"2025":{"imd_decile":9,"imd":40.653,"income_decile":8,"income":0.301,"employment_decile":9,"employment":0.253,"health_decile":10,"health":1.497,"education_decile":8,"education":35.318,"crime_decile":10,"crime":1.307,"barriers_decile":5,"barriers":19.144,"living_env_decile":8,"living_env":31.838},"2004":{"imd":39.38,"income":0.22573611847993,"employment":0.213908705679779,"health":1.13145463600889,"education":47.9212314155026,"barriers":13.1977348273708,"crime":0.67,"living_env":28.63,"imd_decile":9,"income_decile":8,"employment_decile":10,"health_decile":9,"education_decile":9,"barriers_decile":3,"crime_decile":8,"living_env_decile":8},"2007":{"imd":36.7000732421875,"income":0.224974185228348,"employment":0.208986088633537,"health":0.997052148717053,"education":48.2459564208984,"barriers":13.9533422088647,"crime":0.145104467868805,"living_env":22.3722705841064,"imd_decile":9,"income_decile":8,"employment_decile":10,"health_decile":9,"education_decile":9,"barriers_decile":3,"crime_decile":6,"living_env_decile":7}}},"geometry":{"type":"Polygon","coordinates":[[[-1.71952,54.85951],[-1.7255,54.85487],[-1.73166,54.85617],[-1.73347,54.85754],[-1.73283,54.85818],[-1.72989,54.85887],[-1.72914,54.8628],[-1.7212,54.86596],[-1.71553,54.86442],[-1.71952,54.85951]]]}},{"type":"Feature","properties":{"lsoa_code":"E01020625","lsoa_name":"County Durham 009B","data":{"2015":{"imd_decile":7,"imd":24.927,"income_decile":8,"income":0.186,"employment_decile":8,"employment":0.174,"health_decile":9,"health":0.795,"education_decile":8,"education":27.267,"crime_decile":4,"crime":-0.225,"barriers_decile":2,"barriers":9.929,"living_env_decile":3,"living_env":9.845},"2019":{"imd_decile":7,"imd":25.806,"income_decile":8,"income":0.176,"employment_decile":9,"employment":0.161,"health_decile":8,"health":0.592,"education_decile":7,"education":26.21,"crime_decile":6,"crime":0.056,"barriers_decile":1,"barriers":6.768,"living_env_decile":3,"living_env":9.425},"2025":{"imd_decile":9,"imd":36.49,"income_decile":8,"income":0.295,"employment_decile":9,"employment":0.233,"health_decile":10,"health":1.355,"education_decile":9,"education":43.403,"crime_decile":8,"crime":0.537,"barriers_decile":6,"barriers":21.54,"living_env_decile":7,"living_env":25.6},"2004":{"imd":28.45,"income":0.176632574657633,"employment":0.165708288018286,"health":1.07285226279702,"education":26.0613053598703,"barriers":11.0289477544169,"crime":0.12,"living_env":16.24,"imd_decile":8,"income_decile":8,"employment_decile":9,"health_decile":9,"education_decile":7,"barriers_decile":2,"crime_decile":6,"living_env_decile":5},"2007":{"imd":24.3160400390625,"income":0.182963579893112,"employment":0.150768980383873,"health":0.775759855035484,"education":25.192928314209,"barriers":11.1080355192336,"crime":-0.245734483003616,"living_env":7.2869348526001,"imd_decile":7,"income_decile":7,"employment_decile":9,"health_decile":9,"education_decile":7,"barriers_decile":2,"crime_decile":4,"living_env_decile":3}}},"geometry":{"type":"Polygon","coordinates":[[[-1.74654,54.85522],[-1.74088,54.85528],[-1.73875,54.85665],[-1.73859,54.85749],[-1.7393,54.85975],[-1.73786,54.86011],[-1.73349,54.86078],[-1.73371,54.85862],[-1.73347,54.85754],[-1.73166,54.85617],[-1.7255,54.85487],[-1.73292,54.85031],[-1.73048,54.846],[-1.74079,54.84506],[-1.75554,54.84924],[-1.75878,54.85242],[-1.7659,54.85453],[-1.774,54.85699],[-1.76394,54.86136],[-1.74908,54.85831],[-1.74574,54.85709],[-1.74581,54.85596],[-1.74654,54.85522]]]}},{"type":"Feature","properties":{"lsoa_code":"E01020626","lsoa_name":"County Durham 006A","data":{"2015":{"imd_decile":9,"imd":37.774,"income_decile":9,"income":0.3,"employment_decile":10,"employment":0.24,"health_decile":10,"health":1.258,"education_decile":8,"education":34.433,"crime_decile":7,"crime":0.383,"barriers_decile":2,"barriers":10.049,"living_env_decile":1,"living_env":1.714},"2019":{"imd_decile":9,"imd":39.981,"income_decile":10,"income":0.279,"employment_decile":10,"employment":0.216,"health_decile":10,"health":1.278,"education_decile":9,"education":37.218,"crime_decile":8,"crime":0.48,"barriers_decile":1,"barriers":6.323,"living_env_decile":1,"living_env":1.176},"2025":{"imd_decile":10,"imd":54.09,"income_decile":10,"income":0.475,"employment_decile":10,"employment":0.342,"health_decile":10,"health":1.844,"education_decile":10,"education":58.032,"crime_decile":8,"crime":0.707,"barriers_decile":6,"barriers":22.383,"living_env_decile":6,"living_env":18.573},"2004":{"imd":41.58,"income":0.277826274036433,"employment":0.250801773002957,"health":1.21486234488561,"education":53.1465064366579,"barriers":4.23752436750445,"crime":0.49,"living_env":6.68,"imd_decile":9,"income_decile":9,"employment_decile":10,"health_decile":10,"education_decile":10,"barriers_decile":1,"crime_decile":8,"living_env_decile":2},"2007":{"imd":36.3274116516113,"income":0.279326587915421,"employment":0.203337147831917,"health":0.998225208426136,"education":52.093692779541,"barriers":6.08433685066991,"crime":0.118792057037354,"living_env":4.41424179077148,"imd_decile":9,"income_decile":9,"employment_decile":10,"health_decile":9,"education_decile":10,"barriers_decile":1,"crime_decile":6,"living_env_decile":1}}},"geometry":{"type":"Polygon","coordinates":[[[-1.7326,54.86254],[-1.72914,54.8628],[-1.72989,54.85887],[-1.73283,54.85818],[-1.73422,54.85777],[-1.73584,54.86038],[-1.73852,54.86026],[-1.73872,54.85886],[-1.73988,54.85754],[-1.73879,54.85642],[-1.74175,54.85522],[-1.74581,54.85596],[-1.74574,54.85709],[-1.74401,54.85809],[-1.74426,54.86159],[-1.7419,54.86112],[-1.7388,54.8632],[-1.7326,54.86254]]]}},{"type":"Feature","properties":{"lsoa_code":"E01020627","lsoa_name":"County Durham 003A","data":{"2015":{"imd_decile":4,"imd":12.07,"income_decile":5,"income":0.108,"employment_decile":6,"employment":0.107,"health_decile":6,"health":0.205,"education_decile":3,"education":6.817,"crime_decile":2,"crime":-0.91,"barriers_decile":4,"barriers":15.092,"living_env_decile":1,"living_env":1.792},"2019":{"imd_decile":4,"imd":12.69,"income_decile":6,"income":0.111,"employment_decile":6,"employment":0.09,"health_decile":7,"health":0.237,"education_decile":2,"education":5.731,"crime_decile":3,"crime":-0.601,"barriers_decile":1,"barriers":8.348,"living_env_decile":1,"living_env":2.759},"2025":{"imd_decile":4,"imd":13.528,"income_decile":4,"income":0.133,"employment_decile":5,"employment":0.11,"health_decile":7,"health":0.205,"education_decile":4,"education":10.747,"crime_decile":2,"crime":-0.755,"barriers_decile":4,"barriers":16.619,"living_env_decile":7,"living_env":26.713},"2004":{"imd":14.15,"income":0.0732528764263762,"employment":0.116227445620017,"health":0.390975825405575,"education":8.64666190740898,"barriers":4.90886715618799,"crime":-0.3,"living_env":8.48,"imd_decile":5,"income_decile":4,"employment_decile":7,"health_decile":7,"education_decile":3,"barriers_decile":1,"crime_decile":4,"living_env_decile":3},"2007":{"imd":14.4596147537231,"income":0.105207711458206,"employment":0.109773069620132,"health":0.471708100023941,"education":10.1826992034912,"barriers":7.69507300726238,"crime":-0.570166289806366,"living_env":4.24497222900391,"imd_decile":5,"income_decile":5,"employment_decile":7,"health_decile":7,"education_decile":4,"barriers_decile":1,"crime_decile":3,"living_env_decile":1}}},"geometry":{"type":"Polygon","coordinates":[[[-1.858,54.86771],[-1.85426,54.86783],[-1.85331,54.86588],[-1.84856,54.86632],[-1.84704,54.86469],[-1.84886,54.86414],[-1.85076,54.86435],[-1.85535,54.86522],[-1.85518,54.86379],[-1.85228,54.86214],[-1.85001,54.86158],[-1.84869,54.86152],[-1.85139,54.86096],[-1.85851,54.86393],[-1.86013,54.86817],[-1.858,54.86771]]]}},{"type":"Feature","properties":{"lsoa_code":"E01020628","lsoa_name":"County Durham 003B","data":{"2015":{"imd_decile":2,"imd":6.216,"income_decile":2,"income":0.054,"employment_decile":4,"employment":0.075,"health_decile":5,"health":-0.183,"education_decile":1,"education":2.427,"crime_decile":1,"crime":-2.182,"barriers_decile":4,"barriers":16.793,"living_env_decile":1,"living_env":3.262},"2019":{"imd_decile":2,"imd":6.471,"income_decile":3,"income":0.06,"employment_decile":4,"employment":0.06,"health_decile":5,"health":-0.059,"education_decile":1,"education":2.84,"crime_decile":1,"crime":-1.605,"barriers_decile":1,"barriers":8.514,"living_env_decile":1,"living_env":3.161},"2025":{"imd_decile":2,"imd":5.724,"income_decile":2,"income":0.068,"employment_decile":3,"employment":0.068,"health_decile":4,"health":-0.436,"education_decile":2,"education":5.02,"crime_decile":1,"crime":-1.496,"barriers_decile":5,"barriers":19.677,"living_env_decile":3,"living_env":9.062},"2004":{"imd":9.95,"income":0.0502337368742175,"employment":0.0966496118559984,"health":0.204136999676097,"education":4.55271944602679,"barriers":13.7156272349012,"crime":-1.2,"living_env":3.13,"imd_decile":3,"income_decile":3,"employment_decile":6,"health_decile":6,"education_decile":2,"barriers_decile":3,"crime_decile":1,"living_env_decile":1},"2007":{"imd":9.49701499938965,"income":0.0696854889392853,"employment":0.094764955341816,"health":0.0143430242900832,"education":5.01495838165283,"barriers":12.69834700979,"crime":-1.39335787296295,"living_env":1.56218147277832,"imd_decile":3,"income_decile":3,"employment_decile":6,"health_decile":6,"education_decile":2,"barriers_decile":3,"crime_decile":1,"living_env_decile":1}}},"geometry":{"type":"Polygon","coordinates":[[[-1.85739,54.87516],[-1.8548,54.87316],[-1.85216,54.8729],[-1.8483,54.87201],[-1.8421,54.87212],[-1.84169,54.86928],[-1.84485,54.86959],[-1.84705,54.86834],[-1.84449,54.86807],[-1.84991,54.86794],[-1.85118,54.86737],[-1.85321,54.8681],[-1.858,54.86771],[-1.86083,54.87119],[-1.86015,54.87537],[-1.85739,54.87516]]]}},{"type":"Feature","properties":{"lsoa_code":"E01020629","lsoa_name":"County Durham 003C","data":{"2015":{"imd_decile":6,"imd":19.084,"income_decile":7,"income":0.177,"employment_decile":8,"employment":0.151,"health_decile":7,"health":0.449,"education_decile":6,"education":16.458,"crime_decile":2,"crime":-0.818,"barriers_decile":2,"barriers":9.413,"living_env_decile":1,"living_env":4.349},"2019":{"imd_decile":5,"imd":17.394,"income_decile":7,"income":0.156,"employment_decile":8,"employment":0.12,"health_decile":6,"health":0.113,"education_decile":5,"education":13.384,"crime_decile":3,"crime":-0.472,"barriers_decile":1,"barriers":4.144,"living_env_decile":1,"living_env":4.74},"2025":{"imd_decile":5,"imd":16.761,"income_decile":6,"income":0.23,"employment_decile":7,"employment":0.142,"health_decile":7,"health":0.315,"education_decile":5,"education":14.226,"crime_decile":3,"crime":-0.532,"barriers_decile":5,"barriers":18.188,"living_env_decile":2,"living_env":4.777},"2004":{"imd":21.56,"income":0.150381098211272,"employment":0.150704145174567,"health":0.805474676863832,"education":14.0351229146293,"barriers":4.58223267277469,"crime":-0.12,"living_env":4.22,"imd_decile":7,"income_decile":7,"employment_decile":8,"health_decile":9,"education_decile":5,"barriers_decile":1,"crime_decile":5,"living_env_decile":1},"2007":{"imd":20.1863479614258,"income":0.197624698281288,"employment":0.141984149813652,"health":0.575088767868264,"education":11.7401838302612,"barriers":8.59847656692518,"crime":-0.76989734172821,"living_env":1.93730711936951,"imd_decile":6,"income_decile":8,"employment_decile":8,"health_decile":8,"education_decile":4,"barriers_decile":2,"crime_decile":2,"living_env_decile":1}}},"geometry":{"type":"Polygon","coordinates":[[[-1.83886,54.87026],[-1.84546,54.86361],[-1.84886,54.8626],[-1.85001,54.86158],[-1.85228,54.86214],[-1.85518,54.86379],[-1.85535,54.86522],[-1.85076,54.86435],[-1.84886,54.86414],[-1.84704,54.86469],[-1.84856,54.86632],[-1.85331,54.86588],[-1.85426,54.86783],[-1.85352,54.86839],[-1.85027,54.86757],[-1.84859,54.86803],[-1.84494,54.86833],[-1.8465,54.86905],[-1.84331,54.86858],[-1.84223,54.87034],[-1.83895,54.87292],[-1.83886,54.87026]]]}},{"type":"Feature","properties":{"lsoa_code":"E01020630","lsoa_name":"County Durham 014A","data":{"2015":{"imd_decile":7,"imd":24.919,"income_decile":8,"income":0.194,"employment_decile":8,"employment":0.167,"health_decile":8,"health":0.584,"education_decile":8,"education":29.821,"crime_decile":3,"crime":-0.596,"barriers_decile":7,"barriers":23.072,"living_env_decile":1,"living_env":4.203},"2019":{"imd_decile":7,"imd":25.402,"income_decile":8,"income":0.189,"employment_decile":9,"employment":0.152,"health_decile":7,"health":0.335,"education_decile":8,"education":29.553,"crime_decile":6,"crime":0.083,"barriers_decile":3,"barriers":14.851,"living_env_decile":1,"living_env":2.588},"2025":{"imd_decile":8,"imd":31.403,"income_decile":8,"income":0.34,"employment_decile":9,"employment":0.233,"health_decile":9,"health":0.884,"education_decile":8,"education":34.487,"crime_decile":6,"crime":0.212,"barriers_decile":6,"barriers":20.815,"living_env_decile":3,"living_env":8.538},"2004":{"imd":30.15,"income":0.250666427825341,"employment":0.188553689813508,"health":0.934660173759297,"education":33.014150164789,"barriers":8.44622418033575,"crime":-0.68,"living_env":3.57,"imd_decile":8,"income_decile":9,"employment_decile":9,"health_decile":9,"education_decile":8,"barriers_decile":1,"crime_decile":3,"living_env_decile":1},"2007":{"imd":28.1304149627686,"income":0.223574042320251,"employment":0.171975865960121,"health":0.8393482969747,"education":32.8919982910156,"barriers":10.601213972896,"crime":-0.195526719093323,"living_env":2.78957056999207,"imd_decile":8,"income_decile":8,"employment_decile":9,"health_decile":9,"education_decile":8,"barriers_decile":2,"crime_decile":5,"living_env_decile":1}}},"geometry":{"type":"Polygon","coordinates":[[[-1.85847,54.86086],[-1.85642,54.85979],[-1.85585,54.85962],[-1.85791,54.85794],[-1.85938,54.85462],[-1.86614,54.85443],[-1.86872,54.85768],[-1.8698,54.86123],[-1.86478,54.86446],[-1.85851,54.86393],[-1.85815,54.86315],[-1.85774,54.86093],[-1.85847,54.86086]]]}},{"type":"Feature","properties":{"lsoa_code":"E01020631","lsoa_name":"County Durham 014B","data":{"2015":{"imd_decile":8,"imd":27.72,"income_decile":8,"income":0.221,"employment_decile":9,"employment":0.207,"health_decile":9,"health":0.888,"education_decile":6,"education":20.229,"crime_decile":4,"crime":-0.297,"barriers_decile":4,"barriers":17.524,"living_env_decile":1,"living_env":2.114},"2019":{"imd_decile":8,"imd":29.336,"income_decile":9,"income":0.217,"employment_decile":9,"employment":0.191,"health_decile":9,"health":0.845,"education_decile":6,"education":17.366,"crime_decile":6,"crime":0.128,"barriers_decile":2,"barriers":10.038,"living_env_decile":1,"living_env":1.434},"2025":{"imd_decile":8,"imd":29.41,"income_decile":8,"income":0.325,"employment_decile":9,"employment":0.22,"health_decile":10,"health":1.283,"education_decile":6,"education":20.872,"crime_decile":6,"crime":0.001,"barriers_decile":3,"barriers":15.258,"living_env_decile":4,"living_env":11.387},"2004":{"imd":28.84,"income":0.207885601696714,"employment":0.183078148428886,"health":1.15364389903094,"education":26.5346895247171,"barriers":5.07177513007167,"crime":-0.33,"living_env":3.94,"imd_decile":8,"income_decile":8,"employment_decile":9,"health_decile":9,"education_decile":7,"barriers_decile":1,"crime_decile":4,"living_env_decile":1},"2007":{"imd":26.2100620269775,"income":0.223631575703621,"employment":0.161844000220299,"health":0.971850072142681,"education":21.5619201660156,"barriers":11.487455236929,"crime":-0.349859714508057,"living_env":2.0220468044281,"imd_decile":7,"income_decile":8,"employment_decile":9,"health_decile":9,"education_decile":7,"barriers_decile":2,"crime_decile":4,"living_env_decile":1}}},"geometry":{"type":"Polygon","coordinates":[[[-1.85413,54.86137],[-1.84899,54.86051],[-1.84657,54.85926],[-1.8466,54.85781],[-1.84687,54.85659],[-1.84973,54.85608],[-1.852,54.85637],[-1.85469,54.85553],[-1.85863,54.85788],[-1.85636,54.85883],[-1.85523,54.86003],[-1.85815,54.8606],[-1.85774,54.86093],[-1.85815,54.86315],[-1.85413,54.86137]]]}},{"type":"Feature","properties":{"lsoa_code":"E01020632","lsoa_name":"County Durham 010A","data":{"2015":{"imd_decile":5,"imd":16.058,"income_decile":6,"income":0.12,"employment_decile":7,"employment":0.121,"health_decile":7,"health":0.408,"education_decile":4,"education":9.062,"crime_decile":4,"crime":-0.232,"barriers_decile":5,"barriers":17.748,"living_env_decile":3,"living_env":10.056},"2019":{"imd_decile":5,"imd":16.663,"income_decile":6,"income":0.101,"employment_decile":7,"employment":0.107,"health_decile":8,"health":0.531,"education_decile":4,"education":8.967,"crime_decile":6,"crime":0.036,"barriers_decile":1,"barriers":7.394,"living_env_decile":4,"living_env":13.483},"2025":{"imd_decile":6,"imd":21.53,"income_decile":5,"income":0.175,"employment_decile":7,"employment":0.155,"health_decile":8,"health":0.748,"education_decile":5,"education":16.53,"crime_decile":5,"crime":-0.065,"barriers_decile":2,"barriers":12.744,"living_env_decile":9,"living_env":38.782},"2004":{"imd":15.77,"income":0.0901163572305756,"employment":0.102131263369377,"health":0.525775825308243,"education":13.8473541324177,"barriers":7.47256030936514,"crime":-0.49,"living_env":15.42,"imd_decile":5,"income_decile":5,"employment_decile":7,"health_decile":8,"education_decile":5,"barriers_decile":1,"crime_decile":3,"living_env_decile":5},"2007":{"imd":12.8886623382568,"income":0.0806750059127808,"employment":0.0918470844626427,"health":0.397428034712914,"education":12.8758068084717,"barriers":13.9273243832636,"crime":-0.831776440143585,"living_env":7.28320121765137,"imd_decile":4,"income_decile":4,"employment_decile":6,"health_decile":7,"education_decile":5,"barriers_decile":3,"crime_decile":2,"living_env_decile":3}}},"geometry":{"type":"Polygon","coordinates":[[[-1.8373,54.86361],[-1.83699,54.8609],[-1.83961,54.85798],[-1.8428,54.85698],[-1.84771,54.85735],[-1.84619,54.85879],[-1.84718,54.86047],[-1.8491,54.86104],[-1.84891,54.86258],[-1.84571,54.86257],[-1.84077,54.86749],[-1.83624,54.86507],[-1.8373,54.86361]]]}},{"type":"Feature","properties":{"lsoa_code":"E01020633","lsoa_name":"County Durham 020A","data":{"2015":{"imd_decile":7,"imd":26.572,"income_decile":8,"income":0.202,"employment_decile":8,"employment":0.173,"health_decile":9,"health":1.103,"education_decile":8,"education":29.222,"crime_decile":4,"crime":-0.26,"barriers_decile":2,"barriers":9.321,"living_env_decile":1,"living_env":4.191},"2019":{"imd_decile":8,"imd":26.729,"income_decile":8,"income":0.198,"employment_decile":8,"employment":0.15,"health_decile":8,"health":0.54,"education_decile":9,"education":38.476,"crime_decile":4,"crime":-0.288,"barriers_decile":2,"barriers":9.37,"living_env_decile":2,"living_env":6.01},"2025":{"imd_decile":9,"imd":36.455,"income_decile":8,"income":0.296,"employment_decile":9,"employment":0.221,"health_decile":9,"health":0.79,"education_decile":8,"education":34.975,"crime_decile":8,"crime":0.556,"barriers_decile":10,"barriers":46.17,"living_env_decile":5,"living_env":17.477},"2004":{"imd":34.13,"income":0.235712407961237,"employment":0.208833175345877,"health":1.16208593114233,"education":39.7509784485951,"barriers":19.1745486878067,"crime":-0.75,"living_env":4.8,"imd_decile":8,"income_decile":9,"employment_decile":10,"health_decile":9,"education_decile":9,"barriers_decile":5,"crime_decile":2,"living_env_decile":2},"2007":{"imd":30.7614250183105,"income":0.207785800099373,"employment":0.179854705929756,"health":1.01700277576393,"education":39.4246597290039,"barriers":20.2954675094567,"crime":-0.376601278781891,"living_env":2.17378497123718,"imd_decile":8,"income_decile":8,"employment_decile":9,"health_decile":9,"education_decile":9,"barriers_decile":6,"crime_decile":4,"living_env_decile":1}}},"geometry":{"type":"Polygon","coordinates":[[[-1.65848,54.84346],[-1.66044,54.83826],[-1.66199,54.8341],[-1.66611,54.83084],[-1.66616,54.82589],[-1.6626,54.82279],[-1.66027,54.81969],[-1.65657,54.8137],[-1.65685,54.81004],[-1.66552,54.80705],[-1.68504,54.80622],[-1.70565,54.81124],[-1.70425,54.81437],[-1.70492,54.81958],[-1.7152,54.82422],[-1.724,54.83475],[-1.71915,54.83801],[-1.71265,54.84258],[-1.70008,54.84101],[-1.68948,54.84788],[-1.67563,54.84769],[-1.67136,54.84431],[-1.66483,54.84402],[-1.66109,54.84435],[-1.65377,54.84891],[-1.65848,54.84346]]]}},{"type":"Feature","properties":{"lsoa_code":"E01020634","lsoa_name":"County Durham 001A","data":{"2015":{"imd_decile":2,"imd":6.82,"income_decile":4,"income":0.076,"employment_decile":3,"employment":0.067,"health_decile":6,"health":-0.005,"education_decile":1,"education":3.041,"crime_decile":1,"crime":-1.097,"barriers_decile":2,"barriers":11.631,"living_env_decile":1,"living_env":1.57},"2019":{"imd_decile":2,"imd":7.905,"income_decile":4,"income":0.066,"employment_decile":4,"employment":0.064,"health_decile":6,"health":0.163,"education_decile":1,"education":3.132,"crime_decile":2,"crime":-0.882,"barriers_decile":1,"barriers":7.269,"living_env_decile":1,"living_env":1.794},"2025":{"imd_decile":3,"imd":8.991,"income_decile":3,"income":0.102,"employment_decile":3,"employment":0.072,"health_decile":5,"health":-0.035,"education_decile":2,"education":4.7,"crime_decile":1,"crime":-1.098,"barriers_decile":6,"barriers":21.156,"living_env_decile":6,"living_env":19.856},"2004":{"imd":12.82,"income":0.0783845871320941,"employment":0.0952764235006817,"health":0.371620643334555,"education":9.44809739455214,"barriers":12.6180968776285,"crime":-0.49,"living_env":3.14,"imd_decile":4,"income_decile":5,"employment_decile":6,"health_decile":7,"education_decile":4,"barriers_decile":3,"crime_decile":3,"living_env_decile":1},"2007":{"imd":8.71483898162842,"income":0.0629950538277626,"employment":0.0746109187602997,"health":0.228827714420619,"education":7.28684425354004,"barriers":7.58314552822796,"crime":-0.758803963661194,"living_env":2.61686825752258,"imd_decile":3,"income_decile":3,"employment_decile":5,"health_decile":7,"education_decile":3,"barriers_decile":1,"crime_decile":2,"living_env_decile":1}}},"geometry":{"type":"Polygon","coordinates":[[[-1.73414,54.91816],[-1.73232,54.91662],[-1.73009,54.91561],[-1.72771,54.91278],[-1.72653,54.91005],[-1.73091,54.91257],[-1.73364,54.91025],[-1.73153,54.90899],[-1.73319,54.90723],[-1.73108,54.90735],[-1.73082,54.90777],[-1.72984,54.90716],[-1.72737,54.9059],[-1.72264,54.90323],[-1.73293,54.89708],[-1.73602,54.89376],[-1.74109,54.89088],[-1.74848,54.88731],[-1.75449,54.88448],[-1.76221,54.88738],[-1.76423,54.89147],[-1.7662,54.89251],[-1.76966,54.89459],[-1.77173,54.89966],[-1.77436,54.90078],[-1.77605,54.90307],[-1.77369,54.90547],[-1.77083,54.9067],[-1.76811,54.90692],[-1.76633,54.90952],[-1.76103,54.90843],[-1.75694,54.91164],[-1.74874,54.91771],[-1.74265,54.91735],[-1.73414,54.91816]],[[-1.73486,54.907],[-1.73756,54.90628],[-1.74021,54.90651],[-1.74441,54.90551],[-1.74757,54.90423],[-1.75058,54.9027],[-1.74878,54.90139],[-1.7513,54.89723],[-1.74653,54.89382],[-1.74421,54.89788],[-1.74084,54.90114],[-1.7332,54.90273],[-1.73014,54.90442],[-1.73081,54.90677],[-1.73408,54.9068],[-1.73486,54.907]]]}},{"type":"Feature","properties":{"lsoa_code":"E01020635","lsoa_name":"County Durham 001B","data":{"2015":{"imd_decile":2,"imd":7.007,"income_decile":2,"income":0.057,"employment_decile":4,"employment":0.071,"health_decile":4,"health":-0.283,"education_decile":2,"education":4.448,"crime_decile":1,"crime":-1.057,"barriers_decile":6,"barriers":20.558,"living_env_decile":2,"living_env":5.025},"2019":{"imd_decile":2,"imd":6.837,"income_decile":3,"income":0.051,"employment_decile":3,"employment":0.051,"health_decile":6,"health":0.023,"education_decile":2,"education":4.489,"crime_decile":2,"crime":-0.932,"barriers_decile":3,"barriers":14.838,"living_env_decile":2,"living_env":6.12},"2025":{"imd_decile":3,"imd":8.806,"income_decile":2,"income":0.074,"employment_decile":4,"employment":0.087,"health_decile":6,"health":-0.019,"education_decile":2,"education":3.691,"crime_decile":1,"crime":-1.147,"barriers_decile":6,"barriers":21.193,"living_env_decile":5,"living_env":17.527},"2004":{"imd":11.19,"income":0.0678100288301088,"employment":0.0839242012110155,"health":0.356233407810318,"education":4.26909855193676,"barriers":10.5441362485507,"crime":-0.33,"living_env":6.94,"imd_decile":4,"income_decile":4,"employment_decile":6,"health_decile":7,"education_decile":2,"barriers_decile":2,"crime_decile":4,"living_env_decile":2},"2007":{"imd":8.21794414520264,"income":0.0707616880536079,"employment":0.0775842443108559,"health":-0.046404751369529,"education":4.43471097946167,"barriers":8.78696819032622,"crime":-0.884221196174622,"living_env":4.89056301116943,"imd_decile":2,"income_decile":3,"employment_decile":5,"health_decile":5,"education_decile":2,"barriers_decile":2,"crime_decile":2,"living_env_decile":2}}},"geometry":{"type":"Polygon","coordinates":[[[-1.73091,54.91257],[-1.72653,54.91005],[-1.72223,54.90896],[-1.71921,54.90801],[-1.7133,54.90883],[-1.69841,54.909],[-1.6967,54.90664],[-1.7003,54.90803],[-1.70793,54.90761],[-1.70704,54.90401],[-1.71222,54.89878],[-1.7167,54.89763],[-1.72198,54.89616],[-1.72735,54.89509],[-1.73032,54.89665],[-1.726,54.90415],[-1.72808,54.9069],[-1.73003,54.90762],[-1.7316,54.90796],[-1.73254,54.90732],[-1.73136,54.90855],[-1.73238,54.90966],[-1.73248,54.91173],[-1.73091,54.91257]]]}},{"type":"Feature","properties":{"lsoa_code":"E01020636","lsoa_name":"County Durham 001C","data":{"2015":{"imd_decile":7,"imd":21.632,"income_decile":8,"income":0.189,"employment_decile":8,"employment":0.149,"health_decile":8,"health":0.609,"education_decile":7,"education":25.353,"crime_decile":3,"crime":-0.458,"barriers_decile":2,"barriers":10.978,"living_env_decile":1,"living_env":0.542},"2019":{"imd_decile":7,"imd":23.696,"income_decile":8,"income":0.167,"employment_decile":8,"employment":0.13,"health_decile":9,"health":0.846,"education_decile":8,"education":28.698,"crime_decile":4,"crime":-0.221,"barriers_decile":1,"barriers":6.088,"living_env_decile":1,"living_env":0.481},"2025":{"imd_decile":7,"imd":24.665,"income_decile":7,"income":0.274,"employment_decile":8,"employment":0.176,"health_decile":8,"health":0.517,"education_decile":7,"education":24.861,"crime_decile":5,"crime":-0.185,"barriers_decile":8,"barriers":26.732,"living_env_decile":5,"living_env":14.221},"2004":{"imd":25.27,"income":0.152158209217413,"employment":0.156768251421002,"health":0.878739704123494,"education":29.0259046952845,"barriers":16.2577684364111,"crime":-0.19,"living_env":3.8,"imd_decile":7,"income_decile":7,"employment_decile":9,"health_decile":9,"education_decile":8,"barriers_decile":4,"crime_decile":5,"living_env_decile":1},"2007":{"imd":22.8283348083496,"income":0.191098064184189,"employment":0.140906736254692,"health":0.617770402068461,"education":27.5646343231201,"barriers":12.4961986974595,"crime":-0.607824563980103,"living_env":2.5655312538147,"imd_decile":7,"income_decile":8,"employment_decile":8,"health_decile":8,"education_decile":8,"barriers_decile":3,"crime_decile":3,"living_env_decile":1}}},"geometry":{"type":"Polygon","coordinates":[[[-1.73408,54.9068],[-1.73081,54.90677],[-1.73014,54.90442],[-1.7332,54.90273],[-1.74084,54.90114],[-1.74421,54.89788],[-1.74653,54.89382],[-1.7513,54.89723],[-1.74878,54.90139],[-1.75058,54.9027],[-1.74757,54.90423],[-1.74441,54.90551],[-1.74021,54.90651],[-1.73756,54.90628],[-1.73486,54.907],[-1.73408,54.9068]]]}},{"type":"Feature","properties":{"lsoa_code":"E01020637","lsoa_name":"County Durham 014C","data":{"2015":{"imd_decile":4,"imd":13.151,"income_decile":4,"income":0.091,"employment_decile":5,"employment":0.092,"health_decile":6,"health":0.165,"education_decile":3,"education":8.88,"crime_decile":2,"crime":-0.745,"barriers_decile":7,"barriers":25.506,"living_env_decile":3,"living_env":10.401},"2019":{"imd_decile":4,"imd":12.403,"income_decile":5,"income":0.082,"employment_decile":5,"employment":0.075,"health_decile":7,"health":0.355,"education_decile":3,"education":7.68,"crime_decile":3,"crime":-0.538,"barriers_decile":5,"barriers":18.86,"living_env_decile":2,"living_env":5.639},"2025":{"imd_decile":5,"imd":15.413,"income_decile":4,"income":0.137,"employment_decile":5,"employment":0.105,"health_decile":6,"health":0.149,"education_decile":4,"education":11.816,"crime_decile":3,"crime":-0.625,"barriers_decile":8,"barriers":28.036,"living_env_decile":7,"living_env":25.851},"2004":{"imd":17.23,"income":0.0738440246121991,"employment":0.117574990922016,"health":0.44051609973936,"education":10.0633018131618,"barriers":30.6513200571476,"crime":-0.74,"living_env":7.5,"imd_decile":6,"income_decile":4,"employment_decile":7,"health_decile":7,"education_decile":4,"barriers_decile":8,"crime_decile":2,"living_env_decile":3},"2007":{"imd":15.6643505096436,"income":0.0862778872251511,"employment":0.100364036858082,"health":0.355233366797326,"education":10.933708190918,"barriers":30.3478001050245,"crime":-0.81090784072876,"living_env":5.11042499542236,"imd_decile":5,"income_decile":4,"employment_decile":7,"health_decile":7,"education_decile":4,"barriers_decile":8,"crime_decile":2,"living_env_decile":2}}},"geometry":{"type":"Polygon","coordinates":[[[-1.95241,54.85424],[-1.94448,54.85233],[-1.93933,54.85178],[-1.93499,54.85393],[-1.93127,54.85346],[-1.93203,54.85154],[-1.92899,54.85033],[-1.92132,54.84847],[-1.92098,54.84245],[-1.92719,54.84137],[-1.91814,54.84077],[-1.91975,54.83738],[-1.91581,54.83411],[-1.91367,54.83577],[-1.91131,54.83749],[-1.91257,54.8398],[-1.90718,54.84032],[-1.9043,54.84219],[-1.89819,54.8441],[-1.89615,54.84588],[-1.89517,54.84462],[-1.88918,54.84377],[-1.88476,54.84575],[-1.88097,54.8455],[-1.87934,54.84414],[-1.87887,54.84271],[-1.8766,54.83748],[-1.87399,54.83625],[-1.86779,54.83633],[-1.86154,54.83566],[-1.8579,54.83498],[-1.85066,54.83701],[-1.83994,54.83673],[-1.82291,54.83698],[-1.81719,54.83321],[-1.81469,54.82858],[-1.81399,54.8246],[-1.84624,54.82069],[-1.85679,54.8185],[-1.86133,54.81577],[-1.87002,54.81509],[-1.89144,54.80682],[-1.88969,54.79775],[-1.90852,54.79835],[-1.9453,54.79708],[-1.98004,54.7721],[-1.99469,54.78099],[-2.00153,54.78672],[-2.00523,54.7948],[-2.01763,54.7972],[-2.03168,54.79897],[-2.03186,54.8066],[-2.02754,54.81381],[-2.0298,54.81639],[-2.0281,54.81787],[-2.02631,54.82],[-2.02054,54.82209],[-2.01837,54.82323],[-2.01627,54.82559],[-2.01415,54.82872],[-2.00651,54.83189],[-2.00374,54.83391],[-1.99966,54.83443],[-1.99773,54.83474],[-1.99576,54.83603],[-1.9882,54.8379],[-1.97597,54.84212],[-1.96832,54.84335],[-1.96108,54.84731],[-1.95473,54.8497],[-1.95332,54.85256],[-1.95241,54.85424]]]}},{"type":"Feature","properties":{"lsoa_code":"E01020638","lsoa_name":"County Durham 006B","data":{"2015":{"imd_decile":7,"imd":25.562,"income_decile":8,"income":0.21,"employment_decile":9,"employment":0.184,"health_decile":9,"health":0.806,"education_decile":7,"education":21.815,"crime_decile":6,"crime":0.075,"barriers_decile":1,"barriers":6.487,"living_env_decile":1,"living_env":3.239},"2019":{"imd_decile":8,"imd":28.894,"income_decile":9,"income":0.218,"employment_decile":9,"employment":0.163,"health_decile":9,"health":0.791,"education_decile":8,"education":29.21,"crime_decile":7,"crime":0.241,"barriers_decile":1,"barriers":3.636,"living_env_decile":1,"living_env":2.806},"2025":{"imd_decile":9,"imd":34.687,"income_decile":8,"income":0.299,"employment_decile":9,"employment":0.229,"health_decile":9,"health":1.104,"education_decile":9,"education":37.328,"crime_decile":8,"crime":0.661,"barriers_decile":7,"barriers":22.993,"living_env_decile":7,"living_env":24.008},"2004":{"imd":26.97,"income":0.131096460835844,"employment":0.164272034543192,"health":0.766295420068807,"education":33.1836144613588,"barriers":4.17046890965914,"crime":0.82,"living_env":7.4,"imd_decile":8,"income_decile":7,"employment_decile":9,"health_decile":8,"education_decile":8,"barriers_decile":1,"crime_decile":9,"living_env_decile":3},"2007":{"imd":24.8985366821289,"income":0.192358106374741,"employment":0.155967324972153,"health":0.536967877898185,"education":34.2563400268555,"barriers":7.94016411850745,"crime":-0.145032629370689,"living_env":4.23640394210815,"imd_decile":7,"income_decile":8,"employment_decile":9,"health_decile":8,"education_decile":8,"barriers_decile":1,"crime_decile":5,"living_env_decile":1}}},"geometry":{"type":"Polygon","coordinates":[[[-1.74558,54.86438],[-1.74118,54.86489],[-1.74029,54.86464],[-1.73824,54.86628],[-1.7354,54.86784],[-1.73659,54.86455],[-1.7388,54.8632],[-1.7419,54.86112],[-1.74426,54.86159],[-1.74401,54.85809],[-1.74764,54.86007],[-1.75233,54.86189],[-1.74839,54.8636],[-1.74554,54.86328],[-1.74812,54.86454],[-1.75546,54.86657],[-1.74897,54.86819],[-1.74663,54.86628],[-1.74558,54.86438]]]}},{"type":"Feature","properties":{"lsoa_code":"E01020639","lsoa_name":"County Durham 006C","data":{"2015":{"imd_decile":10,"imd":47.068,"income_decile":10,"income":0.356,"employment_decile":10,"employment":0.268,"health_decile":10,"health":1.274,"education_decile":10,"education":52.637,"crime_decile":8,"crime":0.587,"barriers_decile":5,"barriers":17.742,"living_env_decile":1,"living_env":2.283},"2019":{"imd_decile":9,"imd":41.436,"income_decile":10,"income":0.279,"employment_decile":10,"employment":0.212,"health_decile":10,"health":1.142,"education_decile":10,"education":49.987,"crime_decile":8,"crime":0.628,"barriers_decile":2,"barriers":11.084,"living_env_decile":1,"living_env":1.703},"2025":{"imd_decile":9,"imd":42.752,"income_decile":9,"income":0.445,"employment_decile":10,"employment":0.295,"health_decile":10,"health":1.323,"education_decile":9,"education":37.795,"crime_decile":8,"crime":0.523,"barriers_decile":7,"barriers":23.681,"living_env_decile":4,"living_env":10.946},"2004":{"imd":45.76,"income":0.328105192957995,"employment":0.261892827300816,"health":1.47614718927706,"education":44.7462696073822,"barriers":10.8695522232419,"crime":0.84,"living_env":3.7,"imd_decile":10,"income_decile":10,"employment_decile":10,"health_decile":10,"education_decile":9,"barriers_decile":2,"crime_decile":9,"living_env_decile":1},"2007":{"imd":42.6109390258789,"income":0.343709051609039,"employment":0.234760224819183,"health":1.40686274404268,"education":44.7903671264648,"barriers":15.7391588242215,"crime":-0.0107668340206146,"living_env":1.26243412494659,"imd_decile":9,"income_decile":10,"employment_decile":10,"health_decile":10,"education_decile":9,"barriers_decile":4,"crime_decile":5,"living_env_decile":1}}},"geometry":{"type":"Polygon","coordinates":[[[-1.73919,54.87441],[-1.72742,54.87086],[-1.7212,54.86596],[-1.73181,54.86196],[-1.73661,54.86381],[-1.7321,54.86409],[-1.73659,54.86734],[-1.7389,54.86689],[-1.74082,54.8645],[-1.74365,54.86415],[-1.74513,54.8646],[-1.74874,54.86648],[-1.75136,54.86844],[-1.75006,54.86531],[-1.74771,54.86422],[-1.74596,54.86276],[-1.74786,54.86322],[-1.75224,54.86153],[-1.74686,54.861],[-1.7441,54.8581],[-1.75736,54.8589],[-1.76785,54.86639],[-1.76021,54.87314],[-1.75039,54.872],[-1.74612,54.87766],[-1.73919,54.87441]]]}},{"type":"Feature","properties":{"lsoa_code":"E01020640","lsoa_name":"County Durham 010B","data":{"2015":{"imd_decile":5,"imd":17.371,"income_decile":6,"income":0.129,"employment_decile":6,"employment":0.107,"health_decile":7,"health":0.311,"education_decile":6,"education":16.653,"crime_decile":7,"crime":0.285,"barriers_decile":4,"barriers":16.219,"living_env_decile":4,"living_env":12.057},"2019":{"imd_decile":6,"imd":20.497,"income_decile":6,"income":0.124,"employment_decile":7,"employment":0.111,"health_decile":8,"health":0.528,"education_decile":6,"education":16.74,"crime_decile":8,"crime":0.627,"barriers_decile":2,"barriers":10.446,"living_env_decile":3,"living_env":10.558},"2025":{"imd_decile":7,"imd":24.05,"income_decile":6,"income":0.226,"employment_decile":8,"employment":0.165,"health_decile":8,"health":0.597,"education_decile":6,"education":20.759,"crime_decile":9,"crime":0.847,"barriers_decile":1,"barriers":8.565,"living_env_decile":7,"living_env":27.829},"2004":{"imd":23.41,"income":0.115484186889755,"employment":0.146388917320906,"health":0.85400596877102,"education":22.7782981769287,"barriers":5.0077251884809,"crime":0.29,"living_env":15.26,"imd_decile":7,"income_decile":6,"employment_decile":8,"health_decile":9,"education_decile":7,"barriers_decile":1,"crime_decile":7,"living_env_decile":5},"2007":{"imd":17.8038997650147,"income":0.0950595363974571,"employment":0.100228346884251,"health":0.503579917287044,"education":24.1892204284668,"barriers":8.35376860030324,"crime":0.266238033771515,"living_env":12.0972995758057,"imd_decile":6,"income_decile":5,"employment_decile":7,"health_decile":8,"education_decile":7,"barriers_decile":1,"crime_decile":7,"living_env_decile":4}}},"geometry":{"type":"Polygon","coordinates":[[[-1.83153,54.84433],[-1.83575,54.84564],[-1.83726,54.84776],[-1.83375,54.85052],[-1.82719,54.85326],[-1.81922,54.85701],[-1.8245,54.85164],[-1.82569,54.8489],[-1.82627,54.84632],[-1.83153,54.84433]]]}},{"type":"Feature","properties":{"lsoa_code":"E01020641","lsoa_name":"County Durham 010C","data":{"2015":{"imd_decile":6,"imd":21.285,"income_decile":7,"income":0.163,"employment_decile":8,"employment":0.154,"health_decile":9,"health":0.789,"education_decile":7,"education":21.546,"crime_decile":3,"crime":-0.474,"barriers_decile":2,"barriers":10.322,"living_env_decile":2,"living_env":5.085},"2019":{"imd_decile":7,"imd":22.658,"income_decile":7,"income":0.147,"employment_decile":8,"employment":0.126,"health_decile":9,"health":0.902,"education_decile":7,"education":23.449,"crime_decile":5,"crime":-0.062,"barriers_decile":1,"barriers":6.016,"living_env_decile":2,"living_env":5.946},"2025":{"imd_decile":7,"imd":23.959,"income_decile":7,"income":0.24,"employment_decile":8,"employment":0.169,"health_decile":9,"health":1.079,"education_decile":6,"education":20.71,"crime_decile":5,"crime":-0.084,"barriers_decile":1,"barriers":7.669,"living_env_decile":7,"living_env":25.217},"2004":{"imd":25.35,"income":0.149911612533694,"employment":0.166931608339623,"health":1.13985998913056,"education":16.7820628233008,"barriers":9.20625772319669,"crime":-0.31,"living_env":12.41,"imd_decile":7,"income_decile":7,"employment_decile":9,"health_decile":9,"education_decile":6,"barriers_decile":2,"crime_decile":4,"living_env_decile":4},"2007":{"imd":19.7620639801025,"income":0.138573780655861,"employment":0.125776901841164,"health":0.842627821322636,"education":13.798565864563,"barriers":12.7521774694019,"crime":-0.291931062936783,"living_env":6.77144145965576,"imd_decile":6,"income_decile":6,"employment_decile":8,"health_decile":9,"education_decile":5,"barriers_decile":3,"crime_decile":4,"living_env_decile":2}}},"geometry":{"type":"Polygon","coordinates":[[[-1.81668,54.86123],[-1.81461,54.85901],[-1.81922,54.85701],[-1.82719,54.85326],[-1.82974,54.85256],[-1.82993,54.85352],[-1.83052,54.85461],[-1.83183,54.85557],[-1.83237,54.85674],[-1.83257,54.85774],[-1.82902,54.86086],[-1.82686,54.86046],[-1.8262,54.86401],[-1.81668,54.86123]]]}},{"type":"Feature","properties":{"lsoa_code":"E01020642","lsoa_name":"County Durham 010D","data":{"2015":{"imd_decile":5,"imd":14.475,"income_decile":6,"income":0.127,"employment_decile":7,"employment":0.117,"health_decile":7,"health":0.414,"education_decile":3,"education":8.493,"crime_decile":1,"crime":-1.04,"barriers_decile":4,"barriers":15.327,"living_env_decile":2,"living_env":4.875},"2019":{"imd_decile":5,"imd":16.953,"income_decile":6,"income":0.109,"employment_decile":7,"employment":0.111,"health_decile":8,"health":0.617,"education_decile":5,"education":12.443,"crime_decile":3,"crime":-0.567,"barriers_decile":3,"barriers":13.639,"living_env_decile":2,"living_env":5.695},"2025":{"imd_decile":6,"imd":20.747,"income_decile":6,"income":0.21,"employment_decile":7,"employment":0.145,"health_decile":8,"health":0.536,"education_decile":6,"education":20.798,"crime_decile":4,"crime":-0.309,"barriers_decile":1,"barriers":8.158,"living_env_decile":9,"living_env":37.598},"2004":{"imd":16.93,"income":0.0962458054161002,"employment":0.115139447869243,"health":0.626379465455089,"education":14.5540606412926,"barriers":12.4702116485644,"crime":-0.74,"living_env":10.53,"imd_decile":5,"income_decile":5,"employment_decile":7,"health_decile":8,"education_decile":5,"barriers_decile":3,"crime_decile":2,"living_env_decile":4},"2007":{"imd":13.2729501724243,"income":0.0993987545371056,"employment":0.0821909531950951,"health":0.488620164413439,"education":11.2272396087646,"barriers":12.6416949108041,"crime":-0.286685019731522,"living_env":4.55711555480957,"imd_decile":4,"income_decile":5,"employment_decile":5,"health_decile":8,"education_decile":4,"barriers_decile":3,"crime_decile":4,"living_env_decile":1}}},"geometry":{"type":"Polygon","coordinates":[[[-1.82588,54.86748],[-1.8191,54.86621],[-1.81934,54.86236],[-1.82529,54.86174],[-1.82793,54.86138],[-1.83072,54.86123],[-1.8325,54.85632],[-1.83216,54.85564],[-1.83224,54.85448],[-1.83313,54.8552],[-1.83441,54.85736],[-1.83675,54.85791],[-1.83869,54.86088],[-1.83807,54.86118],[-1.82959,54.86424],[-1.82588,54.86748]]]}},{"type":"Feature","properties":{"lsoa_code":"E01020643","lsoa_name":"County Durham 010E","data":{"2015":{"imd_decile":7,"imd":23.969,"income_decile":7,"income":0.175,"employment_decile":8,"employment":0.171,"health_decile":9,"health":0.818,"education_decile":6,"education":17.231,"crime_decile":7,"crime":0.263,"barriers_decile":1,"barriers":8.51,"living_env_decile":4,"living_env":10.808},"2019":{"imd_decile":8,"imd":27.844,"income_decile":8,"income":0.183,"employment_decile":8,"employment":0.145,"health_decile":9,"health":0.833,"education_decile":6,"education":20.195,"crime_decile":9,"crime":0.899,"barriers_decile":1,"barriers":6.25,"living_env_decile":3,"living_env":9.815},"2025":{"imd_decile":8,"imd":31.62,"income_decile":8,"income":0.305,"employment_decile":8,"employment":0.194,"health_decile":10,"health":1.179,"education_decile":7,"education":23.28,"crime_decile":10,"crime":1.093,"barriers_decile":1,"barriers":8.471,"living_env_decile":8,"living_env":28.824},"2004":{"imd":29.02,"income":0.184709870953838,"employment":0.175745007577157,"health":1.04129076770812,"education":16.6978338572619,"barriers":4.1967694906169,"crime":0.81,"living_env":12.82,"imd_decile":8,"income_decile":8,"employment_decile":9,"health_decile":9,"education_decile":6,"barriers_decile":1,"crime_decile":9,"living_env_decile":4},"2007":{"imd":25.8950386047363,"income":0.173109471797943,"employment":0.158683329820633,"health":0.985088349112547,"education":16.1348686218262,"barriers":7.97641720035022,"crime":0.570098519325256,"living_env":8.38190078735352,"imd_decile":7,"income_decile":7,"employment_decile":9,"health_decile":9,"education_decile":6,"barriers_decile":1,"crime_decile":8,"living_env_decile":3}}},"geometry":{"type":"Polygon","coordinates":[[[-1.83508,54.85875],[-1.83388,54.85707],[-1.83353,54.85517],[-1.83124,54.85468],[-1.83097,54.85513],[-1.83037,54.85418],[-1.8302,54.85305],[-1.8302,54.85213],[-1.83574,54.84962],[-1.84347,54.85474],[-1.84051,54.85699],[-1.83508,54.85875]]]}},{"type":"Feature","properties":{"lsoa_code":"E01020644","lsoa_name":"County Durham 014D","data":{"2015":{"imd_decile":7,"imd":26.089,"income_decile":8,"income":0.196,"employment_decile":9,"employment":0.182,"health_decile":9,"health":0.953,"education_decile":7,"education":26.349,"crime_decile":4,"crime":-0.367,"barriers_decile":4,"barriers":15.732,"living_env_decile":1,"living_env":1.578},"2019":{"imd_decile":7,"imd":24.616,"income_decile":8,"income":0.168,"employment_decile":8,"employment":0.128,"health_decile":8,"health":0.701,"education_decile":8,"education":27.086,"crime_decile":7,"crime":0.259,"barriers_decile":4,"barriers":16.192,"living_env_decile":1,"living_env":2.743},"2004":{"imd":42.14,"income":0.325711100898537,"employment":0.242261538468681,"health":1.53276388583982,"education":38.186754871035,"barriers":11.4399174254813,"crime":0.2,"living_env":4.7,"imd_decile":9,"income_decile":10,"employment_decile":10,"health_decile":10,"education_decile":9,"barriers_decile":2,"crime_decile":6,"living_env_decile":2},"2007":{"imd":35.5751342773438,"income":0.284675508737564,"employment":0.190428882837296,"health":1.3397582000402,"education":36.4268379211426,"barriers":17.1859755564916,"crime":-0.0602522194385529,"living_env":1.96543872356415,"imd_decile":9,"income_decile":9,"employment_decile":9,"health_decile":10,"education_decile":9,"barriers_decile":4,"crime_decile":5,"living_env_decile":1}}},"geometry":{"type":"Polygon","coordinates":[[[-1.84322,54.85578],[-1.8396,54.8512],[-1.83726,54.84776],[-1.83575,54.84564],[-1.83153,54.84433],[-1.8298,54.83814],[-1.84746,54.83914],[-1.85592,54.83551],[-1.86033,54.83582],[-1.86553,54.83805],[-1.86664,54.83917],[-1.86244,54.84219],[-1.8611,54.84045],[-1.86041,54.84251],[-1.86251,54.84764],[-1.86074,54.85201],[-1.85604,54.85505],[-1.85359,54.85667],[-1.85047,54.85612],[-1.84728,54.85649],[-1.8428,54.85698],[-1.84161,54.8564],[-1.84322,54.85578]]]}},{"type":"Feature","properties":{"lsoa_code":"E01020645","lsoa_name":"County Durham 014E","data":{"2015":{"imd_decile":9,"imd":36.992,"income_decile":9,"income":0.301,"employment_decile":9,"employment":0.223,"health_decile":10,"health":1.303,"education_decile":9,"education":38.734,"crime_decile":6,"crime":0.052,"barriers_decile":3,"barriers":12.798,"living_env_decile":1,"living_env":1.035},"2019":{"imd_decile":9,"imd":37.464,"income_decile":9,"income":0.261,"employment_decile":9,"employment":0.177,"health_decile":10,"health":1.337,"education_decile":9,"education":41.9,"crime_decile":8,"crime":0.57,"barriers_decile":1,"barriers":6.314,"living_env_decile":1,"living_env":1.254},"2025":{"imd_decile":9,"imd":44.001,"income_decile":9,"income":0.432,"employment_decile":9,"employment":0.246,"health_decile":10,"health":1.613,"education_decile":9,"education":44.247,"crime_decile":8,"crime":0.631,"barriers_decile":9,"barriers":31.595,"living_env_decile":4,"living_env":12.777},"2004":{"imd":40.13,"income":0.306747891273231,"employment":0.236994440234217,"health":1.31416586252935,"education":43.0831531854835,"barriers":13.2367159279536,"crime":0.05,"living_env":2.12,"imd_decile":9,"income_decile":9,"employment_decile":10,"health_decile":10,"education_decile":9,"barriers_decile":3,"crime_decile":6,"living_env_decile":1},"2007":{"imd":41.7227058410645,"income":0.310066878795624,"employment":0.240295052528381,"health":1.42478153741067,"education":42.8637504577637,"barriers":14.5898808635672,"crime":0.152870327234268,"living_env":0.975729823112488,"imd_decile":9,"income_decile":9,"employment_decile":10,"health_decile":10,"education_decile":9,"barriers_decile":3,"crime_decile":6,"living_env_decile":1}}},"geometry":{"type":"Polygon","coordinates":[[[-1.86411,54.84517],[-1.86031,54.8419],[-1.86214,54.84108],[-1.8657,54.84107],[-1.86569,54.83863],[-1.86779,54.83633],[-1.87399,54.83625],[-1.8766,54.83748],[-1.87887,54.84271],[-1.87934,54.84414],[-1.88097,54.8455],[-1.87702,54.84811],[-1.86947,54.85282],[-1.86614,54.85443],[-1.86074,54.85201],[-1.86251,54.84764],[-1.86411,54.84517]]]}},{"type":"Feature","properties":{"lsoa_code":"E01020646","lsoa_name":"County Durham 024A","data":{"2015":{"imd_decile":7,"imd":25.647,"income_decile":7,"income":0.175,"employment_decile":8,"employment":0.153,"health_decile":7,"health":0.41,"education_decile":6,"education":18.904,"crime_decile":3,"crime":-0.609,"barriers_decile":10,"barriers":39.386,"living_env_decile":5,"living_env":15.359},"2019":{"imd_decile":7,"imd":22.817,"income_decile":7,"income":0.139,"employment_decile":7,"employment":0.116,"health_decile":7,"health":0.273,"education_decile":6,"education":19.243,"crime_decile":5,"crime":-0.103,"barriers_decile":9,"barriers":32.107,"living_env_decile":5,"living_env":15.205},"2025":{"imd_decile":8,"imd":28.215,"income_decile":6,"income":0.231,"employment_decile":8,"employment":0.171,"health_decile":7,"health":0.366,"education_decile":7,"education":25.712,"crime_decile":5,"crime":-0.214,"barriers_decile":10,"barriers":38.922,"living_env_decile":9,"living_env":39.483},"2004":{"imd":25.01,"income":0.163647291768433,"employment":0.152146715814749,"health":0.487773186471234,"education":26.5117126111468,"barriers":30.2597645200228,"crime":-1.38,"living_env":7.97,"imd_decile":7,"income_decile":7,"employment_decile":8,"health_decile":8,"education_decile":7,"barriers_decile":8,"crime_decile":1,"living_env_decile":3},"2007":{"imd":23.9844799041748,"income":0.153221786022186,"employment":0.133679449558258,"health":0.553602370879041,"education":21.3899078369141,"barriers":38.0028131610612,"crime":-1.24670851230621,"living_env":4.67800188064575,"imd_decile":7,"income_decile":7,"employment_decile":8,"health_decile":8,"education_decile":7,"barriers_decile":10,"crime_decile":1,"living_env_decile":2}}},"geometry":{"type":"Polygon","coordinates":[[[-1.82244,54.80463],[-1.80585,54.80424],[-1.80127,54.80045],[-1.79753,54.80091],[-1.79495,54.80136],[-1.80372,54.79391],[-1.79956,54.78964],[-1.79402,54.79059],[-1.78889,54.78825],[-1.78732,54.7892],[-1.78497,54.79328],[-1.77917,54.79885],[-1.76206,54.79523],[-1.75307,54.79412],[-1.74493,54.79306],[-1.73876,54.79005],[-1.73273,54.78803],[-1.72873,54.7825],[-1.72313,54.78143],[-1.71626,54.78084],[-1.70791,54.77585],[-1.70761,54.77411],[-1.71071,54.77496],[-1.71556,54.77478],[-1.72242,54.77354],[-1.73141,54.77334],[-1.73827,54.77162],[-1.75569,54.76788],[-1.74527,54.76005],[-1.75158,54.75824],[-1.75567,54.75756],[-1.75885,54.75653],[-1.76189,54.75479],[-1.76518,54.75436],[-1.76817,54.75351],[-1.7727,54.75158],[-1.78057,54.75051],[-1.78448,54.75095],[-1.79203,54.75022],[-1.7951,54.74728],[-1.80662,54.74661],[-1.81004,54.75148],[-1.82393,54.75461],[-1.84047,54.75726],[-1.85034,54.76435],[-1.87337,54.77386],[-1.86922,54.78934],[-1.86893,54.79234],[-1.86477,54.79162],[-1.85172,54.79673],[-1.84651,54.79839],[-1.84177,54.80166],[-1.83931,54.80053],[-1.82244,54.80463]]]}},{"type":"Feature","properties":{"lsoa_code":"E01020647","lsoa_name":"County Durham 008A","data":{"2015":{"imd_decile":9,"imd":40.586,"income_decile":10,"income":0.32,"employment_decile":10,"employment":0.252,"health_decile":9,"health":1.051,"education_decile":9,"education":44.937,"crime_decile":6,"crime":0.204,"barriers_decile":5,"barriers":19.195,"living_env_decile":1,"living_env":0.753},"2019":{"imd_decile":9,"imd":40.559,"income_decile":10,"income":0.32,"employment_decile":10,"employment":0.203,"health_decile":9,"health":0.844,"education_decile":9,"education":44.258,"crime_decile":7,"crime":0.258,"barriers_decile":4,"barriers":17.537,"living_env_decile":1,"living_env":1.087},"2025":{"imd_decile":10,"imd":49.868,"income_decile":10,"income":0.493,"employment_decile":10,"employment":0.294,"health_decile":10,"health":1.697,"education_decile":9,"education":46.838,"crime_decile":10,"crime":1.274,"barriers_decile":6,"barriers":21.86,"living_env_decile":2,"living_env":5.73},"2004":{"imd":46.94,"income":0.365212556474427,"employment":0.254898074785043,"health":1.43465376529526,"education":54.9678596878138,"barriers":11.0725265804427,"crime":0.47,"living_env":1.11,"imd_decile":10,"income_decile":10,"employment_decile":10,"health_decile":10,"education_decile":10,"barriers_decile":2,"crime_decile":8,"living_env_decile":1},"2007":{"imd":43.5256233215332,"income":0.358748078346252,"employment":0.213190004229546,"health":1.40205904078447,"education":48.3208847045898,"barriers":17.0719883986641,"crime":0.511290192604065,"living_env":2.70409989356995,"imd_decile":9,"income_decile":10,"employment_decile":10,"health_decile":10,"education_decile":9,"barriers_decile":4,"crime_decile":8,"living_env_decile":1}}},"geometry":{"type":"Polygon","coordinates":[[[-1.68191,54.86138],[-1.68539,54.86321],[-1.69039,54.86597],[-1.68698,54.8677],[-1.67951,54.87022],[-1.67738,54.86799],[-1.67943,54.86202],[-1.68191,54.86138]]]}},{"type":"Feature","properties":{"lsoa_code":"E01020648","lsoa_name":"County Durham 008B","data":{"2015":{"imd_decile":9,"imd":39.496,"income_decile":10,"income":0.327,"employment_decile":10,"employment":0.241,"health_decile":9,"health":1.131,"education_decile":9,"education":47.029,"crime_decile":5,"crime":-0.135,"barriers_decile":2,"barriers":12.216,"living_env_decile":1,"living_env":1.559},"2019":{"imd_decile":9,"imd":36.799,"income_decile":9,"income":0.264,"employment_decile":9,"employment":0.187,"health_decile":9,"health":0.938,"education_decile":9,"education":49.137,"crime_decile":7,"crime":0.385,"barriers_decile":1,"barriers":7.983,"living_env_decile":1,"living_env":1.194},"2025":{"imd_decile":8,"imd":32.729,"income_decile":8,"income":0.34,"employment_decile":9,"employment":0.202,"health_decile":9,"health":1.065,"education_decile":9,"education":39.487,"crime_decile":9,"crime":0.83,"barriers_decile":5,"barriers":19.884,"living_env_decile":2,"living_env":4.91},"2004":{"imd":49.52,"income":0.361143538100542,"employment":0.286535791077538,"health":1.44861688521776,"education":63.2934581083311,"barriers":7.15309171237126,"crime":0.25,"living_env":4.25,"imd_decile":10,"income_decile":10,"employment_decile":10,"health_decile":10,"education_decile":10,"barriers_decile":1,"crime_decile":7,"living_env_decile":1},"2007":{"imd":50.6035881042481,"income":0.376838207244873,"employment":0.274419665336609,"health":1.54935128660488,"education":58.661563873291,"barriers":10.7743735384065,"crime":0.610984981060028,"living_env":2.15530300140381,"imd_decile":10,"income_decile":10,"employment_decile":10,"health_decile":10,"education_decile":10,"barriers_decile":2,"crime_decile":8,"living_env_decile":1}}},"geometry":{"type":"Polygon","coordinates":[[[-1.67368,54.8613],[-1.67739,54.8566],[-1.68296,54.85576],[-1.67637,54.85555],[-1.67622,54.85278],[-1.68487,54.84852],[-1.69495,54.85893],[-1.69539,54.86059],[-1.70155,54.86074],[-1.7026,54.86232],[-1.69627,54.8619],[-1.69163,54.86217],[-1.68663,54.86215],[-1.68204,54.86061],[-1.67943,54.86202],[-1.67494,54.86283],[-1.67368,54.8613]]]}},{"type":"Feature","properties":{"lsoa_code":"E01020649","lsoa_name":"County Durham 008C","data":{"2015":{"imd_decile":8,"imd":31.148,"income_decile":9,"income":0.23,"employment_decile":9,"employment":0.211,"health_decile":9,"health":0.826,"education_decile":9,"education":36.401,"crime_decile":6,"crime":0.201,"barriers_decile":3,"barriers":13.489,"living_env_decile":2,"living_env":7.579},"2019":{"imd_decile":8,"imd":31.504,"income_decile":9,"income":0.214,"employment_decile":9,"employment":0.183,"health_decile":8,"health":0.664,"education_decile":9,"education":37.164,"crime_decile":7,"crime":0.333,"barriers_decile":2,"barriers":9.967,"living_env_decile":3,"living_env":8.525},"2025":{"imd_decile":9,"imd":35.138,"income_decile":9,"income":0.363,"employment_decile":9,"employment":0.222,"health_decile":9,"health":1.034,"education_decile":8,"education":30.212,"crime_decile":8,"crime":0.656,"barriers_decile":8,"barriers":25.895,"living_env_decile":7,"living_env":22.905},"2004":{"imd":48.04,"income":0.275020489633521,"employment":0.286279549459222,"health":1.58959543655576,"education":52.7615380274358,"barriers":13.0439525071989,"crime":0.41,"living_env":25.66,"imd_decile":10,"income_decile":9,"employment_decile":10,"health_decile":10,"education_decile":10,"barriers_decile":3,"crime_decile":7,"living_env_decile":7},"2007":{"imd":44.0837821960449,"income":0.264318078756332,"employment":0.230017602443695,"health":1.28705029176731,"education":58.1949310302734,"barriers":19.6724395947287,"crime":0.626890182495117,"living_env":16.7284088134766,"imd_decile":9,"income_decile":9,"employment_decile":10,"health_decile":10,"education_decile":10,"barriers_decile":5,"crime_decile":8,"living_env_decile":6}}},"geometry":{"type":"Polygon","coordinates":[[[-1.67278,54.85958],[-1.67115,54.85856],[-1.66987,54.85689],[-1.6679,54.85614],[-1.66725,54.85501],[-1.66341,54.85497],[-1.66047,54.85512],[-1.65362,54.855],[-1.65377,54.84891],[-1.66109,54.84435],[-1.66483,54.84402],[-1.67136,54.84431],[-1.67563,54.84769],[-1.68487,54.84852],[-1.67622,54.85278],[-1.67637,54.85555],[-1.68296,54.85576],[-1.67739,54.8566],[-1.67368,54.8613],[-1.67278,54.85958]]]}},{"type":"Feature","properties":{"lsoa_code":"E01020650","lsoa_name":"County Durham 012A","data":{"2015":{"imd_decile":6,"imd":20.86,"income_decile":7,"income":0.148,"employment_decile":7,"employment":0.132,"health_decile":8,"health":0.663,"education_decile":7,"education":24.899,"crime_decile":4,"crime":-0.34,"barriers_decile":6,"barriers":21.958,"living_env_decile":1,"living_env":3.05},"2019":{"imd_decile":6,"imd":20.166,"income_decile":7,"income":0.143,"employment_decile":7,"employment":0.109,"health_decile":7,"health":0.411,"education_decile":7,"education":23.675,"crime_decile":4,"crime":-0.392,"barriers_decile":6,"barriers":21.291,"living_env_decile":1,"living_env":2.035},"2025":{"imd_decile":7,"imd":21.601,"income_decile":7,"income":0.242,"employment_decile":7,"employment":0.161,"health_decile":8,"health":0.661,"education_decile":7,"education":22.229,"crime_decile":6,"crime":0.038,"barriers_decile":6,"barriers":20.381,"living_env_decile":2,"living_env":4.644},"2004":{"imd":32.82,"income":0.216554712953106,"employment":0.181528152828587,"health":0.997070835465402,"education":51.0295365102086,"barriers":16.0046898033129,"crime":-0.16,"living_env":5.5,"imd_decile":8,"income_decile":8,"employment_decile":9,"health_decile":9,"education_decile":10,"barriers_decile":4,"crime_decile":5,"living_env_decile":2},"2007":{"imd":28.5293636322022,"income":0.18053463101387,"employment":0.179226070642471,"health":0.678522368260734,"education":50.5181922912598,"barriers":13.5569146251328,"crime":-0.758274495601654,"living_env":2.23519611358643,"imd_decile":8,"income_decile":7,"employment_decile":9,"health_decile":8,"education_decile":10,"barriers_decile":3,"crime_decile":2,"living_env_decile":1}}},"geometry":{"type":"Polygon","coordinates":[[[-1.80893,54.84453],[-1.81157,54.84193],[-1.81461,54.8425],[-1.81901,54.84108],[-1.81598,54.83839],[-1.81969,54.8371],[-1.82291,54.83698],[-1.83075,54.84221],[-1.82373,54.84378],[-1.82047,54.84363],[-1.81825,54.84369],[-1.81665,54.84525],[-1.81543,54.84633],[-1.80893,54.84453]]]}},{"type":"Feature","properties":{"lsoa_code":"E01020651","lsoa_name":"County Durham 012B","data":{"2015":{"imd_decile":7,"imd":22.038,"income_decile":7,"income":0.167,"employment_decile":8,"employment":0.16,"health_decile":9,"health":0.945,"education_decile":6,"education":19.135,"crime_decile":3,"crime":-0.628,"barriers_decile":3,"barriers":12.877,"living_env_decile":1,"living_env":2.994},"2019":{"imd_decile":7,"imd":21.839,"income_decile":7,"income":0.15,"employment_decile":8,"employment":0.131,"health_decile":9,"health":0.758,"education_decile":7,"education":21.075,"crime_decile":5,"crime":-0.109,"barriers_decile":1,"barriers":7.383,"living_env_decile":1,"living_env":1.804},"2025":{"imd_decile":8,"imd":26.732,"income_decile":7,"income":0.258,"employment_decile":8,"employment":0.193,"health_decile":9,"health":0.835,"education_decile":8,"education":33.745,"crime_decile":5,"crime":-0.194,"barriers_decile":7,"barriers":23.356,"living_env_decile":4,"living_env":10.662},"2004":{"imd":23.19,"income":0.131834047934001,"employment":0.147117807897729,"health":0.645739536156209,"education":23.7296616002606,"barriers":24.7603408545679,"crime":-0.26,"living_env":2.46,"imd_decile":7,"income_decile":7,"employment_decile":8,"health_decile":8,"education_decile":7,"barriers_decile":7,"crime_decile":4,"living_env_decile":1},"2007":{"imd":22.6084575653076,"income":0.161509767174721,"employment":0.138063982129097,"health":0.671531347198949,"education":21.6029052734375,"barriers":23.4030750439824,"crime":-0.519710779190064,"living_env":3.60644888877869,"imd_decile":7,"income_decile":7,"employment_decile":8,"health_decile":8,"education_decile":7,"barriers_decile":7,"crime_decile":3,"living_env_decile":1}}},"geometry":{"type":"Polygon","coordinates":[[[-1.80459,54.84286],[-1.8068,54.83631],[-1.80916,54.82807],[-1.81188,54.82919],[-1.81494,54.83086],[-1.81933,54.83523],[-1.81751,54.83809],[-1.8163,54.83865],[-1.81737,54.84216],[-1.81146,54.84244],[-1.81059,54.84257],[-1.80621,54.844],[-1.80459,54.84286]]]}},{"type":"Feature","properties":{"lsoa_code":"E01020652","lsoa_name":"County Durham 012C","data":{"2015":{"imd_decile":8,"imd":27.606,"income_decile":8,"income":0.213,"employment_decile":8,"employment":0.163,"health_decile":9,"health":1.041,"education_decile":8,"education":27.601,"crime_decile":5,"crime":-0.124,"barriers_decile":6,"barriers":22.36,"living_env_decile":1,"living_env":1.842},"2019":{"imd_decile":8,"imd":28.453,"income_decile":8,"income":0.196,"employment_decile":8,"employment":0.145,"health_decile":9,"health":1.007,"education_decile":8,"education":29.448,"crime_decile":6,"crime":0.127,"barriers_decile":4,"barriers":17.216,"living_env_decile":1,"living_env":1.318},"2025":{"imd_decile":8,"imd":30.288,"income_decile":8,"income":0.313,"employment_decile":8,"employment":0.184,"health_decile":10,"health":1.561,"education_decile":8,"education":31.167,"crime_decile":6,"crime":0.204,"barriers_decile":3,"barriers":14.414,"living_env_decile":3,"living_env":8.726},"2004":{"imd":35.03,"income":0.201572389774997,"employment":0.201452169323417,"health":1.27349018341214,"education":48.8353390552735,"barriers":12.3153546752696,"crime":0.13,"living_env":7.39,"imd_decile":9,"income_decile":8,"employment_decile":9,"health_decile":10,"education_decile":9,"barriers_decile":3,"crime_decile":6,"living_env_decile":3},"2007":{"imd":29.7548809051514,"income":0.20429639518261,"employment":0.154213041067123,"health":1.25486893339037,"education":38.7250595092773,"barriers":8.70165930423308,"crime":0.187680780887604,"living_env":2.97242188453674,"imd_decile":8,"income_decile":8,"employment_decile":9,"health_decile":10,"education_decile":9,"barriers_decile":2,"crime_decile":6,"living_env_decile":1}}},"geometry":{"type":"Polygon","coordinates":[[[-1.80201,54.8478],[-1.8124,54.84533],[-1.81731,54.84548],[-1.81875,54.84436],[-1.81989,54.84386],[-1.82222,54.84387],[-1.8312,54.84342],[-1.82627,54.84632],[-1.82569,54.8489],[-1.8245,54.85164],[-1.81922,54.85701],[-1.81284,54.85505],[-1.80617,54.85235],[-1.80481,54.84908],[-1.80201,54.8478]]]}},{"type":"Feature","properties":{"lsoa_code":"E01020653","lsoa_name":"County Durham 006D","data":{"2015":{"imd_decile":8,"imd":27.072,"income_decile":9,"income":0.236,"employment_decile":9,"employment":0.187,"health_decile":9,"health":0.799,"education_decile":7,"education":26.099,"crime_decile":5,"crime":-0.124,"barriers_decile":2,"barriers":10.229,"living_env_decile":1,"living_env":2.403},"2019":{"imd_decile":8,"imd":26.801,"income_decile":8,"income":0.198,"employment_decile":9,"employment":0.155,"health_decile":9,"health":0.827,"education_decile":7,"education":25.616,"crime_decile":6,"crime":0.031,"barriers_decile":1,"barriers":8.836,"living_env_decile":1,"living_env":2.219},"2025":{"imd_decile":9,"imd":35.553,"income_decile":8,"income":0.347,"employment_decile":9,"employment":0.214,"health_decile":10,"health":1.221,"education_decile":8,"education":34.97,"crime_decile":8,"crime":0.529,"barriers_decile":8,"barriers":26.282,"living_env_decile":7,"living_env":22.62},"2004":{"imd":33.31,"income":0.231127776444704,"employment":0.215118578368242,"health":1.10357141691778,"education":28.9672010035972,"barriers":14.0325302582209,"crime":0.05,"living_env":7.57,"imd_decile":8,"income_decile":9,"employment_decile":10,"health_decile":9,"education_decile":8,"barriers_decile":3,"crime_decile":6,"living_env_decile":3},"2007":{"imd":31.9702949523926,"income":0.219504028558731,"employment":0.197255909442902,"health":1.16253581437487,"education":28.4136085510254,"barriers":18.5122048446599,"crime":-0.153559044003487,"living_env":3.48533391952515,"imd_decile":8,"income_decile":8,"employment_decile":10,"health_decile":9,"education_decile":8,"barriers_decile":5,"crime_decile":5,"living_env_decile":1}}},"geometry":{"type":"Polygon","coordinates":[[[-1.75829,54.88649],[-1.75289,54.88334],[-1.75687,54.88239],[-1.75868,54.87864],[-1.75917,54.87782],[-1.75964,54.87696],[-1.75812,54.87677],[-1.75671,54.87743],[-1.75494,54.87987],[-1.75238,54.88115],[-1.7489,54.88189],[-1.74924,54.87879],[-1.7519,54.87208],[-1.76315,54.8709],[-1.77019,54.86308],[-1.7803,54.86846],[-1.78511,54.87227],[-1.7874,54.87789],[-1.78613,54.87971],[-1.78536,54.88389],[-1.78218,54.88455],[-1.77938,54.88445],[-1.77748,54.88567],[-1.7759,54.88634],[-1.77501,54.88822],[-1.77373,54.89152],[-1.77433,54.89339],[-1.77377,54.89469],[-1.77393,54.89605],[-1.77266,54.89879],[-1.77143,54.8987],[-1.76786,54.89349],[-1.76525,54.89203],[-1.76357,54.89095],[-1.75829,54.88649]]]}},{"type":"Feature","properties":{"lsoa_code":"E01020654","lsoa_name":"County Durham 001D","data":{"2015":{"imd_decile":4,"imd":12.841,"income_decile":5,"income":0.106,"employment_decile":6,"employment":0.099,"health_decile":7,"health":0.384,"education_decile":4,"education":9.651,"crime_decile":2,"crime":-0.917,"barriers_decile":4,"barriers":17.087,"living_env_decile":1,"living_env":3.668},"2019":{"imd_decile":5,"imd":15.051,"income_decile":6,"income":0.104,"employment_decile":6,"employment":0.085,"health_decile":7,"health":0.436,"education_decile":4,"education":11.766,"crime_decile":3,"crime":-0.649,"barriers_decile":6,"barriers":21.414,"living_env_decile":1,"living_env":3.704},"2025":{"imd_decile":5,"imd":14.148,"income_decile":5,"income":0.155,"employment_decile":5,"employment":0.108,"health_decile":7,"health":0.44,"education_decile":3,"education":8.009,"crime_decile":3,"crime":-0.519,"barriers_decile":7,"barriers":23.813,"living_env_decile":3,"living_env":8.977},"2004":{"imd":23.14,"income":0.161808748699645,"employment":0.147158532210566,"health":0.865642053364302,"education":17.7685552927474,"barriers":18.7602127714568,"crime":-0.55,"living_env":3.2,"imd_decile":7,"income_decile":7,"employment_decile":8,"health_decile":9,"education_decile":6,"barriers_decile":5,"crime_decile":3,"living_env_decile":1},"2007":{"imd":18.6091194152832,"income":0.130139753222466,"employment":0.123440071940422,"health":0.481941793054249,"education":14.6661186218262,"barriers":25.7797473436138,"crime":-1.05575275421143,"living_env":2.25521874427795,"imd_decile":6,"income_decile":6,"employment_decile":8,"health_decile":8,"education_decile":5,"barriers_decile":7,"crime_decile":2,"living_env_decile":1}}},"geometry":{"type":"Polygon","coordinates":[[[-1.73102,54.89604],[-1.72722,54.8947],[-1.72887,54.89444],[-1.73219,54.89143],[-1.73187,54.8908],[-1.7408,54.88891],[-1.74416,54.88731],[-1.7489,54.88189],[-1.75238,54.88115],[-1.75494,54.87987],[-1.75671,54.87743],[-1.75812,54.87677],[-1.75964,54.87696],[-1.75917,54.87782],[-1.75868,54.87864],[-1.75687,54.88239],[-1.75289,54.88334],[-1.74584,54.89068],[-1.73807,54.89126],[-1.7361,54.89438],[-1.73219,54.89745],[-1.73102,54.89604]]]}},{"type":"Feature","properties":{"lsoa_code":"E01020655","lsoa_name":"County Durham 003D","data":{"2015":{"imd_decile":4,"imd":11.477,"income_decile":5,"income":0.093,"employment_decile":4,"employment":0.08,"health_decile":6,"health":0.075,"education_decile":2,"education":4.983,"crime_decile":2,"crime":-0.806,"barriers_decile":8,"barriers":28.214,"living_env_decile":1,"living_env":1.521},"2019":{"imd_decile":4,"imd":13.85,"income_decile":5,"income":0.094,"employment_decile":6,"employment":0.081,"health_decile":5,"health":-0.192,"education_decile":4,"education":9.4,"crime_decile":4,"crime":-0.285,"barriers_decile":8,"barriers":29.684,"living_env_decile":1,"living_env":1.704},"2025":{"imd_decile":5,"imd":15.917,"income_decile":5,"income":0.154,"employment_decile":6,"employment":0.124,"health_decile":6,"health":-0.011,"education_decile":4,"education":10.187,"crime_decile":4,"crime":-0.445,"barriers_decile":9,"barriers":30.113,"living_env_decile":5,"living_env":16.624},"2004":{"imd":16.37,"income":0.117863655537851,"employment":0.086439776813452,"health":0.385499108084998,"education":9.52456005335264,"barriers":29.3488985151164,"crime":-0.43,"living_env":2.65,"imd_decile":5,"income_decile":6,"employment_decile":6,"health_decile":7,"education_decile":4,"barriers_decile":8,"crime_decile":4,"living_env_decile":1},"2007":{"imd":14.2543745040894,"income":0.105918303132057,"employment":0.0800162702798843,"health":0.185220588216852,"education":5.96800136566162,"barriers":34.0874988800801,"crime":-1.04607784748077,"living_env":3.52746772766113,"imd_decile":5,"income_decile":5,"employment_decile":5,"health_decile":6,"education_decile":3,"barriers_decile":9,"crime_decile":2,"living_env_decile":1}}},"geometry":{"type":"Polygon","coordinates":[[[-1.77083,54.9067],[-1.77369,54.90547],[-1.77605,54.90307],[-1.77436,54.90078],[-1.77266,54.89879],[-1.77393,54.89605],[-1.77377,54.89469],[-1.77433,54.89339],[-1.77373,54.89152],[-1.77501,54.88822],[-1.7759,54.88634],[-1.77748,54.88567],[-1.77938,54.88445],[-1.78218,54.88455],[-1.78536,54.88389],[-1.7925,54.88318],[-1.80102,54.8842],[-1.81043,54.88507],[-1.81575,54.88324],[-1.81759,54.88146],[-1.81772,54.88265],[-1.82007,54.88274],[-1.82197,54.89266],[-1.82391,54.89443],[-1.83019,54.89576],[-1.83095,54.89998],[-1.8277,54.90549],[-1.82101,54.90566],[-1.81762,54.90557],[-1.80822,54.9072],[-1.80462,54.90456],[-1.79883,54.90566],[-1.7941,54.90395],[-1.79125,54.90867],[-1.78246,54.91004],[-1.77642,54.90997],[-1.77083,54.9067]]]}},{"type":"Feature","properties":{"lsoa_code":"E01020656","lsoa_name":"County Durham 003E","data":{"2015":{"imd_decile":7,"imd":24.407,"income_decile":8,"income":0.181,"employment_decile":9,"employment":0.182,"health_decile":8,"health":0.638,"education_decile":5,"education":15.555,"crime_decile":2,"crime":-1.007,"barriers_decile":8,"barriers":27.743,"living_env_decile":3,"living_env":8.389},"2019":{"imd_decile":7,"imd":26.314,"income_decile":8,"income":0.179,"employment_decile":9,"employment":0.17,"health_decile":8,"health":0.543,"education_decile":6,"education":19.334,"crime_decile":4,"crime":-0.269,"barriers_decile":6,"barriers":22.17,"living_env_decile":3,"living_env":8.565},"2025":{"imd_decile":8,"imd":28.676,"income_decile":7,"income":0.248,"employment_decile":9,"employment":0.213,"health_decile":8,"health":0.641,"education_decile":7,"education":25.905,"crime_decile":4,"crime":-0.449,"barriers_decile":9,"barriers":34.918,"living_env_decile":6,"living_env":22.144},"2004":{"imd":29.71,"income":0.234288845244242,"employment":0.172614846798067,"health":1.17557232768505,"education":25.68141287857,"barriers":14.3071745035798,"crime":-0.65,"living_env":8.3,"imd_decile":8,"income_decile":9,"employment_decile":9,"health_decile":10,"education_decile":7,"barriers_decile":3,"crime_decile":3,"living_env_decile":3},"2007":{"imd":26.9238262176514,"income":0.214002564549446,"employment":0.157870352268219,"health":0.887681348371656,"education":28.1786231994629,"barriers":20.9316474735076,"crime":-0.854086458683014,"living_env":4.29222249984741,"imd_decile":8,"income_decile":8,"employment_decile":9,"health_decile":9,"education_decile":8,"barriers_decile":6,"crime_decile":2,"living_env_decile":1}}},"geometry":{"type":"Polygon","coordinates":[[[-1.82888,54.89559],[-1.82069,54.89539],[-1.82197,54.88732],[-1.82031,54.8824],[-1.82998,54.88003],[-1.83967,54.88071],[-1.84141,54.87989],[-1.85283,54.87704],[-1.8548,54.87316],[-1.85739,54.87516],[-1.86005,54.87803],[-1.85227,54.88309],[-1.85235,54.88426],[-1.85516,54.88904],[-1.85403,54.89132],[-1.84566,54.89103],[-1.84589,54.89625],[-1.8391,54.89732],[-1.82979,54.90066],[-1.82912,54.89687],[-1.82888,54.89559]]]}},{"type":"Feature","properties":{"lsoa_code":"E01020657","lsoa_name":"County Durham 003F","data":{"2015":{"imd_decile":6,"imd":17.515,"income_decile":5,"income":0.109,"employment_decile":6,"employment":0.111,"health_decile":8,"health":0.521,"education_decile":4,"education":11.788,"crime_decile":6,"crime":0.204,"barriers_decile":7,"barriers":25.035,"living_env_decile":2,"living_env":6.066},"2019":{"imd_decile":5,"imd":17.366,"income_decile":6,"income":0.105,"employment_decile":5,"employment":0.08,"health_decile":8,"health":0.498,"education_decile":4,"education":9.161,"crime_decile":7,"crime":0.426,"barriers_decile":7,"barriers":25.887,"living_env_decile":1,"living_env":3.813},"2025":{"imd_decile":5,"imd":15.773,"income_decile":4,"income":0.13,"employment_decile":5,"employment":0.097,"health_decile":6,"health":0.15,"education_decile":3,"education":8.726,"crime_decile":7,"crime":0.377,"barriers_decile":8,"barriers":28.862,"living_env_decile":6,"living_env":20.592},"2004":{"imd":15.29,"income":0.0807600447616969,"employment":0.109517383140199,"health":0.59345147168892,"education":9.93449237750465,"barriers":19.3227605887829,"crime":-1.03,"living_env":6.16,"imd_decile":5,"income_decile":5,"employment_decile":7,"health_decile":8,"education_decile":4,"barriers_decile":5,"crime_decile":2,"living_env_decile":2},"2007":{"imd":14.2866144180298,"income":0.0818930193781853,"employment":0.114145264029503,"health":0.332195549063412,"education":6.88223600387573,"barriers":20.7540271210839,"crime":-0.592343688011169,"living_env":5.1420168876648,"imd_decile":5,"income_decile":4,"employment_decile":7,"health_decile":7,"education_decile":3,"barriers_decile":6,"crime_decile":3,"living_env_decile":2}}},"geometry":{"type":"Polygon","coordinates":[[[-1.81043,54.88507],[-1.80102,54.8842],[-1.7925,54.88318],[-1.7855,54.87926],[-1.78771,54.87804],[-1.79108,54.87562],[-1.79775,54.87239],[-1.80429,54.87197],[-1.80596,54.87284],[-1.81051,54.87158],[-1.81414,54.87195],[-1.82033,54.87309],[-1.82174,54.86924],[-1.82588,54.86748],[-1.82959,54.86424],[-1.83887,54.86755],[-1.83895,54.87292],[-1.84638,54.87183],[-1.8515,54.87297],[-1.85428,54.87313],[-1.85035,54.87734],[-1.84062,54.88148],[-1.83489,54.87993],[-1.82958,54.87961],[-1.82007,54.88274],[-1.81772,54.88265],[-1.81759,54.88146],[-1.81575,54.88324],[-1.81043,54.88507]]]}},{"type":"Feature","properties":{"lsoa_code":"E01020658","lsoa_name":"County Durham 024B","data":{"2015":{"imd_decile":8,"imd":27.482,"income_decile":8,"income":0.209,"employment_decile":9,"employment":0.179,"health_decile":9,"health":1.092,"education_decile":8,"education":30.295,"crime_decile":4,"crime":-0.388,"barriers_decile":2,"barriers":9.312,"living_env_decile":3,"living_env":8.292},"2019":{"imd_decile":8,"imd":32.762,"income_decile":8,"income":0.198,"employment_decile":9,"employment":0.172,"health_decile":10,"health":1.349,"education_decile":8,"education":30.537,"crime_decile":7,"crime":0.426,"barriers_decile":2,"barriers":10.944,"living_env_decile":2,"living_env":6.146},"2025":{"imd_decile":9,"imd":35.083,"income_decile":8,"income":0.323,"employment_decile":9,"employment":0.215,"health_decile":9,"health":1.141,"education_decile":8,"education":34.388,"crime_decile":7,"crime":0.455,"barriers_decile":9,"barriers":32.033,"living_env_decile":6,"living_env":19.969},"2004":{"imd":31.44,"income":0.250373453035632,"employment":0.187057147453098,"health":1.07803269167818,"education":37.8175112319552,"barriers":2.89903694590491,"crime":-1.09,"living_env":9.15,"imd_decile":8,"income_decile":9,"employment_decile":9,"health_decile":9,"education_decile":9,"barriers_decile":1,"crime_decile":1,"living_env_decile":3},"2007":{"imd":30.6752433776855,"income":0.208497777581215,"employment":0.182691842317581,"health":1.01230669696446,"education":39.8049850463867,"barriers":6.32073236150625,"crime":0.090624213218689,"living_env":5.18261003494263,"imd_decile":8,"income_decile":8,"employment_decile":9,"health_decile":9,"education_decile":9,"barriers_decile":1,"crime_decile":6,"living_env_decile":2}}},"geometry":{"type":"Polygon","coordinates":[[[-1.67004,54.80261],[-1.6665,54.80204],[-1.6659,54.80015],[-1.66193,54.79579],[-1.65678,54.79247],[-1.66325,54.79112],[-1.6696,54.79336],[-1.67057,54.79481],[-1.66986,54.7974],[-1.6701,54.79913],[-1.67051,54.80057],[-1.67626,54.79901],[-1.6778,54.80074],[-1.67316,54.80374],[-1.67004,54.80261]]]}},{"type":"Feature","properties":{"lsoa_code":"E01020659","lsoa_name":"County Durham 024C","data":{"2015":{"imd_decile":3,"imd":9.842,"income_decile":4,"income":0.08,"employment_decile":5,"employment":0.083,"health_decile":6,"health":0.158,"education_decile":3,"education":7.167,"crime_decile":5,"crime":-0.135,"barriers_decile":1,"barriers":4.009,"living_env_decile":2,"living_env":5.952},"2019":{"imd_decile":4,"imd":11.896,"income_decile":4,"income":0.066,"employment_decile":5,"employment":0.073,"health_decile":7,"health":0.307,"education_decile":4,"education":8.939,"crime_decile":7,"crime":0.323,"barriers_decile":1,"barriers":8.307,"living_env_decile":2,"living_env":5.138},"2025":{"imd_decile":5,"imd":14.802,"income_decile":3,"income":0.11,"employment_decile":5,"employment":0.098,"health_decile":7,"health":0.283,"education_decile":4,"education":12.171,"crime_decile":6,"crime":0.096,"barriers_decile":7,"barriers":25.148,"living_env_decile":6,"living_env":20.913},"2004":{"imd":11.99,"income":0.0576745104556913,"employment":0.0968201688608222,"health":0.530894775732095,"education":12.0833095292435,"barriers":2.37196685415084,"crime":-1.27,"living_env":5.44,"imd_decile":4,"income_decile":3,"employment_decile":6,"health_decile":8,"education_decile":4,"barriers_decile":1,"crime_decile":1,"living_env_decile":2},"2007":{"imd":10.3359003067017,"income":0.0708782896399498,"employment":0.0805981755256653,"health":0.187657906071399,"education":11.2261447906494,"barriers":3.27314082529164,"crime":-0.2518031001091,"living_env":2.38639163970947,"imd_decile":3,"income_decile":3,"employment_decile":5,"health_decile":6,"education_decile":4,"barriers_decile":1,"crime_decile":4,"living_env_decile":1}}},"geometry":{"type":"Polygon","coordinates":[[[-1.66965,54.79873],[-1.67043,54.79708],[-1.66962,54.79481],[-1.67159,54.7934],[-1.6773,54.7945],[-1.67933,54.79712],[-1.68131,54.797],[-1.6827,54.79702],[-1.68356,54.79847],[-1.68068,54.79868],[-1.67699,54.79867],[-1.67356,54.79918],[-1.67068,54.79987],[-1.66965,54.79873]]]}},{"type":"Feature","properties":{"lsoa_code":"E01020660","lsoa_name":"County Durham 024D","data":{"2015":{"imd_decile":6,"imd":18.658,"income_decile":6,"income":0.132,"employment_decile":7,"employment":0.132,"health_decile":7,"health":0.287,"education_decile":6,"education":17.018,"crime_decile":4,"crime":-0.387,"barriers_decile":8,"barriers":26.349,"living_env_decile":2,"living_env":5.903},"2019":{"imd_decile":6,"imd":20.959,"income_decile":6,"income":0.118,"employment_decile":7,"employment":0.108,"health_decile":7,"health":0.321,"education_decile":6,"education":19.609,"crime_decile":6,"crime":0.127,"barriers_decile":9,"barriers":30.744,"living_env_decile":2,"living_env":6.605},"2025":{"imd_decile":7,"imd":23.264,"income_decile":5,"income":0.182,"employment_decile":7,"employment":0.142,"health_decile":7,"health":0.313,"education_decile":7,"education":25.778,"crime_decile":6,"crime":0.156,"barriers_decile":9,"barriers":32.017,"living_env_decile":8,"living_env":28.944},"2004":{"imd":20.94,"income":0.14179003464521,"employment":0.145858206776811,"health":0.743406528282232,"education":14.4154185408767,"barriers":19.5216605776026,"crime":-1.22,"living_env":4.16,"imd_decile":6,"income_decile":7,"employment_decile":8,"health_decile":8,"education_decile":5,"barriers_decile":5,"crime_decile":1,"living_env_decile":1},"2007":{"imd":19.4411735534668,"income":0.149416133761406,"employment":0.131003305315971,"health":0.589290195222416,"education":11.5858678817749,"barriers":20.4746283197821,"crime":-0.532017290592194,"living_env":3.72262978553772,"imd_decile":6,"income_decile":7,"employment_decile":8,"health_decile":8,"education_decile":4,"barriers_decile":6,"crime_decile":3,"living_env_decile":1}}},"geometry":{"type":"Polygon","coordinates":[[[-1.68504,54.80622],[-1.66552,54.80705],[-1.65273,54.8051],[-1.65336,54.80254],[-1.65146,54.80003],[-1.65731,54.8037],[-1.66073,54.80197],[-1.66711,54.80138],[-1.66836,54.80237],[-1.67433,54.80373],[-1.67699,54.79867],[-1.68068,54.79868],[-1.68356,54.79847],[-1.6827,54.79702],[-1.68131,54.797],[-1.67933,54.79712],[-1.6773,54.7945],[-1.67159,54.7934],[-1.66379,54.78884],[-1.65611,54.79176],[-1.64785,54.7853],[-1.65127,54.78364],[-1.66967,54.78186],[-1.67654,54.7816],[-1.69285,54.77507],[-1.69609,54.77479],[-1.69973,54.77368],[-1.70597,54.77436],[-1.70791,54.77585],[-1.71626,54.78084],[-1.72313,54.78143],[-1.72873,54.7825],[-1.73273,54.78803],[-1.73876,54.79005],[-1.73904,54.79453],[-1.73714,54.79836],[-1.7262,54.79653],[-1.71639,54.79722],[-1.71171,54.79907],[-1.70723,54.80178],[-1.70215,54.8043],[-1.69726,54.80341],[-1.69221,54.80363],[-1.69115,54.80432],[-1.68995,54.80747],[-1.68504,54.80622]]]}},{"type":"Feature","properties":{"lsoa_code":"E01020661","lsoa_name":"County Durham 004A","data":{"2015":{"imd_decile":8,"imd":27.441,"income_decile":8,"income":0.187,"employment_decile":8,"employment":0.157,"health_decile":9,"health":1.019,"education_decile":6,"education":20.617,"crime_decile":9,"crime":0.763,"barriers_decile":4,"barriers":16.587,"living_env_decile":3,"living_env":10.419},"2019":{"imd_decile":7,"imd":23.957,"income_decile":7,"income":0.147,"employment_decile":7,"employment":0.119,"health_decile":9,"health":0.742,"education_decile":6,"education":18.433,"crime_decile":9,"crime":0.896,"barriers_decile":3,"barriers":12.813,"living_env_decile":2,"living_env":5.1},"2025":{"imd_decile":8,"imd":31.787,"income_decile":7,"income":0.287,"employment_decile":8,"employment":0.199,"health_decile":10,"health":1.212,"education_decile":6,"education":16.6,"crime_decile":10,"crime":1.39,"barriers_decile":2,"barriers":12.095,"living_env_decile":7,"living_env":25.694},"2004":{"imd":33.73,"income":0.222653916751128,"employment":0.189123964951788,"health":1.13649933906495,"education":28.1680169423102,"barriers":10.9833233815851,"crime":0.77,"living_env":14.73,"imd_decile":8,"income_decile":8,"employment_decile":9,"health_decile":9,"education_decile":8,"barriers_decile":2,"crime_decile":9,"living_env_decile":5},"2007":{"imd":32.4358940124512,"income":0.24422824382782,"employment":0.186089247465134,"health":0.9563044699583,"education":20.8557968139648,"barriers":14.7897638138523,"crime":0.834093034267426,"living_env":9.93217182159424,"imd_decile":8,"income_decile":8,"employment_decile":9,"health_decile":9,"education_decile":7,"barriers_decile":4,"crime_decile":9,"living_env_decile":4}}},"geometry":{"type":"Polygon","coordinates":[[[-1.69785,54.87949],[-1.69541,54.87732],[-1.69546,54.87594],[-1.6971,54.87524],[-1.69416,54.87492],[-1.68996,54.87467],[-1.69313,54.87299],[-1.69417,54.87198],[-1.69634,54.86832],[-1.70234,54.86696],[-1.70619,54.86721],[-1.70739,54.86981],[-1.70274,54.87365],[-1.70094,54.87625],[-1.70346,54.88022],[-1.69728,54.8807],[-1.69785,54.87949]]]}},{"type":"Feature","properties":{"lsoa_code":"E01020662","lsoa_name":"County Durham 004B","data":{"2015":{"imd_decile":8,"imd":27.14,"income_decile":8,"income":0.216,"employment_decile":9,"employment":0.183,"health_decile":9,"health":1.073,"education_decile":7,"education":22.023,"crime_decile":6,"crime":0.088,"barriers_decile":1,"barriers":8.553,"living_env_decile":1,"living_env":3.471},"2019":{"imd_decile":8,"imd":29.725,"income_decile":9,"income":0.213,"employment_decile":9,"employment":0.176,"health_decile":9,"health":0.875,"education_decile":7,"education":25.952,"crime_decile":7,"crime":0.34,"barriers_decile":1,"barriers":6.021,"living_env_decile":1,"living_env":1.541},"2025":{"imd_decile":8,"imd":32.269,"income_decile":8,"income":0.362,"employment_decile":9,"employment":0.223,"health_decile":9,"health":1.167,"education_decile":7,"education":22.286,"crime_decile":8,"crime":0.508,"barriers_decile":2,"barriers":12.459,"living_env_decile":7,"living_env":23.513},"2004":{"imd":29.25,"income":0.198473897983551,"employment":0.191898110015175,"health":1.02298878179995,"education":24.7039078212596,"barriers":7.60671278204242,"crime":0.27,"living_env":3.73,"imd_decile":8,"income_decile":8,"employment_decile":9,"health_decile":9,"education_decile":7,"barriers_decile":1,"crime_decile":7,"living_env_decile":1},"2007":{"imd":28.2853603363037,"income":0.206024587154388,"employment":0.185831993818283,"health":1.00674406518316,"education":22.635196685791,"barriers":11.1804120112913,"crime":-0.0410872548818588,"living_env":2.69864201545715,"imd_decile":8,"income_decile":8,"employment_decile":9,"health_decile":9,"education_decile":7,"barriers_decile":2,"crime_decile":5,"living_env_decile":1}}},"geometry":{"type":"Polygon","coordinates":[[[-1.68458,54.87924],[-1.68043,54.87536],[-1.68148,54.87424],[-1.67976,54.87286],[-1.67891,54.87293],[-1.68083,54.87227],[-1.69313,54.87299],[-1.68996,54.87467],[-1.69416,54.87492],[-1.6971,54.87524],[-1.69546,54.87594],[-1.69387,54.87673],[-1.68968,54.87717],[-1.68458,54.87924]]]}},{"type":"Feature","properties":{"lsoa_code":"E01020663","lsoa_name":"County Durham 004C","data":{"2015":{"imd_decile":6,"imd":17.62,"income_decile":7,"income":0.144,"employment_decile":8,"employment":0.144,"health_decile":6,"health":0.139,"education_decile":5,"education":12.693,"crime_decile":6,"crime":0.129,"barriers_decile":3,"barriers":13.95,"living_env_decile":2,"living_env":4.789},"2019":{"imd_decile":6,"imd":19.507,"income_decile":7,"income":0.126,"employment_decile":7,"employment":0.107,"health_decile":8,"health":0.578,"education_decile":6,"education":20.202,"crime_decile":7,"crime":0.243,"barriers_decile":3,"barriers":13.383,"living_env_decile":1,"living_env":1.995},"2025":{"imd_decile":6,"imd":18.474,"income_decile":5,"income":0.176,"employment_decile":6,"employment":0.132,"health_decile":7,"health":0.37,"education_decile":5,"education":16.023,"crime_decile":7,"crime":0.435,"barriers_decile":4,"barriers":17.255,"living_env_decile":6,"living_env":20.603},"2004":{"imd":20.88,"income":0.108425215468502,"employment":0.14277760914129,"health":0.508212975073363,"education":17.52901972301,"barriers":14.1346767441094,"crime":0.22,"living_env":12.18,"imd_decile":6,"income_decile":6,"employment_decile":8,"health_decile":8,"education_decile":6,"barriers_decile":3,"crime_decile":6,"living_env_decile":4},"2007":{"imd":20.4974670410156,"income":0.1330346763134,"employment":0.137182086706162,"health":0.396075635078113,"education":17.1480674743652,"barriers":22.7018748886638,"crime":-0.229201391339302,"living_env":7.83005237579346,"imd_decile":6,"income_decile":6,"employment_decile":8,"health_decile":7,"education_decile":6,"barriers_decile":6,"crime_decile":4,"living_env_decile":3}}},"geometry":{"type":"Polygon","coordinates":[[[-1.66923,54.89565],[-1.66139,54.89428],[-1.65803,54.89011],[-1.66381,54.88864],[-1.66451,54.88292],[-1.66536,54.87667],[-1.65802,54.87612],[-1.66404,54.87296],[-1.67036,54.87349],[-1.67861,54.87245],[-1.67913,54.87258],[-1.68127,54.87372],[-1.68091,54.87499],[-1.68353,54.87697],[-1.68991,54.87792],[-1.69338,54.87627],[-1.69541,54.87732],[-1.69785,54.87949],[-1.69695,54.88084],[-1.70155,54.88513],[-1.69726,54.89026],[-1.68968,54.89638],[-1.67878,54.90182],[-1.67654,54.90333],[-1.67659,54.8991],[-1.66923,54.89565]]]}},{"type":"Feature","properties":{"lsoa_code":"E01020664","lsoa_name":"County Durham 020B","data":{"2015":{"imd_decile":2,"imd":7.276,"income_decile":2,"income":0.044,"employment_decile":2,"employment":0.046,"health_decile":5,"health":-0.17,"education_decile":2,"education":3.292,"crime_decile":4,"crime":-0.427,"barriers_decile":6,"barriers":21.564,"living_env_decile":6,"living_env":18.317},"2019":{"imd_decile":2,"imd":7.073,"income_decile":2,"income":0.045,"employment_decile":1,"employment":0.03,"health_decile":5,"health":-0.229,"education_decile":1,"education":2.716,"crime_decile":4,"crime":-0.292,"barriers_decile":6,"barriers":21.464,"living_env_decile":5,"living_env":17.15},"2025":{"imd_decile":3,"imd":10.319,"income_decile":2,"income":0.071,"employment_decile":2,"employment":0.056,"health_decile":4,"health":-0.274,"education_decile":1,"education":2.607,"crime_decile":3,"crime":-0.548,"barriers_decile":8,"barriers":29.142,"living_env_decile":8,"living_env":34.741},"2004":{"imd":11.83,"income":0.0540003061672914,"employment":0.0882086640520105,"health":0.202726538259051,"education":3.11596416272274,"barriers":26.3117085430884,"crime":-0.93,"living_env":8.82,"imd_decile":4,"income_decile":3,"employment_decile":6,"health_decile":6,"education_decile":1,"barriers_decile":7,"crime_decile":2,"living_env_decile":3},"2007":{"imd":8.88399696350098,"income":0.0444576181471348,"employment":0.0662366151809692,"health":0.0055586465505498,"education":3.02620077133179,"barriers":27.4941121938495,"crime":-0.75659853219986,"living_env":5.56915330886841,"imd_decile":3,"income_decile":2,"employment_decile":4,"health_decile":6,"education_decile":1,"barriers_decile":8,"crime_decile":2,"living_env_decile":2}}},"geometry":{"type":"Polygon","coordinates":[[[-1.75695,54.85012],[-1.74597,54.84781],[-1.73065,54.84368],[-1.72216,54.84227],[-1.71915,54.83801],[-1.724,54.83475],[-1.7152,54.82422],[-1.70492,54.81958],[-1.70425,54.81437],[-1.70565,54.81124],[-1.6903,54.8063],[-1.68955,54.80395],[-1.69324,54.80408],[-1.69872,54.80395],[-1.70223,54.80527],[-1.7081,54.80124],[-1.71226,54.79949],[-1.71758,54.79545],[-1.73223,54.79847],[-1.73856,54.7965],[-1.73803,54.79064],[-1.74493,54.79306],[-1.75307,54.79412],[-1.76206,54.79523],[-1.77917,54.79885],[-1.78497,54.79328],[-1.78732,54.7892],[-1.78889,54.78825],[-1.79402,54.79059],[-1.79956,54.78964],[-1.80372,54.79391],[-1.79495,54.80136],[-1.79753,54.80091],[-1.80127,54.80045],[-1.80585,54.80424],[-1.82244,54.80463],[-1.83931,54.80053],[-1.84177,54.80166],[-1.84651,54.79839],[-1.85172,54.79673],[-1.86477,54.79162],[-1.86893,54.79234],[-1.86922,54.78934],[-1.88801,54.78272],[-1.90093,54.79052],[-1.89943,54.79924],[-1.89821,54.80047],[-1.87148,54.80717],[-1.86349,54.81458],[-1.8613,54.81711],[-1.84744,54.8181],[-1.81857,54.81576],[-1.81373,54.82598],[-1.81188,54.82919],[-1.80916,54.82807],[-1.8068,54.83631],[-1.80057,54.84109],[-1.79615,54.83814],[-1.78485,54.84045],[-1.78282,54.84163],[-1.77707,54.84701],[-1.77669,54.84928],[-1.77434,54.85626],[-1.77193,54.85594],[-1.76026,54.85296],[-1.75695,54.85012]],[[-1.74503,54.8331],[-1.75071,54.83173],[-1.75105,54.82954],[-1.75643,54.82498],[-1.75451,54.82295],[-1.75916,54.81726],[-1.75163,54.81643],[-1.74859,54.81737],[-1.74758,54.81812],[-1.74596,54.81816],[-1.74494,54.81707],[-1.74348,54.81786],[-1.74542,54.82],[-1.74666,54.82124],[-1.74832,54.82272],[-1.74751,54.82473],[-1.74631,54.82521],[-1.74957,54.82616],[-1.74699,54.82749],[-1.74554,54.82683],[-1.74767,54.82602],[-1.74513,54.82488],[-1.74402,54.82404],[-1.74115,54.82095],[-1.73972,54.82009],[-1.73864,54.81782],[-1.72801,54.8139],[-1.73075,54.81613],[-1.73027,54.8188],[-1.73331,54.81896],[-1.73029,54.82276],[-1.7364,54.82768],[-1.74255,54.83101],[-1.74503,54.8331]]]}},{"type":"Feature","properties":{"lsoa_code":"E01020665","lsoa_name":"County Durham 020C","data":{"2015":{"imd_decile":5,"imd":16.625,"income_decile":7,"income":0.168,"employment_decile":7,"employment":0.126,"health_decile":8,"health":0.474,"education_decile":4,"education":10.876,"crime_decile":2,"crime":-0.902,"barriers_decile":2,"barriers":11.622,"living_env_decile":1,"living_env":0.703},"2019":{"imd_decile":6,"imd":19.247,"income_decile":7,"income":0.153,"employment_decile":8,"employment":0.132,"health_decile":7,"health":0.392,"education_decile":5,"education":14.13,"crime_decile":4,"crime":-0.347,"barriers_decile":1,"barriers":8.712,"living_env_decile":1,"living_env":1.373},"2025":{"imd_decile":7,"imd":21.972,"income_decile":6,"income":0.231,"employment_decile":8,"employment":0.171,"health_decile":7,"health":0.412,"education_decile":6,"education":19.028,"crime_decile":4,"crime":-0.309,"barriers_decile":8,"barriers":29.303,"living_env_decile":3,"living_env":8.037},"2004":{"imd":19.31,"income":0.132149938453603,"employment":0.146731273327478,"health":0.858860952849396,"education":9.81895634879485,"barriers":7.86595794740757,"crime":-0.98,"living_env":1.8,"imd_decile":6,"income_decile":7,"employment_decile":8,"health_decile":9,"education_decile":4,"barriers_decile":1,"crime_decile":2,"living_env_decile":1},"2007":{"imd":17.7178745269775,"income":0.156768918037415,"employment":0.125238463282585,"health":0.561426855189007,"education":12.9191799163818,"barriers":10.9201397735745,"crime":-1.00378894805908,"living_env":0.626341700553894,"imd_decile":6,"income_decile":7,"employment_decile":8,"health_decile":8,"education_decile":5,"barriers_decile":2,"crime_decile":2,"living_env_decile":1}}},"geometry":{"type":"Polygon","coordinates":[[[-1.7436,54.82986],[-1.73365,54.82612],[-1.73517,54.82214],[-1.73248,54.81872],[-1.7293,54.81693],[-1.72671,54.81516],[-1.7331,54.81541],[-1.74045,54.81873],[-1.74073,54.81939],[-1.74232,54.82292],[-1.74351,54.82459],[-1.745,54.82555],[-1.74675,54.82693],[-1.74548,54.82711],[-1.74636,54.82772],[-1.75071,54.83173],[-1.74503,54.8331],[-1.7436,54.82986]]]}},{"type":"Feature","properties":{"lsoa_code":"E01020666","lsoa_name":"County Durham 020D","data":{"2015":{"imd_decile":2,"imd":7.066,"income_decile":3,"income":0.067,"employment_decile":4,"employment":0.074,"health_decile":7,"health":0.233,"education_decile":1,"education":2.171,"crime_decile":1,"crime":-1.225,"barriers_decile":1,"barriers":7.304,"living_env_decile":1,"living_env":0.474},"2019":{"imd_decile":2,"imd":6.944,"income_decile":3,"income":0.051,"employment_decile":5,"employment":0.071,"health_decile":6,"health":0.041,"education_decile":2,"education":3.292,"crime_decile":1,"crime":-1.56,"barriers_decile":1,"barriers":6.455,"living_env_decile":1,"living_env":0.553},"2025":{"imd_decile":3,"imd":9.648,"income_decile":4,"income":0.119,"employment_decile":5,"employment":0.101,"health_decile":5,"health":-0.044,"education_decile":1,"education":2.998,"crime_decile":2,"crime":-0.961,"barriers_decile":6,"barriers":22.046,"living_env_decile":2,"living_env":5.293},"2004":{"imd":9.9,"income":0.0526512120411245,"employment":0.0964259419272008,"health":0.280145685866566,"education":5.82514920045218,"barriers":9.95232340913802,"crime":-1.53,"living_env":0.33,"imd_decile":3,"income_decile":3,"employment_decile":6,"health_decile":7,"education_decile":2,"barriers_decile":2,"crime_decile":1,"living_env_decile":1},"2007":{"imd":8.04378128051758,"income":0.0561084263026714,"employment":0.0763919204473496,"health":0.126959032127466,"education":4.25962543487549,"barriers":15.5405865704139,"crime":-1.62130129337311,"living_env":0.431384652853012,"imd_decile":2,"income_decile":2,"employment_decile":5,"health_decile":6,"education_decile":2,"barriers_decile":4,"crime_decile":1,"living_env_decile":1}}},"geometry":{"type":"Polygon","coordinates":[[[-1.74671,54.82824],[-1.74801,54.82733],[-1.7474,54.82509],[-1.74657,54.82476],[-1.74821,54.82365],[-1.74848,54.8225],[-1.74698,54.82026],[-1.74463,54.82033],[-1.74294,54.8179],[-1.74452,54.81753],[-1.74725,54.81927],[-1.74684,54.818],[-1.74993,54.81678],[-1.75249,54.8177],[-1.7541,54.82126],[-1.75736,54.8233],[-1.75553,54.82711],[-1.75157,54.82987],[-1.74671,54.82824]]]}},{"type":"Feature","properties":{"lsoa_code":"E01020667","lsoa_name":"County Durham 010F","data":{"2015":{"imd_decile":7,"imd":25.3,"income_decile":7,"income":0.164,"employment_decile":9,"employment":0.185,"health_decile":9,"health":0.993,"education_decile":6,"education":19.337,"crime_decile":6,"crime":0.22,"barriers_decile":3,"barriers":13.245,"living_env_decile":2,"living_env":6.306},"2019":{"imd_decile":8,"imd":27.821,"income_decile":8,"income":0.182,"employment_decile":9,"employment":0.168,"health_decile":9,"health":0.852,"education_decile":6,"education":20.962,"crime_decile":7,"crime":0.26,"barriers_decile":4,"barriers":15.799,"living_env_decile":2,"living_env":5.7},"2025":{"imd_decile":8,"imd":28.943,"income_decile":7,"income":0.249,"employment_decile":9,"employment":0.203,"health_decile":9,"health":1.031,"education_decile":8,"education":30.89,"crime_decile":5,"crime":-0.054,"barriers_decile":6,"barriers":21.642,"living_env_decile":7,"living_env":26.342},"2004":{"imd":30.38,"income":0.166411123596301,"employment":0.192896956149308,"health":1.08158176304581,"education":34.8153581483509,"barriers":14.7212928300037,"crime":-0.16,"living_env":10.92,"imd_decile":8,"income_decile":7,"employment_decile":9,"health_decile":9,"education_decile":8,"barriers_decile":4,"crime_decile":5,"living_env_decile":4},"2007":{"imd":31.9060688018799,"income":0.200067952275276,"employment":0.188172906637192,"health":0.968831430434054,"education":32.8883895874023,"barriers":16.9181033990317,"crime":0.624861299991608,"living_env":4.6238169670105,"imd_decile":8,"income_decile":8,"employment_decile":9,"health_decile":9,"education_decile":8,"barriers_decile":4,"crime_decile":8,"living_env_decile":2}}},"geometry":{"type":"Polygon","coordinates":[[[-1.78511,54.87227],[-1.7803,54.86846],[-1.799,54.86421],[-1.80681,54.86528],[-1.80709,54.86172],[-1.80987,54.86016],[-1.80998,54.85915],[-1.80692,54.85694],[-1.80906,54.85776],[-1.81027,54.85441],[-1.81841,54.85787],[-1.81546,54.85976],[-1.81726,54.86181],[-1.81991,54.86443],[-1.82165,54.86616],[-1.8228,54.8679],[-1.82158,54.87219],[-1.81732,54.87324],[-1.81088,54.87108],[-1.80715,54.87265],[-1.80447,54.87245],[-1.7992,54.87159],[-1.79541,54.87363],[-1.78924,54.87752],[-1.78662,54.87529],[-1.78511,54.87227]]]}},{"type":"Feature","properties":{"lsoa_code":"E01020668","lsoa_name":"County Durham 012D","data":{"2015":{"imd_decile":8,"imd":28.587,"income_decile":8,"income":0.203,"employment_decile":9,"employment":0.197,"health_decile":10,"health":1.169,"education_decile":8,"education":30.791,"crime_decile":5,"crime":-0.192,"barriers_decile":1,"barriers":5.313,"living_env_decile":2,"living_env":5.103},"2019":{"imd_decile":9,"imd":35.219,"income_decile":9,"income":0.23,"employment_decile":9,"employment":0.197,"health_decile":9,"health":1.042,"education_decile":9,"education":35.675,"crime_decile":8,"crime":0.631,"barriers_decile":1,"barriers":3.57,"living_env_decile":2,"living_env":4.968},"2025":{"imd_decile":9,"imd":38.004,"income_decile":9,"income":0.365,"employment_decile":9,"employment":0.238,"health_decile":10,"health":1.314,"education_decile":9,"education":39.49,"crime_decile":8,"crime":0.548,"barriers_decile":4,"barriers":16.946,"living_env_decile":8,"living_env":32.677},"2004":{"imd":36.73,"income":0.23099182371404,"employment":0.228359503683295,"health":1.43054550844675,"education":40.7917389490217,"barriers":1.26100677515838,"crime":-0.24,"living_env":10.91,"imd_decile":9,"income_decile":9,"employment_decile":10,"health_decile":10,"education_decile":9,"barriers_decile":1,"crime_decile":4,"living_env_decile":4},"2007":{"imd":36.4776802062988,"income":0.242899566888809,"employment":0.180545657873154,"health":1.46109738904698,"education":43.2478256225586,"barriers":3.73379612056181,"crime":0.789388298988342,"living_env":6.11906671524048,"imd_decile":9,"income_decile":8,"employment_decile":9,"health_decile":10,"education_decile":9,"barriers_decile":1,"crime_decile":9,"living_env_decile":2}}},"geometry":{"type":"Polygon","coordinates":[[[-1.80515,54.8625],[-1.8056,54.86111],[-1.8031,54.86059],[-1.80448,54.85921],[-1.80355,54.85781],[-1.80184,54.85713],[-1.79952,54.8564],[-1.79992,54.85801],[-1.79532,54.8586],[-1.79904,54.85381],[-1.81027,54.85441],[-1.80906,54.85776],[-1.80692,54.85694],[-1.80998,54.85915],[-1.80987,54.86016],[-1.80709,54.86172],[-1.80466,54.86278],[-1.80515,54.8625]]]}},{"type":"Feature","properties":{"lsoa_code":"E01020669","lsoa_name":"County Durham 012E","data":{"2015":{"imd_decile":7,"imd":26.378,"income_decile":9,"income":0.241,"employment_decile":9,"employment":0.184,"health_decile":8,"health":0.735,"education_decile":7,"education":25.791,"crime_decile":2,"crime":-0.859,"barriers_decile":4,"barriers":15.204,"living_env_decile":1,"living_env":2.432},"2019":{"imd_decile":8,"imd":26.784,"income_decile":8,"income":0.19,"employment_decile":9,"employment":0.16,"health_decile":8,"health":0.692,"education_decile":8,"education":28.038,"crime_decile":5,"crime":-0.167,"barriers_decile":4,"barriers":15.914,"living_env_decile":1,"living_env":2.258},"2025":{"imd_decile":9,"imd":39.908,"income_decile":7,"income":0.276,"employment_decile":10,"employment":0.32,"health_decile":10,"health":1.591,"education_decile":8,"education":32.269,"crime_decile":6,"crime":0.121,"barriers_decile":7,"barriers":24.665,"living_env_decile":5,"living_env":17.209},"2004":{"imd":31.7,"income":0.266188993428152,"employment":0.195139920693506,"health":1.1438551666613,"education":27.4809290930676,"barriers":12.9507615063357,"crime":-0.72,"living_env":2.38,"imd_decile":8,"income_decile":9,"employment_decile":9,"health_decile":9,"education_decile":8,"barriers_decile":3,"crime_decile":3,"living_env_decile":1},"2007":{"imd":30.6698398590088,"income":0.242666393518448,"employment":0.174297988414764,"health":0.969551978398126,"education":31.1968402862549,"barriers":15.42713833142,"crime":0.28440523147583,"living_env":1.98822402954102,"imd_decile":8,"income_decile":8,"employment_decile":9,"health_decile":9,"education_decile":8,"barriers_decile":4,"crime_decile":7,"living_env_decile":1}}},"geometry":{"type":"Polygon","coordinates":[[[-1.77019,54.86308],[-1.7735,54.85688],[-1.7735,54.85413],[-1.77595,54.84823],[-1.77714,54.84629],[-1.78341,54.84165],[-1.78559,54.83964],[-1.79487,54.83909],[-1.8009,54.84121],[-1.80618,54.844],[-1.80149,54.84791],[-1.80652,54.85179],[-1.80356,54.85364],[-1.79415,54.85741],[-1.80111,54.8592],[-1.79883,54.85698],[-1.80041,54.85612],[-1.80276,54.85727],[-1.80393,54.85934],[-1.80281,54.8601],[-1.80447,54.86087],[-1.80473,54.86211],[-1.80634,54.86305],[-1.80596,54.86679],[-1.78308,54.86682],[-1.78049,54.86532],[-1.77019,54.86308]]]}},{"type":"Feature","properties":{"lsoa_code":"E01020670","lsoa_name":"County Durham 009C","data":{"2015":{"imd_decile":8,"imd":30.748,"income_decile":8,"income":0.221,"employment_decile":9,"employment":0.21,"health_decile":9,"health":0.89,"education_decile":9,"education":36.007,"crime_decile":6,"crime":0.203,"barriers_decile":3,"barriers":12.718,"living_env_decile":2,"living_env":5.843},"2019":{"imd_decile":9,"imd":36.255,"income_decile":9,"income":0.24,"employment_decile":9,"employment":0.181,"health_decile":9,"health":0.953,"education_decile":8,"education":35.625,"crime_decile":10,"crime":1.11,"barriers_decile":2,"barriers":10.041,"living_env_decile":1,"living_env":3.827},"2025":{"imd_decile":9,"imd":41.675,"income_decile":9,"income":0.407,"employment_decile":10,"employment":0.259,"health_decile":10,"health":1.343,"education_decile":9,"education":40.358,"crime_decile":10,"crime":1.203,"barriers_decile":3,"barriers":13.314,"living_env_decile":6,"living_env":22.057},"2004":{"imd":32.24,"income":0.188548005163268,"employment":0.202646384725505,"health":1.04148648418641,"education":26.1724604052085,"barriers":7.80653194919405,"crime":0.83,"living_env":10.53,"imd_decile":8,"income_decile":8,"employment_decile":9,"health_decile":9,"education_decile":7,"barriers_decile":1,"crime_decile":9,"living_env_decile":4},"2007":{"imd":30.9905967712402,"income":0.208678513765335,"employment":0.191141366958618,"health":0.961135775740843,"education":32.451774597168,"barriers":8.39345651994888,"crime":0.329544186592102,"living_env":7.71637964248657,"imd_decile":8,"income_decile":8,"employment_decile":9,"health_decile":9,"education_decile":8,"barriers_decile":1,"crime_decile":7,"living_env_decile":3}}},"geometry":{"type":"Polygon","coordinates":[[[-1.71019,54.8718],[-1.70668,54.87117],[-1.7072,54.86944],[-1.70558,54.8671],[-1.70147,54.86706],[-1.6998,54.86538],[-1.70335,54.86462],[-1.70306,54.86227],[-1.69991,54.86018],[-1.69511,54.86019],[-1.70264,54.85946],[-1.70554,54.86401],[-1.70756,54.86508],[-1.70855,54.86367],[-1.71179,54.86472],[-1.71553,54.86442],[-1.7212,54.86596],[-1.72742,54.87086],[-1.724,54.87249],[-1.71965,54.87422],[-1.71653,54.87516],[-1.71397,54.87554],[-1.71019,54.8718]]]}},{"type":"Feature","properties":{"lsoa_code":"E01020671","lsoa_name":"County Durham 009D","data":{"2015":{"imd_decile":10,"imd":44.753,"income_decile":10,"income":0.324,"employment_decile":10,"employment":0.291,"health_decile":9,"health":1.038,"education_decile":9,"education":45.733,"crime_decile":7,"crime":0.304,"barriers_decile":2,"barriers":10.263,"living_env_decile":6,"living_env":22.092},"2019":{"imd_decile":10,"imd":53.29,"income_decile":10,"income":0.32,"employment_decile":10,"employment":0.279,"health_decile":10,"health":1.265,"education_decile":10,"education":50.926,"crime_decile":10,"crime":1.266,"barriers_decile":1,"barriers":6.619,"living_env_decile":5,"living_env":16.382},"2025":{"imd_decile":10,"imd":61.23,"income_decile":10,"income":0.487,"employment_decile":10,"employment":0.341,"health_decile":10,"health":1.738,"education_decile":10,"education":52.785,"crime_decile":10,"crime":1.963,"barriers_decile":5,"barriers":18.323,"living_env_decile":10,"living_env":51.226},"2004":{"imd":39.46,"income":0.213562707132887,"employment":0.213939674681999,"health":1.13682736405451,"education":48.3057221626826,"barriers":1.64662486509443,"crime":0.56,"living_env":40.78,"imd_decile":9,"income_decile":8,"employment_decile":10,"health_decile":9,"education_decile":9,"barriers_decile":1,"crime_decile":8,"living_env_decile":9},"2007":{"imd":36.1677703857422,"income":0.272931039333344,"employment":0.190548822283745,"health":0.879918480701142,"education":48.6946563720703,"barriers":4.5684757763239,"crime":0.370716720819473,"living_env":20.3452301025391,"imd_decile":9,"income_decile":9,"employment_decile":9,"health_decile":9,"education_decile":9,"barriers_decile":1,"crime_decile":7,"living_env_decile":6}}},"geometry":{"type":"Polygon","coordinates":[[[-1.70756,54.86508],[-1.70554,54.86401],[-1.70415,54.8602],[-1.70522,54.85951],[-1.70605,54.86049],[-1.71005,54.85934],[-1.7104,54.86118],[-1.70887,54.86294],[-1.70832,54.86499],[-1.70756,54.86508]]]}},{"type":"Feature","properties":{"lsoa_code":"E01020672","lsoa_name":"County Durham 009E","data":{"2015":{"imd_decile":9,"imd":35.652,"income_decile":9,"income":0.24,"employment_decile":9,"employment":0.216,"health_decile":9,"health":1.061,"education_decile":9,"education":38.725,"crime_decile":7,"crime":0.334,"barriers_decile":5,"barriers":17.741,"living_env_decile":7,"living_env":22.968},"2019":{"imd_decile":9,"imd":40.022,"income_decile":9,"income":0.219,"employment_decile":10,"employment":0.211,"health_decile":9,"health":0.988,"education_decile":8,"education":34.869,"crime_decile":10,"crime":1.312,"barriers_decile":4,"barriers":15.992,"living_env_decile":5,"living_env":17.07},"2025":{"imd_decile":10,"imd":47.878,"income_decile":9,"income":0.386,"employment_decile":10,"employment":0.297,"health_decile":10,"health":1.527,"education_decile":9,"education":39.925,"crime_decile":10,"crime":1.487,"barriers_decile":7,"barriers":23.324,"living_env_decile":8,"living_env":29.7},"2004":{"imd":40.13,"income":0.213296546630369,"employment":0.238032324314501,"health":1.25940601157545,"education":42.4036219976209,"barriers":5.68549513188109,"crime":0.79,"living_env":26.73,"imd_decile":9,"income_decile":8,"employment_decile":10,"health_decile":10,"education_decile":9,"barriers_decile":1,"crime_decile":9,"living_env_decile":7},"2007":{"imd":42.8422622680664,"income":0.288824379444122,"employment":0.224393844604492,"health":1.46359568747471,"education":40.8850860595703,"barriers":7.43663848649048,"crime":0.724591910839081,"living_env":23.9060306549072,"imd_decile":9,"income_decile":9,"employment_decile":10,"health_decile":10,"education_decile":9,"barriers_decile":1,"crime_decile":9,"living_env_decile":7}}},"geometry":{"type":"Polygon","coordinates":[[[-1.71459,54.86478],[-1.71052,54.86451],[-1.70887,54.86294],[-1.7104,54.86118],[-1.71005,54.85934],[-1.70605,54.86049],[-1.70522,54.85951],[-1.70415,54.8602],[-1.70406,54.86201],[-1.69062,54.85491],[-1.68392,54.84761],[-1.70015,54.84392],[-1.70696,54.84377],[-1.72216,54.84227],[-1.73065,54.84695],[-1.73261,54.85246],[-1.72112,54.85748],[-1.7169,54.86348],[-1.71459,54.86478]]]}},{"type":"Feature","properties":{"lsoa_code":"E01020673","lsoa_name":"County Durham 008D","data":{"2015":{"imd_decile":10,"imd":53.95,"income_decile":10,"income":0.373,"employment_decile":10,"employment":0.34,"health_decile":10,"health":1.799,"education_decile":10,"education":53.519,"crime_decile":6,"crime":0.056,"barriers_decile":2,"barriers":10.609,"living_env_decile":1,"living_env":4.13},"2019":{"imd_decile":10,"imd":57.401,"income_decile":10,"income":0.348,"employment_decile":10,"employment":0.293,"health_decile":10,"health":1.918,"education_decile":10,"education":56.624,"crime_decile":9,"crime":0.726,"barriers_decile":1,"barriers":6.653,"living_env_decile":1,"living_env":4.106},"2025":{"imd_decile":10,"imd":56.742,"income_decile":10,"income":0.503,"employment_decile":10,"employment":0.354,"health_decile":10,"health":1.846,"education_decile":10,"education":58.526,"crime_decile":9,"crime":1.0,"barriers_decile":3,"barriers":14.529,"living_env_decile":7,"living_env":27.278},"2004":{"imd":49.98,"income":0.325108301536495,"employment":0.290642486900956,"health":1.86398605127848,"education":48.9693272162104,"barriers":4.07793792134856,"crime":0.67,"living_env":10.74,"imd_decile":10,"income_decile":10,"employment_decile":10,"health_decile":10,"education_decile":9,"barriers_decile":1,"crime_decile":8,"living_env_decile":4},"2007":{"imd":50.2771263122559,"income":0.365907788276672,"employment":0.282968550920486,"health":1.49521685134575,"education":53.333625793457,"barriers":10.3995030115511,"crime":0.723421096801758,"living_env":6.28960037231445,"imd_decile":10,"income_decile":10,"employment_decile":10,"health_decile":10,"education_decile":10,"barriers_decile":2,"crime_decile":9,"living_env_decile":2}}},"geometry":{"type":"Polygon","coordinates":[[[-1.69752,54.86751],[-1.69746,54.86517],[-1.69497,54.86573],[-1.69296,54.86632],[-1.6895,54.86557],[-1.68411,54.86241],[-1.68726,54.86305],[-1.69406,54.8616],[-1.69671,54.8625],[-1.70309,54.86255],[-1.69974,54.86477],[-1.70177,54.86649],[-1.69752,54.86751]]]}},{"type":"Feature","properties":{"lsoa_code":"E01020674","lsoa_name":"County Durham 004D","data":{"2015":{"imd_decile":8,"imd":32.394,"income_decile":9,"income":0.24,"employment_decile":8,"employment":0.173,"health_decile":10,"health":1.176,"education_decile":8,"education":32.932,"crime_decile":7,"crime":0.424,"barriers_decile":7,"barriers":24.711,"living_env_decile":1,"living_env":2.559},"2019":{"imd_decile":8,"imd":32.113,"income_decile":9,"income":0.223,"employment_decile":9,"employment":0.151,"health_decile":9,"health":0.809,"education_decile":9,"education":40.305,"crime_decile":7,"crime":0.348,"barriers_decile":6,"barriers":23.06,"living_env_decile":1,"living_env":1.833},"2025":{"imd_decile":9,"imd":38.147,"income_decile":9,"income":0.397,"employment_decile":9,"employment":0.245,"health_decile":10,"health":1.429,"education_decile":9,"education":39.809,"crime_decile":8,"crime":0.573,"barriers_decile":5,"barriers":17.827,"living_env_decile":4,"living_env":11.347},"2004":{"imd":26.11,"income":0.169751650500445,"employment":0.158391857308066,"health":0.914521378317319,"education":31.299325492417,"barriers":16.5979356247331,"crime":-0.49,"living_env":3.84,"imd_decile":7,"income_decile":8,"employment_decile":9,"health_decile":9,"education_decile":8,"barriers_decile":4,"crime_decile":3,"living_env_decile":1},"2007":{"imd":27.1906566619873,"income":0.216531291604042,"employment":0.137755334377289,"health":0.743743835917745,"education":30.5723266601563,"barriers":26.5099024889803,"crime":-0.0783809423446655,"living_env":4.35503101348877,"imd_decile":8,"income_decile":8,"employment_decile":8,"health_decile":8,"education_decile":8,"barriers_decile":7,"crime_decile":5,"living_env_decile":1}}},"geometry":{"type":"Polygon","coordinates":[[[-1.66362,54.87146],[-1.66169,54.86403],[-1.66987,54.85689],[-1.67115,54.85856],[-1.67278,54.85958],[-1.67368,54.8613],[-1.67738,54.86799],[-1.67951,54.87022],[-1.68442,54.87035],[-1.68879,54.87177],[-1.67978,54.87235],[-1.67088,54.87383],[-1.66472,54.87303],[-1.66362,54.87146]]]}},{"type":"Feature","properties":{"lsoa_code":"E01020675","lsoa_name":"County Durham 008E","data":{"2015":{"imd_decile":9,"imd":36.9,"income_decile":9,"income":0.271,"employment_decile":10,"employment":0.232,"health_decile":10,"health":1.325,"education_decile":9,"education":40.399,"crime_decile":6,"crime":0.029,"barriers_decile":4,"barriers":15.724,"living_env_decile":1,"living_env":4.13},"2019":{"imd_decile":9,"imd":36.47,"income_decile":9,"income":0.256,"employment_decile":10,"employment":0.208,"health_decile":9,"health":1.037,"education_decile":9,"education":37.506,"crime_decile":6,"crime":0.169,"barriers_decile":2,"barriers":12.038,"living_env_decile":1,"living_env":1.766},"2025":{"imd_decile":9,"imd":40.963,"income_decile":9,"income":0.41,"employment_decile":9,"employment":0.252,"health_decile":10,"health":1.59,"education_decile":9,"education":39.233,"crime_decile":9,"crime":0.842,"barriers_decile":2,"barriers":11.782,"living_env_decile":6,"living_env":21.427},"2004":{"imd":37.23,"income":0.236954120621595,"employment":0.248384164442921,"health":1.12399140421118,"education":45.4449559157728,"barriers":12.4485486101427,"crime":-0.14,"living_env":4.84,"imd_decile":9,"income_decile":9,"employment_decile":10,"health_decile":9,"education_decile":9,"barriers_decile":3,"crime_decile":5,"living_env_decile":2},"2007":{"imd":39.3266105651856,"income":0.272133260965347,"employment":0.225776240229607,"health":1.37277411954813,"education":42.9990463256836,"barriers":17.9757902279546,"crime":0.100195422768593,"living_env":2.55616402626038,"imd_decile":9,"income_decile":9,"employment_decile":10,"health_decile":10,"education_decile":9,"barriers_decile":5,"crime_decile":6,"living_env_decile":1}}},"geometry":{"type":"Polygon","coordinates":[[[-1.68879,54.87177],[-1.68442,54.87035],[-1.67951,54.87022],[-1.68698,54.8677],[-1.69039,54.86597],[-1.69314,54.86601],[-1.69604,54.86558],[-1.69717,54.86631],[-1.69781,54.86805],[-1.69371,54.87025],[-1.69299,54.87235],[-1.68879,54.87177]]]}},{"type":"Feature","properties":{"lsoa_code":"E01020676","lsoa_name":"County Durham 001E","data":{"2015":{"imd_decile":5,"imd":16.003,"income_decile":6,"income":0.118,"employment_decile":7,"employment":0.129,"health_decile":7,"health":0.34,"education_decile":5,"education":12.64,"crime_decile":2,"crime":-0.818,"barriers_decile":6,"barriers":20.839,"living_env_decile":2,"living_env":5.012},"2019":{"imd_decile":6,"imd":18.028,"income_decile":6,"income":0.111,"employment_decile":7,"employment":0.112,"health_decile":8,"health":0.685,"education_decile":6,"education":16.212,"crime_decile":2,"crime":-0.883,"barriers_decile":5,"barriers":17.592,"living_env_decile":1,"living_env":4.593},"2025":{"imd_decile":6,"imd":19.79,"income_decile":5,"income":0.166,"employment_decile":7,"employment":0.133,"health_decile":8,"health":0.6,"education_decile":6,"education":17.868,"crime_decile":2,"crime":-0.778,"barriers_decile":7,"barriers":25.566,"living_env_decile":8,"living_env":29.938},"2004":{"imd":23.52,"income":0.12048815450887,"employment":0.14979704599408,"health":0.832890543002728,"education":20.5732866532546,"barriers":26.2988790528455,"crime":-0.67,"living_env":8.09,"imd_decile":7,"income_decile":6,"employment_decile":8,"health_decile":9,"education_decile":6,"barriers_decile":7,"crime_decile":3,"living_env_decile":3},"2007":{"imd":19.4418869018555,"income":0.123489893972874,"employment":0.115687236189842,"health":0.474378286176117,"education":18.1772537231445,"barriers":28.2783707851517,"crime":-0.773546576499939,"living_env":7.57646656036377,"imd_decile":6,"income_decile":6,"employment_decile":7,"health_decile":7,"education_decile":6,"barriers_decile":8,"crime_decile":2,"living_env_decile":3}}},"geometry":{"type":"Polygon","coordinates":[[[-1.67484,54.9093],[-1.6825,54.89897],[-1.69091,54.89557],[-1.69818,54.88829],[-1.70028,54.88377],[-1.70575,54.88044],[-1.7114,54.88151],[-1.71374,54.88337],[-1.71187,54.88516],[-1.71229,54.88847],[-1.7178,54.89138],[-1.72364,54.88726],[-1.72474,54.88571],[-1.72468,54.88203],[-1.7307,54.8784],[-1.73248,54.88428],[-1.73354,54.88463],[-1.73246,54.88601],[-1.73327,54.88846],[-1.73304,54.89204],[-1.73115,54.89152],[-1.72796,54.89469],[-1.72198,54.89616],[-1.7167,54.89763],[-1.71222,54.89878],[-1.70704,54.90401],[-1.70793,54.90761],[-1.7003,54.90803],[-1.69566,54.90473],[-1.69169,54.90261],[-1.68916,54.90576],[-1.68766,54.90792],[-1.67635,54.90942],[-1.67484,54.9093]]]}},{"type":"Feature","properties":{"lsoa_code":"E01020677","lsoa_name":"County Durham 006E","data":{"2015":{"imd_decile":7,"imd":26.359,"income_decile":8,"income":0.214,"employment_decile":9,"employment":0.182,"health_decile":9,"health":0.848,"education_decile":7,"education":23.924,"crime_decile":3,"crime":-0.554,"barriers_decile":6,"barriers":20.317,"living_env_decile":1,"living_env":1.737},"2019":{"imd_decile":8,"imd":29.731,"income_decile":8,"income":0.199,"employment_decile":9,"employment":0.177,"health_decile":9,"health":0.928,"education_decile":7,"education":23.58,"crime_decile":5,"crime":-0.002,"barriers_decile":6,"barriers":20.355,"living_env_decile":1,"living_env":2.323},"2025":{"imd_decile":8,"imd":32.451,"income_decile":8,"income":0.336,"employment_decile":9,"employment":0.214,"health_decile":9,"health":1.115,"education_decile":8,"education":28.457,"crime_decile":6,"crime":0.107,"barriers_decile":8,"barriers":27.638,"living_env_decile":5,"living_env":16.909},"2004":{"imd":35.29,"income":0.210646535886156,"employment":0.239377608085901,"health":1.26783925906464,"education":25.3249062020426,"barriers":23.2245548399989,"crime":-0.03,"living_env":4.17,"imd_decile":9,"income_decile":8,"employment_decile":10,"health_decile":10,"education_decile":7,"barriers_decile":6,"crime_decile":5,"living_env_decile":1},"2007":{"imd":34.9750671386719,"income":0.228647455573082,"employment":0.215795785188675,"health":1.19903109879611,"education":28.5711135864258,"barriers":25.2609992052193,"crime":-0.132168635725975,"living_env":3.28964447975159,"imd_decile":9,"income_decile":8,"employment_decile":10,"health_decile":10,"education_decile":8,"barriers_decile":7,"crime_decile":5,"living_env_decile":1}}},"geometry":{"type":"Polygon","coordinates":[[[-1.71187,54.88516],[-1.71374,54.88337],[-1.7114,54.88151],[-1.70575,54.88044],[-1.70983,54.88019],[-1.71259,54.87966],[-1.71877,54.87718],[-1.71965,54.87422],[-1.724,54.87249],[-1.731,54.87177],[-1.74612,54.87766],[-1.74702,54.88151],[-1.74371,54.88823],[-1.73366,54.8878],[-1.73171,54.88741],[-1.73417,54.88519],[-1.72872,54.88399],[-1.73283,54.8791],[-1.72533,54.88045],[-1.72737,54.88542],[-1.72181,54.8854],[-1.71904,54.89003],[-1.71382,54.88849],[-1.71158,54.88608],[-1.71187,54.88516]]]}},{"type":"Feature","properties":{"lsoa_code":"E01020678","lsoa_name":"County Durham 004E","data":{"2015":{"imd_decile":6,"imd":21.101,"income_decile":7,"income":0.146,"employment_decile":8,"employment":0.149,"health_decile":7,"health":0.443,"education_decile":6,"education":19.913,"crime_decile":6,"crime":0.147,"barriers_decile":6,"barriers":22.798,"living_env_decile":1,"living_env":1.407},"2019":{"imd_decile":7,"imd":23.376,"income_decile":7,"income":0.138,"employment_decile":8,"employment":0.14,"health_decile":8,"health":0.464,"education_decile":8,"education":28.159,"crime_decile":6,"crime":0.123,"barriers_decile":6,"barriers":20.394,"living_env_decile":1,"living_env":1.885},"2025":{"imd_decile":7,"imd":25.292,"income_decile":7,"income":0.246,"employment_decile":8,"employment":0.191,"health_decile":8,"health":0.687,"education_decile":7,"education":23.122,"crime_decile":7,"crime":0.373,"barriers_decile":6,"barriers":21.867,"living_env_decile":4,"living_env":13.314},"2004":{"imd":20.15,"income":0.114520264993731,"employment":0.112550605891771,"health":0.697240340679981,"education":22.4581004356069,"barriers":22.4726812247907,"crime":-0.47,"living_env":7.43,"imd_decile":6,"income_decile":6,"employment_decile":7,"health_decile":8,"education_decile":7,"barriers_decile":6,"crime_decile":3,"living_env_decile":3},"2007":{"imd":19.2336444854736,"income":0.116750955581665,"employment":0.10779170691967,"health":0.486501560250219,"education":23.6161479949951,"barriers":24.8491663351449,"crime":-0.173125475645065,"living_env":3.44827032089233,"imd_decile":6,"income_decile":6,"employment_decile":7,"health_decile":8,"education_decile":7,"barriers_decile":7,"crime_decile":5,"living_env_decile":1}}},"geometry":{"type":"Polygon","coordinates":[[[-1.70456,54.87973],[-1.70114,54.87557],[-1.70426,54.87212],[-1.70774,54.87043],[-1.70951,54.87139],[-1.71538,54.87575],[-1.71944,54.87513],[-1.71877,54.87718],[-1.71259,54.87966],[-1.70983,54.88019],[-1.70575,54.88044],[-1.70456,54.87973]]]}},{"type":"Feature","properties":{"lsoa_code":"E01020679","lsoa_name":"County Durham 026A","data":{"2015":{"imd_decile":8,"imd":33.446,"income_decile":9,"income":0.235,"employment_decile":9,"employment":0.228,"health_decile":10,"health":1.381,"education_decile":8,"education":34.159,"crime_decile":1,"crime":-1.03,"barriers_decile":5,"barriers":18.643,"living_env_decile":1,"living_env":1.077},"2019":{"imd_decile":9,"imd":34.314,"income_decile":8,"income":0.199,"employment_decile":9,"employment":0.18,"health_decile":10,"health":1.522,"education_decile":9,"education":39.278,"crime_decile":5,"crime":-0.154,"barriers_decile":3,"barriers":14.579,"living_env_decile":1,"living_env":0.842},"2025":{"imd_decile":9,"imd":35.264,"income_decile":8,"income":0.332,"employment_decile":9,"employment":0.219,"health_decile":10,"health":1.672,"education_decile":9,"education":38.057,"crime_decile":7,"crime":0.326,"barriers_decile":4,"barriers":16.849,"living_env_decile":4,"living_env":12.041},"2004":{"imd":30.89,"income":0.197609502479676,"employment":0.211265916042274,"health":1.04363317133445,"education":35.1756438368229,"barriers":11.2073026819948,"crime":-0.64,"living_env":3.71,"imd_decile":8,"income_decile":8,"employment_decile":10,"health_decile":9,"education_decile":9,"barriers_decile":2,"crime_decile":3,"living_env_decile":1},"2007":{"imd":29.645450592041,"income":0.199651807546616,"employment":0.193636536598206,"health":1.07720841799246,"education":34.7954635620117,"barriers":7.36155095968772,"crime":-0.643938958644867,"living_env":1.81124246120453,"imd_decile":8,"income_decile":8,"employment_decile":10,"health_decile":9,"education_decile":8,"barriers_decile":1,"crime_decile":3,"living_env_decile":1}}},"geometry":{"type":"Polygon","coordinates":[[[-1.63917,54.7861],[-1.63438,54.78758],[-1.6302,54.78689],[-1.62872,54.78524],[-1.62622,54.78233],[-1.62823,54.78191],[-1.62867,54.77993],[-1.6346,54.78104],[-1.63575,54.78275],[-1.64363,54.78261],[-1.64785,54.7853],[-1.65611,54.79176],[-1.64606,54.79528],[-1.64108,54.79156],[-1.63913,54.78966],[-1.63827,54.78697],[-1.63917,54.7861]]]}},{"type":"Feature","properties":{"lsoa_code":"E01020680","lsoa_name":"County Durham 026B","data":{"2015":{"imd_decile":3,"imd":10.548,"income_decile":3,"income":0.061,"employment_decile":5,"employment":0.086,"health_decile":7,"health":0.309,"education_decile":2,"education":4.679,"crime_decile":6,"crime":0.026,"barriers_decile":4,"barriers":16.569,"living_env_decile":2,"living_env":5.256},"2019":{"imd_decile":3,"imd":9.542,"income_decile":2,"income":0.049,"employment_decile":5,"employment":0.071,"health_decile":6,"health":0.038,"education_decile":2,"education":4.497,"crime_decile":6,"crime":0.044,"barriers_decile":3,"barriers":14.472,"living_env_decile":3,"living_env":8.214},"2025":{"imd_decile":3,"imd":8.45,"income_decile":2,"income":0.075,"employment_decile":2,"employment":0.06,"health_decile":5,"health":-0.113,"education_decile":2,"education":4.08,"crime_decile":6,"crime":0.131,"barriers_decile":5,"barriers":19.64,"living_env_decile":5,"living_env":16.959},"2004":{"imd":12.5,"income":0.0505532895799557,"employment":0.120142505765331,"health":0.241182336109778,"education":5.05883429219236,"barriers":16.0288466017192,"crime":-0.85,"living_env":7.36,"imd_decile":4,"income_decile":3,"employment_decile":7,"health_decile":7,"education_decile":2,"barriers_decile":4,"crime_decile":2,"living_env_decile":3},"2007":{"imd":8.19301605224609,"income":0.0538231804966927,"employment":0.0801635161042213,"health":-0.0838826501471402,"education":4.16533470153809,"barriers":14.9456956505787,"crime":-0.60039746761322,"living_env":2.86486887931824,"imd_decile":2,"income_decile":2,"employment_decile":5,"health_decile":5,"education_decile":2,"barriers_decile":4,"crime_decile":3,"living_env_decile":1}}},"geometry":{"type":"Polygon","coordinates":[[[-1.65313,54.82695],[-1.6462,54.82366],[-1.63929,54.81911],[-1.63845,54.81632],[-1.64108,54.81446],[-1.63631,54.81453],[-1.63399,54.81198],[-1.63736,54.81098],[-1.64049,54.80785],[-1.63459,54.80775],[-1.62831,54.80918],[-1.62138,54.81082],[-1.6177,54.8147],[-1.60867,54.81724],[-1.59597,54.81613],[-1.58914,54.81336],[-1.58913,54.80835],[-1.59364,54.80714],[-1.59603,54.80401],[-1.60095,54.80198],[-1.59919,54.79753],[-1.60455,54.79201],[-1.60585,54.7887],[-1.6014,54.78612],[-1.59935,54.78357],[-1.60014,54.77991],[-1.60221,54.778],[-1.60924,54.77762],[-1.61348,54.7798],[-1.61691,54.77946],[-1.61974,54.78169],[-1.62534,54.78103],[-1.62978,54.78167],[-1.62805,54.78233],[-1.62669,54.78278],[-1.62979,54.78508],[-1.63521,54.78854],[-1.63643,54.78634],[-1.63923,54.78662],[-1.64077,54.78956],[-1.63986,54.79131],[-1.64273,54.79272],[-1.65678,54.79247],[-1.66193,54.79579],[-1.6659,54.80015],[-1.66073,54.80197],[-1.65731,54.8037],[-1.65146,54.80003],[-1.65336,54.80254],[-1.65273,54.8051],[-1.65743,54.80962],[-1.65621,54.81259],[-1.65831,54.8186],[-1.6616,54.822],[-1.66425,54.82536],[-1.65313,54.82695]]]}},{"type":"Feature","properties":{"lsoa_code":"E01020681","lsoa_name":"County Durham 026C","data":{"2015":{"imd_decile":7,"imd":24.373,"income_decile":8,"income":0.192,"employment_decile":8,"employment":0.178,"health_decile":9,"health":0.838,"education_decile":7,"education":22.128,"crime_decile":4,"crime":-0.363,"barriers_decile":3,"barriers":14.275,"living_env_decile":1,"living_env":1.0},"2019":{"imd_decile":7,"imd":26.039,"income_decile":8,"income":0.175,"employment_decile":8,"employment":0.146,"health_decile":9,"health":0.946,"education_decile":8,"education":30.085,"crime_decile":3,"crime":-0.457,"barriers_decile":3,"barriers":14.366,"living_env_decile":1,"living_env":0.798},"2025":{"imd_decile":7,"imd":26.249,"income_decile":8,"income":0.299,"employment_decile":8,"employment":0.17,"health_decile":9,"health":0.918,"education_decile":8,"education":32.906,"crime_decile":4,"crime":-0.358,"barriers_decile":7,"barriers":23.882,"living_env_decile":2,"living_env":6.24},"2004":{"imd":26.3,"income":0.204340953060117,"employment":0.169919390846555,"health":1.08889744264827,"education":20.6411745807601,"barriers":12.5421915959705,"crime":-1.02,"living_env":1.51,"imd_decile":7,"income_decile":8,"employment_decile":9,"health_decile":9,"education_decile":7,"barriers_decile":3,"crime_decile":2,"living_env_decile":1},"2007":{"imd":25.7081394195557,"income":0.179333254694939,"employment":0.164601638913155,"health":0.996114562390339,"education":19.5724849700928,"barriers":17.1111767617445,"crime":-0.131028398871422,"living_env":1.16511619091034,"imd_decile":7,"income_decile":7,"employment_decile":9,"health_decile":9,"education_decile":6,"barriers_decile":4,"crime_decile":5,"living_env_decile":1}}},"geometry":{"type":"Polygon","coordinates":[[[-1.61899,54.8137],[-1.62816,54.80961],[-1.63228,54.80814],[-1.6367,54.80702],[-1.64045,54.81181],[-1.63493,54.81207],[-1.63302,54.81357],[-1.62251,54.81138],[-1.62138,54.81263],[-1.61899,54.8137]]]}},{"type":"Feature","properties":{"lsoa_code":"E01020682","lsoa_name":"County Durham 028A","data":{"2015":{"imd_decile":1,"imd":5.529,"income_decile":2,"income":0.045,"employment_decile":4,"employment":0.076,"health_decile":5,"health":-0.096,"education_decile":1,"education":3.074,"crime_decile":2,"crime":-0.867,"barriers_decile":1,"barriers":4.021,"living_env_decile":1,"living_env":2.29},"2019":{"imd_decile":1,"imd":4.327,"income_decile":1,"income":0.03,"employment_decile":3,"employment":0.05,"health_decile":5,"health":-0.183,"education_decile":2,"education":4.236,"crime_decile":2,"crime":-0.998,"barriers_decile":1,"barriers":3.943,"living_env_decile":1,"living_env":2.776},"2025":{"imd_decile":1,"imd":4.275,"income_decile":1,"income":0.063,"employment_decile":3,"employment":0.065,"health_decile":5,"health":-0.12,"education_decile":1,"education":2.849,"crime_decile":1,"crime":-1.433,"barriers_decile":2,"barriers":9.904,"living_env_decile":1,"living_env":3.337},"2004":{"imd":4.2,"income":0.0198265459652706,"employment":0.0678996921454995,"health":-0.52249865117759,"education":2.98810304525395,"barriers":8.30582196009914,"crime":-1.88,"living_env":0.42,"imd_decile":1,"income_decile":1,"employment_decile":4,"health_decile":3,"education_decile":1,"barriers_decile":1,"crime_decile":1,"living_env_decile":1},"2007":{"imd":3.06807637214661,"income":0.0307214614003897,"employment":0.0514639541506767,"health":-0.673219626638447,"education":3.99684619903564,"barriers":8.4608248524428,"crime":-1.68361937999725,"living_env":0.744982540607452,"imd_decile":1,"income_decile":1,"employment_decile":3,"health_decile":3,"education_decile":2,"barriers_decile":1,"crime_decile":1,"living_env_decile":1}}},"geometry":{"type":"Polygon","coordinates":[[[-1.51896,54.78662],[-1.52054,54.78314],[-1.52199,54.78181],[-1.52769,54.77768],[-1.53271,54.77496],[-1.53171,54.78491],[-1.5304,54.78412],[-1.53027,54.78278],[-1.52777,54.78435],[-1.5252,54.78486],[-1.52208,54.78536],[-1.51974,54.7853],[-1.51998,54.78581],[-1.51896,54.78662]]]}},{"type":"Feature","properties":{"lsoa_code":"E01020683","lsoa_name":"County Durham 028B","data":{"2015":{"imd_decile":1,"imd":4.723,"income_decile":2,"income":0.043,"employment_decile":3,"employment":0.062,"health_decile":5,"health":-0.042,"education_decile":1,"education":1.512,"crime_decile":2,"crime":-0.903,"barriers_decile":1,"barriers":4.467,"living_env_decile":1,"living_env":4.033},"2019":{"imd_decile":1,"imd":3.98,"income_decile":1,"income":0.036,"employment_decile":3,"employment":0.047,"health_decile":5,"health":-0.237,"education_decile":1,"education":2.112,"crime_decile":2,"crime":-0.977,"barriers_decile":1,"barriers":4.821,"living_env_decile":1,"living_env":3.265},"2025":{"imd_decile":2,"imd":6.51,"income_decile":2,"income":0.073,"employment_decile":3,"employment":0.069,"health_decile":5,"health":-0.035,"education_decile":2,"education":3.5,"crime_decile":4,"crime":-0.252,"barriers_decile":3,"barriers":13.944,"living_env_decile":2,"living_env":6.044},"2004":{"imd":6.56,"income":0.0455956494788598,"employment":0.0743599390956638,"health":-0.0619497507270308,"education":3.55348743530822,"barriers":1.98501732565327,"crime":-1.37,"living_env":1.52,"imd_decile":2,"income_decile":3,"employment_decile":5,"health_decile":5,"education_decile":2,"barriers_decile":1,"crime_decile":1,"living_env_decile":1},"2007":{"imd":5.11315393447876,"income":0.0499320738017559,"employment":0.0609115548431873,"health":-0.206614907572253,"education":4.38201999664307,"barriers":3.00105266753881,"crime":-1.31818270683289,"living_env":1.52100300788879,"imd_decile":1,"income_decile":2,"employment_decile":4,"health_decile":5,"education_decile":2,"barriers_decile":1,"crime_decile":1,"living_env_decile":1}}},"geometry":{"type":"Polygon","coordinates":[[[-1.51553,54.78756],[-1.51417,54.7841],[-1.51455,54.78199],[-1.52199,54.78181],[-1.52054,54.78314],[-1.51896,54.78662],[-1.51939,54.78589],[-1.52018,54.78548],[-1.523,54.78553],[-1.52541,54.78533],[-1.52798,54.78281],[-1.53121,54.78371],[-1.53049,54.78443],[-1.53322,54.7846],[-1.53127,54.78784],[-1.52545,54.78691],[-1.51908,54.78933],[-1.51553,54.78756]]]}},{"type":"Feature","properties":{"lsoa_code":"E01020684","lsoa_name":"County Durham 033A","data":{"2015":{"imd_decile":4,"imd":11.963,"income_decile":5,"income":0.096,"employment_decile":6,"employment":0.108,"health_decile":6,"health":0.151,"education_decile":4,"education":9.264,"crime_decile":4,"crime":-0.268,"barriers_decile":1,"barriers":5.612,"living_env_decile":1,"living_env":4.288},"2019":{"imd_decile":4,"imd":12.932,"income_decile":5,"income":0.093,"employment_decile":6,"employment":0.097,"health_decile":7,"health":0.2,"education_decile":3,"education":8.422,"crime_decile":4,"crime":-0.337,"barriers_decile":1,"barriers":3.909,"living_env_decile":2,"living_env":5.618},"2004":{"imd":15.2,"income":0.0840395722117067,"employment":0.122941973138998,"health":0.38645007680384,"education":10.9940913139045,"barriers":5.08934873293315,"crime":-0.52,"living_env":9.81,"imd_decile":5,"income_decile":5,"employment_decile":8,"health_decile":7,"education_decile":4,"barriers_decile":1,"crime_decile":3,"living_env_decile":3},"2007":{"imd":13.1367149353027,"income":0.0961215198040009,"employment":0.105039782822132,"health":0.221398894879371,"education":8.42905998229981,"barriers":11.448866882417,"crime":-0.758774042129517,"living_env":7.84390735626221,"imd_decile":4,"income_decile":5,"employment_decile":7,"health_decile":7,"education_decile":3,"barriers_decile":2,"crime_decile":2,"living_env_decile":3}}},"geometry":{"type":"Polygon","coordinates":[[[-1.59884,54.76446],[-1.60526,54.76337],[-1.60055,54.76164],[-1.60032,54.75897],[-1.60459,54.75731],[-1.59937,54.75385],[-1.59199,54.74633],[-1.59529,54.74549],[-1.59904,54.74566],[-1.59923,54.74162],[-1.60172,54.73838],[-1.59426,54.73669],[-1.5882,54.73663],[-1.58508,54.73801],[-1.58274,54.74039],[-1.58312,54.73691],[-1.59405,54.73116],[-1.60184,54.73044],[-1.60789,54.72866],[-1.60849,54.73116],[-1.61185,54.73402],[-1.61788,54.7386],[-1.62048,54.74207],[-1.62101,54.74708],[-1.6217,54.7477],[-1.62387,54.74863],[-1.62525,54.74913],[-1.61948,54.7513],[-1.61635,54.75844],[-1.60489,54.77104],[-1.59932,54.77244],[-1.60164,54.77145],[-1.60228,54.76823],[-1.59884,54.76446]]]}},{"type":"Feature","properties":{"lsoa_code":"E01020685","lsoa_name":"County Durham 038A","data":{"2015":{"imd_decile":4,"imd":13.784,"income_decile":5,"income":0.107,"employment_decile":6,"employment":0.11,"health_decile":6,"health":0.149,"education_decile":4,"education":11.478,"crime_decile":4,"crime":-0.382,"barriers_decile":5,"barriers":19.393,"living_env_decile":1,"living_env":3.008},"2019":{"imd_decile":5,"imd":16.647,"income_decile":5,"income":0.094,"employment_decile":6,"employment":0.092,"health_decile":7,"health":0.308,"education_decile":5,"education":12.576,"crime_decile":8,"crime":0.592,"barriers_decile":5,"barriers":18.192,"living_env_decile":1,"living_env":2.432},"2025":{"imd_decile":5,"imd":16.011,"income_decile":4,"income":0.144,"employment_decile":5,"employment":0.106,"health_decile":8,"health":0.545,"education_decile":6,"education":17.749,"crime_decile":7,"crime":0.307,"barriers_decile":5,"barriers":17.86,"living_env_decile":4,"living_env":10.608},"2004":{"imd":13.85,"income":0.0789767458941529,"employment":0.125768312468666,"health":0.32522859459943,"education":8.14807956186881,"barriers":9.24073383074935,"crime":-0.79,"living_env":2.43,"imd_decile":5,"income_decile":5,"employment_decile":8,"health_decile":7,"education_decile":3,"barriers_decile":2,"crime_decile":2,"living_env_decile":1},"2007":{"imd":13.3670749664307,"income":0.112886123359203,"employment":0.106622308492661,"health":0.191464888649769,"education":7.97266340255737,"barriers":14.5846330200127,"crime":-0.948318302631378,"living_env":1.67602956295013,"imd_decile":4,"income_decile":5,"employment_decile":7,"health_decile":6,"education_decile":3,"barriers_decile":3,"crime_decile":2,"living_env_decile":1}}},"geometry":{"type":"Polygon","coordinates":[[[-1.65426,54.74935],[-1.64186,54.7431],[-1.63304,54.74713],[-1.62821,54.74949],[-1.62245,54.75351],[-1.62505,54.74953],[-1.62368,54.74924],[-1.62288,54.74799],[-1.62049,54.74752],[-1.62064,54.74486],[-1.6173,54.74085],[-1.61458,54.73371],[-1.60895,54.73173],[-1.60917,54.72995],[-1.60543,54.72889],[-1.61737,54.72443],[-1.62367,54.72085],[-1.62591,54.71743],[-1.63333,54.71586],[-1.64209,54.71898],[-1.64965,54.72713],[-1.65804,54.73043],[-1.66004,54.73506],[-1.66441,54.7384],[-1.66995,54.73916],[-1.67224,54.73979],[-1.67442,54.73879],[-1.67591,54.73948],[-1.67823,54.73849],[-1.6815,54.73783],[-1.68809,54.73727],[-1.6913,54.73631],[-1.69462,54.73671],[-1.69828,54.73679],[-1.70302,54.73538],[-1.71318,54.73475],[-1.71886,54.73453],[-1.72409,54.73193],[-1.72874,54.73005],[-1.73719,54.73477],[-1.73411,54.74832],[-1.73205,54.7494],[-1.73109,54.75011],[-1.71835,54.74905],[-1.70076,54.7477],[-1.70282,54.75257],[-1.70009,54.74727],[-1.6874,54.74721],[-1.67815,54.75517],[-1.66501,54.75491],[-1.65426,54.74935]]]}},{"type":"Feature","properties":{"lsoa_code":"E01020686","lsoa_name":"County Durham 038B","data":{"2015":{"imd_decile":9,"imd":39.248,"income_decile":9,"income":0.266,"employment_decile":10,"employment":0.281,"health_decile":10,"health":1.228,"education_decile":9,"education":42.146,"crime_decile":6,"crime":0.059,"barriers_decile":2,"barriers":11.613,"living_env_decile":1,"living_env":1.179},"2019":{"imd_decile":9,"imd":42.04,"income_decile":9,"income":0.25,"employment_decile":10,"employment":0.237,"health_decile":10,"health":1.345,"education_decile":9,"education":46.267,"crime_decile":8,"crime":0.559,"barriers_decile":1,"barriers":7.65,"living_env_decile":1,"living_env":0.77},"2025":{"imd_decile":10,"imd":45.909,"income_decile":9,"income":0.391,"employment_decile":10,"employment":0.293,"health_decile":10,"health":1.695,"education_decile":9,"education":39.091,"crime_decile":10,"crime":1.319,"barriers_decile":6,"barriers":22.601,"living_env_decile":3,"living_env":9.47},"2004":{"imd":42.83,"income":0.283644012493746,"employment":0.264136131126721,"health":1.3819707149404,"education":56.8560699854268,"barriers":6.66031135998807,"crime":-0.03,"living_env":3.95,"imd_decile":9,"income_decile":9,"employment_decile":10,"health_decile":10,"education_decile":10,"barriers_decile":1,"crime_decile":5,"living_env_decile":1},"2007":{"imd":45.1169128417969,"income":0.308296740055084,"employment":0.263252794742584,"health":1.41057205205988,"education":59.5385055541992,"barriers":12.138926043178,"crime":-0.0209722816944122,"living_env":0.507718920707703,"imd_decile":9,"income_decile":9,"employment_decile":10,"health_decile":10,"education_decile":10,"barriers_decile":3,"crime_decile":5,"living_env_decile":1}}},"geometry":{"type":"Polygon","coordinates":[[[-1.62748,54.75296],[-1.62446,54.75349],[-1.62756,54.75071],[-1.62951,54.74877],[-1.63567,54.74591],[-1.64066,54.74743],[-1.63834,54.74822],[-1.63457,54.74993],[-1.63288,54.74969],[-1.63486,54.75108],[-1.63654,54.75327],[-1.63465,54.75419],[-1.63285,54.75286],[-1.62628,54.75487],[-1.62748,54.75296]]]}},{"type":"Feature","properties":{"lsoa_code":"E01020687","lsoa_name":"County Durham 038C","data":{"2015":{"imd_decile":6,"imd":18.458,"income_decile":6,"income":0.118,"employment_decile":7,"employment":0.125,"health_decile":8,"health":0.687,"education_decile":4,"education":10.16,"crime_decile":2,"crime":-1.017,"barriers_decile":9,"barriers":31.622,"living_env_decile":1,"living_env":0.713},"2019":{"imd_decile":7,"imd":22.413,"income_decile":6,"income":0.122,"employment_decile":8,"employment":0.146,"health_decile":8,"health":0.688,"education_decile":4,"education":11.444,"crime_decile":4,"crime":-0.223,"barriers_decile":8,"barriers":28.531,"living_env_decile":1,"living_env":0.528},"2025":{"imd_decile":7,"imd":22.748,"income_decile":6,"income":0.221,"employment_decile":8,"employment":0.166,"health_decile":9,"health":0.887,"education_decile":5,"education":15.287,"crime_decile":7,"crime":0.301,"barriers_decile":7,"barriers":24.916,"living_env_decile":1,"living_env":3.901},"2004":{"imd":17.54,"income":0.090157406253269,"employment":0.130753393474322,"health":0.502834759476863,"education":12.4998281959416,"barriers":25.3865407876599,"crime":-1.16,"living_env":0.77,"imd_decile":6,"income_decile":5,"employment_decile":8,"health_decile":8,"education_decile":5,"barriers_decile":7,"crime_decile":1,"living_env_decile":1},"2007":{"imd":17.2646961212158,"income":0.123029679059982,"employment":0.114669673144817,"health":0.489460282604695,"education":9.25061798095703,"barriers":26.7036295874745,"crime":-0.917980372905731,"living_env":1.65223228931427,"imd_decile":6,"income_decile":6,"employment_decile":7,"health_decile":8,"education_decile":4,"barriers_decile":8,"crime_decile":2,"living_env_decile":1}}},"geometry":{"type":"Polygon","coordinates":[[[-1.63698,54.74884],[-1.63966,54.74801],[-1.63762,54.745],[-1.64672,54.74521],[-1.64673,54.74733],[-1.6474,54.74876],[-1.64465,54.74898],[-1.64131,54.74879],[-1.64091,54.75122],[-1.63579,54.74937],[-1.63698,54.74884]]]}},{"type":"Feature","properties":{"lsoa_code":"E01020688","lsoa_name":"County Durham 038D","data":{"2015":{"imd_decile":7,"imd":22.899,"income_decile":7,"income":0.162,"employment_decile":8,"employment":0.156,"health_decile":9,"health":0.969,"education_decile":7,"education":24.144,"crime_decile":3,"crime":-0.579,"barriers_decile":4,"barriers":17.442,"living_env_decile":1,"living_env":0.498},"2019":{"imd_decile":7,"imd":25.04,"income_decile":7,"income":0.156,"employment_decile":8,"employment":0.141,"health_decile":8,"health":0.592,"education_decile":8,"education":28.986,"crime_decile":8,"crime":0.455,"barriers_decile":4,"barriers":15.394,"living_env_decile":1,"living_env":0.733},"2025":{"imd_decile":7,"imd":26.109,"income_decile":7,"income":0.263,"employment_decile":8,"employment":0.187,"health_decile":9,"health":0.834,"education_decile":6,"education":21.102,"crime_decile":7,"crime":0.324,"barriers_decile":8,"barriers":26.45,"living_env_decile":3,"living_env":7.653},"2004":{"imd":26.94,"income":0.164863513887972,"employment":0.164874919663264,"health":1.04475785424278,"education":29.3486496944058,"barriers":16.1189902472789,"crime":-0.21,"living_env":2.16,"imd_decile":8,"income_decile":7,"employment_decile":9,"health_decile":9,"education_decile":8,"barriers_decile":4,"crime_decile":5,"living_env_decile":1},"2007":{"imd":23.9134216308594,"income":0.165296331048012,"employment":0.152953937649727,"health":0.775880102347808,"education":24.9810333251953,"barriers":16.8189242436072,"crime":-0.262230426073074,"living_env":0.850054085254669,"imd_decile":7,"income_decile":7,"employment_decile":9,"health_decile":9,"education_decile":7,"barriers_decile":4,"crime_decile":4,"living_env_decile":1}}},"geometry":{"type":"Polygon","coordinates":[[[-1.63811,54.76184],[-1.62515,54.76328],[-1.61986,54.76089],[-1.6321,54.7563],[-1.63245,54.75429],[-1.63648,54.75427],[-1.63765,54.75206],[-1.63526,54.75036],[-1.6345,54.74955],[-1.63795,54.75053],[-1.63898,54.74929],[-1.64238,54.74801],[-1.64582,54.74845],[-1.64602,54.74785],[-1.6471,54.74684],[-1.65426,54.74935],[-1.66625,54.75583],[-1.65396,54.76088],[-1.64127,54.76411],[-1.63811,54.76184]]]}},{"type":"Feature","properties":{"lsoa_code":"E01020689","lsoa_name":"County Durham 038E","data":{"2015":{"imd_decile":9,"imd":35.785,"income_decile":9,"income":0.256,"employment_decile":9,"employment":0.222,"health_decile":10,"health":1.28,"education_decile":9,"education":43.697,"crime_decile":5,"crime":-0.01,"barriers_decile":4,"barriers":17.122,"living_env_decile":1,"living_env":0.634},"2019":{"imd_decile":9,"imd":39.936,"income_decile":9,"income":0.255,"employment_decile":10,"employment":0.208,"health_decile":10,"health":1.36,"education_decile":9,"education":45.698,"crime_decile":7,"crime":0.405,"barriers_decile":2,"barriers":11.482,"living_env_decile":1,"living_env":1.221},"2025":{"imd_decile":9,"imd":41.233,"income_decile":9,"income":0.381,"employment_decile":9,"employment":0.254,"health_decile":10,"health":1.4,"education_decile":10,"education":54.038,"crime_decile":9,"crime":0.844,"barriers_decile":6,"barriers":20.93,"living_env_decile":2,"living_env":6.858},"2004":{"imd":38.83,"income":0.260825698247725,"employment":0.246362149620046,"health":1.34231246316083,"education":40.6892629564068,"barriers":12.3085325469138,"crime":0.16,"living_env":1.34,"imd_decile":9,"income_decile":9,"employment_decile":10,"health_decile":10,"education_decile":9,"barriers_decile":3,"crime_decile":6,"living_env_decile":1},"2007":{"imd":36.9429550170898,"income":0.274030268192291,"employment":0.203774258494377,"health":1.17010585649049,"education":48.6245841979981,"barriers":15.4623824653542,"crime":0.0426473915576935,"living_env":1.52480578422546,"imd_decile":9,"income_decile":9,"employment_decile":10,"health_decile":10,"education_decile":9,"barriers_decile":4,"crime_decile":6,"living_env_decile":1}}},"geometry":{"type":"Polygon","coordinates":[[[-1.62304,54.76569],[-1.61673,54.76475],[-1.61346,54.76542],[-1.60941,54.76588],[-1.62145,54.75446],[-1.62683,54.75034],[-1.625,54.75285],[-1.62647,54.75258],[-1.62628,54.75487],[-1.63285,54.75286],[-1.63465,54.75419],[-1.63125,54.75518],[-1.62404,54.75851],[-1.6239,54.76301],[-1.63169,54.76111],[-1.64003,54.76429],[-1.63097,54.76666],[-1.62304,54.76569]]]}},{"type":"Feature","properties":{"lsoa_code":"E01020690","lsoa_name":"County Durham 028C","data":{"2015":{"imd_decile":3,"imd":10.856,"income_decile":5,"income":0.101,"employment_decile":5,"employment":0.084,"health_decile":7,"health":0.229,"education_decile":3,"education":6.09,"crime_decile":3,"crime":-0.587,"barriers_decile":4,"barriers":16.481,"living_env_decile":1,"living_env":1.29},"2019":{"imd_decile":4,"imd":12.168,"income_decile":4,"income":0.075,"employment_decile":5,"employment":0.074,"health_decile":8,"health":0.444,"education_decile":3,"education":8.272,"crime_decile":4,"crime":-0.326,"barriers_decile":4,"barriers":16.33,"living_env_decile":1,"living_env":4.222},"2025":{"imd_decile":3,"imd":9.557,"income_decile":3,"income":0.101,"employment_decile":4,"employment":0.084,"health_decile":6,"health":0.095,"education_decile":3,"education":8.37,"crime_decile":5,"crime":-0.152,"barriers_decile":3,"barriers":12.934,"living_env_decile":4,"living_env":11.972},"2004":{"imd":10.23,"income":0.0467424382726207,"employment":0.10066716974708,"health":0.0965619703129141,"education":8.34462263877672,"barriers":12.9141059194808,"crime":-1.52,"living_env":5.34,"imd_decile":3,"income_decile":3,"employment_decile":7,"health_decile":6,"education_decile":3,"barriers_decile":3,"crime_decile":1,"living_env_decile":2},"2007":{"imd":8.62008762359619,"income":0.0469201505184174,"employment":0.0862431600689888,"health":0.0126657212344506,"education":6.65728759765625,"barriers":17.4767224760132,"crime":-1.60975575447083,"living_env":1.67699229717255,"imd_decile":3,"income_decile":2,"employment_decile":6,"health_decile":6,"education_decile":3,"barriers_decile":5,"crime_decile":1,"living_env_decile":1}}},"geometry":{"type":"Polygon","coordinates":[[[-1.52139,54.80423],[-1.51455,54.80105],[-1.51784,54.78983],[-1.51936,54.78944],[-1.52276,54.78987],[-1.52545,54.79102],[-1.52797,54.78963],[-1.52827,54.79073],[-1.52964,54.78979],[-1.53054,54.78892],[-1.53182,54.78805],[-1.54207,54.78617],[-1.53964,54.79156],[-1.54779,54.7881],[-1.55717,54.78425],[-1.56376,54.78357],[-1.56227,54.78798],[-1.55757,54.79102],[-1.55408,54.78978],[-1.54934,54.79062],[-1.54456,54.79153],[-1.54775,54.79533],[-1.54399,54.79798],[-1.53761,54.79883],[-1.53628,54.8031],[-1.52848,54.80525],[-1.52505,54.80478],[-1.52139,54.80423]]]}},{"type":"Feature","properties":{"lsoa_code":"E01020691","lsoa_name":"County Durham 028D","data":{"2015":{"imd_decile":6,"imd":19.214,"income_decile":6,"income":0.129,"employment_decile":7,"employment":0.142,"health_decile":9,"health":0.83,"education_decile":6,"education":16.772,"crime_decile":3,"crime":-0.48,"barriers_decile":3,"barriers":13.39,"living_env_decile":2,"living_env":6.882},"2019":{"imd_decile":6,"imd":19.363,"income_decile":6,"income":0.112,"employment_decile":7,"employment":0.116,"health_decile":8,"health":0.714,"education_decile":7,"education":23.743,"crime_decile":4,"crime":-0.361,"barriers_decile":1,"barriers":7.896,"living_env_decile":2,"living_env":7.4},"2025":{"imd_decile":6,"imd":21.429,"income_decile":7,"income":0.241,"employment_decile":7,"employment":0.147,"health_decile":9,"health":0.904,"education_decile":6,"education":20.143,"crime_decile":6,"crime":0.104,"barriers_decile":1,"barriers":9.719,"living_env_decile":5,"living_env":15.317},"2004":{"imd":20.72,"income":0.120009116076698,"employment":0.156047563687022,"health":0.60635251740449,"education":22.009504130322,"barriers":4.6726939321122,"crime":-0.78,"living_env":8.99,"imd_decile":6,"income_decile":6,"employment_decile":9,"health_decile":8,"education_decile":7,"barriers_decile":1,"crime_decile":2,"living_env_decile":3},"2007":{"imd":18.7651500701904,"income":0.152799338102341,"employment":0.121999159455299,"health":0.48459675577622,"education":22.5058670043945,"barriers":10.2500022107219,"crime":-0.718801021575928,"living_env":3.79379534721375,"imd_decile":6,"income_decile":7,"employment_decile":8,"health_decile":8,"education_decile":7,"barriers_decile":2,"crime_decile":3,"living_env_decile":1}}},"geometry":{"type":"Polygon","coordinates":[[[-1.52486,54.79158],[-1.52386,54.79043],[-1.52117,54.78886],[-1.52145,54.7881],[-1.52981,54.78598],[-1.53053,54.78839],[-1.52906,54.78957],[-1.52873,54.7904],[-1.52875,54.79015],[-1.52486,54.79158]]]}},{"type":"Feature","properties":{"lsoa_code":"E01020692","lsoa_name":"County Durham 028E","data":{"2015":{"imd_decile":2,"imd":8.058,"income_decile":3,"income":0.069,"employment_decile":3,"employment":0.068,"health_decile":5,"health":-0.134,"education_decile":1,"education":2.427,"crime_decile":3,"crime":-0.661,"barriers_decile":6,"barriers":22.715,"living_env_decile":1,"living_env":3.853},"2019":{"imd_decile":2,"imd":8.454,"income_decile":3,"income":0.054,"employment_decile":4,"employment":0.061,"health_decile":5,"health":-0.028,"education_decile":2,"education":4.787,"crime_decile":3,"crime":-0.537,"barriers_decile":6,"barriers":20.553,"living_env_decile":1,"living_env":2.175},"2025":{"imd_decile":1,"imd":4.917,"income_decile":1,"income":0.059,"employment_decile":3,"employment":0.068,"health_decile":5,"health":-0.073,"education_decile":1,"education":2.877,"crime_decile":2,"crime":-0.81,"barriers_decile":2,"barriers":10.422,"living_env_decile":2,"living_env":4.268},"2004":{"imd":7.16,"income":0.0378640483621345,"employment":0.0824988492637022,"health":-0.174456968648661,"education":4.35026287123583,"barriers":12.195409234681,"crime":-1.22,"living_env":2.46,"imd_decile":2,"income_decile":2,"employment_decile":5,"health_decile":5,"education_decile":2,"barriers_decile":3,"crime_decile":1,"living_env_decile":1},"2007":{"imd":7.57218456268311,"income":0.0453604869544506,"employment":0.0705227851867676,"health":-0.40781699189068,"education":3.50209856033325,"barriers":23.9503097960776,"crime":-0.619970977306366,"living_env":1.85934436321259,"imd_decile":2,"income_decile":2,"employment_decile":5,"health_decile":4,"education_decile":2,"barriers_decile":7,"crime_decile":3,"living_env_decile":1}}},"geometry":{"type":"Polygon","coordinates":[[[-1.53964,54.79156],[-1.54207,54.78617],[-1.54108,54.78406],[-1.53794,54.78436],[-1.54065,54.78237],[-1.54232,54.78289],[-1.5452,54.78266],[-1.54544,54.78315],[-1.54922,54.78364],[-1.55387,54.78433],[-1.55215,54.7869],[-1.54756,54.78876],[-1.53964,54.79156]]]}},{"type":"Feature","properties":{"lsoa_code":"E01020693","lsoa_name":"County Durham 029A","data":{"2015":{"imd_decile":6,"imd":21.298,"income_decile":7,"income":0.149,"employment_decile":8,"employment":0.151,"health_decile":9,"health":0.771,"education_decile":7,"education":23.438,"crime_decile":3,"crime":-0.474,"barriers_decile":4,"barriers":15.07,"living_env_decile":2,"living_env":6.425},"2019":{"imd_decile":7,"imd":22.73,"income_decile":7,"income":0.152,"employment_decile":7,"employment":0.117,"health_decile":8,"health":0.722,"education_decile":7,"education":23.756,"crime_decile":8,"crime":0.482,"barriers_decile":1,"barriers":7.377,"living_env_decile":1,"living_env":2.978},"2025":{"imd_decile":7,"imd":23.0,"income_decile":7,"income":0.238,"employment_decile":7,"employment":0.143,"health_decile":9,"health":0.925,"education_decile":6,"education":20.836,"crime_decile":8,"crime":0.673,"barriers_decile":1,"barriers":7.958,"living_env_decile":5,"living_env":17.388},"2004":{"imd":28.23,"income":0.187467707509986,"employment":0.194448354696319,"health":1.05127071037585,"education":22.2680080871927,"barriers":1.88904714303162,"crime":-0.22,"living_env":8.66,"imd_decile":8,"income_decile":8,"employment_decile":9,"health_decile":9,"education_decile":7,"barriers_decile":1,"crime_decile":5,"living_env_decile":3},"2007":{"imd":23.1732234954834,"income":0.180294528603554,"employment":0.146741151809692,"health":0.762748705690269,"education":27.7386150360107,"barriers":12.0175943686065,"crime":-0.86004102230072,"living_env":1.75697231292725,"imd_decile":7,"income_decile":7,"employment_decile":8,"health_decile":8,"education_decile":8,"barriers_decile":3,"crime_decile":2,"living_env_decile":1}}},"geometry":{"type":"Polygon","coordinates":[[[-1.53322,54.7846],[-1.53618,54.77477],[-1.545,54.77651],[-1.54611,54.78024],[-1.5481,54.7826],[-1.54722,54.7832],[-1.54563,54.7828],[-1.54422,54.78275],[-1.5419,54.78259],[-1.54026,54.78248],[-1.54061,54.78363],[-1.53765,54.78516],[-1.53322,54.7846]]]}},{"type":"Feature","properties":{"lsoa_code":"E01020694","lsoa_name":"County Durham 041A","data":{"2015":{"imd_decile":8,"imd":30.252,"income_decile":8,"income":0.227,"employment_decile":9,"employment":0.195,"health_decile":10,"health":1.363,"education_decile":8,"education":27.535,"crime_decile":5,"crime":0.006,"barriers_decile":1,"barriers":8.479,"living_env_decile":1,"living_env":1.287},"2019":{"imd_decile":9,"imd":34.041,"income_decile":9,"income":0.224,"employment_decile":9,"employment":0.19,"health_decile":10,"health":1.324,"education_decile":8,"education":34.094,"crime_decile":6,"crime":0.072,"barriers_decile":1,"barriers":5.745,"living_env_decile":1,"living_env":0.716},"2025":{"imd_decile":9,"imd":36.126,"income_decile":8,"income":0.347,"employment_decile":9,"employment":0.257,"health_decile":10,"health":1.266,"education_decile":8,"education":33.806,"crime_decile":8,"crime":0.593,"barriers_decile":7,"barriers":24.208,"living_env_decile":1,"living_env":2.928},"2004":{"imd":33.61,"income":0.236406226881798,"employment":0.217092928230779,"health":1.02843121268109,"education":44.2506673429512,"barriers":8.65073131737915,"crime":-0.5,"living_env":2.48,"imd_decile":8,"income_decile":9,"employment_decile":10,"health_decile":9,"education_decile":9,"barriers_decile":2,"crime_decile":3,"living_env_decile":1},"2007":{"imd":31.908411026001,"income":0.225150406360626,"employment":0.201609581708908,"health":1.19201040805661,"education":37.3614730834961,"barriers":9.39409100829688,"crime":-0.923169195652008,"living_env":0.650620937347412,"imd_decile":8,"income_decile":8,"employment_decile":10,"health_decile":10,"education_decile":9,"barriers_decile":2,"crime_decile":2,"living_env_decile":1}}},"geometry":{"type":"Polygon","coordinates":[[[-1.52608,54.74334],[-1.52614,54.74258],[-1.5235,54.74151],[-1.52197,54.74182],[-1.52387,54.74025],[-1.52063,54.73933],[-1.519,54.73786],[-1.52204,54.73714],[-1.5249,54.73683],[-1.52694,54.73751],[-1.5292,54.74175],[-1.52574,54.74368],[-1.52608,54.74334]]]}},{"type":"Feature","properties":{"lsoa_code":"E01020695","lsoa_name":"County Durham 044A","data":{"2015":{"imd_decile":6,"imd":18.847,"income_decile":6,"income":0.133,"employment_decile":7,"employment":0.124,"health_decile":8,"health":0.641,"education_decile":6,"education":16.554,"crime_decile":3,"crime":-0.48,"barriers_decile":7,"barriers":25.205,"living_env_decile":1,"living_env":1.438},"2019":{"imd_decile":6,"imd":19.344,"income_decile":6,"income":0.121,"employment_decile":7,"employment":0.106,"health_decile":8,"health":0.45,"education_decile":6,"education":20.17,"crime_decile":5,"crime":-0.03,"barriers_decile":6,"barriers":22.247,"living_env_decile":1,"living_env":2.068},"2025":{"imd_decile":6,"imd":19.288,"income_decile":6,"income":0.198,"employment_decile":6,"employment":0.128,"health_decile":8,"health":0.558,"education_decile":5,"education":14.883,"crime_decile":7,"crime":0.26,"barriers_decile":8,"barriers":27.319,"living_env_decile":2,"living_env":4.882},"2004":{"imd":28.44,"income":0.146880058152034,"employment":0.186841760518501,"health":1.01245715035976,"education":25.9305638316501,"barriers":24.5082856947888,"crime":-0.21,"living_env":5.37,"imd_decile":8,"income_decile":7,"employment_decile":9,"health_decile":9,"education_decile":7,"barriers_decile":7,"crime_decile":5,"living_env_decile":2},"2007":{"imd":25.028003692627,"income":0.156381845474243,"employment":0.156210511922836,"health":0.734581539752969,"education":22.9328384399414,"barriers":28.6736053767559,"crime":-0.474389970302582,"living_env":2.8930766582489,"imd_decile":7,"income_decile":7,"employment_decile":9,"health_decile":8,"education_decile":7,"barriers_decile":8,"crime_decile":3,"living_env_decile":1}}},"geometry":{"type":"Polygon","coordinates":[[[-1.48619,54.75591],[-1.47955,54.7524],[-1.47433,54.74963],[-1.46302,54.74895],[-1.45657,54.74703],[-1.45827,54.7391],[-1.46936,54.73619],[-1.47968,54.73739],[-1.48716,54.73683],[-1.4847,54.73178],[-1.49052,54.72634],[-1.49832,54.72625],[-1.50142,54.72335],[-1.51017,54.72209],[-1.51378,54.71943],[-1.51668,54.71841],[-1.51934,54.7214],[-1.51708,54.72607],[-1.51798,54.72934],[-1.51995,54.73093],[-1.51771,54.73355],[-1.51647,54.73802],[-1.52063,54.73933],[-1.52387,54.74025],[-1.52197,54.74182],[-1.5235,54.74151],[-1.52614,54.74258],[-1.52608,54.74334],[-1.52193,54.74248],[-1.51581,54.7442],[-1.50748,54.75045],[-1.50098,54.75097],[-1.49761,54.75325],[-1.49518,54.75592],[-1.49051,54.75643],[-1.48619,54.75591]]]}},{"type":"Feature","properties":{"lsoa_code":"E01020696","lsoa_name":"County Durham 041B","data":{"2015":{"imd_decile":7,"imd":24.943,"income_decile":7,"income":0.17,"employment_decile":8,"employment":0.147,"health_decile":8,"health":0.609,"education_decile":5,"education":15.798,"crime_decile":5,"crime":-0.205,"barriers_decile":10,"barriers":39.272,"living_env_decile":2,"living_env":5.247},"2019":{"imd_decile":8,"imd":28.542,"income_decile":8,"income":0.162,"employment_decile":7,"employment":0.114,"health_decile":8,"health":0.698,"education_decile":7,"education":21.921,"crime_decile":8,"crime":0.61,"barriers_decile":10,"barriers":38.648,"living_env_decile":3,"living_env":10.308},"2025":{"imd_decile":8,"imd":31.079,"income_decile":7,"income":0.262,"employment_decile":8,"employment":0.191,"health_decile":9,"health":0.87,"education_decile":8,"education":35.47,"crime_decile":7,"crime":0.309,"barriers_decile":9,"barriers":31.013,"living_env_decile":7,"living_env":25.647},"2004":{"imd":25.28,"income":0.158453236613603,"employment":0.138764125200901,"health":0.691768313389932,"education":19.7272984793935,"barriers":37.0607293140564,"crime":-1.08,"living_env":6.44,"imd_decile":7,"income_decile":7,"employment_decile":8,"health_decile":8,"education_decile":6,"barriers_decile":9,"crime_decile":1,"living_env_decile":2},"2007":{"imd":24.5859718322754,"income":0.145823076367378,"employment":0.127932742238045,"health":0.503525921924679,"education":23.4404563903809,"barriers":42.0641479370865,"crime":-0.904929518699646,"living_env":4.83995628356934,"imd_decile":7,"income_decile":6,"employment_decile":8,"health_decile":8,"education_decile":7,"barriers_decile":10,"crime_decile":2,"living_env_decile":2}}},"geometry":{"type":"Polygon","coordinates":[[[-1.56256,54.74257],[-1.5578,54.74311],[-1.55402,54.74467],[-1.5451,54.74203],[-1.53943,54.73632],[-1.53798,54.73208],[-1.52506,54.7302],[-1.52126,54.72982],[-1.51592,54.72696],[-1.51828,54.72617],[-1.51909,54.71789],[-1.52471,54.71574],[-1.53376,54.71368],[-1.53523,54.71183],[-1.54032,54.70833],[-1.56622,54.70546],[-1.57532,54.71947],[-1.58177,54.7192],[-1.58839,54.72235],[-1.59097,54.72476],[-1.59686,54.7271],[-1.59584,54.72973],[-1.592,54.73338],[-1.58025,54.73935],[-1.58274,54.74497],[-1.584,54.74959],[-1.57644,54.75055],[-1.56285,54.74324],[-1.56256,54.74257]]]}},{"type":"Feature","properties":{"lsoa_code":"E01020697","lsoa_name":"County Durham 041C","data":{"2015":{"imd_decile":5,"imd":15.81,"income_decile":6,"income":0.126,"employment_decile":6,"employment":0.099,"health_decile":9,"health":0.859,"education_decile":5,"education":14.297,"crime_decile":4,"crime":-0.302,"barriers_decile":1,"barriers":4.103,"living_env_decile":1,"living_env":2.508},"2019":{"imd_decile":5,"imd":15.261,"income_decile":6,"income":0.113,"employment_decile":5,"employment":0.071,"health_decile":9,"health":0.816,"education_decile":6,"education":16.659,"crime_decile":3,"crime":-0.476,"barriers_decile":1,"barriers":4.661,"living_env_decile":1,"living_env":2.148},"2025":{"imd_decile":6,"imd":20.509,"income_decile":6,"income":0.218,"employment_decile":6,"employment":0.112,"health_decile":8,"health":0.566,"education_decile":5,"education":16.493,"crime_decile":7,"crime":0.346,"barriers_decile":7,"barriers":25.347,"living_env_decile":6,"living_env":20.95},"2004":{"imd":13.35,"income":0.0646361506468733,"employment":0.104846050969958,"health":0.523857925006733,"education":11.2633471585295,"barriers":4.95404717975608,"crime":-0.48,"living_env":5.33,"imd_decile":4,"income_decile":4,"employment_decile":7,"health_decile":8,"education_decile":4,"barriers_decile":1,"crime_decile":3,"living_env_decile":2},"2007":{"imd":11.5085763931274,"income":0.0771869197487831,"employment":0.0927870571613312,"health":0.173170874497804,"education":14.4774780273438,"barriers":8.04161683697765,"crime":-0.758869469165802,"living_env":2.71684837341309,"imd_decile":4,"income_decile":4,"employment_decile":6,"health_decile":6,"education_decile":5,"barriers_decile":1,"crime_decile":2,"living_env_decile":1}}},"geometry":{"type":"Polygon","coordinates":[[[-1.52628,54.73687],[-1.52436,54.73645],[-1.52103,54.7374],[-1.51833,54.73798],[-1.51608,54.73612],[-1.51954,54.73148],[-1.5194,54.72977],[-1.5236,54.72999],[-1.53148,54.73184],[-1.54161,54.73639],[-1.53289,54.7402],[-1.52757,54.73828],[-1.52628,54.73687]]]}},{"type":"Feature","properties":{"lsoa_code":"E01020698","lsoa_name":"County Durham 044B","data":{"2015":{"imd_decile":2,"imd":7.668,"income_decile":2,"income":0.055,"employment_decile":3,"employment":0.064,"health_decile":6,"health":0.174,"education_decile":3,"education":7.969,"crime_decile":5,"crime":-0.084,"barriers_decile":1,"barriers":4.766,"living_env_decile":1,"living_env":1.957},"2019":{"imd_decile":2,"imd":7.954,"income_decile":2,"income":0.047,"employment_decile":4,"employment":0.062,"health_decile":7,"health":0.332,"education_decile":3,"education":7.213,"crime_decile":2,"crime":-0.784,"barriers_decile":1,"barriers":5.907,"living_env_decile":1,"living_env":1.502},"2025":{"imd_decile":4,"imd":12.67,"income_decile":4,"income":0.123,"employment_decile":6,"employment":0.113,"health_decile":7,"health":0.325,"education_decile":2,"education":4.611,"crime_decile":5,"crime":-0.063,"barriers_decile":6,"barriers":20.335,"living_env_decile":3,"living_env":8.107},"2004":{"imd":11.23,"income":0.0444973967852995,"employment":0.0866471675317729,"health":0.44902518392518,"education":14.6676478051466,"barriers":11.8217943225245,"crime":-1.05,"living_env":4.4,"imd_decile":4,"income_decile":2,"employment_decile":6,"health_decile":7,"education_decile":5,"barriers_decile":2,"crime_decile":2,"living_env_decile":1},"2007":{"imd":7.3945803642273,"income":0.0411255694925785,"employment":0.0724395141005516,"health":0.0224923726514742,"education":11.5712270736694,"barriers":7.1828831891033,"crime":-1.13674092292786,"living_env":2.31252217292786,"imd_decile":2,"income_decile":1,"employment_decile":5,"health_decile":6,"education_decile":4,"barriers_decile":1,"crime_decile":1,"living_env_decile":1}}},"geometry":{"type":"Polygon","coordinates":[[[-1.51042,54.71916],[-1.51271,54.71534],[-1.51271,54.71489],[-1.50586,54.7144],[-1.50233,54.71473],[-1.50099,54.71351],[-1.49959,54.71162],[-1.49147,54.7117],[-1.48696,54.71149],[-1.49219,54.708],[-1.50018,54.70791],[-1.50313,54.70756],[-1.50979,54.70821],[-1.51278,54.70716],[-1.51607,54.70779],[-1.51909,54.70745],[-1.52121,54.70903],[-1.51835,54.71176],[-1.52113,54.71431],[-1.52378,54.71704],[-1.5149,54.71903],[-1.51314,54.7207],[-1.51042,54.71916]]]}},{"type":"Feature","properties":{"lsoa_code":"E01020699","lsoa_name":"County Durham 044C","data":{"2015":{"imd_decile":9,"imd":34.984,"income_decile":9,"income":0.24,"employment_decile":10,"employment":0.232,"health_decile":10,"health":1.214,"education_decile":9,"education":39.486,"crime_decile":3,"crime":-0.615,"barriers_decile":7,"barriers":23.617,"living_env_decile":1,"living_env":2.539},"2019":{"imd_decile":8,"imd":32.587,"income_decile":9,"income":0.204,"employment_decile":9,"employment":0.178,"health_decile":9,"health":1.086,"education_decile":8,"education":33.512,"crime_decile":7,"crime":0.334,"barriers_decile":5,"barriers":17.822,"living_env_decile":1,"living_env":1.252},"2025":{"imd_decile":8,"imd":33.025,"income_decile":8,"income":0.346,"employment_decile":9,"employment":0.236,"health_decile":9,"health":0.955,"education_decile":7,"education":24.871,"crime_decile":8,"crime":0.646,"barriers_decile":8,"barriers":27.934,"living_env_decile":2,"living_env":5.103},"2004":{"imd":38.67,"income":0.203028371329194,"employment":0.234180621383445,"health":1.27380416452487,"education":64.3239686121932,"barriers":16.3321461690003,"crime":-1.0,"living_env":9.49,"imd_decile":9,"income_decile":8,"employment_decile":10,"health_decile":10,"education_decile":10,"barriers_decile":4,"crime_decile":2,"living_env_decile":3},"2007":{"imd":39.5856399536133,"income":0.244449108839035,"employment":0.216851145029068,"health":1.21255985877555,"education":64.3373794555664,"barriers":21.7318205842363,"crime":-0.500035524368286,"living_env":1.63610911369324,"imd_decile":9,"income_decile":8,"employment_decile":10,"health_decile":10,"education_decile":10,"barriers_decile":6,"crime_decile":3,"living_env_decile":1}}},"geometry":{"type":"Polygon","coordinates":[[[-1.47913,54.73051],[-1.47942,54.72966],[-1.47773,54.72844],[-1.48503,54.72596],[-1.48262,54.72273],[-1.48019,54.72098],[-1.47887,54.7201],[-1.48079,54.7182],[-1.48258,54.71721],[-1.48709,54.71494],[-1.48666,54.71286],[-1.49732,54.71209],[-1.50033,54.71341],[-1.50063,54.71495],[-1.49726,54.71632],[-1.4987,54.71858],[-1.50603,54.72081],[-1.49974,54.72479],[-1.49764,54.72659],[-1.48596,54.73059],[-1.48053,54.73123],[-1.47913,54.73051]]]}},{"type":"Feature","properties":{"lsoa_code":"E01020700","lsoa_name":"County Durham 044D","data":{"2015":{"imd_decile":9,"imd":34.329,"income_decile":8,"income":0.212,"employment_decile":10,"employment":0.235,"health_decile":10,"health":1.18,"education_decile":8,"education":32.951,"crime_decile":6,"crime":0.081,"barriers_decile":7,"barriers":25.456,"living_env_decile":1,"living_env":1.525},"2019":{"imd_decile":9,"imd":34.233,"income_decile":8,"income":0.199,"employment_decile":10,"employment":0.21,"health_decile":9,"health":0.826,"education_decile":8,"education":35.239,"crime_decile":9,"crime":0.738,"barriers_decile":3,"barriers":12.314,"living_env_decile":1,"living_env":1.946},"2025":{"imd_decile":9,"imd":39.11,"income_decile":8,"income":0.326,"employment_decile":9,"employment":0.235,"health_decile":10,"health":1.266,"education_decile":9,"education":42.536,"crime_decile":9,"crime":0.834,"barriers_decile":9,"barriers":34.631,"living_env_decile":4,"living_env":11.048},"2004":{"imd":39.45,"income":0.189047850759505,"employment":0.256614080097036,"health":1.46753143303833,"education":60.3590256071016,"barriers":10.884367966395,"crime":-0.49,"living_env":3.51,"imd_decile":9,"income_decile":8,"employment_decile":10,"health_decile":10,"education_decile":10,"barriers_decile":2,"crime_decile":3,"living_env_decile":1},"2007":{"imd":37.9124488830566,"income":0.228671282529831,"employment":0.225746750831604,"health":1.42849050955511,"education":50.0675086975098,"barriers":14.3938385891248,"crime":-0.368087023496628,"living_env":2.16628193855286,"imd_decile":9,"income_decile":8,"employment_decile":10,"health_decile":10,"education_decile":10,"barriers_decile":3,"crime_decile":4,"living_env_decile":1}}},"geometry":{"type":"Polygon","coordinates":[[[-1.47533,54.73724],[-1.46545,54.73747],[-1.45308,54.73298],[-1.44496,54.733],[-1.43752,54.73276],[-1.43211,54.73261],[-1.42885,54.721],[-1.43203,54.71807],[-1.4348,54.71519],[-1.43935,54.7134],[-1.44344,54.71064],[-1.45332,54.7073],[-1.45378,54.69846],[-1.47101,54.69839],[-1.48729,54.70446],[-1.49219,54.708],[-1.48696,54.71149],[-1.48726,54.71334],[-1.49251,54.7181],[-1.48222,54.71691],[-1.47908,54.71877],[-1.47863,54.72056],[-1.48113,54.72081],[-1.48329,54.72367],[-1.48289,54.72759],[-1.4773,54.72909],[-1.48005,54.72918],[-1.47953,54.7308],[-1.48462,54.73481],[-1.48276,54.73754],[-1.47533,54.73724]]]}},{"type":"Feature","properties":{"lsoa_code":"E01020701","lsoa_name":"County Durham 044E","data":{"2015":{"imd_decile":4,"imd":11.538,"income_decile":5,"income":0.093,"employment_decile":5,"employment":0.089,"health_decile":8,"health":0.495,"education_decile":2,"education":5.448,"crime_decile":5,"crime":-0.201,"barriers_decile":1,"barriers":8.233,"living_env_decile":1,"living_env":3.633},"2019":{"imd_decile":4,"imd":13.645,"income_decile":5,"income":0.087,"employment_decile":6,"employment":0.086,"health_decile":8,"health":0.594,"education_decile":2,"education":5.246,"crime_decile":5,"crime":-0.076,"barriers_decile":3,"barriers":12.275,"living_env_decile":1,"living_env":3.032},"2025":{"imd_decile":4,"imd":13.965,"income_decile":5,"income":0.164,"employment_decile":5,"employment":0.1,"health_decile":7,"health":0.421,"education_decile":2,"education":4.41,"crime_decile":6,"crime":0.16,"barriers_decile":5,"barriers":17.808,"living_env_decile":5,"living_env":14.466},"2004":{"imd":12.55,"income":0.0704054438779685,"employment":0.0957449225574138,"health":0.338342305870496,"education":11.5272043393052,"barriers":7.65141854607821,"crime":-1.22,"living_env":11.55,"imd_decile":4,"income_decile":4,"employment_decile":6,"health_decile":7,"education_decile":4,"barriers_decile":1,"crime_decile":1,"living_env_decile":4},"2007":{"imd":11.157205581665,"income":0.0790167525410652,"employment":0.0869617760181427,"health":0.430959774155413,"education":9.11308479309082,"barriers":7.48854549981989,"crime":-1.04767405986786,"living_env":4.92503452301025,"imd_decile":4,"income_decile":4,"employment_decile":6,"health_decile":7,"education_decile":4,"barriers_decile":1,"crime_decile":2,"living_env_decile":2}}},"geometry":{"type":"Polygon","coordinates":[[[-1.51017,54.72209],[-1.50603,54.72081],[-1.4987,54.71858],[-1.49726,54.71632],[-1.50063,54.71495],[-1.50233,54.71473],[-1.50586,54.7144],[-1.51271,54.71489],[-1.51271,54.71534],[-1.51042,54.71916],[-1.51269,54.72117],[-1.51017,54.72209]]]}},{"type":"Feature","properties":{"lsoa_code":"E01020702","lsoa_name":"County Durham 033B","data":{"2015":{"imd_decile":2,"imd":5.676,"income_decile":1,"income":0.028,"employment_decile":1,"employment":0.031,"health_decile":4,"health":-0.291,"education_decile":1,"education":0.17,"crime_decile":3,"crime":-0.682,"barriers_decile":8,"barriers":27.029,"living_env_decile":3,"living_env":10.459},"2019":{"imd_decile":2,"imd":5.97,"income_decile":1,"income":0.025,"employment_decile":1,"employment":0.022,"health_decile":2,"health":-0.747,"education_decile":1,"education":0.163,"crime_decile":3,"crime":-0.464,"barriers_decile":8,"barriers":28.609,"living_env_decile":5,"living_env":16.791},"2025":{"imd_decile":1,"imd":2.421,"income_decile":1,"income":0.023,"employment_decile":1,"employment":0.026,"health_decile":1,"health":-1.352,"education_decile":1,"education":0.125,"crime_decile":4,"crime":-0.431,"barriers_decile":1,"barriers":5.915,"living_env_decile":5,"living_env":16.204},"2004":{"imd":8.24,"income":0.0344914919276357,"employment":0.0740606052765578,"health":-0.0401851611864922,"education":0.08907926530825,"barriers":17.7075237989445,"crime":-0.2,"living_env":6.51,"imd_decile":2,"income_decile":2,"employment_decile":5,"health_decile":5,"education_decile":1,"barriers_decile":5,"crime_decile":5,"living_env_decile":2},"2007":{"imd":5.81763219833374,"income":0.0351068936288357,"employment":0.0553251653909683,"health":-0.425612874792181,"education":0.0904776677489281,"barriers":23.6109674380545,"crime":-0.633759379386902,"living_env":3.44369792938232,"imd_decile":2,"income_decile":1,"employment_decile":3,"health_decile":4,"education_decile":1,"barriers_decile":7,"crime_decile":3,"living_env_decile":1}}},"geometry":{"type":"Polygon","coordinates":[[[-1.57583,54.79119],[-1.56945,54.79268],[-1.56149,54.78961],[-1.56227,54.78798],[-1.56376,54.78357],[-1.57272,54.78192],[-1.57716,54.77877],[-1.57923,54.77817],[-1.58015,54.77708],[-1.58262,54.77787],[-1.58443,54.77825],[-1.5871,54.77791],[-1.59049,54.77744],[-1.59198,54.77931],[-1.59367,54.78219],[-1.59424,54.78238],[-1.59706,54.78416],[-1.6014,54.78612],[-1.60585,54.7887],[-1.59891,54.78989],[-1.59581,54.78852],[-1.59525,54.78947],[-1.5912,54.78971],[-1.58741,54.79122],[-1.58043,54.79314],[-1.57678,54.79283],[-1.57583,54.79119]]]}},{"type":"Feature","properties":{"lsoa_code":"E01020703","lsoa_name":"County Durham 030A","data":{"2015":{"imd_decile":4,"imd":11.851,"income_decile":1,"income":0.041,"employment_decile":1,"employment":0.028,"health_decile":9,"health":0.827,"education_decile":2,"education":3.581,"crime_decile":6,"crime":0.203,"barriers_decile":8,"barriers":29.61,"living_env_decile":3,"living_env":9.311},"2019":{"imd_decile":4,"imd":13.203,"income_decile":2,"income":0.037,"employment_decile":1,"employment":0.021,"health_decile":8,"health":0.722,"education_decile":3,"education":6.526,"crime_decile":9,"crime":0.717,"barriers_decile":8,"barriers":28.029,"living_env_decile":3,"living_env":10.353},"2025":{"imd_decile":5,"imd":15.628,"income_decile":1,"income":0.045,"employment_decile":1,"employment":0.028,"health_decile":8,"health":0.646,"education_decile":4,"education":11.622,"crime_decile":10,"crime":1.266,"barriers_decile":3,"barriers":15.395,"living_env_decile":9,"living_env":36.085},"2004":{"imd":13.41,"income":0.0601887896625359,"employment":0.0447940084594866,"health":0.748190785236053,"education":0.212244234581891,"barriers":10.828307649349,"crime":0.68,"living_env":25.31,"imd_decile":4,"income_decile":4,"employment_decile":2,"health_decile":8,"education_decile":1,"barriers_decile":2,"crime_decile":8,"living_env_decile":7},"2007":{"imd":10.1398143768311,"income":0.0560065284371376,"employment":0.0350018329918385,"health":0.583136541904055,"education":0.255882650613785,"barriers":18.5655407636626,"crime":0.496689200401306,"living_env":9.29180526733398,"imd_decile":3,"income_decile":2,"employment_decile":1,"health_decile":8,"education_decile":1,"barriers_decile":5,"crime_decile":8,"living_env_decile":3}}},"geometry":{"type":"Polygon","coordinates":[[[-1.57716,54.77877],[-1.57952,54.77139],[-1.57862,54.76917],[-1.58063,54.7696],[-1.58148,54.77265],[-1.58388,54.77322],[-1.58417,54.77499],[-1.58525,54.77547],[-1.58642,54.77579],[-1.58942,54.77591],[-1.59001,54.77665],[-1.58877,54.77738],[-1.58599,54.77811],[-1.58397,54.77853],[-1.58163,54.7774],[-1.58071,54.77697],[-1.57786,54.77799],[-1.57716,54.77877]]]}},{"type":"Feature","properties":{"lsoa_code":"E01020704","lsoa_name":"County Durham 033C","data":{"2015":{"imd_decile":1,"imd":2.385,"income_decile":1,"income":0.014,"employment_decile":1,"employment":0.014,"health_decile":2,"health":-0.772,"education_decile":1,"education":0.301,"crime_decile":2,"crime":-0.899,"barriers_decile":5,"barriers":18.159,"living_env_decile":2,"living_env":4.95},"2019":{"imd_decile":1,"imd":2.228,"income_decile":1,"income":0.009,"employment_decile":1,"employment":0.012,"health_decile":3,"health":-0.661,"education_decile":1,"education":0.67,"crime_decile":2,"crime":-0.983,"barriers_decile":4,"barriers":17.499,"living_env_decile":1,"living_env":1.846},"2025":{"imd_decile":1,"imd":4.718,"income_decile":1,"income":0.009,"employment_decile":1,"employment":0.01,"health_decile":1,"health":-1.318,"education_decile":1,"education":0.371,"crime_decile":1,"crime":-1.101,"barriers_decile":2,"barriers":11.014,"living_env_decile":9,"living_env":40.104},"2004":{"imd":3.29,"income":0.019978928273291,"employment":0.0323688604047056,"health":-0.648901755977617,"education":0.108955580996596,"barriers":5.30667500279765,"crime":-0.41,"living_env":12.0,"imd_decile":1,"income_decile":1,"employment_decile":1,"health_decile":3,"education_decile":1,"barriers_decile":1,"crime_decile":4,"living_env_decile":4},"2007":{"imd":2.57717323303223,"income":0.0145789887756109,"employment":0.024758143350482,"health":-0.729121424553402,"education":0.151119232177734,"barriers":15.1262485276374,"crime":-0.444192856550217,"living_env":3.59140300750732,"imd_decile":1,"income_decile":1,"employment_decile":1,"health_decile":3,"education_decile":1,"barriers_decile":4,"crime_decile":4,"living_env_decile":1}}},"geometry":{"type":"Polygon","coordinates":[[[-1.58553,54.77527],[-1.58369,54.77421],[-1.58326,54.77311],[-1.58087,54.77261],[-1.58357,54.76885],[-1.58817,54.76804],[-1.58845,54.76953],[-1.59091,54.77114],[-1.5945,54.77195],[-1.59487,54.77452],[-1.5906,54.77561],[-1.58674,54.7766],[-1.58553,54.77527]]]}},{"type":"Feature","properties":{"lsoa_code":"E01020705","lsoa_name":"County Durham 031A","data":{"2015":{"imd_decile":8,"imd":33.788,"income_decile":9,"income":0.247,"employment_decile":10,"employment":0.237,"health_decile":9,"health":1.159,"education_decile":8,"education":35.36,"crime_decile":3,"crime":-0.621,"barriers_decile":5,"barriers":17.87,"living_env_decile":1,"living_env":0.607},"2019":{"imd_decile":9,"imd":39.088,"income_decile":9,"income":0.247,"employment_decile":10,"employment":0.204,"health_decile":10,"health":1.336,"education_decile":9,"education":48.691,"crime_decile":7,"crime":0.353,"barriers_decile":1,"barriers":7.192,"living_env_decile":1,"living_env":0.927},"2025":{"imd_decile":9,"imd":41.092,"income_decile":9,"income":0.417,"employment_decile":10,"employment":0.266,"health_decile":10,"health":1.203,"education_decile":9,"education":38.909,"crime_decile":8,"crime":0.581,"barriers_decile":8,"barriers":29.638,"living_env_decile":4,"living_env":12.954},"2004":{"imd":33.38,"income":0.250780413375725,"employment":0.223126439415475,"health":0.979650835709096,"education":41.4628166917501,"barriers":3.90073261298138,"crime":-0.73,"living_env":1.17,"imd_decile":8,"income_decile":9,"employment_decile":10,"health_decile":9,"education_decile":9,"barriers_decile":1,"crime_decile":3,"living_env_decile":1},"2007":{"imd":33.1452713012695,"income":0.269916564226151,"employment":0.193330734968185,"health":0.971224786829789,"education":43.3184661865234,"barriers":15.5537722376717,"crime":-0.717059850692749,"living_env":0.830735743045807,"imd_decile":8,"income_decile":9,"employment_decile":9,"health_decile":9,"education_decile":9,"barriers_decile":4,"crime_decile":3,"living_env_decile":1}}},"geometry":{"type":"Polygon","coordinates":[[[-1.70882,54.77426],[-1.70597,54.77436],[-1.69973,54.77368],[-1.70142,54.77179],[-1.70589,54.77186],[-1.70563,54.77032],[-1.70531,54.76793],[-1.70402,54.76801],[-1.7012,54.76195],[-1.70953,54.76472],[-1.71316,54.76744],[-1.71513,54.76596],[-1.71683,54.7642],[-1.72089,54.76639],[-1.72022,54.7697],[-1.71279,54.76866],[-1.71293,54.77087],[-1.7132,54.77222],[-1.71276,54.77443],[-1.70882,54.77426]]]}},{"type":"Feature","properties":{"lsoa_code":"E01020706","lsoa_name":"County Durham 031B","data":{"2015":{"imd_decile":6,"imd":19.397,"income_decile":6,"income":0.134,"employment_decile":8,"employment":0.151,"health_decile":8,"health":0.487,"education_decile":5,"education":13.933,"crime_decile":2,"crime":-0.86,"barriers_decile":7,"barriers":24.522,"living_env_decile":3,"living_env":7.824},"2019":{"imd_decile":6,"imd":18.794,"income_decile":7,"income":0.126,"employment_decile":8,"employment":0.12,"health_decile":7,"health":0.326,"education_decile":6,"education":18.313,"crime_decile":4,"crime":-0.315,"barriers_decile":4,"barriers":15.867,"living_env_decile":3,"living_env":8.439},"2025":{"imd_decile":8,"imd":27.667,"income_decile":6,"income":0.202,"employment_decile":8,"employment":0.164,"health_decile":8,"health":0.698,"education_decile":7,"education":25.686,"crime_decile":7,"crime":0.226,"barriers_decile":8,"barriers":28.94,"living_env_decile":9,"living_env":43.405},"2004":{"imd":18.62,"income":0.124329037888209,"employment":0.141794969937438,"health":0.451436571975942,"education":17.7061885800022,"barriers":11.724146939538,"crime":-1.13,"living_env":5.6,"imd_decile":6,"income_decile":6,"employment_decile":8,"health_decile":7,"education_decile":6,"barriers_decile":2,"crime_decile":1,"living_env_decile":2},"2007":{"imd":16.978967666626,"income":0.111925601959229,"employment":0.109500162303448,"health":0.342539050815008,"education":20.2226028442383,"barriers":22.7181782347885,"crime":-1.00276267528534,"living_env":4.01681852340698,"imd_decile":5,"income_decile":5,"employment_decile":7,"health_decile":7,"education_decile":6,"barriers_decile":6,"crime_decile":2,"living_env_decile":1}}},"geometry":{"type":"Polygon","coordinates":[[[-1.69328,54.77534],[-1.69123,54.7748],[-1.68811,54.77452],[-1.68486,54.76513],[-1.67815,54.75517],[-1.6874,54.74721],[-1.70009,54.74727],[-1.70282,54.75257],[-1.70076,54.7477],[-1.71835,54.74905],[-1.73109,54.75011],[-1.72962,54.75521],[-1.72886,54.75674],[-1.72888,54.75829],[-1.73252,54.7578],[-1.741,54.75936],[-1.74436,54.75943],[-1.75046,54.76633],[-1.74801,54.7687],[-1.73608,54.77334],[-1.72681,54.77268],[-1.71655,54.77508],[-1.71276,54.77443],[-1.7132,54.77222],[-1.71293,54.77087],[-1.71279,54.76866],[-1.72022,54.7697],[-1.72089,54.76639],[-1.71683,54.7642],[-1.71513,54.76596],[-1.71316,54.76744],[-1.70953,54.76472],[-1.7012,54.76195],[-1.70402,54.76801],[-1.70531,54.76793],[-1.70563,54.77032],[-1.70589,54.77186],[-1.70142,54.77179],[-1.69973,54.77368],[-1.69609,54.77479],[-1.69328,54.77534]]]}},{"type":"Feature","properties":{"lsoa_code":"E01020708","lsoa_name":"County Durham 023A","data":{"2015":{"imd_decile":1,"imd":5.286,"income_decile":2,"income":0.047,"employment_decile":2,"employment":0.047,"health_decile":6,"health":0.202,"education_decile":1,"education":1.703,"crime_decile":2,"crime":-0.856,"barriers_decile":2,"barriers":10.496,"living_env_decile":2,"living_env":5.371},"2019":{"imd_decile":2,"imd":6.196,"income_decile":2,"income":0.045,"employment_decile":3,"employment":0.051,"health_decile":6,"health":0.092,"education_decile":1,"education":0.992,"crime_decile":3,"crime":-0.459,"barriers_decile":1,"barriers":5.83,"living_env_decile":2,"living_env":7.039},"2025":{"imd_decile":2,"imd":6.242,"income_decile":1,"income":0.065,"employment_decile":2,"employment":0.062,"health_decile":5,"health":-0.057,"education_decile":1,"education":0.763,"crime_decile":4,"crime":-0.287,"barriers_decile":1,"barriers":4.956,"living_env_decile":6,"living_env":18.936},"2004":{"imd":9.63,"income":0.0381429630479634,"employment":0.0833131749926079,"health":0.0800487608914009,"education":1.19781865718386,"barriers":17.9960020903903,"crime":-0.36,"living_env":10.62,"imd_decile":3,"income_decile":2,"employment_decile":5,"health_decile":6,"education_decile":1,"barriers_decile":5,"crime_decile":4,"living_env_decile":4},"2007":{"imd":6.51314830780029,"income":0.0544293858110905,"employment":0.0559628792107105,"health":-0.0164278827015097,"education":1.72304368019104,"barriers":14.678365829978,"crime":-0.91619598865509,"living_env":7.71224975585938,"imd_decile":2,"income_decile":2,"employment_decile":3,"health_decile":5,"education_decile":1,"barriers_decile":3,"crime_decile":2,"living_env_decile":3}}},"geometry":{"type":"Polygon","coordinates":[[[-1.59021,54.79537],[-1.59037,54.79273],[-1.58765,54.79265],[-1.58741,54.79122],[-1.5912,54.78971],[-1.59891,54.78989],[-1.60152,54.79051],[-1.59937,54.79611],[-1.59432,54.79683],[-1.59254,54.798],[-1.58964,54.79922],[-1.58396,54.80022],[-1.58655,54.79718],[-1.59021,54.79537]]]}},{"type":"Feature","properties":{"lsoa_code":"E01020709","lsoa_name":"County Durham 022A","data":{"2015":{"imd_decile":4,"imd":12.558,"income_decile":1,"income":0.042,"employment_decile":3,"employment":0.068,"health_decile":7,"health":0.327,"education_decile":6,"education":17.121,"crime_decile":2,"crime":-0.708,"barriers_decile":9,"barriers":35.143,"living_env_decile":1,"living_env":0.621},"2019":{"imd_decile":4,"imd":12.737,"income_decile":2,"income":0.047,"employment_decile":3,"employment":0.05,"health_decile":8,"health":0.715,"education_decile":6,"education":18.021,"crime_decile":3,"crime":-0.514,"barriers_decile":7,"barriers":26.006,"living_env_decile":1,"living_env":1.997},"2025":{"imd_decile":3,"imd":8.907,"income_decile":2,"income":0.073,"employment_decile":3,"employment":0.065,"health_decile":7,"health":0.372,"education_decile":4,"education":9.241,"crime_decile":4,"crime":-0.246,"barriers_decile":5,"barriers":18.437,"living_env_decile":2,"living_env":5.851},"2004":{"imd":12.37,"income":0.0520657291820845,"employment":0.0753259010297035,"health":0.549657186846811,"education":10.6588993576381,"barriers":24.4576735212309,"crime":-0.99,"living_env":5.03,"imd_decile":4,"income_decile":3,"employment_decile":5,"health_decile":8,"education_decile":4,"barriers_decile":7,"crime_decile":2,"living_env_decile":2},"2007":{"imd":10.2701892852783,"income":0.0431719683110714,"employment":0.0669657737016678,"health":0.148565890191644,"education":9.41443920135498,"barriers":30.9200649550594,"crime":-1.1936514377594,"living_env":1.5267322063446,"imd_decile":3,"income_decile":2,"employment_decile":4,"health_decile":6,"education_decile":4,"barriers_decile":8,"crime_decile":1,"living_env_decile":1}}},"geometry":{"type":"Polygon","coordinates":[[[-1.5354,54.82764],[-1.52932,54.82393],[-1.5286,54.81862],[-1.54055,54.81535],[-1.53339,54.81024],[-1.52505,54.80478],[-1.52848,54.80525],[-1.53628,54.8031],[-1.53761,54.79883],[-1.54399,54.79798],[-1.54775,54.79533],[-1.54456,54.79153],[-1.54934,54.79062],[-1.55408,54.78978],[-1.55757,54.79102],[-1.56377,54.79048],[-1.56943,54.79304],[-1.56071,54.79777],[-1.55957,54.80262],[-1.56498,54.80584],[-1.57149,54.80455],[-1.57708,54.80422],[-1.58056,54.79885],[-1.58396,54.80022],[-1.5795,54.80214],[-1.58044,54.80527],[-1.58158,54.80661],[-1.58947,54.80635],[-1.58842,54.81049],[-1.59209,54.81731],[-1.5894,54.82049],[-1.58274,54.82268],[-1.57033,54.8244],[-1.56293,54.82631],[-1.5561,54.82451],[-1.55144,54.82461],[-1.54405,54.82542],[-1.53813,54.82563],[-1.5354,54.82764]]]}},{"type":"Feature","properties":{"lsoa_code":"E01020710","lsoa_name":"County Durham 023B","data":{"2015":{"imd_decile":4,"imd":12.394,"income_decile":4,"income":0.083,"employment_decile":5,"employment":0.086,"health_decile":8,"health":0.47,"education_decile":3,"education":6.946,"crime_decile":1,"crime":-1.026,"barriers_decile":7,"barriers":25.958,"living_env_decile":1,"living_env":2.489},"2019":{"imd_decile":3,"imd":10.627,"income_decile":4,"income":0.074,"employment_decile":5,"employment":0.075,"health_decile":7,"health":0.217,"education_decile":3,"education":7.087,"crime_decile":2,"crime":-0.796,"barriers_decile":4,"barriers":16.826,"living_env_decile":1,"living_env":1.956},"2025":{"imd_decile":4,"imd":11.404,"income_decile":5,"income":0.159,"employment_decile":5,"employment":0.107,"health_decile":6,"health":0.008,"education_decile":4,"education":11.848,"crime_decile":3,"crime":-0.579,"barriers_decile":1,"barriers":8.957,"living_env_decile":3,"living_env":9.448},"2004":{"imd":15.53,"income":0.0812496620214865,"employment":0.100045823123197,"health":0.568437363016288,"education":10.7282483061944,"barriers":25.9296300197008,"crime":-0.87,"living_env":1.55,"imd_decile":5,"income_decile":5,"employment_decile":6,"health_decile":8,"education_decile":4,"barriers_decile":7,"crime_decile":2,"living_env_decile":1},"2007":{"imd":13.7813110351563,"income":0.0980211272835732,"employment":0.0877542644739151,"health":0.215928108187335,"education":6.73878955841064,"barriers":30.9560591919637,"crime":-1.32055711746216,"living_env":0.951354920864105,"imd_decile":5,"income_decile":5,"employment_decile":6,"health_decile":6,"education_decile":3,"barriers_decile":9,"crime_decile":1,"living_env_decile":1}}},"geometry":{"type":"Polygon","coordinates":[[[-1.58863,54.80742],[-1.58357,54.80816],[-1.58159,54.80536],[-1.58018,54.80459],[-1.58297,54.80184],[-1.5889,54.80129],[-1.59168,54.79836],[-1.59464,54.79741],[-1.59644,54.79539],[-1.60017,54.79844],[-1.59995,54.80253],[-1.5951,54.80503],[-1.59222,54.80828],[-1.58855,54.80832],[-1.58863,54.80742]]]}},{"type":"Feature","properties":{"lsoa_code":"E01020711","lsoa_name":"County Durham 023C","data":{"2015":{"imd_decile":7,"imd":21.589,"income_decile":7,"income":0.163,"employment_decile":8,"employment":0.168,"health_decile":8,"health":0.645,"education_decile":6,"education":18.979,"crime_decile":5,"crime":-0.15,"barriers_decile":2,"barriers":11.788,"living_env_decile":2,"living_env":4.777},"2019":{"imd_decile":7,"imd":21.957,"income_decile":8,"income":0.163,"employment_decile":8,"employment":0.133,"health_decile":8,"health":0.476,"education_decile":7,"education":21.391,"crime_decile":6,"crime":0.101,"barriers_decile":2,"barriers":9.146,"living_env_decile":1,"living_env":3.727},"2025":{"imd_decile":7,"imd":22.029,"income_decile":7,"income":0.258,"employment_decile":8,"employment":0.174,"health_decile":8,"health":0.672,"education_decile":6,"education":20.074,"crime_decile":7,"crime":0.27,"barriers_decile":1,"barriers":7.112,"living_env_decile":4,"living_env":10.893},"2004":{"imd":25.87,"income":0.167039171251719,"employment":0.172193638432707,"health":0.844155946396395,"education":26.0154575829592,"barriers":5.13496362245411,"crime":0.12,"living_env":3.66,"imd_decile":7,"income_decile":7,"employment_decile":9,"health_decile":9,"education_decile":7,"barriers_decile":1,"crime_decile":6,"living_env_decile":1},"2007":{"imd":24.4892311096191,"income":0.170759961009026,"employment":0.162610307335854,"health":0.943130290123061,"education":24.5169811248779,"barriers":8.01934774355481,"crime":-0.446570217609406,"living_env":2.58500790596008,"imd_decile":7,"income_decile":7,"employment_decile":9,"health_decile":9,"education_decile":7,"barriers_decile":1,"crime_decile":4,"living_env_decile":1}}},"geometry":{"type":"MultiPolygon","coordinates":[[[[-1.59471,54.79006],[-1.59616,54.78946],[-1.59759,54.78898],[-1.59312,54.79072],[-1.59471,54.79006]]],[[[-1.57771,54.7937],[-1.58043,54.79314],[-1.58762,54.79215],[-1.5869,54.79328],[-1.59024,54.79498],[-1.58731,54.79638],[-1.58505,54.79866],[-1.58204,54.79896],[-1.58083,54.7978],[-1.5783,54.7945],[-1.57771,54.7937]]]]}},{"type":"Feature","properties":{"lsoa_code":"E01020712","lsoa_name":"County Durham 033D","data":{"2015":{"imd_decile":1,"imd":3.453,"income_decile":1,"income":0.021,"employment_decile":1,"employment":0.028,"health_decile":3,"health":-0.703,"education_decile":1,"education":0.407,"crime_decile":2,"crime":-0.707,"barriers_decile":6,"barriers":21.603,"living_env_decile":2,"living_env":6.604},"2019":{"imd_decile":1,"imd":2.413,"income_decile":1,"income":0.02,"employment_decile":1,"employment":0.022,"health_decile":4,"health":-0.413,"education_decile":1,"education":0.376,"crime_decile":1,"crime":-1.313,"barriers_decile":3,"barriers":13.763,"living_env_decile":2,"living_env":5.122},"2025":{"imd_decile":1,"imd":3.203,"income_decile":1,"income":0.034,"employment_decile":1,"employment":0.034,"health_decile":2,"health":-0.801,"education_decile":1,"education":0.115,"crime_decile":1,"crime":-1.089,"barriers_decile":2,"barriers":9.971,"living_env_decile":6,"living_env":22.505},"2004":{"imd":4.78,"income":0.0286640572871837,"employment":0.0557655988867491,"health":-0.378337260808934,"education":0.484562807095434,"barriers":14.6061465025595,"crime":-1.43,"living_env":8.09,"imd_decile":1,"income_decile":1,"employment_decile":3,"health_decile":4,"education_decile":1,"barriers_decile":3,"crime_decile":1,"living_env_decile":3},"2007":{"imd":4.52156400680542,"income":0.0140275591984391,"employment":0.0330596268177033,"health":-0.667080586546715,"education":0.422267645597458,"barriers":28.3502047403055,"crime":-1.25013113021851,"living_env":6.06605243682861,"imd_decile":1,"income_decile":1,"employment_decile":1,"health_decile":3,"education_decile":1,"barriers_decile":8,"crime_decile":1,"living_env_decile":2}}},"geometry":{"type":"Polygon","coordinates":[[[-1.59606,54.78273],[-1.59357,54.78281],[-1.5924,54.77966],[-1.59229,54.77781],[-1.59001,54.77665],[-1.58942,54.77591],[-1.59257,54.77511],[-1.59542,54.77326],[-1.59334,54.77136],[-1.5929,54.76876],[-1.59468,54.77007],[-1.59688,54.7691],[-1.59752,54.7678],[-1.59607,54.76703],[-1.59306,54.7668],[-1.59728,54.76673],[-1.60228,54.76823],[-1.60164,54.77145],[-1.59932,54.77244],[-1.60446,54.77417],[-1.60413,54.77689],[-1.60062,54.77933],[-1.59812,54.78127],[-1.60231,54.78495],[-1.59604,54.78381],[-1.59606,54.78273]]]}},{"type":"Feature","properties":{"lsoa_code":"E01020713","lsoa_name":"County Durham 033E","data":{"2015":{"imd_decile":1,"imd":3.857,"income_decile":1,"income":0.029,"employment_decile":1,"employment":0.023,"health_decile":1,"health":-1.147,"education_decile":1,"education":0.192,"crime_decile":2,"crime":-0.995,"barriers_decile":8,"barriers":28.648,"living_env_decile":1,"living_env":2.462},"2019":{"imd_decile":1,"imd":3.84,"income_decile":1,"income":0.015,"employment_decile":1,"employment":0.017,"health_decile":1,"health":-1.208,"education_decile":1,"education":0.193,"crime_decile":1,"crime":-1.191,"barriers_decile":8,"barriers":30.48,"living_env_decile":1,"living_env":1.049},"2004":{"imd":4.44,"income":0.0128461996251807,"employment":0.0408302041352016,"health":-0.555615617827539,"education":0.375946973722459,"barriers":25.9901468713836,"crime":-1.15,"living_env":1.81,"imd_decile":1,"income_decile":1,"employment_decile":2,"health_decile":3,"education_decile":1,"barriers_decile":7,"crime_decile":1,"living_env_decile":1},"2007":{"imd":5.64137315750122,"income":0.0233662985265255,"employment":0.0340497381985188,"health":-0.635295697928317,"education":0.213176771998405,"barriers":34.0053651181796,"crime":-1.25594472885132,"living_env":3.75856733322144,"imd_decile":2,"income_decile":1,"employment_decile":1,"health_decile":3,"education_decile":1,"barriers_decile":9,"crime_decile":1,"living_env_decile":1}}},"geometry":{"type":"Polygon","coordinates":[[[-1.59091,54.77114],[-1.58845,54.76953],[-1.58817,54.76804],[-1.58357,54.76885],[-1.58119,54.76708],[-1.58519,54.76492],[-1.58431,54.76328],[-1.58488,54.75897],[-1.59066,54.75289],[-1.58903,54.7443],[-1.58828,54.73801],[-1.59321,54.7366],[-1.59856,54.73639],[-1.60002,54.7401],[-1.59956,54.74447],[-1.59732,54.74626],[-1.59166,54.7458],[-1.59963,54.75116],[-1.60379,54.75651],[-1.60212,54.75808],[-1.59981,54.76068],[-1.60476,54.7626],[-1.60277,54.76383],[-1.59977,54.76724],[-1.5946,54.76643],[-1.59362,54.76712],[-1.597,54.76715],[-1.59725,54.76844],[-1.59644,54.76952],[-1.5944,54.7703],[-1.59366,54.76974],[-1.59091,54.77114]]]}},{"type":"Feature","properties":{"lsoa_code":"E01020714","lsoa_name":"County Durham 026D","data":{"2015":{"imd_decile":4,"imd":11.467,"income_decile":4,"income":0.088,"employment_decile":5,"employment":0.091,"health_decile":5,"health":-0.027,"education_decile":2,"education":4.226,"crime_decile":3,"crime":-0.572,"barriers_decile":8,"barriers":27.086,"living_env_decile":1,"living_env":1.481},"2019":{"imd_decile":5,"imd":14.569,"income_decile":4,"income":0.078,"employment_decile":6,"employment":0.086,"health_decile":7,"health":0.221,"education_decile":3,"education":7.092,"crime_decile":7,"crime":0.402,"barriers_decile":6,"barriers":22.631,"living_env_decile":1,"living_env":3.052},"2025":{"imd_decile":4,"imd":11.935,"income_decile":3,"income":0.106,"employment_decile":5,"employment":0.096,"health_decile":7,"health":0.439,"education_decile":3,"education":8.219,"crime_decile":3,"crime":-0.487,"barriers_decile":6,"barriers":21.6,"living_env_decile":3,"living_env":9.551},"2004":{"imd":13.18,"income":0.0518850112003991,"employment":0.0914902403288837,"health":0.287171100326095,"education":8.55479926620124,"barriers":26.1993973700112,"crime":-0.23,"living_env":3.21,"imd_decile":4,"income_decile":3,"employment_decile":6,"health_decile":7,"education_decile":3,"barriers_decile":7,"crime_decile":5,"living_env_decile":1},"2007":{"imd":12.8536005020142,"income":0.0757295787334442,"employment":0.0885255336761475,"health":-0.0271705203789404,"education":8.1413164138794,"barriers":30.8909482549507,"crime":-0.862034916877747,"living_env":4.72547006607056,"imd_decile":4,"income_decile":4,"employment_decile":6,"health_decile":5,"education_decile":3,"barriers_decile":8,"crime_decile":2,"living_env_decile":2}}},"geometry":{"type":"Polygon","coordinates":[[[-1.6182,54.78039],[-1.61394,54.77958],[-1.61093,54.77884],[-1.60413,54.77689],[-1.60446,54.77417],[-1.60323,54.77208],[-1.61051,54.76612],[-1.61457,54.7648],[-1.61881,54.76589],[-1.62719,54.76805],[-1.63495,54.76615],[-1.64127,54.76411],[-1.64265,54.7654],[-1.64744,54.76724],[-1.64702,54.76839],[-1.65107,54.76954],[-1.65837,54.77357],[-1.65699,54.77465],[-1.65091,54.77484],[-1.65016,54.77418],[-1.64844,54.77207],[-1.64527,54.77292],[-1.64279,54.77711],[-1.63635,54.77569],[-1.63304,54.7753],[-1.62904,54.77642],[-1.6186,54.78072],[-1.6182,54.78039]]]}},{"type":"Feature","properties":{"lsoa_code":"E01020715","lsoa_name":"County Durham 031C","data":{"2015":{"imd_decile":7,"imd":22.571,"income_decile":7,"income":0.165,"employment_decile":8,"employment":0.176,"health_decile":8,"health":0.731,"education_decile":7,"education":23.617,"crime_decile":4,"crime":-0.361,"barriers_decile":2,"barriers":9.929,"living_env_decile":1,"living_env":2.043},"2019":{"imd_decile":7,"imd":24.35,"income_decile":8,"income":0.167,"employment_decile":8,"employment":0.146,"health_decile":8,"health":0.497,"education_decile":8,"education":27.303,"crime_decile":7,"crime":0.38,"barriers_decile":1,"barriers":5.702,"living_env_decile":1,"living_env":2.087},"2004":{"imd":27.65,"income":0.177826226464895,"employment":0.161972212398267,"health":0.902006954353211,"education":41.8922249745959,"barriers":8.25905533996152,"crime":-0.32,"living_env":5.94,"imd_decile":8,"income_decile":8,"employment_decile":9,"health_decile":9,"education_decile":9,"barriers_decile":1,"crime_decile":4,"living_env_decile":2},"2007":{"imd":24.9847278594971,"income":0.17327281832695,"employment":0.156422004103661,"health":0.692412949243858,"education":37.7354278564453,"barriers":12.6658887090073,"crime":-0.583434343338013,"living_env":2.22082901000977,"imd_decile":7,"income_decile":7,"employment_decile":9,"health_decile":8,"education_decile":9,"barriers_decile":3,"crime_decile":3,"living_env_decile":1}}},"geometry":{"type":"Polygon","coordinates":[[[-1.64363,54.78261],[-1.64518,54.77908],[-1.64327,54.77869],[-1.64279,54.77711],[-1.64527,54.77292],[-1.64844,54.77207],[-1.65016,54.77418],[-1.65091,54.77484],[-1.65699,54.77465],[-1.65837,54.77357],[-1.65107,54.76954],[-1.64702,54.76839],[-1.64744,54.76724],[-1.64265,54.7654],[-1.64973,54.76302],[-1.66565,54.75595],[-1.67815,54.75517],[-1.68486,54.76513],[-1.68811,54.77452],[-1.69123,54.7748],[-1.68609,54.77863],[-1.67532,54.7818],[-1.66762,54.78593],[-1.64754,54.78313],[-1.64363,54.78261]]]}},{"type":"Feature","properties":{"lsoa_code":"E01020716","lsoa_name":"County Durham 026E","data":{"2015":{"imd_decile":9,"imd":42.621,"income_decile":10,"income":0.331,"employment_decile":10,"employment":0.251,"health_decile":9,"health":1.083,"education_decile":9,"education":43.105,"crime_decile":5,"crime":-0.103,"barriers_decile":9,"barriers":30.635,"living_env_decile":1,"living_env":2.066},"2019":{"imd_decile":10,"imd":44.593,"income_decile":10,"income":0.295,"employment_decile":10,"employment":0.232,"health_decile":10,"health":1.38,"education_decile":9,"education":39.458,"crime_decile":8,"crime":0.471,"barriers_decile":6,"barriers":21.747,"living_env_decile":1,"living_env":0.946},"2025":{"imd_decile":10,"imd":48.391,"income_decile":10,"income":0.499,"employment_decile":10,"employment":0.315,"health_decile":10,"health":1.647,"education_decile":9,"education":45.186,"crime_decile":8,"crime":0.713,"barriers_decile":5,"barriers":19.59,"living_env_decile":3,"living_env":7.095},"2004":{"imd":43.06,"income":0.3059389119674,"employment":0.248825866900709,"health":1.32764960995825,"education":51.8064039105197,"barriers":19.9154382873418,"crime":0.1,"living_env":1.8,"imd_decile":9,"income_decile":9,"employment_decile":10,"health_decile":10,"education_decile":10,"barriers_decile":5,"crime_decile":6,"living_env_decile":1},"2007":{"imd":43.6456909179688,"income":0.323105424642563,"employment":0.240902706980705,"health":1.24512132235593,"education":49.6608123779297,"barriers":27.7348060246662,"crime":-0.136333525180817,"living_env":0.936251521110535,"imd_decile":9,"income_decile":9,"employment_decile":10,"health_decile":10,"education_decile":9,"barriers_decile":8,"crime_decile":5,"living_env_decile":1}}},"geometry":{"type":"Polygon","coordinates":[[[-1.63204,54.78072],[-1.62762,54.78148],[-1.62077,54.78172],[-1.63273,54.77561],[-1.63516,54.77535],[-1.64231,54.77696],[-1.64475,54.77867],[-1.6448,54.77998],[-1.63822,54.78285],[-1.63583,54.78236],[-1.63204,54.78072]]]}},{"type":"Feature","properties":{"lsoa_code":"E01020717","lsoa_name":"County Durham 022B","data":{"2015":{"imd_decile":1,"imd":5.542,"income_decile":1,"income":0.033,"employment_decile":4,"employment":0.08,"health_decile":5,"health":-0.197,"education_decile":2,"education":3.303,"crime_decile":1,"crime":-1.273,"barriers_decile":3,"barriers":13.723,"living_env_decile":1,"living_env":1.162},"2019":{"imd_decile":2,"imd":6.194,"income_decile":2,"income":0.037,"employment_decile":5,"employment":0.072,"health_decile":5,"health":-0.107,"education_decile":2,"education":4.407,"crime_decile":1,"crime":-1.666,"barriers_decile":2,"barriers":9.004,"living_env_decile":1,"living_env":0.956},"2025":{"imd_decile":1,"imd":4.151,"income_decile":1,"income":0.049,"employment_decile":3,"employment":0.069,"health_decile":4,"health":-0.4,"education_decile":2,"education":4.558,"crime_decile":1,"crime":-1.704,"barriers_decile":2,"barriers":11.032,"living_env_decile":2,"living_env":6.594},"2004":{"imd":6.57,"income":0.0281014744835223,"employment":0.087561829852622,"health":-0.267510135835796,"education":3.02976875962555,"barriers":9.6101347237115,"crime":-1.02,"living_env":0.86,"imd_decile":2,"income_decile":1,"employment_decile":6,"health_decile":4,"education_decile":1,"barriers_decile":2,"crime_decile":2,"living_env_decile":1},"2007":{"imd":5.59144067764282,"income":0.0327836163341999,"employment":0.0777997747063637,"health":-0.262991552317048,"education":3.11879777908325,"barriers":9.19792133347486,"crime":-1.74439096450806,"living_env":0.822989404201508,"imd_decile":1,"income_decile":1,"employment_decile":5,"health_decile":4,"education_decile":1,"barriers_decile":2,"crime_decile":1,"living_env_decile":1}}},"geometry":{"type":"Polygon","coordinates":[[[-1.56135,54.80357],[-1.56327,54.8006],[-1.56829,54.79971],[-1.57225,54.79995],[-1.57135,54.80256],[-1.57261,54.8028],[-1.57179,54.80436],[-1.56808,54.80556],[-1.56234,54.80504],[-1.56135,54.80357]]]}},{"type":"Feature","properties":{"lsoa_code":"E01020718","lsoa_name":"County Durham 022C","data":{"2015":{"imd_decile":3,"imd":9.603,"income_decile":4,"income":0.075,"employment_decile":6,"employment":0.1,"health_decile":7,"health":0.297,"education_decile":1,"education":3.192,"crime_decile":2,"crime":-0.86,"barriers_decile":1,"barriers":6.606,"living_env_decile":1,"living_env":4.212},"2019":{"imd_decile":2,"imd":8.083,"income_decile":3,"income":0.058,"employment_decile":5,"employment":0.075,"health_decile":6,"health":0.174,"education_decile":1,"education":3.094,"crime_decile":1,"crime":-1.371,"barriers_decile":1,"barriers":5.035,"living_env_decile":1,"living_env":3.762},"2025":{"imd_decile":3,"imd":9.356,"income_decile":3,"income":0.094,"employment_decile":5,"employment":0.106,"health_decile":7,"health":0.353,"education_decile":1,"education":2.892,"crime_decile":2,"crime":-1.036,"barriers_decile":1,"barriers":8.372,"living_env_decile":4,"living_env":11.885},"2004":{"imd":9.11,"income":0.0469798643462732,"employment":0.0967393290700791,"health":0.115868146238812,"education":3.87563116114216,"barriers":8.34127765909463,"crime":-1.05,"living_env":3.51,"imd_decile":3,"income_decile":3,"employment_decile":6,"health_decile":6,"education_decile":2,"barriers_decile":1,"crime_decile":2,"living_env_decile":1},"2007":{"imd":8.23703670501709,"income":0.0551385655999184,"employment":0.0868799015879631,"health":0.14423460066377,"education":2.61161994934082,"barriers":11.2812389965406,"crime":-1.59257400035858,"living_env":2.53760933876038,"imd_decile":2,"income_decile":2,"employment_decile":6,"health_decile":6,"education_decile":1,"barriers_decile":2,"crime_decile":1,"living_env_decile":1}}},"geometry":{"type":"Polygon","coordinates":[[[-1.57179,54.80436],[-1.57261,54.8028],[-1.57135,54.80256],[-1.57225,54.79995],[-1.57835,54.79879],[-1.58056,54.79885],[-1.57708,54.80422],[-1.57179,54.80436]]]}},{"type":"Feature","properties":{"lsoa_code":"E01020719","lsoa_name":"County Durham 022D","data":{"2015":{"imd_decile":1,"imd":3.408,"income_decile":2,"income":0.043,"employment_decile":2,"employment":0.056,"health_decile":4,"health":-0.332,"education_decile":1,"education":1.694,"crime_decile":1,"crime":-1.217,"barriers_decile":1,"barriers":3.853,"living_env_decile":1,"living_env":0.973},"2019":{"imd_decile":1,"imd":4.011,"income_decile":1,"income":0.031,"employment_decile":3,"employment":0.051,"health_decile":4,"health":-0.402,"education_decile":1,"education":2.018,"crime_decile":1,"crime":-1.587,"barriers_decile":3,"barriers":13.938,"living_env_decile":1,"living_env":0.957},"2025":{"imd_decile":1,"imd":4.357,"income_decile":1,"income":0.037,"employment_decile":3,"employment":0.071,"health_decile":5,"health":-0.111,"education_decile":1,"education":1.948,"crime_decile":1,"crime":-1.668,"barriers_decile":2,"barriers":11.316,"living_env_decile":2,"living_env":4.982},"2004":{"imd":5.92,"income":0.02594892550348,"employment":0.0697708595512206,"health":-0.0621615124113168,"education":4.94961318886319,"barriers":6.17835497435707,"crime":-0.89,"living_env":0.83,"imd_decile":2,"income_decile":1,"employment_decile":4,"health_decile":5,"education_decile":2,"barriers_decile":1,"crime_decile":2,"living_env_decile":1},"2007":{"imd":4.5284276008606,"income":0.0348344780504704,"employment":0.0582739822566509,"health":-0.133039445392443,"education":3.72859787940979,"barriers":6.87881761800554,"crime":-1.6359760761261,"living_env":0.445069134235382,"imd_decile":1,"income_decile":1,"employment_decile":3,"health_decile":5,"education_decile":2,"barriers_decile":1,"crime_decile":1,"living_env_decile":1}}},"geometry":{"type":"Polygon","coordinates":[[[-1.55942,54.79909],[-1.56421,54.79831],[-1.56598,54.79783],[-1.56663,54.7972],[-1.56797,54.79686],[-1.57134,54.79703],[-1.56829,54.79971],[-1.56327,54.8006],[-1.56135,54.80357],[-1.55897,54.80055],[-1.55942,54.79909]]]}},{"type":"Feature","properties":{"lsoa_code":"E01020720","lsoa_name":"County Durham 023D","data":{"2015":{"imd_decile":4,"imd":13.651,"income_decile":6,"income":0.121,"employment_decile":7,"employment":0.125,"health_decile":7,"health":0.383,"education_decile":3,"education":6.711,"crime_decile":2,"crime":-0.712,"barriers_decile":1,"barriers":6.934,"living_env_decile":1,"living_env":1.615},"2019":{"imd_decile":4,"imd":14.026,"income_decile":6,"income":0.116,"employment_decile":7,"employment":0.106,"health_decile":7,"health":0.269,"education_decile":3,"education":8.729,"crime_decile":2,"crime":-0.89,"barriers_decile":1,"barriers":4.754,"living_env_decile":1,"living_env":1.093},"2025":{"imd_decile":5,"imd":16.605,"income_decile":6,"income":0.192,"employment_decile":7,"employment":0.151,"health_decile":8,"health":0.564,"education_decile":4,"education":10.558,"crime_decile":5,"crime":-0.2,"barriers_decile":1,"barriers":8.252,"living_env_decile":3,"living_env":10.025},"2004":{"imd":16.56,"income":0.123034182994398,"employment":0.118937175645134,"health":0.596842014345167,"education":8.77200920283135,"barriers":7.45192518503844,"crime":-0.36,"living_env":1.32,"imd_decile":5,"income_decile":6,"employment_decile":7,"health_decile":8,"education_decile":3,"barriers_decile":1,"crime_decile":4,"living_env_decile":1},"2007":{"imd":14.7302827835083,"income":0.11960743367672,"employment":0.1144665107131,"health":0.466652801515242,"education":8.70386409759522,"barriers":9.79501211698882,"crime":-1.01132798194885,"living_env":2.55194211006165,"imd_decile":5,"income_decile":6,"employment_decile":7,"health_decile":7,"education_decile":3,"barriers_decile":2,"crime_decile":2,"living_env_decile":1}}},"geometry":{"type":"Polygon","coordinates":[[[-1.5719,54.79926],[-1.57126,54.79643],[-1.5701,54.79619],[-1.57157,54.79499],[-1.57567,54.79295],[-1.57771,54.7937],[-1.57851,54.79638],[-1.58005,54.79806],[-1.57228,54.79922],[-1.5719,54.79926]]]}},{"type":"Feature","properties":{"lsoa_code":"E01020721","lsoa_name":"County Durham 022E","data":{"2015":{"imd_decile":1,"imd":4.269,"income_decile":1,"income":0.031,"employment_decile":2,"employment":0.051,"health_decile":6,"health":-0.01,"education_decile":1,"education":2.813,"crime_decile":1,"crime":-1.447,"barriers_decile":3,"barriers":13.974,"living_env_decile":1,"living_env":1.276},"2019":{"imd_decile":2,"imd":6.935,"income_decile":2,"income":0.038,"employment_decile":3,"employment":0.055,"health_decile":6,"health":0.019,"education_decile":1,"education":2.351,"crime_decile":1,"crime":-1.309,"barriers_decile":6,"barriers":22.834,"living_env_decile":1,"living_env":1.201},"2025":{"imd_decile":1,"imd":3.527,"income_decile":1,"income":0.054,"employment_decile":2,"employment":0.054,"health_decile":5,"health":-0.211,"education_decile":1,"education":1.941,"crime_decile":1,"crime":-1.803,"barriers_decile":3,"barriers":13.3,"living_env_decile":1,"living_env":3.27},"2004":{"imd":5.58,"income":0.0284048413423564,"employment":0.0595451441392987,"health":-0.1397116532093,"education":4.15463220361749,"barriers":14.0596334452139,"crime":-1.06,"living_env":3.16,"imd_decile":1,"income_decile":1,"employment_decile":4,"health_decile":5,"education_decile":2,"barriers_decile":3,"crime_decile":2,"living_env_decile":1},"2007":{"imd":5.06387233734131,"income":0.03766905143857,"employment":0.0521997436881065,"health":-0.215940610115614,"education":5.06345129013062,"barriers":16.5532808201667,"crime":-1.38253688812256,"living_env":0.860103964805603,"imd_decile":1,"income_decile":1,"employment_decile":3,"health_decile":5,"education_decile":2,"barriers_decile":4,"crime_decile":1,"living_env_decile":1}}},"geometry":{"type":"Polygon","coordinates":[[[-1.56071,54.79777],[-1.56943,54.79304],[-1.57355,54.79001],[-1.57567,54.79295],[-1.57157,54.79499],[-1.5701,54.79619],[-1.56797,54.79686],[-1.56663,54.7972],[-1.56598,54.79783],[-1.56421,54.79831],[-1.56071,54.79777]]]}},{"type":"Feature","properties":{"lsoa_code":"E01020722","lsoa_name":"County Durham 029B","data":{"2015":{"imd_decile":9,"imd":35.025,"income_decile":9,"income":0.244,"employment_decile":9,"employment":0.2,"health_decile":10,"health":1.192,"education_decile":8,"education":30.163,"crime_decile":9,"crime":0.89,"barriers_decile":6,"barriers":22.03,"living_env_decile":1,"living_env":3.094},"2019":{"imd_decile":8,"imd":33.136,"income_decile":9,"income":0.208,"employment_decile":9,"employment":0.162,"health_decile":9,"health":1.067,"education_decile":9,"education":37.606,"crime_decile":9,"crime":0.796,"barriers_decile":3,"barriers":14.113,"living_env_decile":1,"living_env":1.092},"2025":{"imd_decile":8,"imd":31.359,"income_decile":8,"income":0.344,"employment_decile":8,"employment":0.19,"health_decile":9,"health":0.832,"education_decile":9,"education":40.09,"crime_decile":9,"crime":1.074,"barriers_decile":2,"barriers":10.513,"living_env_decile":3,"living_env":9.547},"2004":{"imd":31.08,"income":0.217911564796794,"employment":0.191061406938617,"health":0.97278584333969,"education":47.3871580242496,"barriers":3.01712145693331,"crime":-0.6,"living_env":2.67,"imd_decile":8,"income_decile":8,"employment_decile":9,"health_decile":9,"education_decile":9,"barriers_decile":1,"crime_decile":3,"living_env_decile":1},"2007":{"imd":29.1564140319824,"income":0.211189761757851,"employment":0.156577542424202,"health":0.738091026378563,"education":52.581787109375,"barriers":10.4693129370616,"crime":0.001856230199337,"living_env":1.56290340423584,"imd_decile":8,"income_decile":8,"employment_decile":9,"health_decile":8,"education_decile":10,"barriers_decile":2,"crime_decile":6,"living_env_decile":1}}},"geometry":{"type":"Polygon","coordinates":[[[-1.55387,54.78433],[-1.5481,54.7826],[-1.54692,54.78043],[-1.54817,54.78032],[-1.55036,54.78103],[-1.55302,54.78103],[-1.55241,54.77973],[-1.55063,54.77966],[-1.55506,54.78001],[-1.55596,54.7791],[-1.55974,54.77971],[-1.56155,54.77954],[-1.55902,54.78249],[-1.55698,54.78423],[-1.55387,54.78433]]]}},{"type":"Feature","properties":{"lsoa_code":"E01020723","lsoa_name":"County Durham 029C","data":{"2015":{"imd_decile":6,"imd":19.403,"income_decile":6,"income":0.124,"employment_decile":6,"employment":0.113,"health_decile":8,"health":0.613,"education_decile":6,"education":19.88,"crime_decile":8,"crime":0.608,"barriers_decile":3,"barriers":14.772,"living_env_decile":2,"living_env":6.885},"2019":{"imd_decile":6,"imd":19.542,"income_decile":6,"income":0.108,"employment_decile":6,"employment":0.091,"health_decile":9,"health":0.747,"education_decile":7,"education":21.617,"crime_decile":8,"crime":0.659,"barriers_decile":1,"barriers":8.484,"living_env_decile":1,"living_env":3.469},"2025":{"imd_decile":7,"imd":22.936,"income_decile":5,"income":0.166,"employment_decile":6,"employment":0.124,"health_decile":9,"health":1.041,"education_decile":7,"education":23.147,"crime_decile":9,"crime":0.912,"barriers_decile":1,"barriers":8.793,"living_env_decile":7,"living_env":27.004},"2004":{"imd":20.44,"income":0.131260235700655,"employment":0.123041932200879,"health":0.754621910975872,"education":13.1651927542381,"barriers":2.77112283703038,"crime":-0.1,"living_env":20.27,"imd_decile":6,"income_decile":7,"employment_decile":8,"health_decile":8,"education_decile":5,"barriers_decile":1,"crime_decile":5,"living_env_decile":6},"2007":{"imd":14.4963226318359,"income":0.108799137175083,"employment":0.0852111950516701,"health":0.432361575375088,"education":14.2415313720703,"barriers":11.7063469346959,"crime":-0.125339224934578,"living_env":7.51356267929077,"imd_decile":5,"income_decile":5,"employment_decile":6,"health_decile":7,"education_decile":5,"barriers_decile":2,"crime_decile":5,"living_env_decile":3}}},"geometry":{"type":"Polygon","coordinates":[[[-1.5528,54.7814],[-1.5497,54.78086],[-1.54799,54.78096],[-1.54623,54.78044],[-1.54504,54.77662],[-1.5474,54.77778],[-1.54972,54.77799],[-1.55054,54.77728],[-1.55818,54.7768],[-1.55935,54.77775],[-1.56402,54.77767],[-1.56155,54.77954],[-1.55974,54.77971],[-1.55596,54.7791],[-1.55506,54.78001],[-1.55063,54.77966],[-1.55241,54.77973],[-1.55302,54.78103],[-1.5528,54.7814]]]}},{"type":"Feature","properties":{"lsoa_code":"E01020724","lsoa_name":"County Durham 029D","data":{"2015":{"imd_decile":10,"imd":52.595,"income_decile":10,"income":0.391,"employment_decile":10,"employment":0.296,"health_decile":10,"health":1.355,"education_decile":10,"education":58.894,"crime_decile":7,"crime":0.261,"barriers_decile":7,"barriers":23.298,"living_env_decile":1,"living_env":1.888},"2019":{"imd_decile":10,"imd":53.191,"income_decile":10,"income":0.361,"employment_decile":10,"employment":0.237,"health_decile":10,"health":1.213,"education_decile":10,"education":69.119,"crime_decile":9,"crime":0.843,"barriers_decile":4,"barriers":15.091,"living_env_decile":1,"living_env":1.087},"2025":{"imd_decile":10,"imd":56.649,"income_decile":10,"income":0.582,"employment_decile":10,"employment":0.331,"health_decile":10,"health":1.555,"education_decile":10,"education":61.522,"crime_decile":10,"crime":1.428,"barriers_decile":1,"barriers":9.162,"living_env_decile":2,"living_env":5.139},"2004":{"imd":55.66,"income":0.410421206739434,"employment":0.288191553502572,"health":1.56228309974493,"education":79.0616207548146,"barriers":7.34106032044179,"crime":0.38,"living_env":6.73,"imd_decile":10,"income_decile":10,"employment_decile":10,"health_decile":10,"education_decile":10,"barriers_decile":1,"crime_decile":7,"living_env_decile":2},"2007":{"imd":50.8613128662109,"income":0.395745843648911,"employment":0.239574119448662,"health":1.54452708188608,"education":80.2713623046875,"barriers":14.9314025548041,"crime":-0.174422785639763,"living_env":1.13517189025879,"imd_decile":10,"income_decile":10,"employment_decile":10,"health_decile":10,"education_decile":10,"barriers_decile":4,"crime_decile":5,"living_env_decile":1}}},"geometry":{"type":"Polygon","coordinates":[[[-1.54876,54.77777],[-1.54741,54.77741],[-1.545,54.77651],[-1.53618,54.77477],[-1.53147,54.76796],[-1.53816,54.76619],[-1.54545,54.76592],[-1.5495,54.76625],[-1.55361,54.76764],[-1.55907,54.76926],[-1.55758,54.77267],[-1.5589,54.77521],[-1.55128,54.77683],[-1.5501,54.77831],[-1.54876,54.77777]]]}},{"type":"Feature","properties":{"lsoa_code":"E01020725","lsoa_name":"County Durham 027A","data":{"2015":{"imd_decile":3,"imd":9.543,"income_decile":4,"income":0.075,"employment_decile":5,"employment":0.092,"health_decile":6,"health":0.162,"education_decile":2,"education":5.352,"crime_decile":3,"crime":-0.578,"barriers_decile":3,"barriers":12.784,"living_env_decile":1,"living_env":0.973},"2019":{"imd_decile":4,"imd":12.274,"income_decile":3,"income":0.063,"employment_decile":5,"employment":0.074,"health_decile":7,"health":0.253,"education_decile":3,"education":7.736,"crime_decile":8,"crime":0.559,"barriers_decile":2,"barriers":10.755,"living_env_decile":1,"living_env":4.419},"2025":{"imd_decile":5,"imd":16.722,"income_decile":4,"income":0.141,"employment_decile":5,"employment":0.105,"health_decile":7,"health":0.341,"education_decile":2,"education":5.807,"crime_decile":6,"crime":0.163,"barriers_decile":9,"barriers":35.799,"living_env_decile":4,"living_env":10.535},"2004":{"imd":12.77,"income":0.0795620880782425,"employment":0.111429942895014,"health":0.224743221732499,"education":6.64357334933568,"barriers":8.94036864320353,"crime":-0.53,"living_env":3.69,"imd_decile":4,"income_decile":5,"employment_decile":7,"health_decile":7,"education_decile":3,"barriers_decile":2,"crime_decile":3,"living_env_decile":1},"2007":{"imd":9.92012119293213,"income":0.0753462985157967,"employment":0.097842313349247,"health":-0.0345296261273209,"education":5.22795391082764,"barriers":10.7196500609044,"crime":-0.854949295520783,"living_env":0.604786336421967,"imd_decile":3,"income_decile":4,"employment_decile":6,"health_decile":5,"education_decile":2,"barriers_decile":2,"crime_decile":2,"living_env_decile":1}}},"geometry":{"type":"Polygon","coordinates":[[[-1.44131,54.80053],[-1.43649,54.79748],[-1.43765,54.79422],[-1.44556,54.79106],[-1.45594,54.79004],[-1.46361,54.79085],[-1.4689,54.78989],[-1.46758,54.78646],[-1.46948,54.7817],[-1.47255,54.77825],[-1.48407,54.78],[-1.48896,54.77898],[-1.49424,54.77929],[-1.49574,54.78142],[-1.50239,54.78239],[-1.50324,54.78394],[-1.50583,54.788],[-1.51039,54.78819],[-1.51356,54.78492],[-1.51784,54.78983],[-1.51455,54.80105],[-1.5073,54.80106],[-1.50359,54.80249],[-1.50138,54.80104],[-1.49853,54.80148],[-1.49073,54.7993],[-1.48005,54.79976],[-1.46803,54.80031],[-1.45642,54.80049],[-1.44827,54.80101],[-1.44096,54.80173],[-1.44131,54.80053]]]}},{"type":"Feature","properties":{"lsoa_code":"E01020726","lsoa_name":"County Durham 027B","data":{"2015":{"imd_decile":4,"imd":13.798,"income_decile":6,"income":0.125,"employment_decile":6,"employment":0.109,"health_decile":8,"health":0.524,"education_decile":3,"education":7.797,"crime_decile":3,"crime":-0.545,"barriers_decile":1,"barriers":7.922,"living_env_decile":1,"living_env":2.223},"2019":{"imd_decile":6,"imd":17.858,"income_decile":6,"income":0.11,"employment_decile":6,"employment":0.088,"health_decile":7,"health":0.36,"education_decile":5,"education":13.593,"crime_decile":9,"crime":0.89,"barriers_decile":1,"barriers":5.884,"living_env_decile":2,"living_env":7.648},"2025":{"imd_decile":5,"imd":17.192,"income_decile":4,"income":0.138,"employment_decile":6,"employment":0.111,"health_decile":8,"health":0.666,"education_decile":3,"education":8.427,"crime_decile":8,"crime":0.698,"barriers_decile":5,"barriers":18.693,"living_env_decile":5,"living_env":17.335},"2004":{"imd":18.97,"income":0.133441287064079,"employment":0.11711620888949,"health":0.51812841158058,"education":15.7138975861939,"barriers":12.7579537349514,"crime":0.24,"living_env":1.8,"imd_decile":6,"income_decile":7,"employment_decile":7,"health_decile":8,"education_decile":5,"barriers_decile":3,"crime_decile":7,"living_env_decile":1},"2007":{"imd":14.1405515670776,"income":0.0918854176998138,"employment":0.098519429564476,"health":0.276597398732847,"education":9.77230644226074,"barriers":14.8370240784203,"crime":0.194622546434402,"living_env":1.81786608695984,"imd_decile":5,"income_decile":5,"employment_decile":7,"health_decile":7,"education_decile":4,"barriers_decile":4,"crime_decile":6,"living_env_decile":1}}},"geometry":{"type":"Polygon","coordinates":[[[-1.49374,54.82347],[-1.492,54.81838],[-1.4875,54.81268],[-1.48223,54.80999],[-1.4911,54.80431],[-1.49772,54.80025],[-1.50098,54.80117],[-1.50326,54.80184],[-1.50609,54.80222],[-1.51419,54.80132],[-1.51738,54.80278],[-1.51392,54.81029],[-1.51303,54.81356],[-1.50893,54.81206],[-1.50611,54.81088],[-1.50207,54.81261],[-1.50043,54.81313],[-1.50241,54.81411],[-1.50553,54.81364],[-1.50586,54.81454],[-1.50599,54.81823],[-1.49776,54.82345],[-1.49374,54.82347]]]}},{"type":"Feature","properties":{"lsoa_code":"E01020727","lsoa_name":"County Durham 027C","data":{"2015":{"imd_decile":9,"imd":38.801,"income_decile":9,"income":0.277,"employment_decile":10,"employment":0.242,"health_decile":10,"health":1.814,"education_decile":9,"education":36.034,"crime_decile":3,"crime":-0.513,"barriers_decile":3,"barriers":12.956,"living_env_decile":1,"living_env":3.774},"2019":{"imd_decile":10,"imd":45.177,"income_decile":10,"income":0.277,"employment_decile":10,"employment":0.234,"health_decile":10,"health":1.265,"education_decile":9,"education":46.948,"crime_decile":10,"crime":1.144,"barriers_decile":1,"barriers":6.38,"living_env_decile":1,"living_env":3.23},"2025":{"imd_decile":9,"imd":43.224,"income_decile":9,"income":0.436,"employment_decile":10,"employment":0.284,"health_decile":10,"health":1.268,"education_decile":9,"education":38.499,"crime_decile":9,"crime":1.058,"barriers_decile":7,"barriers":24.721,"living_env_decile":2,"living_env":6.983},"2004":{"imd":49.99,"income":0.31793601755378,"employment":0.326071399100251,"health":1.687387529634,"education":47.9952256921486,"barriers":14.1275715422067,"crime":0.48,"living_env":4.37,"imd_decile":10,"income_decile":10,"employment_decile":10,"health_decile":10,"education_decile":9,"barriers_decile":3,"crime_decile":8,"living_env_decile":1},"2007":{"imd":46.0945777893066,"income":0.308062195777893,"employment":0.255668967962265,"health":1.470061707855,"education":55.7138748168945,"barriers":21.9419105268786,"crime":0.142520353198051,"living_env":5.33958196640015,"imd_decile":10,"income_decile":9,"employment_decile":10,"health_decile":10,"education_decile":10,"barriers_decile":6,"crime_decile":6,"living_env_decile":2}}},"geometry":{"type":"Polygon","coordinates":[[[-1.50357,54.83748],[-1.50327,54.83329],[-1.50116,54.8201],[-1.50746,54.81691],[-1.50531,54.81451],[-1.50445,54.81431],[-1.50187,54.81331],[-1.50098,54.81247],[-1.5038,54.81205],[-1.50793,54.81153],[-1.51151,54.81308],[-1.51359,54.81344],[-1.51282,54.80946],[-1.52547,54.80603],[-1.53901,54.81316],[-1.5399,54.81629],[-1.53071,54.82094],[-1.5292,54.82448],[-1.53378,54.82884],[-1.51828,54.82927],[-1.51633,54.83479],[-1.50926,54.83698],[-1.50357,54.83748]]]}},{"type":"Feature","properties":{"lsoa_code":"E01020729","lsoa_name":"County Durham 027D","data":{"2015":{"imd_decile":8,"imd":29.737,"income_decile":8,"income":0.212,"employment_decile":9,"employment":0.182,"health_decile":9,"health":0.763,"education_decile":8,"education":30.239,"crime_decile":7,"crime":0.37,"barriers_decile":8,"barriers":27.06,"living_env_decile":1,"living_env":2.079},"2019":{"imd_decile":8,"imd":31.371,"income_decile":8,"income":0.196,"employment_decile":9,"employment":0.158,"health_decile":8,"health":0.55,"education_decile":8,"education":31.084,"crime_decile":8,"crime":0.65,"barriers_decile":9,"barriers":30.96,"living_env_decile":1,"living_env":1.0},"2025":{"imd_decile":9,"imd":35.472,"income_decile":8,"income":0.321,"employment_decile":9,"employment":0.215,"health_decile":9,"health":0.95,"education_decile":7,"education":25.129,"crime_decile":9,"crime":0.93,"barriers_decile":10,"barriers":40.523,"living_env_decile":4,"living_env":11.787},"2004":{"imd":30.89,"income":0.217965101766206,"employment":0.200677039243901,"health":1.08192619039686,"education":28.9970356260779,"barriers":8.90502884424702,"crime":0.01,"living_env":3.05,"imd_decile":8,"income_decile":8,"employment_decile":9,"health_decile":9,"education_decile":8,"barriers_decile":2,"crime_decile":6,"living_env_decile":1},"2007":{"imd":29.3707695007324,"income":0.215292319655418,"employment":0.173398807644844,"health":0.837992112983109,"education":28.9892120361328,"barriers":27.9801412025186,"crime":-0.478611588478088,"living_env":1.88394701480865,"imd_decile":8,"income_decile":8,"employment_decile":9,"health_decile":9,"education_decile":8,"barriers_decile":8,"crime_decile":3,"living_env_decile":1}}},"geometry":{"type":"Polygon","coordinates":[[[-1.47575,54.77959],[-1.46787,54.77861],[-1.45229,54.77159],[-1.44988,54.76828],[-1.44404,54.77062],[-1.43085,54.77163],[-1.41064,54.76888],[-1.40743,54.76765],[-1.40745,54.76527],[-1.40361,54.76026],[-1.4068,54.75888],[-1.41145,54.75681],[-1.41157,54.75408],[-1.41387,54.7523],[-1.41633,54.75186],[-1.4328,54.75596],[-1.44312,54.75408],[-1.44756,54.75051],[-1.4549,54.74761],[-1.46027,54.74756],[-1.46602,54.74973],[-1.4735,54.75054],[-1.48468,54.75337],[-1.49051,54.75643],[-1.49102,54.76575],[-1.49477,54.76585],[-1.4976,54.76626],[-1.49986,54.76861],[-1.48414,54.77553],[-1.48199,54.77663],[-1.48006,54.77881],[-1.47575,54.77959]]]}},{"type":"Feature","properties":{"lsoa_code":"E01020730","lsoa_name":"County Durham 027E","data":{"2015":{"imd_decile":7,"imd":23.595,"income_decile":7,"income":0.162,"employment_decile":8,"employment":0.169,"health_decile":9,"health":1.011,"education_decile":8,"education":27.093,"crime_decile":3,"crime":-0.617,"barriers_decile":2,"barriers":10.847,"living_env_decile":1,"living_env":1.819},"2019":{"imd_decile":7,"imd":23.764,"income_decile":7,"income":0.155,"employment_decile":8,"employment":0.13,"health_decile":9,"health":0.963,"education_decile":8,"education":27.919,"crime_decile":5,"crime":-0.174,"barriers_decile":1,"barriers":5.145,"living_env_decile":1,"living_env":1.897},"2025":{"imd_decile":8,"imd":28.94,"income_decile":8,"income":0.313,"employment_decile":9,"employment":0.208,"health_decile":9,"health":0.837,"education_decile":8,"education":31.563,"crime_decile":5,"crime":-0.084,"barriers_decile":7,"barriers":24.43,"living_env_decile":3,"living_env":9.882},"2004":{"imd":23.95,"income":0.148212061450414,"employment":0.162541768787755,"health":0.872692347068963,"education":32.4253086569029,"barriers":2.52147999353623,"crime":-1.21,"living_env":2.41,"imd_decile":7,"income_decile":7,"employment_decile":9,"health_decile":9,"education_decile":8,"barriers_decile":1,"crime_decile":1,"living_env_decile":1},"2007":{"imd":24.2604236602783,"income":0.172413051128387,"employment":0.16460956633091,"health":0.715553604652164,"education":34.2145042419434,"barriers":7.09588546478137,"crime":-1.35393404960632,"living_env":2.24486637115479,"imd_decile":7,"income_decile":7,"employment_decile":9,"health_decile":8,"education_decile":8,"barriers_decile":1,"crime_decile":1,"living_env_decile":1}}},"geometry":{"type":"Polygon","coordinates":[[[-1.50239,54.78239],[-1.49574,54.78142],[-1.49424,54.77929],[-1.49177,54.77776],[-1.50177,54.7765],[-1.50203,54.77482],[-1.50024,54.77319],[-1.50256,54.77349],[-1.50611,54.7729],[-1.50746,54.77311],[-1.50469,54.77409],[-1.50547,54.77837],[-1.50763,54.77749],[-1.50877,54.77546],[-1.51294,54.77712],[-1.51039,54.77832],[-1.51171,54.78164],[-1.5142,54.78298],[-1.51221,54.78537],[-1.5088,54.78895],[-1.50332,54.7854],[-1.50357,54.78312],[-1.50239,54.78239]]]}},{"type":"Feature","properties":{"lsoa_code":"E01020731","lsoa_name":"County Durham 027F","data":{"2015":{"imd_decile":3,"imd":10.69,"income_decile":4,"income":0.077,"employment_decile":5,"employment":0.097,"health_decile":6,"health":0.007,"education_decile":4,"education":9.23,"crime_decile":5,"crime":-0.091,"barriers_decile":3,"barriers":12.726,"living_env_decile":1,"living_env":1.689},"2019":{"imd_decile":4,"imd":12.592,"income_decile":5,"income":0.081,"employment_decile":6,"employment":0.085,"health_decile":7,"health":0.221,"education_decile":4,"education":11.017,"crime_decile":6,"crime":0.066,"barriers_decile":1,"barriers":4.486,"living_env_decile":1,"living_env":3.017},"2025":{"imd_decile":5,"imd":15.654,"income_decile":4,"income":0.144,"employment_decile":5,"employment":0.1,"health_decile":7,"health":0.35,"education_decile":5,"education":12.965,"crime_decile":7,"crime":0.263,"barriers_decile":8,"barriers":27.595,"living_env_decile":2,"living_env":6.059},"2004":{"imd":12.02,"income":0.0741338819105519,"employment":0.0974457819276015,"health":0.444808958402789,"education":8.17015470591206,"barriers":6.91105286586173,"crime":-0.97,"living_env":2.97,"imd_decile":4,"income_decile":4,"employment_decile":6,"health_decile":7,"education_decile":3,"barriers_decile":1,"crime_decile":2,"living_env_decile":1},"2007":{"imd":10.6329736709595,"income":0.0814183801412582,"employment":0.0873126089572907,"health":0.155528750989753,"education":10.5649185180664,"barriers":6.7113668696164,"crime":-1.16057872772217,"living_env":6.14421367645264,"imd_decile":3,"income_decile":4,"employment_decile":6,"health_decile":6,"education_decile":4,"barriers_decile":1,"crime_decile":1,"living_env_decile":2}}},"geometry":{"type":"Polygon","coordinates":[[[-1.5099,54.77866],[-1.51296,54.77865],[-1.50874,54.77827],[-1.50626,54.77758],[-1.50567,54.77836],[-1.50458,54.77461],[-1.50584,54.77387],[-1.50404,54.77221],[-1.50436,54.77366],[-1.50009,54.77389],[-1.49882,54.77427],[-1.5015,54.77619],[-1.49402,54.77753],[-1.48896,54.77898],[-1.48407,54.78],[-1.48223,54.77859],[-1.48272,54.77685],[-1.49237,54.77283],[-1.49969,54.76833],[-1.49586,54.76562],[-1.49233,54.76622],[-1.49038,54.76393],[-1.50565,54.76261],[-1.51855,54.76486],[-1.51587,54.77016],[-1.51688,54.77112],[-1.52228,54.76991],[-1.52719,54.77022],[-1.52854,54.76835],[-1.53271,54.77496],[-1.52769,54.77768],[-1.51624,54.78143],[-1.50988,54.77984],[-1.5099,54.77866]]]}},{"type":"Feature","properties":{"lsoa_code":"E01020732","lsoa_name":"County Durham 041D","data":{"2015":{"imd_decile":3,"imd":9.056,"income_decile":3,"income":0.058,"employment_decile":4,"employment":0.075,"health_decile":6,"health":-0.005,"education_decile":1,"education":0.686,"crime_decile":2,"crime":-0.803,"barriers_decile":8,"barriers":28.619,"living_env_decile":1,"living_env":3.08},"2019":{"imd_decile":1,"imd":5.573,"income_decile":2,"income":0.039,"employment_decile":3,"employment":0.048,"health_decile":3,"health":-0.512,"education_decile":1,"education":0.689,"crime_decile":1,"crime":-1.135,"barriers_decile":7,"barriers":25.025,"living_env_decile":1,"living_env":1.75},"2025":{"imd_decile":1,"imd":5.365,"income_decile":2,"income":0.078,"employment_decile":2,"employment":0.054,"health_decile":3,"health":-0.613,"education_decile":1,"education":1.588,"crime_decile":2,"crime":-0.789,"barriers_decile":7,"barriers":24.13,"living_env_decile":2,"living_env":5.168},"2004":{"imd":7.0,"income":0.0230501366279929,"employment":0.0542229483276476,"health":-0.507326586130602,"education":0.36422570028942,"barriers":33.3192120975702,"crime":-1.71,"living_env":4.94,"imd_decile":2,"income_decile":1,"employment_decile":3,"health_decile":3,"education_decile":1,"barriers_decile":9,"crime_decile":1,"living_env_decile":2},"2007":{"imd":6.98875093460083,"income":0.0376130975782871,"employment":0.0521648041903973,"health":-0.678137133605266,"education":0.206793710589409,"barriers":34.8186245595788,"crime":-1.54571139812469,"living_env":3.74721837043762,"imd_decile":2,"income_decile":1,"employment_decile":3,"health_decile":3,"education_decile":1,"barriers_decile":9,"crime_decile":1,"living_env_decile":1}}},"geometry":{"type":"Polygon","coordinates":[[[-1.51688,54.77112],[-1.51587,54.77016],[-1.51855,54.76486],[-1.50565,54.76261],[-1.49051,54.75643],[-1.49518,54.75592],[-1.49761,54.75325],[-1.50098,54.75097],[-1.50748,54.75045],[-1.51581,54.7442],[-1.52193,54.74248],[-1.52784,54.74496],[-1.53289,54.7402],[-1.5451,54.74203],[-1.55402,54.74467],[-1.55635,54.74641],[-1.56069,54.75173],[-1.55462,54.7556],[-1.55823,54.75885],[-1.55442,54.76373],[-1.55386,54.76862],[-1.54996,54.76624],[-1.54745,54.76645],[-1.53948,54.76729],[-1.53367,54.76765],[-1.52626,54.76826],[-1.52501,54.77108],[-1.52128,54.77125],[-1.51688,54.77112]]]}},{"type":"Feature","properties":{"lsoa_code":"E01020733","lsoa_name":"County Durham 035A","data":{"2015":{"imd_decile":9,"imd":37.792,"income_decile":9,"income":0.286,"employment_decile":9,"employment":0.225,"health_decile":10,"health":1.393,"education_decile":9,"education":38.636,"crime_decile":7,"crime":0.24,"barriers_decile":4,"barriers":16.775,"living_env_decile":1,"living_env":3.387},"2019":{"imd_decile":9,"imd":42.283,"income_decile":10,"income":0.275,"employment_decile":10,"employment":0.222,"health_decile":10,"health":1.155,"education_decile":9,"education":38.673,"crime_decile":10,"crime":1.048,"barriers_decile":2,"barriers":11.685,"living_env_decile":1,"living_env":1.615},"2025":{"imd_decile":10,"imd":45.252,"income_decile":9,"income":0.442,"employment_decile":10,"employment":0.288,"health_decile":10,"health":1.418,"education_decile":10,"education":54.974,"crime_decile":9,"crime":1.069,"barriers_decile":2,"barriers":10.599,"living_env_decile":3,"living_env":9.001},"2004":{"imd":44.1,"income":0.288253155100782,"employment":0.262014508556097,"health":1.8083627964805,"education":41.2136730200015,"barriers":8.5213059423448,"crime":0.36,"living_env":5.2,"imd_decile":9,"income_decile":9,"employment_decile":10,"health_decile":10,"education_decile":9,"barriers_decile":2,"crime_decile":7,"living_env_decile":2},"2007":{"imd":38.6573829650879,"income":0.238441333174706,"employment":0.215899363160133,"health":1.4807945456411,"education":46.1583251953125,"barriers":6.34180090387192,"crime":0.471290200948715,"living_env":5.98868560791016,"imd_decile":9,"income_decile":8,"employment_decile":10,"health_decile":10,"education_decile":9,"barriers_decile":1,"crime_decile":8,"living_env_decile":2}}},"geometry":{"type":"Polygon","coordinates":[[[-1.34175,54.76668],[-1.34118,54.76408],[-1.34511,54.76359],[-1.35089,54.76234],[-1.35211,54.76339],[-1.34925,54.76557],[-1.35151,54.7657],[-1.35186,54.76717],[-1.34717,54.76675],[-1.34175,54.76668]]]}},{"type":"Feature","properties":{"lsoa_code":"E01020734","lsoa_name":"County Durham 035B","data":{"2015":{"imd_decile":9,"imd":39.336,"income_decile":9,"income":0.275,"employment_decile":10,"employment":0.235,"health_decile":10,"health":1.385,"education_decile":9,"education":37.352,"crime_decile":7,"crime":0.31,"barriers_decile":7,"barriers":24.869,"living_env_decile":1,"living_env":4.701},"2019":{"imd_decile":9,"imd":38.843,"income_decile":9,"income":0.234,"employment_decile":10,"employment":0.2,"health_decile":10,"health":1.305,"education_decile":8,"education":33.77,"crime_decile":9,"crime":0.74,"barriers_decile":6,"barriers":20.43,"living_env_decile":2,"living_env":6.298},"2025":{"imd_decile":10,"imd":49.582,"income_decile":10,"income":0.474,"employment_decile":10,"employment":0.283,"health_decile":10,"health":1.77,"education_decile":9,"education":49.237,"crime_decile":10,"crime":1.223,"barriers_decile":3,"barriers":14.378,"living_env_decile":7,"living_env":23.901},"2004":{"imd":46.07,"income":0.263290482514424,"employment":0.264408738492379,"health":1.82781573635907,"education":55.5399584686692,"barriers":20.2185558615516,"crime":0.0,"living_env":7.41,"imd_decile":10,"income_decile":9,"employment_decile":10,"health_decile":10,"education_decile":10,"barriers_decile":5,"crime_decile":5,"living_env_decile":3},"2007":{"imd":45.4783020019531,"income":0.259842544794083,"employment":0.24629008769989,"health":1.8041565238455,"education":55.7641983032227,"barriers":17.6960522358674,"crime":0.352931261062622,"living_env":6.31517362594605,"imd_decile":10,"income_decile":9,"employment_decile":10,"health_decile":10,"education_decile":10,"barriers_decile":5,"crime_decile":7,"living_env_decile":2}}},"geometry":{"type":"Polygon","coordinates":[[[-1.34424,54.77218],[-1.35197,54.77063],[-1.35247,54.76852],[-1.35299,54.76811],[-1.35186,54.76717],[-1.35151,54.7657],[-1.34925,54.76557],[-1.35211,54.76339],[-1.3566,54.76364],[-1.35846,54.77171],[-1.34396,54.77348],[-1.34424,54.77218]]]}},{"type":"Feature","properties":{"lsoa_code":"E01020735","lsoa_name":"County Durham 035C","data":{"2015":{"imd_decile":7,"imd":22.445,"income_decile":7,"income":0.153,"employment_decile":8,"employment":0.168,"health_decile":9,"health":0.923,"education_decile":6,"education":19.525,"crime_decile":5,"crime":-0.075,"barriers_decile":2,"barriers":10.935,"living_env_decile":1,"living_env":2.46},"2019":{"imd_decile":7,"imd":23.008,"income_decile":7,"income":0.141,"employment_decile":8,"employment":0.138,"health_decile":8,"health":0.559,"education_decile":6,"education":20.805,"crime_decile":8,"crime":0.639,"barriers_decile":2,"barriers":9.649,"living_env_decile":1,"living_env":1.801},"2025":{"imd_decile":7,"imd":24.453,"income_decile":7,"income":0.253,"employment_decile":8,"employment":0.173,"health_decile":9,"health":1.126,"education_decile":7,"education":22.546,"crime_decile":7,"crime":0.372,"barriers_decile":2,"barriers":11.525,"living_env_decile":2,"living_env":5.982},"2004":{"imd":31.33,"income":0.11544309754948,"employment":0.205224583765066,"health":1.54472450789226,"education":37.3068371626077,"barriers":5.99936173557575,"crime":0.12,"living_env":3.19,"imd_decile":8,"income_decile":6,"employment_decile":9,"health_decile":10,"education_decile":9,"barriers_decile":1,"crime_decile":6,"living_env_decile":1},"2007":{"imd":30.6847438812256,"income":0.162240371108055,"employment":0.19836813211441,"health":1.32399789670281,"education":34.4356498718262,"barriers":4.14087391449532,"crime":-0.107276245951653,"living_env":2.82304549217224,"imd_decile":8,"income_decile":7,"employment_decile":10,"health_decile":10,"education_decile":8,"barriers_decile":1,"crime_decile":5,"living_env_decile":1}}},"geometry":{"type":"Polygon","coordinates":[[[-1.35197,54.77063],[-1.34285,54.769],[-1.34717,54.76675],[-1.35186,54.76717],[-1.35299,54.76811],[-1.35247,54.76852],[-1.35197,54.77063]]]}},{"type":"Feature","properties":{"lsoa_code":"E01020736","lsoa_name":"County Durham 039A","data":{"2015":{"imd_decile":10,"imd":48.364,"income_decile":9,"income":0.27,"employment_decile":10,"employment":0.285,"health_decile":10,"health":1.82,"education_decile":10,"education":51.15,"crime_decile":8,"crime":0.683,"barriers_decile":8,"barriers":26.984,"living_env_decile":1,"living_env":3.062},"2019":{"imd_decile":10,"imd":48.552,"income_decile":9,"income":0.252,"employment_decile":10,"employment":0.245,"health_decile":10,"health":1.791,"education_decile":9,"education":41.955,"crime_decile":10,"crime":1.216,"barriers_decile":5,"barriers":19.526,"living_env_decile":1,"living_env":3.614},"2004":{"imd":51.18,"income":0.269909080025613,"employment":0.309763653740027,"health":1.94863316379422,"education":52.4120233977655,"barriers":27.7499649795734,"crime":0.09,"living_env":12.64,"imd_decile":10,"income_decile":9,"employment_decile":10,"health_decile":10,"education_decile":10,"barriers_decile":8,"crime_decile":6,"living_env_decile":4},"2007":{"imd":50.1526908874512,"income":0.290633529424667,"employment":0.28935182094574,"health":1.92339651426413,"education":58.1144790649414,"barriers":19.1801045812467,"crime":0.219333529472351,"living_env":4.25615453720093,"imd_decile":10,"income_decile":9,"employment_decile":10,"health_decile":10,"education_decile":10,"barriers_decile":5,"crime_decile":6,"living_env_decile":1}}},"geometry":{"type":"Polygon","coordinates":[[[-1.26694,54.7414],[-1.24356,54.72425],[-1.2441,54.72272],[-1.24592,54.72344],[-1.2442,54.72244],[-1.2458,54.72229],[-1.25136,54.71976],[-1.25541,54.72157],[-1.25856,54.72606],[-1.26471,54.72598],[-1.26822,54.72609],[-1.2803,54.72817],[-1.2838,54.73276],[-1.28632,54.73693],[-1.28051,54.74068],[-1.278,54.74136],[-1.27655,54.74126],[-1.27413,54.74679],[-1.26977,54.74565],[-1.26636,54.74244],[-1.26694,54.7414]]]}},{"type":"Feature","properties":{"lsoa_code":"E01020737","lsoa_name":"County Durham 039B","data":{"2015":{"imd_decile":8,"imd":29.168,"income_decile":7,"income":0.171,"employment_decile":9,"employment":0.181,"health_decile":10,"health":1.505,"education_decile":8,"education":29.634,"crime_decile":7,"crime":0.231,"barriers_decile":1,"barriers":9.16,"living_env_decile":2,"living_env":5.84},"2019":{"imd_decile":9,"imd":34.939,"income_decile":7,"income":0.148,"employment_decile":9,"employment":0.169,"health_decile":10,"health":1.5,"education_decile":8,"education":28.444,"crime_decile":10,"crime":1.557,"barriers_decile":1,"barriers":6.341,"living_env_decile":2,"living_env":4.902},"2025":{"imd_decile":8,"imd":31.399,"income_decile":7,"income":0.233,"employment_decile":9,"employment":0.232,"health_decile":10,"health":1.323,"education_decile":8,"education":29.156,"crime_decile":8,"crime":0.563,"barriers_decile":4,"barriers":16.085,"living_env_decile":6,"living_env":20.265},"2004":{"imd":35.15,"income":0.165357695068846,"employment":0.232630246688777,"health":1.58658243941287,"education":40.3404335544177,"barriers":8.45083207714414,"crime":-0.34,"living_env":5.77,"imd_decile":9,"income_decile":7,"employment_decile":10,"health_decile":10,"education_decile":9,"barriers_decile":1,"crime_decile":4,"living_env_decile":2},"2007":{"imd":28.9688949584961,"income":0.124013088643551,"employment":0.195852383971214,"health":1.22640121887708,"education":33.8278732299805,"barriers":6.08276897972683,"crime":-0.0135805457830429,"living_env":5.04407644271851,"imd_decile":8,"income_decile":6,"employment_decile":10,"health_decile":10,"education_decile":8,"barriers_decile":1,"crime_decile":5,"living_env_decile":2}}},"geometry":{"type":"Polygon","coordinates":[[[-1.289,54.75819],[-1.27925,54.75243],[-1.28269,54.74806],[-1.28579,54.74784],[-1.28992,54.74953],[-1.29287,54.75068],[-1.2944,54.75032],[-1.29469,54.74855],[-1.29257,54.74707],[-1.29114,54.74652],[-1.29034,54.74472],[-1.30517,54.74303],[-1.31256,54.74793],[-1.31489,54.75254],[-1.3085,54.75455],[-1.30462,54.75667],[-1.29903,54.75746],[-1.29567,54.7573],[-1.289,54.75819]]]}},{"type":"Feature","properties":{"lsoa_code":"E01020738","lsoa_name":"County Durham 039C","data":{"2015":{"imd_decile":7,"imd":24.022,"income_decile":7,"income":0.144,"employment_decile":9,"employment":0.19,"health_decile":9,"health":0.972,"education_decile":7,"education":23.106,"crime_decile":5,"crime":-0.053,"barriers_decile":1,"barriers":7.377,"living_env_decile":1,"living_env":3.744},"2019":{"imd_decile":8,"imd":31.381,"income_decile":8,"income":0.161,"employment_decile":9,"employment":0.168,"health_decile":10,"health":1.174,"education_decile":8,"education":31.753,"crime_decile":9,"crime":0.951,"barriers_decile":1,"barriers":3.26,"living_env_decile":1,"living_env":3.642},"2004":{"imd":28.14,"income":0.0895220457475507,"employment":0.206843639595258,"health":1.28398502226123,"education":29.5795593883459,"barriers":7.99364958285284,"crime":-0.13,"living_env":9.78,"imd_decile":8,"income_decile":5,"employment_decile":9,"health_decile":10,"education_decile":8,"barriers_decile":1,"crime_decile":5,"living_env_decile":3},"2007":{"imd":25.6894245147705,"income":0.12280447781086,"employment":0.186391845345497,"health":1.17559253097795,"education":21.26194190979,"barriers":3.70092687923867,"crime":-0.30480694770813,"living_env":6.10284900665283,"imd_decile":7,"income_decile":6,"employment_decile":9,"health_decile":10,"education_decile":7,"barriers_decile":1,"crime_decile":4,"living_env_decile":2}}},"geometry":{"type":"Polygon","coordinates":[[[-1.27708,54.75047],[-1.2739,54.7463],[-1.27705,54.74133],[-1.27871,54.7412],[-1.28109,54.74059],[-1.29209,54.7446],[-1.28741,54.7458],[-1.28772,54.74675],[-1.28717,54.74805],[-1.28378,54.74904],[-1.28062,54.74858],[-1.27708,54.75047]]]}},{"type":"Feature","properties":{"lsoa_code":"E01020739","lsoa_name":"County Durham 039D","data":{"2015":{"imd_decile":10,"imd":54.321,"income_decile":10,"income":0.352,"employment_decile":10,"employment":0.386,"health_decile":10,"health":1.71,"education_decile":10,"education":53.984,"crime_decile":6,"crime":0.064,"barriers_decile":1,"barriers":9.188,"living_env_decile":2,"living_env":4.921},"2019":{"imd_decile":10,"imd":61.925,"income_decile":10,"income":0.337,"employment_decile":10,"employment":0.346,"health_decile":10,"health":1.969,"education_decile":10,"education":52.808,"crime_decile":10,"crime":1.506,"barriers_decile":1,"barriers":4.678,"living_env_decile":1,"living_env":2.674},"2025":{"imd_decile":10,"imd":74.25,"income_decile":10,"income":0.541,"employment_decile":10,"employment":0.468,"health_decile":10,"health":2.747,"education_decile":10,"education":66.644,"crime_decile":10,"crime":2.415,"barriers_decile":3,"barriers":14.993,"living_env_decile":10,"living_env":46.167},"2004":{"imd":46.6,"income":0.213436303842128,"employment":0.313468442859118,"health":1.98826821869619,"education":52.9375008259897,"barriers":4.12149175634345,"crime":-0.36,"living_env":17.5,"imd_decile":10,"income_decile":8,"employment_decile":10,"health_decile":10,"education_decile":10,"barriers_decile":1,"crime_decile":4,"living_env_decile":6},"2007":{"imd":47.5712547302246,"income":0.273598313331604,"employment":0.285029649734497,"health":1.90110505002532,"education":57.8630599975586,"barriers":1.90668662652184,"crime":-0.0695658847689629,"living_env":8.58459758758545,"imd_decile":10,"income_decile":9,"employment_decile":10,"health_decile":10,"education_decile":10,"barriers_decile":1,"crime_decile":5,"living_env_decile":3}}},"geometry":{"type":"Polygon","coordinates":[[[-1.29287,54.75068],[-1.28992,54.74953],[-1.28853,54.74716],[-1.28606,54.74585],[-1.29034,54.74472],[-1.29114,54.74652],[-1.29257,54.74707],[-1.29469,54.74855],[-1.2944,54.75032],[-1.29287,54.75068]]]}},{"type":"Feature","properties":{"lsoa_code":"E01020740","lsoa_name":"County Durham 017A","data":{"2015":{"imd_decile":6,"imd":17.95,"income_decile":6,"income":0.138,"employment_decile":7,"employment":0.141,"health_decile":7,"health":0.39,"education_decile":6,"education":20.418,"crime_decile":4,"crime":-0.382,"barriers_decile":1,"barriers":5.924,"living_env_decile":2,"living_env":7.531},"2019":{"imd_decile":6,"imd":19.654,"income_decile":6,"income":0.116,"employment_decile":7,"employment":0.11,"health_decile":8,"health":0.655,"education_decile":7,"education":23.753,"crime_decile":7,"crime":0.26,"barriers_decile":1,"barriers":4.746,"living_env_decile":1,"living_env":2.83},"2025":{"imd_decile":8,"imd":26.666,"income_decile":7,"income":0.246,"employment_decile":8,"employment":0.175,"health_decile":9,"health":0.922,"education_decile":8,"education":27.838,"crime_decile":5,"crime":-0.063,"barriers_decile":3,"barriers":13.436,"living_env_decile":9,"living_env":38.219},"2004":{"imd":26.55,"income":0.122363137009896,"employment":0.169543904040998,"health":1.13431294502106,"education":32.7537170242265,"barriers":12.0934519516772,"crime":-0.56,"living_env":11.6,"imd_decile":7,"income_decile":6,"employment_decile":9,"health_decile":9,"education_decile":8,"barriers_decile":3,"crime_decile":3,"living_env_decile":4},"2007":{"imd":22.814172744751,"income":0.103479310870171,"employment":0.154499247670174,"health":0.884573161367666,"education":31.6838035583496,"barriers":11.4871281786399,"crime":-0.384082943201065,"living_env":5.41380977630615,"imd_decile":7,"income_decile":5,"employment_decile":9,"health_decile":9,"education_decile":8,"barriers_decile":2,"crime_decile":4,"living_env_decile":2}}},"geometry":{"type":"Polygon","coordinates":[[[-1.34078,54.83629],[-1.33715,54.83313],[-1.33619,54.8328],[-1.33747,54.83162],[-1.33826,54.83099],[-1.34231,54.82913],[-1.3437,54.83022],[-1.34369,54.83116],[-1.34495,54.83042],[-1.3464,54.83224],[-1.34445,54.83666],[-1.34303,54.83721],[-1.34078,54.83629]]]}},{"type":"Feature","properties":{"lsoa_code":"E01020741","lsoa_name":"County Durham 017B","data":{"2015":{"imd_decile":9,"imd":37.496,"income_decile":9,"income":0.231,"employment_decile":10,"employment":0.255,"health_decile":10,"health":1.257,"education_decile":9,"education":41.772,"crime_decile":8,"crime":0.469,"barriers_decile":2,"barriers":10.608,"living_env_decile":3,"living_env":8.052},"2019":{"imd_decile":9,"imd":40.306,"income_decile":9,"income":0.231,"employment_decile":10,"employment":0.228,"health_decile":9,"health":0.949,"education_decile":9,"education":43.745,"crime_decile":10,"crime":1.061,"barriers_decile":1,"barriers":6.473,"living_env_decile":3,"living_env":8.563},"2025":{"imd_decile":10,"imd":51.164,"income_decile":9,"income":0.422,"employment_decile":10,"employment":0.31,"health_decile":10,"health":1.806,"education_decile":8,"education":34.489,"crime_decile":10,"crime":1.318,"barriers_decile":4,"barriers":15.533,"living_env_decile":10,"living_env":47.783},"2004":{"imd":42.91,"income":0.240271786573309,"employment":0.260854106080159,"health":1.68388160538455,"education":48.7650421218017,"barriers":8.26548997593152,"crime":-0.37,"living_env":22.77,"imd_decile":9,"income_decile":9,"employment_decile":10,"health_decile":10,"education_decile":9,"barriers_decile":1,"crime_decile":4,"living_env_decile":7},"2007":{"imd":41.785701751709,"income":0.26164972782135,"employment":0.241062521934509,"health":1.57004938348162,"education":51.0946960449219,"barriers":6.50224568661148,"crime":-0.130123242735863,"living_env":11.7371397018433,"imd_decile":9,"income_decile":9,"employment_decile":10,"health_decile":10,"education_decile":10,"barriers_decile":1,"crime_decile":5,"living_env_decile":4}}},"geometry":{"type":"Polygon","coordinates":[[[-1.32867,54.83497],[-1.32598,54.83087],[-1.33094,54.83125],[-1.33414,54.83106],[-1.33736,54.83113],[-1.33896,54.83151],[-1.33741,54.83197],[-1.33775,54.83236],[-1.33498,54.83406],[-1.3325,54.83382],[-1.32867,54.83497]]]}},{"type":"Feature","properties":{"lsoa_code":"E01020742","lsoa_name":"County Durham 017C","data":{"2015":{"imd_decile":8,"imd":32.149,"income_decile":8,"income":0.228,"employment_decile":9,"employment":0.215,"health_decile":10,"health":1.339,"education_decile":8,"education":28.958,"crime_decile":5,"crime":-0.058,"barriers_decile":3,"barriers":13.289,"living_env_decile":2,"living_env":6.003},"2019":{"imd_decile":8,"imd":33.051,"income_decile":9,"income":0.22,"employment_decile":9,"employment":0.188,"health_decile":9,"health":1.057,"education_decile":8,"education":31.09,"crime_decile":7,"crime":0.253,"barriers_decile":3,"barriers":12.606,"living_env_decile":2,"living_env":7.129},"2025":{"imd_decile":9,"imd":43.484,"income_decile":9,"income":0.408,"employment_decile":10,"employment":0.297,"health_decile":10,"health":1.702,"education_decile":8,"education":31.979,"crime_decile":7,"crime":0.277,"barriers_decile":5,"barriers":19.476,"living_env_decile":8,"living_env":29.237},"2004":{"imd":46.33,"income":0.266674286422813,"employment":0.279961044327129,"health":1.80062996144947,"education":56.0349438816069,"barriers":14.2956214789718,"crime":-0.38,"living_env":13.09,"imd_decile":10,"income_decile":9,"employment_decile":10,"health_decile":10,"education_decile":10,"barriers_decile":3,"crime_decile":4,"living_env_decile":4},"2007":{"imd":45.5669326782227,"income":0.290972083806992,"employment":0.244604453444481,"health":1.60346998570796,"education":55.5886001586914,"barriers":18.2965362592097,"crime":0.354269087314606,"living_env":7.31388664245606,"imd_decile":10,"income_decile":9,"employment_decile":10,"health_decile":10,"education_decile":10,"barriers_decile":5,"crime_decile":7,"living_env_decile":3}}},"geometry":{"type":"Polygon","coordinates":[[[-1.32505,54.83158],[-1.31836,54.82271],[-1.32513,54.82092],[-1.32934,54.81933],[-1.33852,54.82371],[-1.33823,54.82918],[-1.33802,54.83083],[-1.33484,54.83157],[-1.33162,54.83091],[-1.32819,54.8304],[-1.32505,54.83158]]]}},{"type":"Feature","properties":{"lsoa_code":"E01020743","lsoa_name":"County Durham 018A","data":{"2015":{"imd_decile":9,"imd":41.568,"income_decile":10,"income":0.346,"employment_decile":10,"employment":0.245,"health_decile":10,"health":1.369,"education_decile":9,"education":37.42,"crime_decile":5,"crime":-0.1,"barriers_decile":5,"barriers":17.702,"living_env_decile":1,"living_env":3.521},"2019":{"imd_decile":9,"imd":38.083,"income_decile":10,"income":0.27,"employment_decile":10,"employment":0.204,"health_decile":9,"health":0.99,"education_decile":9,"education":38.571,"crime_decile":8,"crime":0.535,"barriers_decile":3,"barriers":14.431,"living_env_decile":1,"living_env":1.004},"2025":{"imd_decile":9,"imd":37.808,"income_decile":9,"income":0.395,"employment_decile":9,"employment":0.232,"health_decile":10,"health":1.378,"education_decile":9,"education":41.995,"crime_decile":8,"crime":0.5,"barriers_decile":7,"barriers":25.125,"living_env_decile":2,"living_env":4.343},"2004":{"imd":59.33,"income":0.415891139756187,"employment":0.333365247721148,"health":2.00447984213374,"education":76.1800517460941,"barriers":10.8309065904998,"crime":-0.15,"living_env":6.99,"imd_decile":10,"income_decile":10,"employment_decile":10,"health_decile":10,"education_decile":10,"barriers_decile":2,"crime_decile":5,"living_env_decile":2},"2007":{"imd":62.376277923584,"income":0.474352985620499,"employment":0.321507841348648,"health":2.22886359998825,"education":83.3162841796875,"barriers":7.05811443658787,"crime":-0.243453368544579,"living_env":3.41593241691589,"imd_decile":10,"income_decile":10,"employment_decile":10,"health_decile":10,"education_decile":10,"barriers_decile":1,"crime_decile":4,"living_env_decile":1}}},"geometry":{"type":"Polygon","coordinates":[[[-1.34445,54.83666],[-1.3464,54.83224],[-1.34495,54.83042],[-1.34369,54.83116],[-1.3437,54.83022],[-1.34231,54.82913],[-1.33823,54.82918],[-1.33852,54.82371],[-1.34066,54.81751],[-1.34256,54.81853],[-1.34831,54.81989],[-1.35062,54.82063],[-1.35033,54.82292],[-1.3517,54.82806],[-1.35558,54.82754],[-1.35517,54.82989],[-1.34987,54.83242],[-1.34837,54.83745],[-1.34376,54.83668],[-1.34445,54.83666]]]}},{"type":"Feature","properties":{"lsoa_code":"E01020744","lsoa_name":"County Durham 039E","data":{"2015":{"imd_decile":8,"imd":29.778,"income_decile":7,"income":0.159,"employment_decile":9,"employment":0.213,"health_decile":9,"health":1.024,"education_decile":9,"education":36.33,"crime_decile":8,"crime":0.538,"barriers_decile":2,"barriers":9.222,"living_env_decile":2,"living_env":5.201},"2019":{"imd_decile":9,"imd":35.211,"income_decile":8,"income":0.167,"employment_decile":10,"employment":0.204,"health_decile":9,"health":1.019,"education_decile":8,"education":29.382,"crime_decile":10,"crime":1.453,"barriers_decile":1,"barriers":8.59,"living_env_decile":1,"living_env":1.328},"2025":{"imd_decile":8,"imd":32.363,"income_decile":8,"income":0.295,"employment_decile":9,"employment":0.233,"health_decile":10,"health":1.284,"education_decile":8,"education":32.491,"crime_decile":9,"crime":0.888,"barriers_decile":1,"barriers":7.763,"living_env_decile":2,"living_env":6.771},"2004":{"imd":32.74,"income":0.109264321160838,"employment":0.242373093532861,"health":1.41780032338363,"education":29.0183166331376,"barriers":13.6283611742044,"crime":0.31,"living_env":5.56,"imd_decile":8,"income_decile":6,"employment_decile":10,"health_decile":10,"education_decile":8,"barriers_decile":3,"crime_decile":7,"living_env_decile":2},"2007":{"imd":32.2473983764648,"income":0.141354933381081,"employment":0.222418814897537,"health":1.55999078902005,"education":24.6346092224121,"barriers":8.06882712046401,"crime":0.057835727930069,"living_env":3.46052169799805,"imd_decile":8,"income_decile":6,"employment_decile":10,"health_decile":10,"education_decile":7,"barriers_decile":1,"crime_decile":6,"living_env_decile":1}}},"geometry":{"type":"Polygon","coordinates":[[[-1.29133,54.76012],[-1.29822,54.75771],[-1.302,54.7569],[-1.30772,54.75622],[-1.31378,54.75423],[-1.31907,54.75217],[-1.32407,54.75028],[-1.3297,54.75069],[-1.32838,54.75286],[-1.32486,54.75336],[-1.32259,54.7553],[-1.32783,54.75517],[-1.32907,54.75568],[-1.32565,54.7572],[-1.32487,54.75703],[-1.31948,54.759],[-1.3174,54.75932],[-1.31507,54.75899],[-1.31059,54.75821],[-1.30716,54.75722],[-1.29892,54.75844],[-1.29133,54.76012]]]}},{"type":"Feature","properties":{"lsoa_code":"E01020745","lsoa_name":"County Durham 032A","data":{"2015":{"imd_decile":10,"imd":59.081,"income_decile":10,"income":0.36,"employment_decile":10,"employment":0.346,"health_decile":10,"health":2.055,"education_decile":10,"education":60.493,"crime_decile":9,"crime":0.858,"barriers_decile":4,"barriers":16.229,"living_env_decile":1,"living_env":4.541},"2019":{"imd_decile":10,"imd":62.968,"income_decile":10,"income":0.352,"employment_decile":10,"employment":0.344,"health_decile":10,"health":1.677,"education_decile":10,"education":51.782,"crime_decile":10,"crime":1.9,"barriers_decile":3,"barriers":12.627,"living_env_decile":1,"living_env":1.149},"2025":{"imd_decile":10,"imd":65.159,"income_decile":10,"income":0.557,"employment_decile":10,"employment":0.446,"health_decile":10,"health":2.271,"education_decile":10,"education":50.452,"crime_decile":10,"crime":1.97,"barriers_decile":1,"barriers":6.816,"living_env_decile":5,"living_env":13.712},"2004":{"imd":53.26,"income":0.31612427142903,"employment":0.328926989367418,"health":2.28387397645851,"education":52.9439603092472,"barriers":9.63469914661974,"crime":0.36,"living_env":9.01,"imd_decile":10,"income_decile":10,"employment_decile":10,"health_decile":10,"education_decile":10,"barriers_decile":2,"crime_decile":7,"living_env_decile":3},"2007":{"imd":50.6944999694824,"income":0.31190013885498,"employment":0.280854433774948,"health":2.09497445197092,"education":48.8346252441406,"barriers":3.98416191243074,"crime":0.921784281730652,"living_env":4.04214715957642,"imd_decile":10,"income_decile":9,"employment_decile":10,"health_decile":10,"education_decile":9,"barriers_decile":1,"crime_decile":9,"living_env_decile":1}}},"geometry":{"type":"Polygon","coordinates":[[[-1.32819,54.76148],[-1.32424,54.76105],[-1.32037,54.75989],[-1.31793,54.76037],[-1.32216,54.75721],[-1.32584,54.75773],[-1.32753,54.7557],[-1.33266,54.75787],[-1.3301,54.7589],[-1.32819,54.76148]]]}},{"type":"Feature","properties":{"lsoa_code":"E01020746","lsoa_name":"County Durham 037A","data":{"2015":{"imd_decile":7,"imd":26.203,"income_decile":7,"income":0.151,"employment_decile":8,"employment":0.174,"health_decile":10,"health":1.352,"education_decile":6,"education":16.91,"crime_decile":7,"crime":0.275,"barriers_decile":5,"barriers":19.507,"living_env_decile":1,"living_env":1.367},"2019":{"imd_decile":8,"imd":32.61,"income_decile":7,"income":0.146,"employment_decile":9,"employment":0.172,"health_decile":10,"health":1.491,"education_decile":6,"education":18.556,"crime_decile":10,"crime":1.198,"barriers_decile":4,"barriers":15.143,"living_env_decile":1,"living_env":0.418},"2025":{"imd_decile":9,"imd":37.293,"income_decile":7,"income":0.277,"employment_decile":9,"employment":0.218,"health_decile":10,"health":2.223,"education_decile":6,"education":19.051,"crime_decile":10,"crime":1.578,"barriers_decile":2,"barriers":10.783,"living_env_decile":3,"living_env":8.242},"2004":{"imd":33.95,"income":0.126415519247008,"employment":0.240248491595425,"health":1.80108444358964,"education":22.3773585098191,"barriers":13.1267388273252,"crime":0.14,"living_env":4.39,"imd_decile":8,"income_decile":6,"employment_decile":10,"health_decile":10,"education_decile":7,"barriers_decile":3,"crime_decile":6,"living_env_decile":1},"2007":{"imd":30.0046195983887,"income":0.126906722784042,"employment":0.199997037649155,"health":1.59084442407428,"education":20.0112113952637,"barriers":11.4641404814054,"crime":0.182200014591217,"living_env":2.3702564239502,"imd_decile":8,"income_decile":6,"employment_decile":10,"health_decile":10,"education_decile":6,"barriers_decile":2,"crime_decile":6,"living_env_decile":1}}},"geometry":{"type":"Polygon","coordinates":[[[-1.32783,54.75517],[-1.32259,54.7553],[-1.32486,54.75336],[-1.32838,54.75286],[-1.3297,54.75069],[-1.33447,54.75171],[-1.33652,54.75239],[-1.3388,54.75642],[-1.33715,54.75884],[-1.33436,54.76126],[-1.33266,54.75787],[-1.32783,54.75517]]]}},{"type":"Feature","properties":{"lsoa_code":"E01020747","lsoa_name":"County Durham 018B","data":{"2015":{"imd_decile":10,"imd":65.956,"income_decile":10,"income":0.431,"employment_decile":10,"employment":0.375,"health_decile":10,"health":2.019,"education_decile":10,"education":78.166,"crime_decile":7,"crime":0.439,"barriers_decile":5,"barriers":18.578,"living_env_decile":1,"living_env":3.605},"2019":{"imd_decile":10,"imd":61.647,"income_decile":10,"income":0.392,"employment_decile":10,"employment":0.3,"health_decile":10,"health":1.25,"education_decile":10,"education":74.715,"crime_decile":10,"crime":1.163,"barriers_decile":2,"barriers":10.986,"living_env_decile":1,"living_env":3.014},"2025":{"imd_decile":10,"imd":62.863,"income_decile":10,"income":0.57,"employment_decile":10,"employment":0.403,"health_decile":10,"health":2.349,"education_decile":10,"education":57.38,"crime_decile":9,"crime":0.934,"barriers_decile":5,"barriers":17.978,"living_env_decile":5,"living_env":13.961},"2004":{"imd":63.02,"income":0.39618693048692,"employment":0.348869056667504,"health":2.26921401085109,"education":89.4924988704679,"barriers":9.57535833378908,"crime":0.41,"living_env":7.65,"imd_decile":10,"income_decile":10,"employment_decile":10,"health_decile":10,"education_decile":10,"barriers_decile":2,"crime_decile":7,"living_env_decile":3},"2007":{"imd":63.4033470153809,"income":0.458442032337189,"employment":0.294405937194824,"health":2.05285238219823,"education":89.4618453979492,"barriers":9.22761823181094,"crime":0.724158525466919,"living_env":6.94942808151245,"imd_decile":10,"income_decile":10,"employment_decile":10,"health_decile":10,"education_decile":10,"barriers_decile":2,"crime_decile":9,"living_env_decile":2}}},"geometry":{"type":"Polygon","coordinates":[[[-1.35706,54.83878],[-1.35267,54.83771],[-1.35637,54.83557],[-1.35711,54.83475],[-1.35636,54.83386],[-1.35641,54.83217],[-1.36057,54.83368],[-1.36392,54.83343],[-1.363,54.83553],[-1.36121,54.83843],[-1.35706,54.83878]]]}},{"type":"Feature","properties":{"lsoa_code":"E01020748","lsoa_name":"County Durham 018C","data":{"2015":{"imd_decile":9,"imd":39.487,"income_decile":10,"income":0.314,"employment_decile":10,"employment":0.244,"health_decile":9,"health":1.035,"education_decile":9,"education":38.326,"crime_decile":6,"crime":0.021,"barriers_decile":7,"barriers":24.093,"living_env_decile":2,"living_env":6.338},"2019":{"imd_decile":9,"imd":36.436,"income_decile":9,"income":0.265,"employment_decile":9,"employment":0.179,"health_decile":9,"health":1.035,"education_decile":9,"education":41.368,"crime_decile":8,"crime":0.586,"barriers_decile":2,"barriers":10.086,"living_env_decile":1,"living_env":1.638},"2025":{"imd_decile":9,"imd":44.89,"income_decile":10,"income":0.502,"employment_decile":10,"employment":0.289,"health_decile":10,"health":1.299,"education_decile":9,"education":45.061,"crime_decile":8,"crime":0.612,"barriers_decile":5,"barriers":18.218,"living_env_decile":4,"living_env":13.431},"2004":{"imd":46.78,"income":0.29551031106425,"employment":0.270521557239498,"health":1.66900536066405,"education":64.1263019986632,"barriers":8.97920001091123,"crime":-0.12,"living_env":7.79,"imd_decile":10,"income_decile":9,"employment_decile":10,"health_decile":10,"education_decile":10,"barriers_decile":2,"crime_decile":5,"living_env_decile":3},"2007":{"imd":45.8679313659668,"income":0.303848713636398,"employment":0.234427586197853,"health":1.53610614443471,"education":66.603141784668,"barriers":14.725085131531,"crime":0.257898479700089,"living_env":6.73601007461548,"imd_decile":10,"income_decile":9,"employment_decile":10,"health_decile":10,"education_decile":10,"barriers_decile":4,"crime_decile":7,"living_env_decile":2}}},"geometry":{"type":"Polygon","coordinates":[[[-1.36392,54.83343],[-1.36057,54.83368],[-1.36207,54.83234],[-1.36647,54.83206],[-1.36718,54.83657],[-1.3667,54.83807],[-1.36121,54.83843],[-1.363,54.83553],[-1.36392,54.83343]]]}},{"type":"Feature","properties":{"lsoa_code":"E01020749","lsoa_name":"County Durham 018D","data":{"2015":{"imd_decile":10,"imd":54.066,"income_decile":10,"income":0.309,"employment_decile":10,"employment":0.375,"health_decile":10,"health":2.084,"education_decile":10,"education":56.51,"crime_decile":6,"crime":0.124,"barriers_decile":2,"barriers":10.81,"living_env_decile":1,"living_env":4.077},"2019":{"imd_decile":10,"imd":57.073,"income_decile":10,"income":0.312,"employment_decile":10,"employment":0.352,"health_decile":10,"health":1.843,"education_decile":10,"education":57.621,"crime_decile":8,"crime":0.591,"barriers_decile":1,"barriers":7.697,"living_env_decile":1,"living_env":2.012},"2025":{"imd_decile":10,"imd":52.666,"income_decile":9,"income":0.433,"employment_decile":10,"employment":0.392,"health_decile":10,"health":2.039,"education_decile":10,"education":50.574,"crime_decile":7,"crime":0.358,"barriers_decile":2,"barriers":12.789,"living_env_decile":5,"living_env":17.16},"2004":{"imd":51.08,"income":0.24211681301811,"employment":0.345012620345282,"health":2.11026852277272,"education":64.7651563268158,"barriers":8.27466501776952,"crime":-0.12,"living_env":9.56,"imd_decile":10,"income_decile":9,"employment_decile":10,"health_decile":10,"education_decile":10,"barriers_decile":1,"crime_decile":5,"living_env_decile":3},"2007":{"imd":53.2412338256836,"income":0.266265988349915,"employment":0.351001054048538,"health":2.33173053510593,"education":62.5999908447266,"barriers":7.53738922848287,"crime":0.28775081038475,"living_env":3.51102662086487,"imd_decile":10,"income_decile":9,"employment_decile":10,"health_decile":10,"education_decile":10,"barriers_decile":1,"crime_decile":7,"living_env_decile":1}}},"geometry":{"type":"Polygon","coordinates":[[[-1.34542,54.83858],[-1.3437,54.83693],[-1.34841,54.83512],[-1.35279,54.83125],[-1.35641,54.83217],[-1.35636,54.83386],[-1.35711,54.83475],[-1.35637,54.83557],[-1.35267,54.83771],[-1.35706,54.83878],[-1.34542,54.83858]]]}},{"type":"Feature","properties":{"lsoa_code":"E01020750","lsoa_name":"County Durham 016A","data":{"2015":{"imd_decile":3,"imd":9.861,"income_decile":2,"income":0.056,"employment_decile":6,"employment":0.103,"health_decile":6,"health":-0.001,"education_decile":3,"education":7.225,"crime_decile":1,"crime":-1.302,"barriers_decile":6,"barriers":22.039,"living_env_decile":1,"living_env":1.875},"2019":{"imd_decile":3,"imd":10.521,"income_decile":4,"income":0.065,"employment_decile":6,"employment":0.093,"health_decile":6,"health":-0.002,"education_decile":3,"education":6.347,"crime_decile":2,"crime":-0.989,"barriers_decile":4,"barriers":16.472,"living_env_decile":1,"living_env":1.491},"2025":{"imd_decile":3,"imd":9.876,"income_decile":2,"income":0.092,"employment_decile":5,"employment":0.101,"health_decile":7,"health":0.219,"education_decile":4,"education":9.768,"crime_decile":3,"crime":-0.495,"barriers_decile":3,"barriers":13.654,"living_env_decile":2,"living_env":6.326},"2004":{"imd":16.72,"income":0.0448618193183385,"employment":0.111824638668092,"health":0.779849403561444,"education":18.0724896128994,"barriers":25.9632447324964,"crime":-1.07,"living_env":5.52,"imd_decile":5,"income_decile":2,"employment_decile":7,"health_decile":9,"education_decile":6,"barriers_decile":7,"crime_decile":2,"living_env_decile":2},"2007":{"imd":15.749044418335,"income":0.0610711500048637,"employment":0.106062725186348,"health":0.650997353865625,"education":12.9298362731934,"barriers":27.561065870189,"crime":-0.70707905292511,"living_env":3.32582974433899,"imd_decile":5,"income_decile":3,"employment_decile":7,"health_decile":8,"education_decile":5,"barriers_decile":8,"crime_decile":3,"living_env_decile":1}}},"geometry":{"type":"Polygon","coordinates":[[[-1.36207,54.83234],[-1.35569,54.83209],[-1.36355,54.83023],[-1.36902,54.82952],[-1.37037,54.83181],[-1.36642,54.83206],[-1.36207,54.83234]]]}},{"type":"Feature","properties":{"lsoa_code":"E01020751","lsoa_name":"County Durham 025A","data":{"2015":{"imd_decile":9,"imd":36.128,"income_decile":9,"income":0.232,"employment_decile":10,"employment":0.263,"health_decile":9,"health":1.152,"education_decile":9,"education":39.57,"crime_decile":6,"crime":0.148,"barriers_decile":2,"barriers":11.552,"living_env_decile":1,"living_env":4.343},"2019":{"imd_decile":9,"imd":34.438,"income_decile":8,"income":0.174,"employment_decile":10,"employment":0.205,"health_decile":9,"health":1.119,"education_decile":8,"education":34.82,"crime_decile":9,"crime":0.895,"barriers_decile":1,"barriers":6.211,"living_env_decile":1,"living_env":2.014},"2025":{"imd_decile":9,"imd":43.339,"income_decile":9,"income":0.366,"employment_decile":10,"employment":0.299,"health_decile":10,"health":1.372,"education_decile":9,"education":36.118,"crime_decile":10,"crime":1.274,"barriers_decile":5,"barriers":18.4,"living_env_decile":6,"living_env":21.256},"2004":{"imd":40.57,"income":0.132966494788479,"employment":0.280286076541418,"health":1.76082554665151,"education":46.5764265075309,"barriers":12.3449403850407,"crime":0.18,"living_env":11.57,"imd_decile":9,"income_decile":7,"employment_decile":10,"health_decile":10,"education_decile":9,"barriers_decile":3,"crime_decile":6,"living_env_decile":4},"2007":{"imd":40.6137542724609,"income":0.196080014109612,"employment":0.248332187533379,"health":1.60974657766135,"education":47.6505661010742,"barriers":10.4232175219873,"crime":0.352379977703095,"living_env":6.31500864028931,"imd_decile":9,"income_decile":8,"employment_decile":10,"health_decile":10,"education_decile":9,"barriers_decile":2,"crime_decile":7,"living_env_decile":2}}},"geometry":{"type":"Polygon","coordinates":[[[-1.32889,54.79087],[-1.32927,54.78864],[-1.33122,54.78942],[-1.33305,54.78939],[-1.33506,54.78846],[-1.33699,54.788],[-1.3388,54.78778],[-1.34355,54.78685],[-1.34553,54.78857],[-1.3446,54.79044],[-1.33689,54.79336],[-1.33391,54.79748],[-1.32194,54.79415],[-1.32726,54.79241],[-1.32889,54.79087]]]}},{"type":"Feature","properties":{"lsoa_code":"E01020752","lsoa_name":"County Durham 025B","data":{"2015":{"imd_decile":10,"imd":65.408,"income_decile":10,"income":0.396,"employment_decile":10,"employment":0.437,"health_decile":10,"health":1.8,"education_decile":10,"education":62.624,"crime_decile":10,"crime":1.303,"barriers_decile":3,"barriers":14.611,"living_env_decile":2,"living_env":6.755},"2019":{"imd_decile":10,"imd":71.325,"income_decile":10,"income":0.402,"employment_decile":10,"employment":0.402,"health_decile":10,"health":1.863,"education_decile":10,"education":63.593,"crime_decile":10,"crime":3.046,"barriers_decile":1,"barriers":7.081,"living_env_decile":2,"living_env":7.054},"2025":{"imd_decile":10,"imd":80.183,"income_decile":10,"income":0.657,"employment_decile":10,"employment":0.514,"health_decile":10,"health":2.563,"education_decile":10,"education":72.443,"crime_decile":10,"crime":2.718,"barriers_decile":5,"barriers":18.433,"living_env_decile":9,"living_env":39.545},"2004":{"imd":68.3,"income":0.365654586143768,"employment":0.403474994485796,"health":2.50389301262611,"education":85.4721522701009,"barriers":12.7727932517001,"crime":1.18,"living_env":26.71,"imd_decile":10,"income_decile":10,"employment_decile":10,"health_decile":10,"education_decile":10,"barriers_decile":3,"crime_decile":10,"living_env_decile":7},"2007":{"imd":64.1123733520508,"income":0.384513080120087,"employment":0.380349487066269,"health":2.46798273059765,"education":85.0019378662109,"barriers":6.37430176004834,"crime":0.678144097328186,"living_env":12.1263818740845,"imd_decile":10,"income_decile":10,"employment_decile":10,"health_decile":10,"education_decile":10,"barriers_decile":1,"crime_decile":8,"living_env_decile":4}}},"geometry":{"type":"Polygon","coordinates":[[[-1.32,54.80697],[-1.31809,54.80632],[-1.31241,54.80658],[-1.31027,54.79863],[-1.31075,54.79012],[-1.31224,54.78481],[-1.31859,54.78348],[-1.32272,54.78187],[-1.32541,54.78741],[-1.32973,54.78751],[-1.3324,54.78802],[-1.33199,54.78931],[-1.33131,54.78903],[-1.32874,54.7886],[-1.32677,54.79123],[-1.32421,54.79333],[-1.32598,54.79942],[-1.33416,54.79367],[-1.34617,54.79258],[-1.34382,54.79695],[-1.34158,54.79991],[-1.33745,54.80119],[-1.33387,54.80131],[-1.32831,54.80338],[-1.32439,54.8052],[-1.32,54.80697]]]}},{"type":"Feature","properties":{"lsoa_code":"E01020753","lsoa_name":"County Durham 032B","data":{"2015":{"imd_decile":9,"imd":38.193,"income_decile":9,"income":0.236,"employment_decile":10,"employment":0.245,"health_decile":10,"health":1.677,"education_decile":8,"education":35.474,"crime_decile":7,"crime":0.268,"barriers_decile":3,"barriers":13.831,"living_env_decile":3,"living_env":8.165},"2019":{"imd_decile":9,"imd":37.987,"income_decile":9,"income":0.23,"employment_decile":10,"employment":0.201,"health_decile":10,"health":1.339,"education_decile":8,"education":32.537,"crime_decile":9,"crime":0.959,"barriers_decile":2,"barriers":8.962,"living_env_decile":1,"living_env":0.66},"2025":{"imd_decile":9,"imd":38.787,"income_decile":8,"income":0.338,"employment_decile":10,"employment":0.267,"health_decile":10,"health":1.677,"education_decile":8,"education":32.067,"crime_decile":8,"crime":0.664,"barriers_decile":5,"barriers":18.217,"living_env_decile":5,"living_env":14.339},"2004":{"imd":50.89,"income":0.263714175797068,"employment":0.325219514169142,"health":2.15279409039342,"education":48.2572222607666,"barriers":16.0099392793947,"crime":0.66,"living_env":5.6,"imd_decile":10,"income_decile":9,"employment_decile":10,"health_decile":10,"education_decile":9,"barriers_decile":4,"crime_decile":8,"living_env_decile":2},"2007":{"imd":42.4275550842285,"income":0.214984387159348,"employment":0.25060760974884,"health":1.91899003997823,"education":51.5774459838867,"barriers":15.7598804517698,"crime":-0.333430886268616,"living_env":2.56623077392578,"imd_decile":9,"income_decile":8,"employment_decile":10,"health_decile":10,"education_decile":10,"barriers_decile":4,"crime_decile":4,"living_env_decile":1}}},"geometry":{"type":"Polygon","coordinates":[[[-1.33199,54.78931],[-1.3324,54.78802],[-1.32973,54.78751],[-1.32541,54.78741],[-1.32272,54.78187],[-1.32841,54.78052],[-1.33389,54.77868],[-1.33881,54.78026],[-1.34259,54.78368],[-1.34454,54.785],[-1.34109,54.78761],[-1.33828,54.78715],[-1.33684,54.78767],[-1.33363,54.78866],[-1.33199,54.78931]]]}},{"type":"Feature","properties":{"lsoa_code":"E01020754","lsoa_name":"County Durham 025C","data":{"2015":{"imd_decile":7,"imd":22.526,"income_decile":7,"income":0.151,"employment_decile":8,"employment":0.173,"health_decile":9,"health":0.76,"education_decile":5,"education":13.553,"crime_decile":3,"crime":-0.443,"barriers_decile":7,"barriers":24.845,"living_env_decile":1,"living_env":3.97},"2019":{"imd_decile":7,"imd":25.793,"income_decile":7,"income":0.138,"employment_decile":8,"employment":0.148,"health_decile":8,"health":0.695,"education_decile":5,"education":15.092,"crime_decile":8,"crime":0.6,"barriers_decile":8,"barriers":28.295,"living_env_decile":1,"living_env":3.247},"2025":{"imd_decile":7,"imd":23.048,"income_decile":6,"income":0.192,"employment_decile":8,"employment":0.171,"health_decile":9,"health":0.869,"education_decile":4,"education":11.702,"crime_decile":8,"crime":0.507,"barriers_decile":6,"barriers":22.071,"living_env_decile":6,"living_env":19.163},"2004":{"imd":34.62,"income":0.169390727321763,"employment":0.201009979998986,"health":1.34231299277759,"education":27.1297913076282,"barriers":28.1996863937874,"crime":0.65,"living_env":4.26,"imd_decile":9,"income_decile":8,"employment_decile":9,"health_decile":10,"education_decile":8,"barriers_decile":8,"crime_decile":8,"living_env_decile":1},"2007":{"imd":32.7879638671875,"income":0.170512482523918,"employment":0.19808229804039,"health":1.37418440758639,"education":21.4211654663086,"barriers":28.0510026864968,"crime":0.225114017724991,"living_env":1.62963712215424,"imd_decile":8,"income_decile":7,"employment_decile":10,"health_decile":10,"education_decile":7,"barriers_decile":8,"crime_decile":7,"living_env_decile":1}}},"geometry":{"type":"Polygon","coordinates":[[[-1.31852,54.82057],[-1.3127,54.81198],[-1.31648,54.80627],[-1.31817,54.8068],[-1.32152,54.8065],[-1.32511,54.80536],[-1.32836,54.80271],[-1.33426,54.80206],[-1.33804,54.8008],[-1.33972,54.79776],[-1.34659,54.79512],[-1.3446,54.79044],[-1.34553,54.78857],[-1.34454,54.785],[-1.34259,54.78368],[-1.34701,54.78205],[-1.34975,54.78256],[-1.34721,54.78568],[-1.34621,54.78555],[-1.34663,54.78625],[-1.35335,54.78679],[-1.3545,54.7877],[-1.35735,54.78754],[-1.36296,54.78842],[-1.35996,54.78631],[-1.35444,54.78565],[-1.35506,54.78501],[-1.35094,54.78421],[-1.35383,54.78219],[-1.35628,54.78304],[-1.35579,54.78455],[-1.35706,54.78432],[-1.35987,54.78389],[-1.36157,54.78463],[-1.36611,54.78927],[-1.36619,54.79872],[-1.38082,54.79632],[-1.38829,54.79346],[-1.39241,54.79823],[-1.39194,54.80004],[-1.38172,54.8047],[-1.38038,54.80712],[-1.3733,54.8066],[-1.36398,54.80841],[-1.3612,54.80998],[-1.36222,54.8143],[-1.35493,54.81686],[-1.34638,54.8197],[-1.34225,54.81816],[-1.33509,54.81823],[-1.32737,54.81888],[-1.31863,54.82163],[-1.31852,54.82057]]]}},{"type":"Feature","properties":{"lsoa_code":"E01020756","lsoa_name":"County Durham 025D","data":{"2015":{"imd_decile":2,"imd":8.209,"income_decile":2,"income":0.044,"employment_decile":5,"employment":0.091,"health_decile":7,"health":0.267,"education_decile":2,"education":5.465,"crime_decile":1,"crime":-1.031,"barriers_decile":2,"barriers":10.269,"living_env_decile":2,"living_env":6.082},"2019":{"imd_decile":3,"imd":9.182,"income_decile":2,"income":0.038,"employment_decile":5,"employment":0.07,"health_decile":6,"health":0.004,"education_decile":3,"education":6.645,"crime_decile":6,"crime":0.151,"barriers_decile":4,"barriers":15.959,"living_env_decile":1,"living_env":3.579},"2025":{"imd_decile":4,"imd":12.213,"income_decile":4,"income":0.131,"employment_decile":4,"employment":0.09,"health_decile":8,"health":0.558,"education_decile":3,"education":7.076,"crime_decile":5,"crime":-0.057,"barriers_decile":4,"barriers":17.407,"living_env_decile":2,"living_env":6.001},"2004":{"imd":17.87,"income":0.0552767411332658,"employment":0.133634276226499,"health":1.04719721214352,"education":10.0421955377318,"barriers":17.9556988056203,"crime":-0.44,"living_env":4.5,"imd_decile":6,"income_decile":3,"employment_decile":8,"health_decile":9,"education_decile":4,"barriers_decile":5,"crime_decile":4,"living_env_decile":2},"2007":{"imd":15.839695930481,"income":0.0520277917385101,"employment":0.130347833037376,"health":0.835933141757659,"education":10.602409362793,"barriers":17.6857131311145,"crime":-0.912597417831421,"living_env":4.12371015548706,"imd_decile":5,"income_decile":2,"employment_decile":8,"health_decile":9,"education_decile":4,"barriers_decile":5,"crime_decile":2,"living_env_decile":1}}},"geometry":{"type":"Polygon","coordinates":[[[-1.36564,54.79256],[-1.36259,54.78469],[-1.3598,54.78439],[-1.35878,54.78406],[-1.35621,54.78479],[-1.35538,54.7837],[-1.35456,54.78212],[-1.35216,54.78363],[-1.35395,54.7841],[-1.35387,54.78561],[-1.35709,54.78513],[-1.36133,54.78665],[-1.35947,54.78721],[-1.35454,54.78742],[-1.35279,54.78781],[-1.35013,54.78752],[-1.34683,54.78572],[-1.34606,54.78447],[-1.35031,54.78432],[-1.34953,54.78202],[-1.34087,54.78247],[-1.33754,54.77945],[-1.33313,54.77811],[-1.337,54.77556],[-1.34306,54.77553],[-1.34624,54.77326],[-1.36028,54.77138],[-1.36525,54.76863],[-1.36998,54.76585],[-1.38859,54.76608],[-1.39166,54.77064],[-1.38338,54.77204],[-1.38462,54.7758],[-1.38599,54.77794],[-1.39572,54.78722],[-1.38847,54.79186],[-1.38394,54.79516],[-1.36955,54.7985],[-1.36564,54.79256]]]}},{"type":"Feature","properties":{"lsoa_code":"E01020757","lsoa_name":"County Durham 032C","data":{"2015":{"imd_decile":10,"imd":61.179,"income_decile":10,"income":0.385,"employment_decile":10,"employment":0.353,"health_decile":10,"health":2.342,"education_decile":10,"education":49.872,"crime_decile":10,"crime":1.087,"barriers_decile":5,"barriers":17.917,"living_env_decile":1,"living_env":2.955},"2019":{"imd_decile":10,"imd":65.979,"income_decile":10,"income":0.381,"employment_decile":10,"employment":0.323,"health_decile":10,"health":1.812,"education_decile":10,"education":56.079,"crime_decile":10,"crime":2.115,"barriers_decile":3,"barriers":13.329,"living_env_decile":1,"living_env":2.204},"2025":{"imd_decile":10,"imd":60.228,"income_decile":10,"income":0.528,"employment_decile":10,"employment":0.37,"health_decile":10,"health":1.84,"education_decile":10,"education":61.715,"crime_decile":10,"crime":1.772,"barriers_decile":1,"barriers":7.354,"living_env_decile":3,"living_env":8.439},"2004":{"imd":56.31,"income":0.338803869468382,"employment":0.336663249342994,"health":2.54065618190613,"education":56.3227717319724,"barriers":8.20773346498133,"crime":0.73,"living_env":5.4,"imd_decile":10,"income_decile":10,"employment_decile":10,"health_decile":10,"education_decile":10,"barriers_decile":1,"crime_decile":8,"living_env_decile":2},"2007":{"imd":53.4261283874512,"income":0.33516001701355,"employment":0.300686627626419,"health":2.48398180009125,"education":42.7550964355469,"barriers":4.58019356925146,"crime":1.00678730010986,"living_env":5.78400039672852,"imd_decile":10,"income_decile":9,"employment_decile":10,"health_decile":10,"education_decile":9,"barriers_decile":1,"crime_decile":9,"living_env_decile":2}}},"geometry":{"type":"Polygon","coordinates":[[[-1.33704,54.76721],[-1.33623,54.76458],[-1.33455,54.76543],[-1.33355,54.76533],[-1.33247,54.76403],[-1.33228,54.7632],[-1.3333,54.76244],[-1.33436,54.76126],[-1.33892,54.76227],[-1.34175,54.76668],[-1.33785,54.76646],[-1.33734,54.76736],[-1.33704,54.76721]]]}},{"type":"Feature","properties":{"lsoa_code":"E01020758","lsoa_name":"County Durham 032D","data":{"2015":{"imd_decile":10,"imd":67.809,"income_decile":10,"income":0.434,"employment_decile":10,"employment":0.365,"health_decile":10,"health":1.861,"education_decile":10,"education":71.483,"crime_decile":10,"crime":1.312,"barriers_decile":5,"barriers":19.272,"living_env_decile":2,"living_env":5.506},"2019":{"imd_decile":10,"imd":63.734,"income_decile":10,"income":0.38,"employment_decile":10,"employment":0.279,"health_decile":10,"health":1.621,"education_decile":10,"education":66.643,"crime_decile":10,"crime":1.934,"barriers_decile":3,"barriers":13.243,"living_env_decile":1,"living_env":1.438},"2025":{"imd_decile":10,"imd":68.849,"income_decile":10,"income":0.598,"employment_decile":10,"employment":0.409,"health_decile":10,"health":2.221,"education_decile":10,"education":74.958,"crime_decile":10,"crime":1.566,"barriers_decile":1,"barriers":7.16,"living_env_decile":4,"living_env":10.643},"2004":{"imd":60.84,"income":0.384621359975556,"employment":0.347139907614229,"health":2.3246484860174,"education":65.8600345574058,"barriers":12.4570989664641,"crime":0.87,"living_env":8.67,"imd_decile":10,"income_decile":10,"employment_decile":10,"health_decile":10,"education_decile":10,"barriers_decile":3,"crime_decile":9,"living_env_decile":3},"2007":{"imd":59.9149322509766,"income":0.385836869478226,"employment":0.313025176525116,"health":2.27297481602323,"education":59.6541595458984,"barriers":7.45717076196288,"crime":1.39815437793732,"living_env":6.35084104537964,"imd_decile":10,"income_decile":10,"employment_decile":10,"health_decile":10,"education_decile":10,"barriers_decile":1,"crime_decile":10,"living_env_decile":2}}},"geometry":{"type":"Polygon","coordinates":[[[-1.32503,54.76879],[-1.32234,54.76579],[-1.32162,54.76312],[-1.32453,54.76259],[-1.32666,54.76093],[-1.33022,54.75978],[-1.33109,54.75892],[-1.33388,54.76201],[-1.33339,54.76319],[-1.33172,54.76338],[-1.3318,54.76422],[-1.33192,54.76525],[-1.33049,54.76585],[-1.32911,54.77014],[-1.32503,54.76879]]]}},{"type":"Feature","properties":{"lsoa_code":"E01020759","lsoa_name":"County Durham 032E","data":{"2015":{"imd_decile":10,"imd":67.232,"income_decile":10,"income":0.496,"employment_decile":10,"employment":0.403,"health_decile":10,"health":2.103,"education_decile":10,"education":64.603,"crime_decile":6,"crime":0.17,"barriers_decile":6,"barriers":20.787,"living_env_decile":1,"living_env":1.534},"2019":{"imd_decile":10,"imd":64.864,"income_decile":10,"income":0.426,"employment_decile":10,"employment":0.322,"health_decile":10,"health":1.817,"education_decile":10,"education":57.999,"crime_decile":10,"crime":1.079,"barriers_decile":4,"barriers":15.346,"living_env_decile":1,"living_env":1.218},"2025":{"imd_decile":10,"imd":60.671,"income_decile":10,"income":0.614,"employment_decile":10,"employment":0.385,"health_decile":10,"health":2.028,"education_decile":10,"education":56.207,"crime_decile":9,"crime":0.88,"barriers_decile":2,"barriers":10.157,"living_env_decile":2,"living_env":4.655},"2004":{"imd":67.83,"income":0.494797382089014,"employment":0.41726818120859,"health":2.80275764272657,"education":77.7087671934471,"barriers":10.0461760334108,"crime":0.23,"living_env":4.56,"imd_decile":10,"income_decile":10,"employment_decile":10,"health_decile":10,"education_decile":10,"barriers_decile":2,"crime_decile":6,"living_env_decile":2},"2007":{"imd":61.9481048583984,"income":0.438746184110642,"employment":0.348672091960907,"health":2.38499192342939,"education":73.8626098632813,"barriers":5.57679776736516,"crime":0.264188468456268,"living_env":4.08162117004395,"imd_decile":10,"income_decile":10,"employment_decile":10,"health_decile":10,"education_decile":10,"barriers_decile":1,"crime_decile":7,"living_env_decile":1}}},"geometry":{"type":"Polygon","coordinates":[[[-1.33991,54.77402],[-1.33133,54.77378],[-1.33073,54.77211],[-1.33454,54.7689],[-1.33139,54.76581],[-1.33122,54.76452],[-1.33326,54.76601],[-1.33498,54.76576],[-1.33757,54.76501],[-1.33734,54.76736],[-1.33785,54.76646],[-1.34175,54.76668],[-1.34369,54.77054],[-1.34262,54.7749],[-1.33991,54.77402]]]}},{"type":"Feature","properties":{"lsoa_code":"E01020760","lsoa_name":"County Durham 034A","data":{"2015":{"imd_decile":8,"imd":30.105,"income_decile":7,"income":0.154,"employment_decile":10,"employment":0.235,"health_decile":10,"health":1.439,"education_decile":7,"education":21.378,"crime_decile":7,"crime":0.242,"barriers_decile":2,"barriers":9.873,"living_env_decile":1,"living_env":2.025},"2019":{"imd_decile":8,"imd":29.356,"income_decile":7,"income":0.157,"employment_decile":9,"employment":0.175,"health_decile":10,"health":1.227,"education_decile":7,"education":22.859,"crime_decile":8,"crime":0.599,"barriers_decile":1,"barriers":7.346,"living_env_decile":1,"living_env":0.79},"2025":{"imd_decile":6,"imd":20.217,"income_decile":6,"income":0.223,"employment_decile":7,"employment":0.147,"health_decile":8,"health":0.681,"education_decile":6,"education":17.559,"crime_decile":7,"crime":0.288,"barriers_decile":5,"barriers":18.753,"living_env_decile":2,"living_env":5.706},"2004":{"imd":39.03,"income":0.13253934721258,"employment":0.268783291940213,"health":1.84021505985282,"education":39.5494354126635,"barriers":15.0956113650759,"crime":0.14,"living_env":6.48,"imd_decile":9,"income_decile":7,"employment_decile":10,"health_decile":10,"education_decile":9,"barriers_decile":4,"crime_decile":6,"living_env_decile":2},"2007":{"imd":34.8326416015625,"income":0.15591749548912,"employment":0.226636841893196,"health":1.73093180304749,"education":37.6827507019043,"barriers":6.83445916676247,"crime":-0.414727091789246,"living_env":1.56113195419312,"imd_decile":9,"income_decile":7,"employment_decile":10,"health_decile":10,"education_decile":9,"barriers_decile":1,"crime_decile":4,"living_env_decile":1}}},"geometry":{"type":"Polygon","coordinates":[[[-1.39166,54.77064],[-1.38859,54.76608],[-1.38549,54.76426],[-1.3834,54.76304],[-1.38419,54.76186],[-1.38553,54.76281],[-1.38747,54.76294],[-1.39091,54.76287],[-1.39149,54.76115],[-1.39324,54.7611],[-1.39298,54.7582],[-1.39147,54.75666],[-1.39442,54.75623],[-1.3955,54.75535],[-1.38985,54.75177],[-1.39312,54.75096],[-1.41067,54.75292],[-1.41114,54.75402],[-1.41095,54.75749],[-1.40722,54.7595],[-1.40753,54.76315],[-1.40832,54.76603],[-1.40615,54.76798],[-1.40297,54.76887],[-1.39166,54.77064]]]}},{"type":"Feature","properties":{"lsoa_code":"E01020761","lsoa_name":"County Durham 034B","data":{"2015":{"imd_decile":9,"imd":38.067,"income_decile":9,"income":0.241,"employment_decile":10,"employment":0.253,"health_decile":10,"health":1.555,"education_decile":9,"education":46.641,"crime_decile":3,"crime":-0.464,"barriers_decile":2,"barriers":11.032,"living_env_decile":2,"living_env":5.135},"2019":{"imd_decile":9,"imd":38.46,"income_decile":9,"income":0.216,"employment_decile":10,"employment":0.223,"health_decile":10,"health":1.206,"education_decile":9,"education":46.389,"crime_decile":8,"crime":0.483,"barriers_decile":1,"barriers":6.852,"living_env_decile":1,"living_env":4.456},"2025":{"imd_decile":10,"imd":46.239,"income_decile":9,"income":0.439,"employment_decile":10,"employment":0.288,"health_decile":10,"health":1.793,"education_decile":10,"education":59.813,"crime_decile":5,"crime":-0.065,"barriers_decile":5,"barriers":17.786,"living_env_decile":4,"living_env":13.044},"2004":{"imd":50.36,"income":0.260399287969991,"employment":0.331140390366812,"health":2.37857557755241,"education":64.6316672750481,"barriers":8.76634174139205,"crime":-1.17,"living_env":2.1,"imd_decile":10,"income_decile":9,"employment_decile":10,"health_decile":10,"education_decile":10,"barriers_decile":2,"crime_decile":1,"living_env_decile":1},"2007":{"imd":50.2553100585938,"income":0.257761150598526,"employment":0.316290706396103,"health":2.20932714172506,"education":69.4345245361328,"barriers":3.79395547158608,"crime":-0.938056707382202,"living_env":1.49619138240814,"imd_decile":10,"income_decile":9,"employment_decile":10,"health_decile":10,"education_decile":10,"barriers_decile":1,"crime_decile":2,"living_env_decile":1}}},"geometry":{"type":"Polygon","coordinates":[[[-1.35658,54.76773],[-1.35737,54.76083],[-1.36058,54.75425],[-1.36555,54.74698],[-1.36867,54.74318],[-1.38429,54.74307],[-1.38906,54.7476],[-1.39056,54.75291],[-1.38066,54.75446],[-1.38136,54.75591],[-1.38262,54.75925],[-1.38414,54.75889],[-1.38778,54.75855],[-1.38996,54.76025],[-1.38626,54.76185],[-1.38624,54.76288],[-1.38516,54.76222],[-1.38403,54.76287],[-1.3861,54.76311],[-1.38776,54.76443],[-1.3742,54.76528],[-1.36686,54.76629],[-1.36282,54.77017],[-1.35846,54.77171],[-1.35658,54.76773]]]}},{"type":"Feature","properties":{"lsoa_code":"E01020762","lsoa_name":"County Durham 034C","data":{"2015":{"imd_decile":10,"imd":56.656,"income_decile":10,"income":0.355,"employment_decile":10,"employment":0.317,"health_decile":10,"health":1.91,"education_decile":10,"education":55.426,"crime_decile":10,"crime":1.073,"barriers_decile":4,"barriers":17.311,"living_env_decile":2,"living_env":5.942},"2019":{"imd_decile":10,"imd":55.922,"income_decile":10,"income":0.316,"employment_decile":10,"employment":0.252,"health_decile":10,"health":1.687,"education_decile":10,"education":62.845,"crime_decile":10,"crime":1.568,"barriers_decile":2,"barriers":10.917,"living_env_decile":1,"living_env":2.643},"2025":{"imd_decile":10,"imd":55.347,"income_decile":10,"income":0.511,"employment_decile":10,"employment":0.328,"health_decile":10,"health":1.844,"education_decile":10,"education":55.33,"crime_decile":10,"crime":1.423,"barriers_decile":5,"barriers":17.901,"living_env_decile":3,"living_env":9.625},"2004":{"imd":59.58,"income":0.324629880049499,"employment":0.392211964543861,"health":2.53743780022437,"education":76.0069853017551,"barriers":12.7789214503885,"crime":-0.19,"living_env":13.87,"imd_decile":10,"income_decile":10,"employment_decile":10,"health_decile":10,"education_decile":10,"barriers_decile":3,"crime_decile":5,"living_env_decile":5},"2007":{"imd":57.151123046875,"income":0.372117519378662,"employment":0.334332287311554,"health":2.13963986446236,"education":73.1481094360352,"barriers":5.2666844051216,"crime":-0.13566842675209,"living_env":7.46557807922363,"imd_decile":10,"income_decile":10,"employment_decile":10,"health_decile":10,"education_decile":10,"barriers_decile":1,"crime_decile":5,"living_env_decile":3}}},"geometry":{"type":"Polygon","coordinates":[[[-1.38676,54.76119],[-1.38942,54.75928],[-1.3862,54.75861],[-1.38327,54.75875],[-1.38206,54.75824],[-1.37834,54.75547],[-1.38174,54.75335],[-1.39095,54.75384],[-1.39195,54.75663],[-1.39273,54.75764],[-1.39166,54.75758],[-1.39167,54.7589],[-1.39212,54.76175],[-1.39163,54.76272],[-1.3871,54.76187],[-1.38676,54.76119]]]}},{"type":"Feature","properties":{"lsoa_code":"E01020763","lsoa_name":"County Durham 034D","data":{"2015":{"imd_decile":9,"imd":34.841,"income_decile":8,"income":0.223,"employment_decile":10,"employment":0.24,"health_decile":10,"health":1.186,"education_decile":8,"education":30.902,"crime_decile":4,"crime":-0.405,"barriers_decile":7,"barriers":26.134,"living_env_decile":3,"living_env":9.92},"2019":{"imd_decile":9,"imd":41.86,"income_decile":9,"income":0.238,"employment_decile":10,"employment":0.218,"health_decile":9,"health":1.097,"education_decile":9,"education":36.326,"crime_decile":10,"crime":1.443,"barriers_decile":4,"barriers":15.533,"living_env_decile":3,"living_env":8.042},"2025":{"imd_decile":9,"imd":41.066,"income_decile":8,"income":0.353,"employment_decile":9,"employment":0.254,"health_decile":10,"health":1.217,"education_decile":9,"education":36.788,"crime_decile":9,"crime":0.828,"barriers_decile":9,"barriers":33.688,"living_env_decile":7,"living_env":25.932},"2004":{"imd":50.51,"income":0.266359067565915,"employment":0.316652024963454,"health":1.89611241887246,"education":45.9718891737877,"barriers":25.5233362637324,"crime":0.6,"living_env":7.72,"imd_decile":10,"income_decile":9,"employment_decile":10,"health_decile":10,"education_decile":9,"barriers_decile":7,"crime_decile":8,"living_env_decile":3},"2007":{"imd":50.7871627807617,"income":0.279677301645279,"employment":0.2784323990345,"health":1.85270175647451,"education":49.6321182250977,"barriers":28.7527787200334,"crime":0.795209527015686,"living_env":5.62087392807007,"imd_decile":10,"income_decile":9,"employment_decile":10,"health_decile":10,"education_decile":9,"barriers_decile":8,"crime_decile":9,"living_env_decile":2}}},"geometry":{"type":"Polygon","coordinates":[[[-1.42544,54.79627],[-1.42005,54.79466],[-1.41453,54.79263],[-1.4072,54.7917],[-1.40485,54.79068],[-1.40136,54.78593],[-1.38861,54.78131],[-1.38397,54.77602],[-1.38433,54.77385],[-1.38974,54.77009],[-1.40005,54.76917],[-1.40597,54.76856],[-1.42244,54.77104],[-1.44032,54.7709],[-1.44738,54.76935],[-1.45267,54.77038],[-1.45682,54.77172],[-1.47035,54.77993],[-1.46933,54.78393],[-1.46858,54.78921],[-1.4641,54.7913],[-1.45946,54.79041],[-1.44877,54.7888],[-1.43718,54.7933],[-1.42781,54.79527],[-1.42544,54.79627]]]}},{"type":"Feature","properties":{"lsoa_code":"E01020764","lsoa_name":"County Durham 036A","data":{"2015":{"imd_decile":10,"imd":67.513,"income_decile":10,"income":0.392,"employment_decile":10,"employment":0.432,"health_decile":10,"health":2.456,"education_decile":10,"education":68.546,"crime_decile":10,"crime":1.095,"barriers_decile":2,"barriers":11.731,"living_env_decile":3,"living_env":9.073},"2019":{"imd_decile":10,"imd":69.516,"income_decile":10,"income":0.368,"employment_decile":10,"employment":0.371,"health_decile":10,"health":1.868,"education_decile":10,"education":68.122,"crime_decile":10,"crime":2.449,"barriers_decile":1,"barriers":8.932,"living_env_decile":1,"living_env":4.351},"2025":{"imd_decile":10,"imd":72.359,"income_decile":10,"income":0.573,"employment_decile":10,"employment":0.446,"health_decile":10,"health":2.167,"education_decile":10,"education":61.879,"crime_decile":10,"crime":2.481,"barriers_decile":1,"barriers":7.519,"living_env_decile":10,"living_env":45.438},"2004":{"imd":55.34,"income":0.29993622573648,"employment":0.357986350643468,"health":2.47971032221336,"education":61.9972038212293,"barriers":8.94749508470411,"crime":0.24,"living_env":10.79,"imd_decile":10,"income_decile":9,"employment_decile":10,"health_decile":10,"education_decile":10,"barriers_decile":2,"crime_decile":7,"living_env_decile":4},"2007":{"imd":57.349983215332,"income":0.342995703220367,"employment":0.38642892241478,"health":2.49648544543546,"education":57.5698547363281,"barriers":5.49413622124748,"crime":0.51740312576294,"living_env":7.28716373443604,"imd_decile":10,"income_decile":10,"employment_decile":10,"health_decile":10,"education_decile":10,"barriers_decile":1,"crime_decile":8,"living_env_decile":3}}},"geometry":{"type":"Polygon","coordinates":[[[-1.31809,54.7728],[-1.31676,54.76846],[-1.31625,54.7651],[-1.31463,54.76377],[-1.31517,54.76274],[-1.31857,54.76178],[-1.31796,54.76358],[-1.31987,54.76428],[-1.3201,54.7647],[-1.32024,54.76622],[-1.32091,54.76748],[-1.32227,54.76868],[-1.32222,54.77056],[-1.32056,54.76961],[-1.32214,54.77126],[-1.32378,54.77109],[-1.32262,54.77207],[-1.31809,54.7728]]]}},{"type":"Feature","properties":{"lsoa_code":"E01020765","lsoa_name":"County Durham 032F","data":{"2015":{"imd_decile":10,"imd":51.232,"income_decile":10,"income":0.314,"employment_decile":10,"employment":0.325,"health_decile":10,"health":1.748,"education_decile":10,"education":55.85,"crime_decile":6,"crime":0.035,"barriers_decile":6,"barriers":22.567,"living_env_decile":1,"living_env":4.097},"2019":{"imd_decile":10,"imd":52.404,"income_decile":10,"income":0.309,"employment_decile":10,"employment":0.281,"health_decile":10,"health":1.533,"education_decile":9,"education":49.608,"crime_decile":9,"crime":0.748,"barriers_decile":6,"barriers":21.971,"living_env_decile":1,"living_env":1.424},"2025":{"imd_decile":10,"imd":47.138,"income_decile":9,"income":0.424,"employment_decile":10,"employment":0.324,"health_decile":10,"health":1.619,"education_decile":9,"education":47.222,"crime_decile":9,"crime":0.851,"barriers_decile":4,"barriers":15.944,"living_env_decile":5,"living_env":14.153},"2004":{"imd":56.71,"income":0.303215937920179,"employment":0.37355006315501,"health":2.27638328167343,"education":70.9469083649327,"barriers":19.8342869205524,"crime":-0.46,"living_env":8.8,"imd_decile":10,"income_decile":9,"employment_decile":10,"health_decile":10,"education_decile":10,"barriers_decile":5,"crime_decile":4,"living_env_decile":3},"2007":{"imd":54.394214630127,"income":0.332737267017365,"employment":0.320253401994705,"health":2.21408318247066,"education":63.7528762817383,"barriers":14.496840885856,"crime":0.0604354292154312,"living_env":3.61236786842346,"imd_decile":10,"income_decile":9,"employment_decile":10,"health_decile":10,"education_decile":10,"barriers_decile":3,"crime_decile":6,"living_env_decile":1}}},"geometry":{"type":"Polygon","coordinates":[[[-1.30879,54.78515],[-1.30513,54.77656],[-1.30167,54.77251],[-1.31809,54.7728],[-1.32267,54.77179],[-1.32274,54.77114],[-1.31955,54.77175],[-1.32141,54.77117],[-1.32199,54.76923],[-1.32357,54.76994],[-1.32368,54.76845],[-1.32622,54.76885],[-1.33048,54.77105],[-1.32969,54.77363],[-1.33765,54.77326],[-1.337,54.77556],[-1.33313,54.77811],[-1.32487,54.78158],[-1.32161,54.78222],[-1.31789,54.78359],[-1.30879,54.78515]]]}},{"type":"Feature","properties":{"lsoa_code":"E01020766","lsoa_name":"County Durham 036B","data":{"2015":{"imd_decile":8,"imd":33.107,"income_decile":8,"income":0.189,"employment_decile":9,"employment":0.229,"health_decile":10,"health":1.617,"education_decile":7,"education":26.035,"crime_decile":7,"crime":0.394,"barriers_decile":1,"barriers":8.854,"living_env_decile":1,"living_env":3.307},"2019":{"imd_decile":9,"imd":38.962,"income_decile":8,"income":0.182,"employment_decile":10,"employment":0.201,"health_decile":10,"health":1.385,"education_decile":8,"education":33.428,"crime_decile":10,"crime":1.618,"barriers_decile":2,"barriers":9.196,"living_env_decile":1,"living_env":1.797},"2025":{"imd_decile":9,"imd":39.692,"income_decile":8,"income":0.353,"employment_decile":10,"employment":0.286,"health_decile":10,"health":1.428,"education_decile":8,"education":35.815,"crime_decile":9,"crime":0.796,"barriers_decile":1,"barriers":6.691,"living_env_decile":7,"living_env":24.001},"2004":{"imd":38.11,"income":0.128779588153709,"employment":0.265308297566586,"health":1.68223798811737,"education":44.9506316671782,"barriers":9.65286215459374,"crime":-0.01,"living_env":10.0,"imd_decile":9,"income_decile":7,"employment_decile":10,"health_decile":10,"education_decile":9,"barriers_decile":2,"crime_decile":5,"living_env_decile":4},"2007":{"imd":36.6233367919922,"income":0.17131881415844,"employment":0.229099839925766,"health":1.57565103196698,"education":38.2579956054688,"barriers":5.50887473970444,"crime":0.432211220264435,"living_env":4.61093282699585,"imd_decile":9,"income_decile":7,"employment_decile":10,"health_decile":10,"education_decile":9,"barriers_decile":1,"crime_decile":7,"living_env_decile":2}}},"geometry":{"type":"Polygon","coordinates":[[[-1.32227,54.76868],[-1.32091,54.76748],[-1.32024,54.76622],[-1.3201,54.7647],[-1.31987,54.76428],[-1.31796,54.76358],[-1.31857,54.76178],[-1.31789,54.76036],[-1.3187,54.76128],[-1.32405,54.76046],[-1.32369,54.76339],[-1.32233,54.76481],[-1.32368,54.76845],[-1.32357,54.76994],[-1.32227,54.76868]]]}},{"type":"Feature","properties":{"lsoa_code":"E01020767","lsoa_name":"County Durham 036C","data":{"2015":{"imd_decile":10,"imd":62.201,"income_decile":10,"income":0.376,"employment_decile":10,"employment":0.366,"health_decile":10,"health":2.178,"education_decile":10,"education":62.388,"crime_decile":9,"crime":0.943,"barriers_decile":3,"barriers":13.643,"living_env_decile":3,"living_env":8.991},"2019":{"imd_decile":10,"imd":64.313,"income_decile":10,"income":0.324,"employment_decile":10,"employment":0.333,"health_decile":10,"health":2.258,"education_decile":10,"education":51.219,"crime_decile":10,"crime":2.31,"barriers_decile":1,"barriers":7.713,"living_env_decile":2,"living_env":7.669},"2025":{"imd_decile":10,"imd":67.071,"income_decile":10,"income":0.569,"employment_decile":10,"employment":0.392,"health_decile":10,"health":2.258,"education_decile":10,"education":56.905,"crime_decile":10,"crime":2.239,"barriers_decile":1,"barriers":6.845,"living_env_decile":7,"living_env":28.434},"2004":{"imd":55.65,"income":0.289564730181655,"employment":0.346212698983015,"health":2.37077788915519,"education":68.7976832993361,"barriers":9.54827015452349,"crime":0.41,"living_env":9.69,"imd_decile":10,"income_decile":9,"employment_decile":10,"health_decile":10,"education_decile":10,"barriers_decile":2,"crime_decile":7,"living_env_decile":3},"2007":{"imd":57.3976440429688,"income":0.354426473379135,"employment":0.320823431015015,"health":2.29496007711595,"education":64.1708145141602,"barriers":4.32085145419542,"crime":0.811930358409882,"living_env":8.37215042114258,"imd_decile":10,"income_decile":10,"employment_decile":10,"health_decile":10,"education_decile":10,"barriers_decile":1,"crime_decile":9,"living_env_decile":3}}},"geometry":{"type":"Polygon","coordinates":[[[-1.29747,54.76621],[-1.31016,54.76196],[-1.30986,54.76082],[-1.3086,54.75863],[-1.31183,54.75912],[-1.31548,54.75897],[-1.31789,54.76036],[-1.31512,54.76245],[-1.3144,54.76334],[-1.31574,54.76424],[-1.31588,54.76656],[-1.31724,54.77167],[-1.30234,54.77225],[-1.29747,54.76621]]]}},{"type":"Feature","properties":{"lsoa_code":"E01020768","lsoa_name":"County Durham 036D","data":{"2015":{"imd_decile":8,"imd":31.744,"income_decile":8,"income":0.193,"employment_decile":10,"employment":0.233,"health_decile":10,"health":1.211,"education_decile":8,"education":31.237,"crime_decile":6,"crime":0.209,"barriers_decile":2,"barriers":11.436,"living_env_decile":1,"living_env":3.667},"2019":{"imd_decile":9,"imd":33.482,"income_decile":8,"income":0.18,"employment_decile":9,"employment":0.195,"health_decile":10,"health":1.319,"education_decile":8,"education":31.663,"crime_decile":8,"crime":0.538,"barriers_decile":2,"barriers":8.981,"living_env_decile":1,"living_env":3.231},"2025":{"imd_decile":9,"imd":36.07,"income_decile":8,"income":0.326,"employment_decile":9,"employment":0.251,"health_decile":10,"health":1.326,"education_decile":9,"education":38.862,"crime_decile":9,"crime":0.768,"barriers_decile":2,"barriers":11.032,"living_env_decile":5,"living_env":16.579},"2004":{"imd":37.78,"income":0.143383978381318,"employment":0.269088258200626,"health":1.72564700483709,"education":38.3533110699821,"barriers":11.525634471341,"crime":-0.28,"living_env":8.3,"imd_decile":9,"income_decile":7,"employment_decile":10,"health_decile":10,"education_decile":9,"barriers_decile":2,"crime_decile":4,"living_env_decile":3},"2007":{"imd":36.6652030944824,"income":0.158210605382919,"employment":0.255865335464478,"health":1.54351297931092,"education":37.982292175293,"barriers":5.36181159854857,"crime":-0.151141375303268,"living_env":5.04655027389526,"imd_decile":9,"income_decile":7,"employment_decile":10,"health_decile":10,"education_decile":9,"barriers_decile":1,"crime_decile":5,"living_env_decile":2}}},"geometry":{"type":"Polygon","coordinates":[[[-1.2959,54.75861],[-1.30268,54.75784],[-1.30976,54.75752],[-1.31444,54.75888],[-1.30862,54.7586],[-1.30868,54.76009],[-1.31042,54.76115],[-1.30624,54.76396],[-1.2959,54.75861]]]}},{"type":"Feature","properties":{"lsoa_code":"E01020769","lsoa_name":"County Durham 037B","data":{"2015":{"imd_decile":8,"imd":30.667,"income_decile":8,"income":0.228,"employment_decile":9,"employment":0.225,"health_decile":9,"health":0.758,"education_decile":7,"education":23.106,"crime_decile":5,"crime":-0.029,"barriers_decile":7,"barriers":24.847,"living_env_decile":1,"living_env":3.18},"2019":{"imd_decile":9,"imd":33.308,"income_decile":9,"income":0.222,"employment_decile":9,"employment":0.187,"health_decile":8,"health":0.72,"education_decile":8,"education":27.093,"crime_decile":9,"crime":0.733,"barriers_decile":6,"barriers":21.649,"living_env_decile":1,"living_env":2.857},"2025":{"imd_decile":8,"imd":32.539,"income_decile":8,"income":0.319,"employment_decile":9,"employment":0.213,"health_decile":10,"health":1.294,"education_decile":8,"education":31.306,"crime_decile":9,"crime":0.766,"barriers_decile":4,"barriers":16.784,"living_env_decile":4,"living_env":10.344},"2004":{"imd":36.59,"income":0.192458271420607,"employment":0.225843955015013,"health":1.40748604837022,"education":30.2589457635421,"barriers":27.0323881152734,"crime":0.3,"living_env":4.15,"imd_decile":9,"income_decile":8,"employment_decile":10,"health_decile":10,"education_decile":8,"barriers_decile":8,"crime_decile":7,"living_env_decile":1},"2007":{"imd":32.4394416809082,"income":0.177980214357376,"employment":0.184486985206604,"health":1.35201889200907,"education":29.5616493225098,"barriers":22.1423344371687,"crime":0.282692432403564,"living_env":6.03424692153931,"imd_decile":8,"income_decile":7,"employment_decile":9,"health_decile":10,"education_decile":8,"barriers_decile":6,"crime_decile":7,"living_env_decile":2}}},"geometry":{"type":"Polygon","coordinates":[[[-1.35816,54.75666],[-1.35614,54.75619],[-1.35344,54.75656],[-1.35268,54.75265],[-1.35624,54.74979],[-1.36315,54.74965],[-1.35917,54.75685],[-1.35816,54.75666]]]}},{"type":"Feature","properties":{"lsoa_code":"E01020770","lsoa_name":"County Durham 035D","data":{"2015":{"imd_decile":8,"imd":29.41,"income_decile":8,"income":0.189,"employment_decile":9,"employment":0.21,"health_decile":9,"health":1.104,"education_decile":8,"education":27.925,"crime_decile":5,"crime":-0.014,"barriers_decile":4,"barriers":17.004,"living_env_decile":2,"living_env":6.03},"2019":{"imd_decile":9,"imd":34.291,"income_decile":9,"income":0.22,"employment_decile":9,"employment":0.196,"health_decile":10,"health":1.147,"education_decile":7,"education":24.203,"crime_decile":8,"crime":0.685,"barriers_decile":3,"barriers":13.228,"living_env_decile":1,"living_env":2.971},"2025":{"imd_decile":9,"imd":35.992,"income_decile":8,"income":0.353,"employment_decile":9,"employment":0.244,"health_decile":10,"health":1.27,"education_decile":8,"education":30.415,"crime_decile":9,"crime":0.977,"barriers_decile":3,"barriers":12.952,"living_env_decile":6,"living_env":18.23},"2004":{"imd":35.54,"income":0.170784404400432,"employment":0.214159698463974,"health":1.56536531658041,"education":34.8833498620048,"barriers":10.65851133922,"crime":0.34,"living_env":13.62,"imd_decile":9,"income_decile":8,"employment_decile":10,"health_decile":10,"education_decile":8,"barriers_decile":2,"crime_decile":7,"living_env_decile":5},"2007":{"imd":36.4280090332031,"income":0.187010735273361,"employment":0.217257469892502,"health":1.48466110253495,"education":40.114128112793,"barriers":6.70947612405239,"crime":0.466717034578323,"living_env":7.41436862945557,"imd_decile":9,"income_decile":7,"employment_decile":10,"health_decile":10,"education_decile":9,"barriers_decile":1,"crime_decile":8,"living_env_decile":3}}},"geometry":{"type":"Polygon","coordinates":[[[-1.35098,54.7518],[-1.35284,54.75435],[-1.3522,54.7567],[-1.35276,54.75857],[-1.34419,54.75908],[-1.34416,54.7563],[-1.34897,54.75318],[-1.35098,54.7518]]]}},{"type":"Feature","properties":{"lsoa_code":"E01020771","lsoa_name":"County Durham 035E","data":{"2015":{"imd_decile":9,"imd":39.711,"income_decile":9,"income":0.267,"employment_decile":10,"employment":0.276,"health_decile":10,"health":1.173,"education_decile":9,"education":44.034,"crime_decile":4,"crime":-0.253,"barriers_decile":6,"barriers":21.548,"living_env_decile":1,"living_env":2.839},"2019":{"imd_decile":9,"imd":38.149,"income_decile":9,"income":0.238,"employment_decile":10,"employment":0.22,"health_decile":9,"health":1.036,"education_decile":9,"education":42.172,"crime_decile":7,"crime":0.277,"barriers_decile":3,"barriers":14.731,"living_env_decile":3,"living_env":8.634},"2025":{"imd_decile":9,"imd":41.562,"income_decile":9,"income":0.396,"employment_decile":10,"employment":0.287,"health_decile":10,"health":1.64,"education_decile":8,"education":33.244,"crime_decile":9,"crime":0.727,"barriers_decile":2,"barriers":11.705,"living_env_decile":6,"living_env":20.222},"2004":{"imd":45.37,"income":0.258827948734753,"employment":0.265844263196884,"health":1.8068829747126,"education":46.5866727782003,"barriers":18.564696431954,"crime":0.34,"living_env":10.72,"imd_decile":10,"income_decile":9,"employment_decile":10,"health_decile":10,"education_decile":9,"barriers_decile":5,"crime_decile":7,"living_env_decile":4},"2007":{"imd":43.5271949768066,"income":0.240303441882133,"employment":0.231850668787956,"health":1.64574725784461,"education":59.6499443054199,"barriers":19.1151774333861,"crime":0.315662264823914,"living_env":5.76464939117432,"imd_decile":9,"income_decile":8,"employment_decile":10,"health_decile":10,"education_decile":10,"barriers_decile":5,"crime_decile":7,"living_env_decile":2}}},"geometry":{"type":"Polygon","coordinates":[[[-1.35231,54.75707],[-1.35527,54.75674],[-1.35639,54.75656],[-1.35917,54.75685],[-1.3566,54.76364],[-1.35138,54.76266],[-1.34761,54.76042],[-1.35353,54.75731],[-1.35231,54.75707]]]}},{"type":"Feature","properties":{"lsoa_code":"E01020772","lsoa_name":"County Durham 043A","data":{"2015":{"imd_decile":6,"imd":20.237,"income_decile":6,"income":0.118,"employment_decile":7,"employment":0.14,"health_decile":8,"health":0.491,"education_decile":4,"education":11.918,"crime_decile":3,"crime":-0.537,"barriers_decile":9,"barriers":33.015,"living_env_decile":4,"living_env":10.821},"2019":{"imd_decile":6,"imd":21.069,"income_decile":6,"income":0.104,"employment_decile":7,"employment":0.115,"health_decile":8,"health":0.479,"education_decile":4,"education":11.219,"crime_decile":6,"crime":0.111,"barriers_decile":9,"barriers":31.599,"living_env_decile":5,"living_env":14.462},"2025":{"imd_decile":7,"imd":23.042,"income_decile":5,"income":0.173,"employment_decile":7,"employment":0.145,"health_decile":7,"health":0.281,"education_decile":5,"education":14.191,"crime_decile":7,"crime":0.293,"barriers_decile":9,"barriers":33.854,"living_env_decile":9,"living_env":36.42},"2004":{"imd":26.58,"income":0.120098615385382,"employment":0.173446752580583,"health":1.17747364923159,"education":15.585736697631,"barriers":27.8668043711828,"crime":-0.39,"living_env":8.23,"imd_decile":7,"income_decile":6,"employment_decile":9,"health_decile":10,"education_decile":5,"barriers_decile":8,"crime_decile":4,"living_env_decile":3},"2007":{"imd":24.2456645965576,"income":0.117784529924393,"employment":0.163827404379845,"health":0.990468096947278,"education":16.2943458557129,"barriers":24.6455965705079,"crime":-0.323840916156769,"living_env":6.93084478378296,"imd_decile":7,"income_decile":6,"employment_decile":9,"health_decile":9,"education_decile":6,"barriers_decile":7,"crime_decile":4,"living_env_decile":2}}},"geometry":{"type":"Polygon","coordinates":[[[-1.31489,54.75254],[-1.31256,54.74793],[-1.30517,54.74303],[-1.29061,54.74196],[-1.28526,54.73435],[-1.28233,54.73211],[-1.2723,54.72561],[-1.27563,54.72547],[-1.28122,54.72301],[-1.28381,54.72158],[-1.29219,54.71859],[-1.29932,54.71913],[-1.3032,54.71789],[-1.30462,54.71664],[-1.30414,54.71264],[-1.30202,54.70902],[-1.30322,54.70567],[-1.30641,54.704],[-1.30932,54.70249],[-1.31284,54.69872],[-1.3127,54.69591],[-1.31975,54.69267],[-1.32755,54.69138],[-1.33302,54.69202],[-1.35188,54.69197],[-1.36898,54.69229],[-1.36756,54.69466],[-1.35959,54.70383],[-1.35644,54.71055],[-1.3532,54.71514],[-1.35295,54.71815],[-1.35521,54.72106],[-1.35829,54.72705],[-1.36508,54.7252],[-1.36618,54.73242],[-1.37593,54.74157],[-1.36239,54.74259],[-1.36047,54.74355],[-1.35736,54.743],[-1.35452,54.74142],[-1.35152,54.74201],[-1.34741,54.74163],[-1.34316,54.74221],[-1.34086,54.74394],[-1.33681,54.74477],[-1.33421,54.74702],[-1.3272,54.74826],[-1.32407,54.75028],[-1.31907,54.75217],[-1.31378,54.75423],[-1.31489,54.75254]]]}},{"type":"Feature","properties":{"lsoa_code":"E01020773","lsoa_name":"County Durham 018E","data":{"2015":{"imd_decile":9,"imd":35.485,"income_decile":9,"income":0.239,"employment_decile":10,"employment":0.258,"health_decile":9,"health":1.162,"education_decile":8,"education":35.102,"crime_decile":6,"crime":0.018,"barriers_decile":4,"barriers":15.872,"living_env_decile":1,"living_env":2.013},"2019":{"imd_decile":9,"imd":39.037,"income_decile":9,"income":0.232,"employment_decile":10,"employment":0.219,"health_decile":9,"health":0.956,"education_decile":9,"education":46.8,"crime_decile":9,"crime":0.837,"barriers_decile":2,"barriers":12.134,"living_env_decile":1,"living_env":1.12},"2025":{"imd_decile":9,"imd":42.877,"income_decile":9,"income":0.367,"employment_decile":10,"employment":0.3,"health_decile":10,"health":1.72,"education_decile":8,"education":32.91,"crime_decile":9,"crime":1.013,"barriers_decile":5,"barriers":18.229,"living_env_decile":3,"living_env":9.617},"2004":{"imd":37.88,"income":0.217255665427742,"employment":0.240064907285698,"health":1.40706003191154,"education":46.2389988317099,"barriers":13.8186450683135,"crime":-0.17,"living_env":5.94,"imd_decile":9,"income_decile":8,"employment_decile":10,"health_decile":10,"education_decile":9,"barriers_decile":3,"crime_decile":5,"living_env_decile":2},"2007":{"imd":40.8526039123535,"income":0.248996034264565,"employment":0.260302692651749,"health":1.51755724118341,"education":43.345832824707,"barriers":10.1167616278654,"crime":-0.101151838898659,"living_env":4.30098867416382,"imd_decile":9,"income_decile":9,"employment_decile":10,"health_decile":10,"education_decile":9,"barriers_decile":2,"crime_decile":5,"living_env_decile":1}}},"geometry":{"type":"Polygon","coordinates":[[[-1.39004,54.8319],[-1.37703,54.8315],[-1.37251,54.82974],[-1.36702,54.82965],[-1.35524,54.83106],[-1.35597,54.82775],[-1.35266,54.82829],[-1.34918,54.82755],[-1.35211,54.82193],[-1.35096,54.81961],[-1.3579,54.81553],[-1.36567,54.81968],[-1.36901,54.81743],[-1.36766,54.81995],[-1.37083,54.82245],[-1.37594,54.8242],[-1.37458,54.82075],[-1.38219,54.81967],[-1.38368,54.82001],[-1.38407,54.82028],[-1.38667,54.82025],[-1.38803,54.8219],[-1.39459,54.82515],[-1.39941,54.8276],[-1.40021,54.83023],[-1.39004,54.8319]]]}},{"type":"Feature","properties":{"lsoa_code":"E01020775","lsoa_name":"County Durham 018F","data":{"2015":{"imd_decile":10,"imd":49.245,"income_decile":10,"income":0.323,"employment_decile":10,"employment":0.315,"health_decile":10,"health":1.751,"education_decile":10,"education":54.849,"crime_decile":3,"crime":-0.572,"barriers_decile":5,"barriers":18.821,"living_env_decile":1,"living_env":1.114},"2019":{"imd_decile":10,"imd":55.123,"income_decile":10,"income":0.296,"employment_decile":10,"employment":0.266,"health_decile":10,"health":1.631,"education_decile":10,"education":71.652,"crime_decile":10,"crime":1.064,"barriers_decile":3,"barriers":14.209,"living_env_decile":1,"living_env":1.159},"2025":{"imd_decile":10,"imd":56.13,"income_decile":10,"income":0.512,"employment_decile":10,"employment":0.342,"health_decile":10,"health":2.347,"education_decile":9,"education":37.743,"crime_decile":10,"crime":1.349,"barriers_decile":6,"barriers":22.215,"living_env_decile":4,"living_env":10.421},"2004":{"imd":51.43,"income":0.318192013134972,"employment":0.324251721019482,"health":1.88002341350289,"education":60.1769236871811,"barriers":13.0345270873264,"crime":-0.19,"living_env":6.86,"imd_decile":10,"income_decile":10,"employment_decile":10,"health_decile":10,"education_decile":10,"barriers_decile":3,"crime_decile":5,"living_env_decile":2},"2007":{"imd":51.8061790466309,"income":0.324385434389114,"employment":0.311203449964523,"health":1.96746087013848,"education":61.8929748535156,"barriers":8.40162810355377,"crime":0.0715623050928116,"living_env":2.35018038749695,"imd_decile":10,"income_decile":9,"employment_decile":10,"health_decile":10,"education_decile":10,"barriers_decile":1,"crime_decile":6,"living_env_decile":1}}},"geometry":{"type":"Polygon","coordinates":[[[-1.39459,54.82515],[-1.38803,54.8219],[-1.38824,54.81887],[-1.39157,54.81689],[-1.39518,54.81722],[-1.39722,54.81727],[-1.39909,54.81813],[-1.40426,54.81789],[-1.40305,54.81915],[-1.39825,54.81989],[-1.40176,54.8206],[-1.40106,54.82375],[-1.39841,54.82499],[-1.39459,54.82515]]]}},{"type":"Feature","properties":{"lsoa_code":"E01020776","lsoa_name":"County Durham 021C","data":{"2015":{"imd_decile":5,"imd":16.91,"income_decile":6,"income":0.118,"employment_decile":8,"employment":0.15,"health_decile":7,"health":0.316,"education_decile":6,"education":20.907,"crime_decile":2,"crime":-0.779,"barriers_decile":2,"barriers":11.65,"living_env_decile":1,"living_env":0.32},"2019":{"imd_decile":5,"imd":16.906,"income_decile":5,"income":0.092,"employment_decile":7,"employment":0.114,"health_decile":6,"health":0.155,"education_decile":7,"education":23.657,"crime_decile":6,"crime":0.218,"barriers_decile":1,"barriers":8.695,"living_env_decile":1,"living_env":0.333},"2025":{"imd_decile":6,"imd":19.234,"income_decile":5,"income":0.17,"employment_decile":7,"employment":0.145,"health_decile":8,"health":0.595,"education_decile":6,"education":20.41,"crime_decile":6,"crime":0.185,"barriers_decile":6,"barriers":20.965,"living_env_decile":3,"living_env":8.125},"2004":{"imd":23.42,"income":0.10926497494052,"employment":0.16840993208311,"health":0.880763333681536,"education":29.0447581432885,"barriers":13.8534590556855,"crime":-0.84,"living_env":4.53,"imd_decile":7,"income_decile":6,"employment_decile":9,"health_decile":9,"education_decile":8,"barriers_decile":3,"crime_decile":2,"living_env_decile":2},"2007":{"imd":20.8673038482666,"income":0.0915002375841141,"employment":0.154077380895615,"health":0.808849852106536,"education":27.6738624572754,"barriers":10.1798104960743,"crime":-0.507302224636078,"living_env":1.98105597496033,"imd_decile":6,"income_decile":5,"employment_decile":9,"health_decile":9,"education_decile":8,"barriers_decile":2,"crime_decile":3,"living_env_decile":1}}},"geometry":{"type":"Polygon","coordinates":[[[-1.40626,54.82386],[-1.402,54.82202],[-1.40109,54.81994],[-1.40288,54.8185],[-1.40437,54.81846],[-1.40128,54.81779],[-1.39802,54.81728],[-1.39655,54.81736],[-1.39317,54.81707],[-1.38837,54.81517],[-1.38805,54.81254],[-1.38837,54.80864],[-1.38509,54.80754],[-1.39738,54.80347],[-1.40174,54.80194],[-1.40834,54.80196],[-1.41138,54.80936],[-1.42291,54.80826],[-1.41922,54.8142],[-1.41437,54.81939],[-1.41301,54.82331],[-1.40626,54.82386]]]}},{"type":"Feature","properties":{"lsoa_code":"E01020777","lsoa_name":"County Durham 037C","data":{"2015":{"imd_decile":10,"imd":49.195,"income_decile":10,"income":0.31,"employment_decile":10,"employment":0.331,"health_decile":10,"health":1.998,"education_decile":9,"education":36.381,"crime_decile":7,"crime":0.326,"barriers_decile":3,"barriers":14.709,"living_env_decile":1,"living_env":2.236},"2019":{"imd_decile":10,"imd":51.689,"income_decile":10,"income":0.321,"employment_decile":10,"employment":0.283,"health_decile":10,"health":1.633,"education_decile":9,"education":42.184,"crime_decile":9,"crime":0.845,"barriers_decile":2,"barriers":9.619,"living_env_decile":1,"living_env":0.781},"2025":{"imd_decile":10,"imd":49.669,"income_decile":10,"income":0.481,"employment_decile":10,"employment":0.346,"health_decile":10,"health":1.468,"education_decile":9,"education":46.213,"crime_decile":10,"crime":1.099,"barriers_decile":2,"barriers":12.274,"living_env_decile":4,"living_env":11.529},"2004":{"imd":50.1,"income":0.283711467684406,"employment":0.312060794589975,"health":2.09317002872096,"education":54.2729761823333,"barriers":9.77927133719687,"crime":0.33,"living_env":5.82,"imd_decile":10,"income_decile":9,"employment_decile":10,"health_decile":10,"education_decile":10,"barriers_decile":2,"crime_decile":7,"living_env_decile":2},"2007":{"imd":47.9929695129395,"income":0.284403443336487,"employment":0.289720982313156,"health":1.90841615249423,"education":49.9438171386719,"barriers":8.10717681865618,"crime":0.41693103313446,"living_env":3.75059866905212,"imd_decile":10,"income_decile":9,"employment_decile":10,"health_decile":10,"education_decile":10,"barriers_decile":1,"crime_decile":7,"living_env_decile":1}}},"geometry":{"type":"Polygon","coordinates":[[[-1.34416,54.7563],[-1.34261,54.75552],[-1.34078,54.75497],[-1.338,54.75498],[-1.33543,54.7517],[-1.33487,54.75016],[-1.33941,54.7505],[-1.3437,54.75052],[-1.34325,54.74878],[-1.34808,54.74873],[-1.34994,54.75132],[-1.34897,54.75318],[-1.34416,54.7563]]]}},{"type":"Feature","properties":{"lsoa_code":"E01020778","lsoa_name":"County Durham 037D","data":{"2015":{"imd_decile":5,"imd":17.171,"income_decile":4,"income":0.089,"employment_decile":8,"employment":0.151,"health_decile":8,"health":0.566,"education_decile":3,"education":6.99,"crime_decile":1,"crime":-1.029,"barriers_decile":8,"barriers":28.785,"living_env_decile":1,"living_env":0.642},"2019":{"imd_decile":5,"imd":16.289,"income_decile":4,"income":0.072,"employment_decile":8,"employment":0.124,"health_decile":8,"health":0.556,"education_decile":3,"education":8.77,"crime_decile":3,"crime":-0.666,"barriers_decile":6,"barriers":22.794,"living_env_decile":1,"living_env":0.664},"2025":{"imd_decile":5,"imd":15.456,"income_decile":4,"income":0.124,"employment_decile":6,"employment":0.13,"health_decile":8,"health":0.573,"education_decile":5,"education":12.686,"crime_decile":6,"crime":0.188,"barriers_decile":6,"barriers":20.343,"living_env_decile":1,"living_env":0.534},"2004":{"imd":20.67,"income":0.0519819674894327,"employment":0.159143462859194,"health":1.05659249804959,"education":14.5268150711459,"barriers":24.3962106261753,"crime":-0.57,"living_env":2.42,"imd_decile":6,"income_decile":3,"employment_decile":9,"health_decile":9,"education_decile":5,"barriers_decile":7,"crime_decile":3,"living_env_decile":1},"2007":{"imd":19.4331893920898,"income":0.0545817315578461,"employment":0.154250741004944,"health":0.775700666744374,"education":13.8219308853149,"barriers":26.7014668111007,"crime":-0.457590073347092,"living_env":1.99725615978241,"imd_decile":6,"income_decile":2,"employment_decile":9,"health_decile":9,"education_decile":5,"barriers_decile":8,"crime_decile":4,"living_env_decile":1}}},"geometry":{"type":"Polygon","coordinates":[[[-1.32688,54.7503],[-1.3272,54.74826],[-1.33421,54.74702],[-1.33681,54.74477],[-1.34086,54.74394],[-1.34316,54.74221],[-1.34741,54.74163],[-1.34817,54.74565],[-1.34812,54.74811],[-1.34444,54.74848],[-1.34329,54.75012],[-1.34146,54.7507],[-1.33785,54.74992],[-1.33145,54.75132],[-1.32688,54.7503]]]}},{"type":"Feature","properties":{"lsoa_code":"E01020779","lsoa_name":"County Durham 037E","data":{"2015":{"imd_decile":3,"imd":8.593,"income_decile":1,"income":0.032,"employment_decile":4,"employment":0.08,"health_decile":7,"health":0.229,"education_decile":2,"education":3.879,"crime_decile":1,"crime":-1.914,"barriers_decile":7,"barriers":26.068,"living_env_decile":1,"living_env":1.182},"2019":{"imd_decile":2,"imd":8.094,"income_decile":1,"income":0.032,"employment_decile":4,"employment":0.06,"health_decile":5,"health":-0.147,"education_decile":2,"education":4.131,"crime_decile":1,"crime":-1.073,"barriers_decile":8,"barriers":29.333,"living_env_decile":1,"living_env":1.186},"2025":{"imd_decile":2,"imd":6.105,"income_decile":1,"income":0.046,"employment_decile":3,"employment":0.067,"health_decile":5,"health":-0.03,"education_decile":2,"education":3.444,"crime_decile":2,"crime":-1.076,"barriers_decile":6,"barriers":21.976,"living_env_decile":1,"living_env":3.541},"2004":{"imd":16.03,"income":0.0230413077240476,"employment":0.126941750705056,"health":0.698423389932406,"education":11.0117479944192,"barriers":30.7230364418158,"crime":-1.07,"living_env":1.17,"imd_decile":5,"income_decile":1,"employment_decile":8,"health_decile":8,"education_decile":4,"barriers_decile":8,"crime_decile":2,"living_env_decile":1},"2007":{"imd":13.2338352203369,"income":0.0149257155135274,"employment":0.105904869735241,"health":0.57278650184005,"education":7.01353359222412,"barriers":27.177931979984,"crime":-0.644745409488678,"living_env":2.35346150398254,"imd_decile":4,"income_decile":1,"employment_decile":7,"health_decile":8,"education_decile":3,"barriers_decile":8,"crime_decile":3,"living_env_decile":1}}},"geometry":{"type":"Polygon","coordinates":[[[-1.34977,54.75053],[-1.34812,54.74811],[-1.34817,54.74565],[-1.35006,54.7421],[-1.35445,54.74218],[-1.35657,54.74214],[-1.35805,54.74263],[-1.3608,54.74281],[-1.36707,54.74427],[-1.36315,54.74965],[-1.35624,54.74979],[-1.35098,54.7518],[-1.34977,54.75053]]]}},{"type":"Feature","properties":{"lsoa_code":"E01020780","lsoa_name":"County Durham 035F","data":{"2015":{"imd_decile":9,"imd":39.096,"income_decile":9,"income":0.245,"employment_decile":10,"employment":0.252,"health_decile":10,"health":1.303,"education_decile":8,"education":33.843,"crime_decile":9,"crime":0.991,"barriers_decile":3,"barriers":13.422,"living_env_decile":2,"living_env":6.028},"2019":{"imd_decile":9,"imd":39.891,"income_decile":9,"income":0.221,"employment_decile":9,"employment":0.196,"health_decile":10,"health":1.253,"education_decile":8,"education":29.217,"crime_decile":10,"crime":1.825,"barriers_decile":1,"barriers":8.884,"living_env_decile":1,"living_env":2.486},"2025":{"imd_decile":9,"imd":35.467,"income_decile":9,"income":0.374,"employment_decile":9,"employment":0.245,"health_decile":9,"health":1.141,"education_decile":8,"education":30.124,"crime_decile":10,"crime":1.192,"barriers_decile":1,"barriers":7.3,"living_env_decile":3,"living_env":8.005},"2004":{"imd":46.57,"income":0.261365736393764,"employment":0.30139297288925,"health":1.88946105387998,"education":41.1885379420582,"barriers":11.2602400848586,"crime":0.43,"living_env":8.39,"imd_decile":10,"income_decile":9,"employment_decile":10,"health_decile":10,"education_decile":9,"barriers_decile":2,"crime_decile":7,"living_env_decile":3},"2007":{"imd":44.673267364502,"income":0.27475368976593,"employment":0.279555320739746,"health":1.76360751813784,"education":33.7831611633301,"barriers":7.93691871514656,"crime":0.485323756933212,"living_env":9.11350917816162,"imd_decile":9,"income_decile":9,"employment_decile":10,"health_decile":10,"education_decile":8,"barriers_decile":1,"crime_decile":8,"living_env_decile":3}}},"geometry":{"type":"Polygon","coordinates":[[[-1.34038,54.76418],[-1.33588,54.76067],[-1.33715,54.75798],[-1.33901,54.7559],[-1.34153,54.75463],[-1.34287,54.75459],[-1.34267,54.75735],[-1.34761,54.76042],[-1.34907,54.76321],[-1.34474,54.76365],[-1.34038,54.76418]]]}},{"type":"Feature","properties":{"lsoa_code":"E01020781","lsoa_name":"County Durham 016B","data":{"2015":{"imd_decile":6,"imd":19.432,"income_decile":6,"income":0.125,"employment_decile":8,"employment":0.146,"health_decile":8,"health":0.608,"education_decile":6,"education":18.926,"crime_decile":3,"crime":-0.505,"barriers_decile":6,"barriers":20.73,"living_env_decile":2,"living_env":5.781},"2019":{"imd_decile":6,"imd":19.916,"income_decile":6,"income":0.108,"employment_decile":8,"employment":0.124,"health_decile":8,"health":0.46,"education_decile":6,"education":18.2,"crime_decile":7,"crime":0.357,"barriers_decile":5,"barriers":18.052,"living_env_decile":1,"living_env":1.718},"2004":{"imd":25.74,"income":0.0945614410745847,"employment":0.171405238700756,"health":1.17601819736224,"education":25.7820634868269,"barriers":18.4908808641322,"crime":-0.26,"living_env":9.58,"imd_decile":7,"income_decile":5,"employment_decile":9,"health_decile":10,"education_decile":7,"barriers_decile":5,"crime_decile":4,"living_env_decile":3},"2007":{"imd":23.3101825714111,"income":0.107623241841793,"employment":0.138966217637062,"health":1.05829460666808,"education":22.4684104919434,"barriers":22.3652600834893,"crime":-0.0172041803598404,"living_env":3.99381470680237,"imd_decile":7,"income_decile":5,"employment_decile":8,"health_decile":9,"education_decile":7,"barriers_decile":6,"crime_decile":5,"living_env_decile":1}}},"geometry":{"type":"Polygon","coordinates":[[[-1.35372,54.84472],[-1.35279,54.84261],[-1.35454,54.84263],[-1.3548,54.8415],[-1.35588,54.84071],[-1.35945,54.8407],[-1.3611,54.83966],[-1.36751,54.83803],[-1.36419,54.84135],[-1.35855,54.8452],[-1.35448,54.8453],[-1.35372,54.84472]]]}},{"type":"Feature","properties":{"lsoa_code":"E01020782","lsoa_name":"County Durham 017D","data":{"2015":{"imd_decile":6,"imd":17.752,"income_decile":5,"income":0.108,"employment_decile":8,"employment":0.144,"health_decile":9,"health":0.915,"education_decile":5,"education":16.045,"crime_decile":2,"crime":-0.838,"barriers_decile":1,"barriers":8.996,"living_env_decile":1,"living_env":2.197},"2019":{"imd_decile":5,"imd":17.573,"income_decile":5,"income":0.091,"employment_decile":8,"employment":0.12,"health_decile":9,"health":0.87,"education_decile":5,"education":13.009,"crime_decile":5,"crime":-0.19,"barriers_decile":1,"barriers":4.31,"living_env_decile":1,"living_env":1.152},"2025":{"imd_decile":6,"imd":18.575,"income_decile":5,"income":0.156,"employment_decile":7,"employment":0.135,"health_decile":10,"health":1.215,"education_decile":5,"education":13.955,"crime_decile":5,"crime":-0.142,"barriers_decile":3,"barriers":14.694,"living_env_decile":2,"living_env":5.612},"2004":{"imd":27.51,"income":0.121992317732267,"employment":0.189782540053451,"health":1.40885389699473,"education":28.6870394202143,"barriers":8.28000793119326,"crime":-0.65,"living_env":2.45,"imd_decile":8,"income_decile":6,"employment_decile":9,"health_decile":10,"education_decile":8,"barriers_decile":1,"crime_decile":3,"living_env_decile":1},"2007":{"imd":25.0359420776367,"income":0.120966091752052,"employment":0.173032447695732,"health":1.37693275337896,"education":20.6216411590576,"barriers":5.87212364869998,"crime":-0.534703373908997,"living_env":2.06333613395691,"imd_decile":7,"income_decile":6,"employment_decile":9,"health_decile":10,"education_decile":7,"barriers_decile":1,"crime_decile":3,"living_env_decile":1}}},"geometry":{"type":"Polygon","coordinates":[[[-1.33389,54.84149],[-1.3349,54.84051],[-1.34063,54.83844],[-1.34542,54.83858],[-1.35034,54.84011],[-1.34818,54.8405],[-1.34576,54.84192],[-1.34329,54.8421],[-1.33927,54.84149],[-1.33445,54.84202],[-1.33389,54.84149]]]}},{"type":"Feature","properties":{"lsoa_code":"E01020783","lsoa_name":"County Durham 017E","data":{"2015":{"imd_decile":7,"imd":21.701,"income_decile":7,"income":0.155,"employment_decile":8,"employment":0.167,"health_decile":8,"health":0.672,"education_decile":6,"education":19.33,"crime_decile":4,"crime":-0.283,"barriers_decile":4,"barriers":16.06,"living_env_decile":2,"living_env":5.457},"2019":{"imd_decile":7,"imd":24.891,"income_decile":8,"income":0.168,"employment_decile":8,"employment":0.139,"health_decile":9,"health":0.89,"education_decile":7,"education":24.164,"crime_decile":5,"crime":-0.065,"barriers_decile":4,"barriers":15.088,"living_env_decile":1,"living_env":2.655},"2025":{"imd_decile":8,"imd":27.333,"income_decile":7,"income":0.271,"employment_decile":8,"employment":0.185,"health_decile":9,"health":1.141,"education_decile":6,"education":20.163,"crime_decile":6,"crime":0.122,"barriers_decile":3,"barriers":13.783,"living_env_decile":8,"living_env":31.341},"2004":{"imd":23.76,"income":0.0839697851957061,"employment":0.154403201808442,"health":1.11435061907944,"education":34.1502701738855,"barriers":11.5895838835613,"crime":-0.62,"living_env":8.56,"imd_decile":7,"income_decile":5,"employment_decile":8,"health_decile":9,"education_decile":8,"barriers_decile":2,"crime_decile":3,"living_env_decile":3},"2007":{"imd":21.734302520752,"income":0.113709107041359,"employment":0.123130537569523,"health":1.07462155308378,"education":26.2621402740479,"barriers":14.52440991237,"crime":-0.382978647947311,"living_env":7.26404142379761,"imd_decile":7,"income_decile":5,"employment_decile":8,"health_decile":9,"education_decile":7,"barriers_decile":3,"crime_decile":4,"living_env_decile":3}}},"geometry":{"type":"Polygon","coordinates":[[[-1.35114,54.84276],[-1.3486,54.83995],[-1.35064,54.8395],[-1.35706,54.83878],[-1.3611,54.83966],[-1.35945,54.8407],[-1.35588,54.84071],[-1.3548,54.8415],[-1.35454,54.84263],[-1.35279,54.84261],[-1.35114,54.84276]]]}},{"type":"Feature","properties":{"lsoa_code":"E01020784","lsoa_name":"County Durham 017F","data":{"2015":{"imd_decile":9,"imd":42.253,"income_decile":9,"income":0.281,"employment_decile":10,"employment":0.287,"health_decile":10,"health":1.617,"education_decile":9,"education":37.051,"crime_decile":6,"crime":0.014,"barriers_decile":3,"barriers":13.026,"living_env_decile":2,"living_env":6.4},"2019":{"imd_decile":9,"imd":42.372,"income_decile":9,"income":0.247,"employment_decile":10,"employment":0.237,"health_decile":10,"health":1.471,"education_decile":9,"education":37.456,"crime_decile":9,"crime":0.824,"barriers_decile":1,"barriers":6.076,"living_env_decile":1,"living_env":4.536},"2025":{"imd_decile":10,"imd":47.793,"income_decile":9,"income":0.395,"employment_decile":10,"employment":0.312,"health_decile":10,"health":1.701,"education_decile":9,"education":38.973,"crime_decile":10,"crime":1.337,"barriers_decile":3,"barriers":12.83,"living_env_decile":8,"living_env":29.204},"2004":{"imd":48.36,"income":0.292478274954891,"employment":0.297470312694722,"health":1.99656987502263,"education":45.842704552412,"barriers":6.47375196357924,"crime":0.27,"living_env":12.46,"imd_decile":10,"income_decile":9,"employment_decile":10,"health_decile":10,"education_decile":9,"barriers_decile":1,"crime_decile":7,"living_env_decile":4},"2007":{"imd":48.6523208618164,"income":0.305426239967346,"employment":0.283548831939697,"health":1.91640514609171,"education":49.4474029541016,"barriers":3.32301232436865,"crime":0.479991018772125,"living_env":7.38994359970093,"imd_decile":10,"income_decile":9,"employment_decile":10,"health_decile":10,"education_decile":9,"barriers_decile":1,"crime_decile":8,"living_env_decile":3}}},"geometry":{"type":"Polygon","coordinates":[[[-1.33588,54.8441],[-1.33202,54.84224],[-1.32882,54.83869],[-1.32226,54.83847],[-1.32348,54.83879],[-1.32698,54.83888],[-1.32471,54.83746],[-1.32693,54.8383],[-1.32937,54.83835],[-1.32624,54.83685],[-1.32604,54.83675],[-1.32528,54.83566],[-1.32461,54.83486],[-1.32559,54.83348],[-1.32598,54.83129],[-1.33151,54.83387],[-1.33289,54.83332],[-1.33819,54.83535],[-1.34488,54.8382],[-1.34499,54.83877],[-1.33394,54.84006],[-1.33462,54.84124],[-1.33502,54.84252],[-1.3369,54.8433],[-1.33588,54.8441]]]}},{"type":"Feature","properties":{"lsoa_code":"E01020786","lsoa_name":"County Durham 016D","data":{"2015":{"imd_decile":2,"imd":7.406,"income_decile":2,"income":0.051,"employment_decile":5,"employment":0.085,"health_decile":5,"health":-0.061,"education_decile":3,"education":6.018,"crime_decile":1,"crime":-1.195,"barriers_decile":4,"barriers":15.638,"living_env_decile":1,"living_env":0.581},"2019":{"imd_decile":2,"imd":6.537,"income_decile":1,"income":0.036,"employment_decile":4,"employment":0.066,"health_decile":5,"health":-0.221,"education_decile":3,"education":6.163,"crime_decile":2,"crime":-1.009,"barriers_decile":4,"barriers":15.458,"living_env_decile":1,"living_env":2.523},"2025":{"imd_decile":2,"imd":7.597,"income_decile":2,"income":0.08,"employment_decile":4,"employment":0.084,"health_decile":5,"health":-0.095,"education_decile":3,"education":6.667,"crime_decile":1,"crime":-1.143,"barriers_decile":5,"barriers":18.514,"living_env_decile":3,"living_env":7.447},"2004":{"imd":13.87,"income":0.0342226674204014,"employment":0.106233043823719,"health":0.538608589246921,"education":12.96712838942,"barriers":25.6301410906565,"crime":-1.09,"living_env":2.69,"imd_decile":5,"income_decile":2,"employment_decile":7,"health_decile":8,"education_decile":5,"barriers_decile":7,"crime_decile":1,"living_env_decile":1},"2007":{"imd":11.9999866485596,"income":0.0399690754711628,"employment":0.089727595448494,"health":0.441944349516428,"education":11.1493625640869,"barriers":24.0844587836661,"crime":-0.7762650847435,"living_env":2.16393971443176,"imd_decile":4,"income_decile":1,"employment_decile":6,"health_decile":7,"education_decile":4,"barriers_decile":7,"crime_decile":2,"living_env_decile":1}}},"geometry":{"type":"Polygon","coordinates":[[[-1.36901,54.84768],[-1.36982,54.84451],[-1.37242,54.84421],[-1.3729,54.84114],[-1.37108,54.84004],[-1.37339,54.83673],[-1.37808,54.83436],[-1.38031,54.83199],[-1.39258,54.83263],[-1.39993,54.82962],[-1.39841,54.82499],[-1.40106,54.82375],[-1.40626,54.82386],[-1.41567,54.82635],[-1.41605,54.82943],[-1.42161,54.83809],[-1.41735,54.84101],[-1.41378,54.84177],[-1.41358,54.84486],[-1.40475,54.8455],[-1.39729,54.84645],[-1.39254,54.84568],[-1.38392,54.84815],[-1.36887,54.85763],[-1.36661,54.85603],[-1.36739,54.8508],[-1.36901,54.84768]]]}},{"type":"Feature","properties":{"lsoa_code":"E01020787","lsoa_name":"County Durham 016E","data":{"2015":{"imd_decile":8,"imd":30.949,"income_decile":9,"income":0.231,"employment_decile":9,"employment":0.223,"health_decile":9,"health":0.93,"education_decile":8,"education":27.109,"crime_decile":6,"crime":0.103,"barriers_decile":4,"barriers":15.422,"living_env_decile":2,"living_env":5.106},"2019":{"imd_decile":8,"imd":29.882,"income_decile":9,"income":0.215,"employment_decile":9,"employment":0.186,"health_decile":8,"health":0.666,"education_decile":8,"education":29.456,"crime_decile":6,"crime":0.195,"barriers_decile":1,"barriers":8.029,"living_env_decile":1,"living_env":3.735},"2025":{"imd_decile":9,"imd":33.814,"income_decile":8,"income":0.349,"employment_decile":9,"employment":0.226,"health_decile":10,"health":1.395,"education_decile":8,"education":32.305,"crime_decile":7,"crime":0.255,"barriers_decile":5,"barriers":18.832,"living_env_decile":4,"living_env":12.533},"2004":{"imd":36.36,"income":0.199274736730776,"employment":0.233242468879633,"health":1.39644952138713,"education":46.4075601987928,"barriers":13.8041933682612,"crime":-0.33,"living_env":4.2,"imd_decile":9,"income_decile":8,"employment_decile":10,"health_decile":10,"education_decile":9,"barriers_decile":3,"crime_decile":4,"living_env_decile":1},"2007":{"imd":36.3940200805664,"income":0.214552879333496,"employment":0.196969375014305,"health":1.38077409279306,"education":53.1318054199219,"barriers":17.6218185734503,"crime":-0.183161586523056,"living_env":5.54527425765991,"imd_decile":9,"income_decile":8,"employment_decile":10,"health_decile":10,"education_decile":10,"barriers_decile":5,"crime_decile":5,"living_env_decile":2}}},"geometry":{"type":"Polygon","coordinates":[[[-1.36669,54.84114],[-1.36718,54.83657],[-1.36647,54.83206],[-1.37354,54.83187],[-1.37844,54.83384],[-1.37526,54.83588],[-1.37121,54.83962],[-1.36894,54.83901],[-1.36784,54.84069],[-1.36669,54.84114]]]}},{"type":"Feature","properties":{"lsoa_code":"E01020788","lsoa_name":"County Durham 040A","data":{"2015":{"imd_decile":9,"imd":38.466,"income_decile":8,"income":0.228,"employment_decile":10,"employment":0.246,"health_decile":10,"health":1.555,"education_decile":8,"education":31.59,"crime_decile":9,"crime":0.918,"barriers_decile":3,"barriers":12.612,"living_env_decile":1,"living_env":3.546},"2019":{"imd_decile":9,"imd":37.039,"income_decile":8,"income":0.202,"employment_decile":10,"employment":0.2,"health_decile":9,"health":1.089,"education_decile":8,"education":30.288,"crime_decile":10,"crime":1.488,"barriers_decile":1,"barriers":6.392,"living_env_decile":1,"living_env":2.611},"2025":{"imd_decile":9,"imd":41.473,"income_decile":8,"income":0.36,"employment_decile":9,"employment":0.254,"health_decile":10,"health":1.38,"education_decile":8,"education":34.837,"crime_decile":10,"crime":1.551,"barriers_decile":5,"barriers":19.278,"living_env_decile":6,"living_env":20.767},"2004":{"imd":45.45,"income":0.200990002255253,"employment":0.299040488265105,"health":1.97131980036748,"education":47.4538037627917,"barriers":11.9670236234629,"crime":0.54,"living_env":3.49,"imd_decile":10,"income_decile":8,"employment_decile":10,"health_decile":10,"education_decile":9,"barriers_decile":3,"crime_decile":8,"living_env_decile":1},"2007":{"imd":38.6468772888184,"income":0.219319075345993,"employment":0.246187001466751,"health":1.57252654937469,"education":45.3116035461426,"barriers":4.73692220070152,"crime":-0.419388622045517,"living_env":3.72101712226868,"imd_decile":9,"income_decile":8,"employment_decile":10,"health_decile":10,"education_decile":9,"barriers_decile":1,"crime_decile":4,"living_env_decile":1}}},"geometry":{"type":"Polygon","coordinates":[[[-1.40565,54.75284],[-1.39222,54.75071],[-1.38928,54.75075],[-1.3863,54.74369],[-1.391,54.74116],[-1.39478,54.73925],[-1.40306,54.74602],[-1.40702,54.747],[-1.40956,54.74727],[-1.41014,54.74359],[-1.41351,54.74016],[-1.41716,54.73876],[-1.41966,54.74045],[-1.41916,54.7421],[-1.41637,54.74291],[-1.4172,54.74512],[-1.42178,54.74552],[-1.42733,54.74507],[-1.4236,54.74828],[-1.41634,54.7517],[-1.41584,54.75262],[-1.40565,54.75284]]]}},{"type":"Feature","properties":{"lsoa_code":"E01020789","lsoa_name":"County Durham 040B","data":{"2015":{"imd_decile":8,"imd":30.47,"income_decile":8,"income":0.199,"employment_decile":9,"employment":0.194,"health_decile":10,"health":1.34,"education_decile":8,"education":30.869,"crime_decile":7,"crime":0.337,"barriers_decile":2,"barriers":11.415,"living_env_decile":1,"living_env":2.107},"2019":{"imd_decile":8,"imd":30.568,"income_decile":8,"income":0.194,"employment_decile":9,"employment":0.157,"health_decile":9,"health":0.862,"education_decile":8,"education":31.243,"crime_decile":9,"crime":0.958,"barriers_decile":1,"barriers":8.52,"living_env_decile":1,"living_env":2.048},"2025":{"imd_decile":8,"imd":30.188,"income_decile":7,"income":0.285,"employment_decile":9,"employment":0.213,"health_decile":9,"health":1.145,"education_decile":8,"education":31.072,"crime_decile":7,"crime":0.327,"barriers_decile":6,"barriers":22.299,"living_env_decile":3,"living_env":8.573},"2004":{"imd":45.98,"income":0.215417467952824,"employment":0.271483027684514,"health":1.74420407607538,"education":54.7528393743549,"barriers":17.4354684460203,"crime":0.7,"living_env":11.29,"imd_decile":10,"income_decile":8,"employment_decile":10,"health_decile":10,"education_decile":10,"barriers_decile":4,"crime_decile":8,"living_env_decile":4},"2007":{"imd":40.2376899719238,"income":0.242110252380371,"employment":0.237425655126572,"health":1.57175198265164,"education":47.3022117614746,"barriers":16.8436116795866,"crime":-0.392204105854034,"living_env":6.5005202293396,"imd_decile":9,"income_decile":8,"employment_decile":10,"health_decile":10,"education_decile":9,"barriers_decile":4,"crime_decile":4,"living_env_decile":2}}},"geometry":{"type":"Polygon","coordinates":[[[-1.43141,54.75494],[-1.41634,54.7517],[-1.4236,54.74828],[-1.42733,54.74507],[-1.42423,54.73928],[-1.42228,54.74065],[-1.42298,54.73982],[-1.42297,54.7386],[-1.42265,54.73736],[-1.42431,54.73898],[-1.43008,54.7378],[-1.43211,54.73261],[-1.43752,54.73276],[-1.44496,54.733],[-1.45308,54.73298],[-1.46545,54.73747],[-1.45944,54.74322],[-1.45613,54.74746],[-1.44869,54.74979],[-1.44632,54.75108],[-1.43811,54.74958],[-1.436,54.75003],[-1.4293,54.75157],[-1.43171,54.75345],[-1.43439,54.75432],[-1.43141,54.75494]]]}},{"type":"Feature","properties":{"lsoa_code":"E01020790","lsoa_name":"County Durham 040C","data":{"2015":{"imd_decile":10,"imd":53.825,"income_decile":10,"income":0.348,"employment_decile":10,"employment":0.338,"health_decile":10,"health":1.727,"education_decile":10,"education":53.186,"crime_decile":9,"crime":0.723,"barriers_decile":2,"barriers":10.513,"living_env_decile":1,"living_env":2.87},"2019":{"imd_decile":10,"imd":57.059,"income_decile":10,"income":0.332,"employment_decile":10,"employment":0.277,"health_decile":10,"health":1.641,"education_decile":10,"education":55.409,"crime_decile":10,"crime":1.601,"barriers_decile":1,"barriers":5.78,"living_env_decile":1,"living_env":1.97},"2025":{"imd_decile":9,"imd":39.101,"income_decile":9,"income":0.381,"employment_decile":9,"employment":0.257,"health_decile":10,"health":1.385,"education_decile":8,"education":34.483,"crime_decile":10,"crime":1.145,"barriers_decile":5,"barriers":19.477,"living_env_decile":2,"living_env":4.964},"2004":{"imd":58.78,"income":0.309851087257859,"employment":0.39956605343218,"health":2.36186879080803,"education":69.2292481747663,"barriers":10.6852062037093,"crime":0.67,"living_env":6.9,"imd_decile":10,"income_decile":9,"employment_decile":10,"health_decile":10,"education_decile":10,"barriers_decile":2,"crime_decile":8,"living_env_decile":2},"2007":{"imd":54.1933860778809,"income":0.331897467374802,"employment":0.345808297395706,"health":2.26660114492707,"education":62.9132919311523,"barriers":3.37881594760889,"crime":-0.239289194345474,"living_env":4.15527057647705,"imd_decile":10,"income_decile":9,"employment_decile":10,"health_decile":10,"education_decile":10,"barriers_decile":1,"crime_decile":4,"living_env_decile":1}}},"geometry":{"type":"Polygon","coordinates":[[[-1.4048,54.74746],[-1.39582,54.73998],[-1.39241,54.73835],[-1.39966,54.73077],[-1.39866,54.72551],[-1.40174,54.72199],[-1.40638,54.7258],[-1.41373,54.72729],[-1.42231,54.73088],[-1.43203,54.73538],[-1.42797,54.73764],[-1.42386,54.73886],[-1.42261,54.73783],[-1.4224,54.73844],[-1.42292,54.74023],[-1.4234,54.74041],[-1.4244,54.74195],[-1.42178,54.74552],[-1.4172,54.74512],[-1.41637,54.74291],[-1.41916,54.7421],[-1.41966,54.74045],[-1.41716,54.73876],[-1.41351,54.74016],[-1.41014,54.74359],[-1.40956,54.74727],[-1.40702,54.747],[-1.4048,54.74746]]]}},{"type":"Feature","properties":{"lsoa_code":"E01020791","lsoa_name":"County Durham 040D","data":{"2015":{"imd_decile":8,"imd":32.927,"income_decile":9,"income":0.249,"employment_decile":10,"employment":0.235,"health_decile":10,"health":1.182,"education_decile":8,"education":33.107,"crime_decile":3,"crime":-0.507,"barriers_decile":2,"barriers":11.129,"living_env_decile":1,"living_env":1.109},"2019":{"imd_decile":8,"imd":31.039,"income_decile":9,"income":0.207,"employment_decile":9,"employment":0.184,"health_decile":9,"health":0.969,"education_decile":8,"education":29.696,"crime_decile":7,"crime":0.33,"barriers_decile":1,"barriers":8.498,"living_env_decile":1,"living_env":1.072},"2025":{"imd_decile":9,"imd":36.476,"income_decile":8,"income":0.359,"employment_decile":10,"employment":0.265,"health_decile":10,"health":1.255,"education_decile":8,"education":32.418,"crime_decile":8,"crime":0.576,"barriers_decile":6,"barriers":21.714,"living_env_decile":2,"living_env":6.844},"2004":{"imd":48.68,"income":0.239073277199213,"employment":0.296680340183361,"health":1.81794450477987,"education":69.4768236642694,"barriers":10.7588275457714,"crime":0.4,"living_env":2.74,"imd_decile":10,"income_decile":9,"employment_decile":10,"health_decile":10,"education_decile":10,"barriers_decile":2,"crime_decile":7,"living_env_decile":1},"2007":{"imd":46.1221160888672,"income":0.281989008188248,"employment":0.279477804899216,"health":1.68826297263443,"education":59.9582824707031,"barriers":9.62408841337707,"crime":-0.3078832924366,"living_env":2.18014907836914,"imd_decile":10,"income_decile":9,"employment_decile":10,"health_decile":10,"education_decile":10,"barriers_decile":2,"crime_decile":4,"living_env_decile":1}}},"geometry":{"type":"Polygon","coordinates":[[[-1.43439,54.75432],[-1.43171,54.75345],[-1.4293,54.75157],[-1.436,54.75003],[-1.43811,54.74958],[-1.44632,54.75108],[-1.44312,54.75408],[-1.4328,54.75596],[-1.43439,54.75432]]]}},{"type":"Feature","properties":{"lsoa_code":"E01020792","lsoa_name":"County Durham 040E","data":{"2015":{"imd_decile":9,"imd":36.605,"income_decile":9,"income":0.249,"employment_decile":10,"employment":0.242,"health_decile":9,"health":1.12,"education_decile":8,"education":33.448,"crime_decile":9,"crime":0.888,"barriers_decile":2,"barriers":9.855,"living_env_decile":1,"living_env":3.747},"2019":{"imd_decile":9,"imd":39.947,"income_decile":9,"income":0.223,"employment_decile":10,"employment":0.206,"health_decile":10,"health":1.154,"education_decile":9,"education":36.683,"crime_decile":10,"crime":1.556,"barriers_decile":1,"barriers":5.547,"living_env_decile":1,"living_env":2.661},"2025":{"imd_decile":10,"imd":46.064,"income_decile":9,"income":0.414,"employment_decile":10,"employment":0.272,"health_decile":10,"health":1.45,"education_decile":9,"education":43.202,"crime_decile":10,"crime":1.374,"barriers_decile":7,"barriers":24.08,"living_env_decile":6,"living_env":21.946},"2004":{"imd":45.24,"income":0.235222176647698,"employment":0.273158137845866,"health":1.72024438027479,"education":52.6604353018615,"barriers":15.4442147865002,"crime":0.46,"living_env":9.89,"imd_decile":10,"income_decile":9,"employment_decile":10,"health_decile":10,"education_decile":10,"barriers_decile":4,"crime_decile":7,"living_env_decile":3},"2007":{"imd":43.0582656860352,"income":0.275188595056534,"employment":0.245401695370674,"health":1.56146412836303,"education":53.5888786315918,"barriers":10.9435823781391,"crime":0.153078198432922,"living_env":5.32034683227539,"imd_decile":9,"income_decile":9,"employment_decile":10,"health_decile":10,"education_decile":10,"barriers_decile":2,"crime_decile":6,"living_env_decile":2}}},"geometry":{"type":"Polygon","coordinates":[[[-1.42999,54.73289],[-1.41903,54.73056],[-1.40902,54.72754],[-1.40561,54.7255],[-1.39916,54.72147],[-1.39648,54.71753],[-1.4032,54.71842],[-1.41148,54.71824],[-1.42869,54.71978],[-1.42903,54.72811],[-1.43203,54.73538],[-1.42999,54.73289]]]}},{"type":"Feature","properties":{"lsoa_code":"E01020793","lsoa_name":"County Durham 043B","data":{"2015":{"imd_decile":9,"imd":40.765,"income_decile":9,"income":0.252,"employment_decile":10,"employment":0.276,"health_decile":10,"health":1.678,"education_decile":9,"education":43.425,"crime_decile":5,"crime":-0.042,"barriers_decile":2,"barriers":11.823,"living_env_decile":1,"living_env":1.358},"2019":{"imd_decile":9,"imd":39.861,"income_decile":9,"income":0.228,"employment_decile":10,"employment":0.232,"health_decile":10,"health":1.297,"education_decile":9,"education":37.475,"crime_decile":9,"crime":0.764,"barriers_decile":2,"barriers":9.945,"living_env_decile":1,"living_env":1.02},"2025":{"imd_decile":10,"imd":47.36,"income_decile":10,"income":0.475,"employment_decile":10,"employment":0.321,"health_decile":10,"health":1.475,"education_decile":9,"education":47.368,"crime_decile":8,"crime":0.533,"barriers_decile":5,"barriers":19.508,"living_env_decile":5,"living_env":15.304},"2004":{"imd":50.39,"income":0.253621546974165,"employment":0.321051818575359,"health":2.06805609658895,"education":63.8664367935034,"barriers":15.7384660351512,"crime":-0.11,"living_env":5.66,"imd_decile":10,"income_decile":9,"employment_decile":10,"health_decile":10,"education_decile":10,"barriers_decile":4,"crime_decile":5,"living_env_decile":2},"2007":{"imd":48.6447105407715,"income":0.253052681684494,"employment":0.284064441919327,"health":1.93486525306261,"education":70.8930358886719,"barriers":7.82610091621885,"crime":-0.10845522582531,"living_env":2.35995769500732,"imd_decile":10,"income_decile":9,"employment_decile":10,"health_decile":10,"education_decile":10,"barriers_decile":1,"crime_decile":5,"living_env_decile":1}}},"geometry":{"type":"Polygon","coordinates":[[[-1.38534,54.7373],[-1.38168,54.73687],[-1.3797,54.73558],[-1.37474,54.73571],[-1.37609,54.7352],[-1.37716,54.73456],[-1.37851,54.73334],[-1.37885,54.73252],[-1.37973,54.73242],[-1.38382,54.72978],[-1.38922,54.72798],[-1.39966,54.73077],[-1.39241,54.73835],[-1.38534,54.7373]]]}},{"type":"Feature","properties":{"lsoa_code":"E01020794","lsoa_name":"County Durham 043C","data":{"2015":{"imd_decile":5,"imd":15.183,"income_decile":5,"income":0.101,"employment_decile":7,"employment":0.131,"health_decile":8,"health":0.481,"education_decile":5,"education":13.046,"crime_decile":4,"crime":-0.349,"barriers_decile":2,"barriers":11.301,"living_env_decile":1,"living_env":2.741},"2019":{"imd_decile":5,"imd":16.266,"income_decile":5,"income":0.095,"employment_decile":7,"employment":0.106,"health_decile":7,"health":0.212,"education_decile":5,"education":14.092,"crime_decile":7,"crime":0.379,"barriers_decile":3,"barriers":14.15,"living_env_decile":1,"living_env":1.057},"2025":{"imd_decile":6,"imd":18.052,"income_decile":5,"income":0.178,"employment_decile":6,"employment":0.13,"health_decile":8,"health":0.575,"education_decile":5,"education":13.233,"crime_decile":7,"crime":0.407,"barriers_decile":5,"barriers":19.789,"living_env_decile":3,"living_env":9.255},"2004":{"imd":26.48,"income":0.0896503143902813,"employment":0.18740166882361,"health":1.22957809416317,"education":28.339593507622,"barriers":18.4579339858597,"crime":-0.44,"living_env":4.26,"imd_decile":7,"income_decile":5,"employment_decile":9,"health_decile":10,"education_decile":8,"barriers_decile":5,"crime_decile":4,"living_env_decile":1},"2007":{"imd":25.1737289428711,"income":0.116620101034641,"employment":0.170438379049301,"health":1.20833829952991,"education":26.1520824432373,"barriers":13.0054439804601,"crime":-0.486380517482758,"living_env":3.4476490020752,"imd_decile":7,"income_decile":6,"employment_decile":9,"health_decile":10,"education_decile":7,"barriers_decile":3,"crime_decile":3,"living_env_decile":1}}},"geometry":{"type":"Polygon","coordinates":[[[-1.37593,54.74157],[-1.37153,54.7361],[-1.37254,54.73228],[-1.37176,54.72982],[-1.37553,54.72752],[-1.38057,54.72716],[-1.38219,54.72833],[-1.37911,54.73249],[-1.37882,54.73225],[-1.37638,54.73365],[-1.37703,54.73488],[-1.37612,54.73553],[-1.37836,54.73588],[-1.3807,54.73643],[-1.38234,54.73729],[-1.38527,54.73766],[-1.3929,54.7406],[-1.38788,54.74332],[-1.37993,54.74182],[-1.37593,54.74157]]]}},{"type":"Feature","properties":{"lsoa_code":"E01020795","lsoa_name":"County Durham 043D","data":{"2015":{"imd_decile":9,"imd":36.436,"income_decile":8,"income":0.202,"employment_decile":9,"employment":0.211,"health_decile":10,"health":1.32,"education_decile":8,"education":34.955,"crime_decile":10,"crime":1.322,"barriers_decile":2,"barriers":9.606,"living_env_decile":3,"living_env":8.701},"2019":{"imd_decile":9,"imd":42.161,"income_decile":9,"income":0.224,"employment_decile":10,"employment":0.202,"health_decile":10,"health":1.293,"education_decile":8,"education":32.514,"crime_decile":10,"crime":2.098,"barriers_decile":1,"barriers":6.892,"living_env_decile":2,"living_env":7.002},"2025":{"imd_decile":9,"imd":39.977,"income_decile":9,"income":0.374,"employment_decile":9,"employment":0.236,"health_decile":10,"health":1.331,"education_decile":9,"education":36.122,"crime_decile":10,"crime":1.302,"barriers_decile":6,"barriers":21.22,"living_env_decile":6,"living_env":20.772},"2004":{"imd":52.64,"income":0.277657951719675,"employment":0.32392185790363,"health":2.14957273755451,"education":55.6067182035161,"barriers":16.5888438774992,"crime":0.52,"living_env":10.96,"imd_decile":10,"income_decile":9,"employment_decile":10,"health_decile":10,"education_decile":10,"barriers_decile":4,"crime_decile":8,"living_env_decile":4},"2007":{"imd":51.9028701782227,"income":0.313362896442413,"employment":0.297647774219513,"health":2.10264912394932,"education":56.9324798583984,"barriers":10.957017305693,"crime":0.415894210338593,"living_env":6.83283138275147,"imd_decile":10,"income_decile":9,"employment_decile":10,"health_decile":10,"education_decile":10,"barriers_decile":2,"crime_decile":7,"living_env_decile":2}}},"geometry":{"type":"Polygon","coordinates":[[[-1.36489,54.72939],[-1.36259,54.72585],[-1.3568,54.72693],[-1.35289,54.7188],[-1.35134,54.71604],[-1.35381,54.71478],[-1.35625,54.7087],[-1.35718,54.70105],[-1.36775,54.69314],[-1.37261,54.69218],[-1.37362,54.69035],[-1.37931,54.68744],[-1.38604,54.68341],[-1.38962,54.68291],[-1.39768,54.6881],[-1.39967,54.69214],[-1.39948,54.69666],[-1.40016,54.7005],[-1.39651,54.70203],[-1.39566,54.70392],[-1.40051,54.71088],[-1.39814,54.71717],[-1.39971,54.72079],[-1.39866,54.72551],[-1.38629,54.72891],[-1.38445,54.73091],[-1.37911,54.73249],[-1.38219,54.72833],[-1.38057,54.72716],[-1.37553,54.72752],[-1.37176,54.72982],[-1.37254,54.73228],[-1.37153,54.7361],[-1.36489,54.72939]]]}},{"type":"Feature","properties":{"lsoa_code":"E01020796","lsoa_name":"County Durham 054A","data":{"2015":{"imd_decile":4,"imd":11.167,"income_decile":4,"income":0.081,"employment_decile":5,"employment":0.085,"health_decile":8,"health":0.519,"education_decile":2,"education":4.288,"crime_decile":3,"crime":-0.625,"barriers_decile":5,"barriers":18.949,"living_env_decile":1,"living_env":1.443},"2019":{"imd_decile":4,"imd":11.356,"income_decile":5,"income":0.085,"employment_decile":5,"employment":0.071,"health_decile":8,"health":0.489,"education_decile":2,"education":4.989,"crime_decile":4,"crime":-0.365,"barriers_decile":2,"barriers":10.246,"living_env_decile":1,"living_env":1.506},"2025":{"imd_decile":5,"imd":16.309,"income_decile":4,"income":0.132,"employment_decile":5,"employment":0.106,"health_decile":7,"health":0.315,"education_decile":2,"education":5.388,"crime_decile":3,"crime":-0.582,"barriers_decile":10,"barriers":37.581,"living_env_decile":6,"living_env":18.572},"2004":{"imd":12.99,"income":0.0819447959773921,"employment":0.0954257915091271,"health":0.409716345921698,"education":14.6556467253573,"barriers":4.85571145220954,"crime":-0.86,"living_env":2.71,"imd_decile":4,"income_decile":5,"employment_decile":6,"health_decile":7,"education_decile":5,"barriers_decile":1,"crime_decile":2,"living_env_decile":1},"2007":{"imd":11.3685789108276,"income":0.0660967826843262,"employment":0.0923158153891563,"health":0.474566200967521,"education":10.0460052490234,"barriers":11.4660661926602,"crime":-1.01833951473236,"living_env":1.73884451389313,"imd_decile":4,"income_decile":3,"employment_decile":6,"health_decile":7,"education_decile":4,"barriers_decile":2,"crime_decile":2,"living_env_decile":1}}},"geometry":{"type":"Polygon","coordinates":[[[-1.48252,54.69747],[-1.46307,54.6763],[-1.45658,54.671],[-1.46115,54.66646],[-1.46642,54.66484],[-1.47275,54.66704],[-1.47798,54.66914],[-1.48598,54.66576],[-1.48583,54.664],[-1.4899,54.66036],[-1.49525,54.66509],[-1.50156,54.66794],[-1.51164,54.6684],[-1.52606,54.67489],[-1.52434,54.67678],[-1.52043,54.67808],[-1.51675,54.68024],[-1.52169,54.68458],[-1.51482,54.68766],[-1.50931,54.68735],[-1.50167,54.69172],[-1.48958,54.69482],[-1.48252,54.69747]]]}},{"type":"Feature","properties":{"lsoa_code":"E01020797","lsoa_name":"County Durham 050A","data":{"2015":{"imd_decile":9,"imd":40.043,"income_decile":9,"income":0.283,"employment_decile":10,"employment":0.256,"health_decile":10,"health":1.464,"education_decile":8,"education":35.553,"crime_decile":8,"crime":0.506,"barriers_decile":3,"barriers":13.959,"living_env_decile":1,"living_env":2.548},"2019":{"imd_decile":9,"imd":38.565,"income_decile":9,"income":0.255,"employment_decile":10,"employment":0.217,"health_decile":10,"health":1.399,"education_decile":8,"education":29.631,"crime_decile":8,"crime":0.463,"barriers_decile":2,"barriers":9.706,"living_env_decile":1,"living_env":1.463},"2025":{"imd_decile":9,"imd":44.911,"income_decile":9,"income":0.418,"employment_decile":10,"employment":0.306,"health_decile":10,"health":1.693,"education_decile":7,"education":24.031,"crime_decile":9,"crime":0.81,"barriers_decile":8,"barriers":27.287,"living_env_decile":5,"living_env":16.599},"2004":{"imd":37.34,"income":0.221920965772209,"employment":0.243296151791765,"health":1.20349970889861,"education":45.3147796825407,"barriers":14.9569530881573,"crime":0.04,"living_env":4.04,"imd_decile":9,"income_decile":8,"employment_decile":10,"health_decile":10,"education_decile":9,"barriers_decile":4,"crime_decile":6,"living_env_decile":1},"2007":{"imd":39.6710243225098,"income":0.262544572353363,"employment":0.227495118975639,"health":1.31901959767458,"education":49.9839515686035,"barriers":11.1623686619156,"crime":0.340242803096771,"living_env":4.07836055755615,"imd_decile":9,"income_decile":9,"employment_decile":10,"health_decile":10,"education_decile":10,"barriers_decile":2,"crime_decile":7,"living_env_decile":1}}},"geometry":{"type":"Polygon","coordinates":[[[-1.51905,54.71367],[-1.52226,54.70892],[-1.51968,54.70793],[-1.51676,54.70775],[-1.51521,54.70756],[-1.51161,54.70715],[-1.50759,54.70829],[-1.50233,54.70773],[-1.49381,54.70806],[-1.48446,54.69619],[-1.49815,54.69327],[-1.5066,54.69142],[-1.51046,54.68754],[-1.51473,54.68683],[-1.52736,54.68508],[-1.53081,54.68412],[-1.53466,54.70483],[-1.53604,54.71085],[-1.53432,54.71337],[-1.52906,54.71403],[-1.51905,54.71367]]]}},{"type":"Feature","properties":{"lsoa_code":"E01020798","lsoa_name":"County Durham 050B","data":{"2015":{"imd_decile":9,"imd":39.409,"income_decile":9,"income":0.261,"employment_decile":10,"employment":0.251,"health_decile":10,"health":1.529,"education_decile":8,"education":31.41,"crime_decile":6,"crime":0.188,"barriers_decile":7,"barriers":25.095,"living_env_decile":1,"living_env":2.782},"2019":{"imd_decile":9,"imd":41.826,"income_decile":9,"income":0.258,"employment_decile":10,"employment":0.239,"health_decile":10,"health":1.384,"education_decile":8,"education":35.323,"crime_decile":7,"crime":0.421,"barriers_decile":5,"barriers":18.262,"living_env_decile":1,"living_env":0.586},"2025":{"imd_decile":10,"imd":52.27,"income_decile":10,"income":0.527,"employment_decile":10,"employment":0.348,"health_decile":10,"health":1.869,"education_decile":9,"education":36.267,"crime_decile":7,"crime":0.367,"barriers_decile":8,"barriers":28.186,"living_env_decile":3,"living_env":7.106},"2004":{"imd":39.36,"income":0.209556220545368,"employment":0.263886920138107,"health":1.5209156461412,"education":44.3216175436073,"barriers":10.8594283208257,"crime":0.06,"living_env":2.48,"imd_decile":9,"income_decile":8,"employment_decile":10,"health_decile":10,"education_decile":9,"barriers_decile":2,"crime_decile":6,"living_env_decile":1},"2007":{"imd":38.4972229003906,"income":0.262913197278976,"employment":0.227792769670486,"health":1.5269414461411,"education":42.3498039245606,"barriers":11.6302710226819,"crime":-0.261017948389053,"living_env":0.966248273849487,"imd_decile":9,"income_decile":9,"employment_decile":10,"health_decile":10,"education_decile":9,"barriers_decile":2,"crime_decile":4,"living_env_decile":1}}},"geometry":{"type":"Polygon","coordinates":[[[-1.53722,54.68569],[-1.54008,54.68418],[-1.54298,54.68457],[-1.54605,54.68564],[-1.5467,54.68729],[-1.54619,54.68967],[-1.54513,54.69122],[-1.54134,54.69231],[-1.53775,54.68787],[-1.53722,54.68569]]]}},{"type":"Feature","properties":{"lsoa_code":"E01020799","lsoa_name":"County Durham 050C","data":{"2015":{"imd_decile":8,"imd":27.524,"income_decile":8,"income":0.224,"employment_decile":9,"employment":0.181,"health_decile":9,"health":0.766,"education_decile":8,"education":31.588,"crime_decile":6,"crime":0.206,"barriers_decile":1,"barriers":7.484,"living_env_decile":1,"living_env":4.398},"2019":{"imd_decile":8,"imd":28.531,"income_decile":9,"income":0.219,"employment_decile":8,"employment":0.14,"health_decile":9,"health":0.854,"education_decile":7,"education":26.705,"crime_decile":8,"crime":0.661,"barriers_decile":1,"barriers":5.164,"living_env_decile":1,"living_env":1.033},"2025":{"imd_decile":9,"imd":36.23,"income_decile":8,"income":0.354,"employment_decile":9,"employment":0.228,"health_decile":9,"health":1.158,"education_decile":9,"education":38.652,"crime_decile":8,"crime":0.693,"barriers_decile":5,"barriers":18.433,"living_env_decile":7,"living_env":27.057},"2004":{"imd":29.14,"income":0.194245156122525,"employment":0.177091495435546,"health":0.904479276591968,"education":39.9950737507324,"barriers":5.74054860829282,"crime":-0.01,"living_env":4.27,"imd_decile":8,"income_decile":8,"employment_decile":9,"health_decile":9,"education_decile":9,"barriers_decile":1,"crime_decile":5,"living_env_decile":1},"2007":{"imd":29.2244625091553,"income":0.180620759725571,"employment":0.16643513739109,"health":0.918581933706411,"education":49.8485870361328,"barriers":10.1032380488274,"crime":-0.0290610492229462,"living_env":2.74468183517456,"imd_decile":8,"income_decile":7,"employment_decile":9,"health_decile":9,"education_decile":9,"barriers_decile":2,"crime_decile":5,"living_env_decile":1}}},"geometry":{"type":"Polygon","coordinates":[[[-1.54809,54.68602],[-1.54639,54.68433],[-1.5518,54.68457],[-1.55134,54.68487],[-1.55321,54.68906],[-1.55028,54.69004],[-1.54397,54.69175],[-1.5451,54.69078],[-1.54538,54.68876],[-1.54682,54.68725],[-1.54809,54.68602]]]}},{"type":"Feature","properties":{"lsoa_code":"E01020801","lsoa_name":"County Durham 059A","data":{"2015":{"imd_decile":7,"imd":25.831,"income_decile":8,"income":0.182,"employment_decile":8,"employment":0.16,"health_decile":8,"health":0.749,"education_decile":6,"education":16.788,"crime_decile":9,"crime":0.883,"barriers_decile":1,"barriers":7.769,"living_env_decile":5,"living_env":16.028},"2019":{"imd_decile":8,"imd":26.764,"income_decile":8,"income":0.194,"employment_decile":8,"employment":0.14,"health_decile":7,"health":0.336,"education_decile":6,"education":18.946,"crime_decile":9,"crime":1.006,"barriers_decile":1,"barriers":4.242,"living_env_decile":5,"living_env":15.835},"2025":{"imd_decile":9,"imd":38.985,"income_decile":8,"income":0.299,"employment_decile":9,"employment":0.225,"health_decile":9,"health":0.774,"education_decile":8,"education":35.793,"crime_decile":10,"crime":1.318,"barriers_decile":7,"barriers":23.633,"living_env_decile":10,"living_env":51.929},"2004":{"imd":22.44,"income":0.0880719715335363,"employment":0.124238305397591,"health":0.732227773769968,"education":29.7868025295451,"barriers":7.74961683095189,"crime":0.4,"living_env":21.11,"imd_decile":7,"income_decile":5,"employment_decile":8,"health_decile":8,"education_decile":8,"barriers_decile":1,"crime_decile":7,"living_env_decile":6},"2007":{"imd":20.8125038146973,"income":0.128421247005463,"employment":0.111210495233536,"health":0.775045588818559,"education":27.491096496582,"barriers":8.37086401794857,"crime":0.127706289291382,"living_env":9.95620441436768,"imd_decile":6,"income_decile":6,"employment_decile":7,"health_decile":9,"education_decile":8,"barriers_decile":1,"crime_decile":6,"living_env_decile":4}}},"geometry":{"type":"Polygon","coordinates":[[[-1.64928,54.63051],[-1.64694,54.63052],[-1.64217,54.63092],[-1.63975,54.6283],[-1.64425,54.62762],[-1.6475,54.62651],[-1.64586,54.62609],[-1.64692,54.62606],[-1.64918,54.6259],[-1.6546,54.62997],[-1.65388,54.63178],[-1.65208,54.63316],[-1.6519,54.63187],[-1.64928,54.63051]]]}},{"type":"Feature","properties":{"lsoa_code":"E01020802","lsoa_name":"County Durham 059B","data":{"2015":{"imd_decile":9,"imd":39.954,"income_decile":9,"income":0.25,"employment_decile":10,"employment":0.232,"health_decile":10,"health":1.738,"education_decile":7,"education":26.668,"crime_decile":9,"crime":0.928,"barriers_decile":2,"barriers":9.659,"living_env_decile":6,"living_env":18.016},"2019":{"imd_decile":9,"imd":40.868,"income_decile":9,"income":0.257,"employment_decile":9,"employment":0.193,"health_decile":10,"health":1.48,"education_decile":8,"education":30.07,"crime_decile":10,"crime":1.038,"barriers_decile":1,"barriers":7.736,"living_env_decile":5,"living_env":17.468},"2025":{"imd_decile":10,"imd":49.022,"income_decile":9,"income":0.387,"employment_decile":10,"employment":0.291,"health_decile":10,"health":2.0,"education_decile":9,"education":39.851,"crime_decile":10,"crime":1.291,"barriers_decile":7,"barriers":23.637,"living_env_decile":7,"living_env":25.94},"2004":{"imd":38.71,"income":0.209001457665056,"employment":0.225358044229999,"health":1.54653823800017,"education":32.0563881644781,"barriers":8.81803440506422,"crime":0.64,"living_env":23.85,"imd_decile":9,"income_decile":8,"employment_decile":10,"health_decile":10,"education_decile":8,"barriers_decile":2,"crime_decile":8,"living_env_decile":7},"2007":{"imd":40.499324798584,"income":0.266554236412048,"employment":0.222994789481163,"health":1.62820008999067,"education":32.4952812194824,"barriers":9.80625133158241,"crime":0.546784400939941,"living_env":15.2027015686035,"imd_decile":9,"income_decile":9,"employment_decile":10,"health_decile":10,"education_decile":8,"barriers_decile":2,"crime_decile":8,"living_env_decile":5}}},"geometry":{"type":"Polygon","coordinates":[[[-1.65893,54.64306],[-1.65533,54.63319],[-1.65388,54.63178],[-1.6546,54.62997],[-1.64918,54.6259],[-1.64692,54.62606],[-1.64586,54.62609],[-1.6475,54.62651],[-1.64425,54.62762],[-1.63975,54.6283],[-1.63637,54.62606],[-1.63821,54.62579],[-1.64265,54.62431],[-1.6382,54.62067],[-1.64163,54.61937],[-1.65323,54.61696],[-1.66228,54.61586],[-1.6729,54.61744],[-1.68281,54.61913],[-1.68477,54.63606],[-1.68109,54.63527],[-1.68125,54.6375],[-1.6797,54.63847],[-1.67779,54.63898],[-1.68098,54.64022],[-1.6766,54.64151],[-1.66626,54.64471],[-1.65894,54.6441],[-1.65893,54.64306]]]}},{"type":"Feature","properties":{"lsoa_code":"E01020803","lsoa_name":"County Durham 053B","data":{"2015":{"imd_decile":6,"imd":19.068,"income_decile":6,"income":0.133,"employment_decile":8,"employment":0.145,"health_decile":7,"health":0.4,"education_decile":6,"education":16.486,"crime_decile":6,"crime":0.036,"barriers_decile":4,"barriers":17.261,"living_env_decile":3,"living_env":7.63},"2019":{"imd_decile":6,"imd":19.26,"income_decile":7,"income":0.126,"employment_decile":7,"employment":0.115,"health_decile":7,"health":0.338,"education_decile":7,"education":21.93,"crime_decile":7,"crime":0.29,"barriers_decile":2,"barriers":9.349,"living_env_decile":1,"living_env":4.618},"2004":{"imd":21.24,"income":0.126689820463252,"employment":0.126514642564386,"health":0.47529959903839,"education":31.5152480752,"barriers":11.6841763867239,"crime":-0.54,"living_env":14.31,"imd_decile":7,"income_decile":6,"employment_decile":8,"health_decile":8,"education_decile":8,"barriers_decile":2,"crime_decile":3,"living_env_decile":5},"2007":{"imd":24.2858848571777,"income":0.165410101413727,"employment":0.152181684970856,"health":0.610036466666318,"education":27.5811939239502,"barriers":13.8093921613813,"crime":0.031888410449028,"living_env":8.49107551574707,"imd_decile":7,"income_decile":7,"employment_decile":9,"health_decile":8,"education_decile":8,"barriers_decile":3,"crime_decile":6,"living_env_decile":3}}},"geometry":{"type":"Polygon","coordinates":[[[-1.5351,54.6651],[-1.52107,54.6616],[-1.53336,54.65476],[-1.53672,54.65307],[-1.54025,54.64995],[-1.53853,54.64582],[-1.54263,54.63858],[-1.54734,54.63838],[-1.55222,54.63652],[-1.55334,54.63572],[-1.55661,54.63415],[-1.5605,54.64068],[-1.57161,54.64642],[-1.58986,54.63853],[-1.60104,54.64184],[-1.61144,54.64366],[-1.60954,54.65791],[-1.5997,54.65747],[-1.59334,54.65662],[-1.593,54.65577],[-1.58436,54.65629],[-1.58068,54.65628],[-1.5767,54.65797],[-1.57051,54.65832],[-1.57368,54.66042],[-1.57563,54.66176],[-1.5778,54.66307],[-1.57842,54.66563],[-1.5757,54.66957],[-1.56145,54.67636],[-1.55098,54.67821],[-1.5437,54.67384],[-1.53879,54.66571],[-1.5351,54.6651]],[[-1.56313,54.6627],[-1.56402,54.66128],[-1.55916,54.65883],[-1.55568,54.65806],[-1.54943,54.65715],[-1.55089,54.65912],[-1.54781,54.66022],[-1.54385,54.66141],[-1.54933,54.66241],[-1.55059,54.66384],[-1.55554,54.66345],[-1.55528,54.6622],[-1.55817,54.66176],[-1.5581,54.66353],[-1.56211,54.66435],[-1.56313,54.6627]]]}},{"type":"Feature","properties":{"lsoa_code":"E01020805","lsoa_name":"County Durham 053D","data":{"2015":{"imd_decile":9,"imd":40.975,"income_decile":9,"income":0.287,"employment_decile":10,"employment":0.259,"health_decile":10,"health":1.251,"education_decile":9,"education":47.347,"crime_decile":4,"crime":-0.334,"barriers_decile":7,"barriers":26.181,"living_env_decile":1,"living_env":1.593},"2019":{"imd_decile":9,"imd":38.713,"income_decile":9,"income":0.255,"employment_decile":10,"employment":0.207,"health_decile":10,"health":1.219,"education_decile":9,"education":46.199,"crime_decile":7,"crime":0.258,"barriers_decile":2,"barriers":10.891,"living_env_decile":1,"living_env":1.045},"2025":{"imd_decile":10,"imd":50.538,"income_decile":9,"income":0.439,"employment_decile":10,"employment":0.314,"health_decile":10,"health":1.512,"education_decile":10,"education":50.886,"crime_decile":9,"crime":1.041,"barriers_decile":9,"barriers":34.18,"living_env_decile":3,"living_env":9.134},"2004":{"imd":37.73,"income":0.270556866837466,"employment":0.227152650573691,"health":1.22063156621442,"education":52.9217768886793,"barriers":7.5457167947167,"crime":-0.52,"living_env":2.76,"imd_decile":9,"income_decile":9,"employment_decile":10,"health_decile":10,"education_decile":10,"barriers_decile":1,"crime_decile":3,"living_env_decile":1},"2007":{"imd":43.6498336791992,"income":0.294623136520386,"employment":0.235284999012947,"health":1.59628822445272,"education":59.1228370666504,"barriers":12.7955584440401,"crime":0.0174573063850403,"living_env":2.07548117637634,"imd_decile":9,"income_decile":9,"employment_decile":10,"health_decile":10,"education_decile":10,"barriers_decile":3,"crime_decile":6,"living_env_decile":1}}},"geometry":{"type":"Polygon","coordinates":[[[-1.5581,54.66353],[-1.55817,54.66176],[-1.55528,54.6622],[-1.55554,54.66345],[-1.55059,54.66384],[-1.54933,54.66241],[-1.54385,54.66141],[-1.54781,54.66022],[-1.55089,54.65912],[-1.54943,54.65715],[-1.55568,54.65806],[-1.55916,54.65883],[-1.56402,54.66128],[-1.56313,54.6627],[-1.56131,54.6638],[-1.5581,54.66353]]]}},{"type":"Feature","properties":{"lsoa_code":"E01020806","lsoa_name":"County Durham 049A","data":{"2015":{"imd_decile":9,"imd":35.382,"income_decile":9,"income":0.251,"employment_decile":9,"employment":0.216,"health_decile":9,"health":0.951,"education_decile":8,"education":35.397,"crime_decile":10,"crime":1.067,"barriers_decile":3,"barriers":12.769,"living_env_decile":1,"living_env":3.464},"2019":{"imd_decile":9,"imd":38.16,"income_decile":9,"income":0.238,"employment_decile":9,"employment":0.184,"health_decile":9,"health":0.826,"education_decile":9,"education":44.184,"crime_decile":10,"crime":1.461,"barriers_decile":2,"barriers":9.757,"living_env_decile":1,"living_env":1.178},"2025":{"imd_decile":10,"imd":47.344,"income_decile":9,"income":0.446,"employment_decile":10,"employment":0.284,"health_decile":10,"health":1.685,"education_decile":9,"education":47.277,"crime_decile":10,"crime":1.146,"barriers_decile":6,"barriers":22.157,"living_env_decile":3,"living_env":9.609},"2004":{"imd":33.48,"income":0.228751308859323,"employment":0.194197332230548,"health":1.0696473482673,"education":32.352142460172,"barriers":8.89828789717647,"crime":0.78,"living_env":5.69,"imd_decile":8,"income_decile":9,"employment_decile":9,"health_decile":9,"education_decile":8,"barriers_decile":2,"crime_decile":9,"living_env_decile":2},"2007":{"imd":36.1896171569824,"income":0.247211530804634,"employment":0.189206585288048,"health":1.36060746185846,"education":30.8367309570313,"barriers":9.16591830926731,"crime":1.08152294158936,"living_env":3.49432039260864,"imd_decile":9,"income_decile":8,"employment_decile":9,"health_decile":10,"education_decile":8,"barriers_decile":2,"crime_decile":9,"living_env_decile":1}}},"geometry":{"type":"Polygon","coordinates":[[[-1.58206,54.697],[-1.55933,54.68943],[-1.56475,54.6882],[-1.56743,54.68618],[-1.56389,54.68645],[-1.56253,54.68576],[-1.5621,54.68514],[-1.55722,54.68505],[-1.5558,54.68696],[-1.55326,54.68694],[-1.55233,54.68495],[-1.55125,54.68462],[-1.54762,54.67945],[-1.5597,54.67701],[-1.56888,54.67222],[-1.57457,54.67988],[-1.58149,54.68514],[-1.58088,54.6909],[-1.58206,54.697]]]}},{"type":"Feature","properties":{"lsoa_code":"E01020807","lsoa_name":"County Durham 049B","data":{"2015":{"imd_decile":10,"imd":63.515,"income_decile":10,"income":0.404,"employment_decile":10,"employment":0.388,"health_decile":10,"health":1.662,"education_decile":10,"education":56.168,"crime_decile":10,"crime":1.324,"barriers_decile":3,"barriers":13.34,"living_env_decile":4,"living_env":12.044},"2019":{"imd_decile":10,"imd":65.527,"income_decile":10,"income":0.403,"employment_decile":10,"employment":0.353,"health_decile":10,"health":1.66,"education_decile":10,"education":54.629,"crime_decile":10,"crime":1.576,"barriers_decile":1,"barriers":7.055,"living_env_decile":3,"living_env":8.645},"2025":{"imd_decile":10,"imd":75.567,"income_decile":10,"income":0.614,"employment_decile":10,"employment":0.475,"health_decile":10,"health":2.034,"education_decile":10,"education":61.111,"crime_decile":10,"crime":2.691,"barriers_decile":3,"barriers":14.583,"living_env_decile":10,"living_env":51.708},"2004":{"imd":44.14,"income":0.293929209510268,"employment":0.245116557275209,"health":1.29239578232411,"education":57.1321442672428,"barriers":4.29692079404128,"crime":0.48,"living_env":19.19,"imd_decile":9,"income_decile":9,"employment_decile":10,"health_decile":10,"education_decile":10,"barriers_decile":1,"crime_decile":8,"living_env_decile":6},"2007":{"imd":55.9999313354492,"income":0.377550423145294,"employment":0.305292159318924,"health":1.76640158147719,"education":64.4951248168945,"barriers":7.00125305170882,"crime":0.880555033683777,"living_env":11.5766763687134,"imd_decile":10,"income_decile":10,"employment_decile":10,"health_decile":10,"education_decile":10,"barriers_decile":1,"crime_decile":9,"living_env_decile":4}}},"geometry":{"type":"Polygon","coordinates":[[[-1.55796,54.68836],[-1.55712,54.68708],[-1.55948,54.68508],[-1.56181,54.68636],[-1.56367,54.6872],[-1.56596,54.6857],[-1.56775,54.68659],[-1.56248,54.6886],[-1.55694,54.68923],[-1.55796,54.68836]]]}},{"type":"Feature","properties":{"lsoa_code":"E01020808","lsoa_name":"County Durham 050D","data":{"2015":{"imd_decile":7,"imd":26.726,"income_decile":7,"income":0.163,"employment_decile":9,"employment":0.194,"health_decile":9,"health":1.015,"education_decile":7,"education":25.487,"crime_decile":7,"crime":0.399,"barriers_decile":1,"barriers":9.185,"living_env_decile":1,"living_env":4.408},"2019":{"imd_decile":8,"imd":28.764,"income_decile":8,"income":0.169,"employment_decile":9,"employment":0.166,"health_decile":9,"health":1.017,"education_decile":7,"education":22.893,"crime_decile":9,"crime":0.777,"barriers_decile":1,"barriers":6.191,"living_env_decile":1,"living_env":1.465},"2025":{"imd_decile":9,"imd":36.751,"income_decile":8,"income":0.344,"employment_decile":9,"employment":0.22,"health_decile":9,"health":1.077,"education_decile":8,"education":27.776,"crime_decile":10,"crime":1.176,"barriers_decile":7,"barriers":23.696,"living_env_decile":8,"living_env":31.565},"2004":{"imd":24.65,"income":0.133955864543548,"employment":0.159329512121205,"health":0.944247644803507,"education":23.8570863138636,"barriers":7.51926066059603,"crime":0.05,"living_env":10.93,"imd_decile":7,"income_decile":7,"employment_decile":9,"health_decile":9,"education_decile":7,"barriers_decile":1,"crime_decile":6,"living_env_decile":4},"2007":{"imd":26.3326473236084,"income":0.164311975240707,"employment":0.148128896951675,"health":1.0958383000951,"education":26.5248317718506,"barriers":8.94576724486577,"crime":0.367861211299896,"living_env":7.26154756546021,"imd_decile":7,"income_decile":7,"employment_decile":8,"health_decile":9,"education_decile":7,"barriers_decile":2,"crime_decile":7,"living_env_decile":3}}},"geometry":{"type":"Polygon","coordinates":[[[-1.55321,54.68906],[-1.55134,54.68487],[-1.55315,54.68622],[-1.55502,54.68678],[-1.55741,54.68674],[-1.55784,54.6877],[-1.55933,54.68943],[-1.56604,54.70483],[-1.55679,54.70593],[-1.5348,54.70917],[-1.5324,54.6948],[-1.54007,54.69255],[-1.55022,54.69041],[-1.55033,54.68972],[-1.55321,54.68906]]]}},{"type":"Feature","properties":{"lsoa_code":"E01020809","lsoa_name":"County Durham 048A","data":{"2015":{"imd_decile":9,"imd":38.578,"income_decile":9,"income":0.273,"employment_decile":10,"employment":0.266,"health_decile":10,"health":1.399,"education_decile":9,"education":41.413,"crime_decile":4,"crime":-0.354,"barriers_decile":2,"barriers":10.644,"living_env_decile":1,"living_env":0.615},"2019":{"imd_decile":9,"imd":40.406,"income_decile":9,"income":0.208,"employment_decile":10,"employment":0.199,"health_decile":10,"health":1.533,"education_decile":10,"education":52.336,"crime_decile":9,"crime":0.899,"barriers_decile":1,"barriers":5.421,"living_env_decile":1,"living_env":1.365},"2025":{"imd_decile":9,"imd":43.167,"income_decile":9,"income":0.403,"employment_decile":10,"employment":0.302,"health_decile":10,"health":1.463,"education_decile":9,"education":40.885,"crime_decile":8,"crime":0.474,"barriers_decile":8,"barriers":27.213,"living_env_decile":2,"living_env":5.86},"2004":{"imd":40.35,"income":0.257935859341826,"employment":0.246591542092653,"health":1.37755436872733,"education":58.7596275789447,"barriers":7.4389462585095,"crime":-0.51,"living_env":4.62,"imd_decile":9,"income_decile":9,"employment_decile":10,"health_decile":10,"education_decile":10,"barriers_decile":1,"crime_decile":3,"living_env_decile":2},"2007":{"imd":41.9396324157715,"income":0.253199011087418,"employment":0.254888474941254,"health":1.55068493476974,"education":52.4631462097168,"barriers":11.8737251331019,"crime":-0.215292230248451,"living_env":2.63203454017639,"imd_decile":9,"income_decile":9,"employment_decile":10,"health_decile":10,"education_decile":10,"barriers_decile":3,"crime_decile":5,"living_env_decile":1}}},"geometry":{"type":"Polygon","coordinates":[[[-1.43192,54.70092],[-1.42881,54.69888],[-1.42911,54.69716],[-1.42678,54.6977],[-1.42631,54.69691],[-1.42345,54.6944],[-1.42049,54.69837],[-1.41603,54.70039],[-1.39982,54.69716],[-1.39808,54.69349],[-1.3984,54.69026],[-1.38979,54.68387],[-1.40555,54.68276],[-1.41617,54.68664],[-1.42535,54.68808],[-1.42809,54.6899],[-1.43092,54.6926],[-1.43376,54.69325],[-1.44119,54.69421],[-1.44207,54.69788],[-1.43297,54.70036],[-1.43192,54.70092]]]}},{"type":"Feature","properties":{"lsoa_code":"E01020810","lsoa_name":"County Durham 048B","data":{"2015":{"imd_decile":6,"imd":19.982,"income_decile":6,"income":0.132,"employment_decile":8,"employment":0.155,"health_decile":9,"health":0.769,"education_decile":5,"education":15.037,"crime_decile":6,"crime":0.055,"barriers_decile":3,"barriers":12.5,"living_env_decile":1,"living_env":2.997},"2019":{"imd_decile":7,"imd":21.952,"income_decile":7,"income":0.134,"employment_decile":8,"employment":0.132,"health_decile":8,"health":0.727,"education_decile":5,"education":15.399,"crime_decile":8,"crime":0.554,"barriers_decile":1,"barriers":6.559,"living_env_decile":1,"living_env":4.385},"2025":{"imd_decile":8,"imd":27.805,"income_decile":7,"income":0.243,"employment_decile":8,"employment":0.18,"health_decile":9,"health":1.014,"education_decile":6,"education":19.618,"crime_decile":8,"crime":0.505,"barriers_decile":8,"barriers":26.064,"living_env_decile":7,"living_env":23.603},"2004":{"imd":21.09,"income":0.0805618857059001,"employment":0.16601685140987,"health":0.966480279210151,"education":21.9154376484334,"barriers":2.6187866597995,"crime":-0.59,"living_env":4.89,"imd_decile":6,"income_decile":5,"employment_decile":9,"health_decile":9,"education_decile":7,"barriers_decile":1,"crime_decile":3,"living_env_decile":2},"2007":{"imd":20.4902935028076,"income":0.122622713446617,"employment":0.134403198957443,"health":0.870187541174829,"education":21.9921569824219,"barriers":5.54520910810202,"crime":-0.1528250426054,"living_env":2.25913310050964,"imd_decile":6,"income_decile":6,"employment_decile":8,"health_decile":9,"education_decile":7,"barriers_decile":1,"crime_decile":5,"living_env_decile":1}}},"geometry":{"type":"Polygon","coordinates":[[[-1.46618,54.69763],[-1.44839,54.69888],[-1.44127,54.69729],[-1.43739,54.69376],[-1.43189,54.69223],[-1.43005,54.69244],[-1.42899,54.68915],[-1.4228,54.68677],[-1.41106,54.68488],[-1.39941,54.68134],[-1.40418,54.67277],[-1.40785,54.67041],[-1.41144,54.67026],[-1.41638,54.6699],[-1.4216,54.66933],[-1.42655,54.66932],[-1.42968,54.66873],[-1.4321,54.66976],[-1.43938,54.67214],[-1.43876,54.67446],[-1.43963,54.67542],[-1.4425,54.6763],[-1.44884,54.67816],[-1.45348,54.67873],[-1.46196,54.67678],[-1.47197,54.68885],[-1.49381,54.70806],[-1.4789,54.70058],[-1.46618,54.69763]],[[-1.42883,54.68572],[-1.43449,54.6814],[-1.43689,54.68124],[-1.43956,54.68181],[-1.44222,54.683],[-1.4385,54.67932],[-1.43335,54.67824],[-1.43002,54.67752],[-1.42737,54.6845],[-1.42883,54.68572]]]}},{"type":"Feature","properties":{"lsoa_code":"E01020811","lsoa_name":"County Durham 048C","data":{"2015":{"imd_decile":8,"imd":26.754,"income_decile":7,"income":0.169,"employment_decile":9,"employment":0.198,"health_decile":9,"health":1.045,"education_decile":7,"education":25.249,"crime_decile":6,"crime":0.132,"barriers_decile":2,"barriers":12.147,"living_env_decile":1,"living_env":2.74},"2019":{"imd_decile":8,"imd":31.186,"income_decile":9,"income":0.205,"employment_decile":9,"employment":0.185,"health_decile":10,"health":1.287,"education_decile":7,"education":26.198,"crime_decile":5,"crime":-0.063,"barriers_decile":1,"barriers":4.529,"living_env_decile":1,"living_env":1.296},"2025":{"imd_decile":9,"imd":35.338,"income_decile":8,"income":0.344,"employment_decile":9,"employment":0.209,"health_decile":10,"health":1.446,"education_decile":8,"education":28.416,"crime_decile":8,"crime":0.474,"barriers_decile":9,"barriers":30.215,"living_env_decile":4,"living_env":13.634},"2004":{"imd":35.71,"income":0.195306554820974,"employment":0.234805633963888,"health":1.46686083645097,"education":48.4409009121041,"barriers":4.26571178189076,"crime":-0.84,"living_env":2.27,"imd_decile":9,"income_decile":8,"employment_decile":10,"health_decile":10,"education_decile":9,"barriers_decile":1,"crime_decile":2,"living_env_decile":1},"2007":{"imd":32.3959846496582,"income":0.188890248537064,"employment":0.193830728530884,"health":1.41311154736139,"education":41.7558975219727,"barriers":12.5540721194314,"crime":-0.724848628044128,"living_env":1.53394651412964,"imd_decile":8,"income_decile":8,"employment_decile":10,"health_decile":10,"education_decile":9,"barriers_decile":3,"crime_decile":2,"living_env_decile":1}}},"geometry":{"type":"Polygon","coordinates":[[[-1.42689,54.68231],[-1.43165,54.67876],[-1.4364,54.67859],[-1.43807,54.67994],[-1.44081,54.68286],[-1.4383,54.68145],[-1.43622,54.68103],[-1.43381,54.68239],[-1.42737,54.6845],[-1.42689,54.68231]]]}},{"type":"Feature","properties":{"lsoa_code":"E01020812","lsoa_name":"County Durham 048D","data":{"2015":{"imd_decile":6,"imd":19.69,"income_decile":7,"income":0.154,"employment_decile":8,"employment":0.148,"health_decile":8,"health":0.739,"education_decile":5,"education":16.18,"crime_decile":4,"crime":-0.282,"barriers_decile":2,"barriers":11.633,"living_env_decile":1,"living_env":0.511},"2019":{"imd_decile":7,"imd":24.204,"income_decile":7,"income":0.142,"employment_decile":8,"employment":0.144,"health_decile":9,"health":0.907,"education_decile":6,"education":19.037,"crime_decile":8,"crime":0.534,"barriers_decile":1,"barriers":7.447,"living_env_decile":1,"living_env":1.127},"2025":{"imd_decile":7,"imd":25.145,"income_decile":7,"income":0.243,"employment_decile":8,"employment":0.192,"health_decile":9,"health":0.801,"education_decile":6,"education":18.864,"crime_decile":6,"crime":0.077,"barriers_decile":7,"barriers":24.503,"living_env_decile":5,"living_env":15.06},"2004":{"imd":26.92,"income":0.151388093596727,"employment":0.17838890641545,"health":1.12386066730651,"education":23.8768432323223,"barriers":16.5636074939458,"crime":-0.32,"living_env":4.17,"imd_decile":8,"income_decile":7,"employment_decile":9,"health_decile":9,"education_decile":7,"barriers_decile":4,"crime_decile":4,"living_env_decile":1},"2007":{"imd":24.5365734100342,"income":0.152437210083008,"employment":0.154919400811195,"health":1.00101520142667,"education":23.7530708312988,"barriers":18.5990050745628,"crime":-0.451613962650299,"living_env":2.81971216201782,"imd_decile":7,"income_decile":7,"employment_decile":9,"health_decile":9,"education_decile":7,"barriers_decile":5,"crime_decile":4,"living_env_decile":1}}},"geometry":{"type":"Polygon","coordinates":[[[-1.44149,54.71013],[-1.42787,54.70675],[-1.42068,54.70461],[-1.41026,54.70356],[-1.3998,54.70247],[-1.40016,54.7005],[-1.40535,54.69966],[-1.41811,54.70026],[-1.42145,54.69542],[-1.42338,54.6957],[-1.42591,54.69707],[-1.42687,54.69705],[-1.42942,54.69775],[-1.42919,54.69994],[-1.43297,54.70036],[-1.44207,54.69788],[-1.45079,54.70752],[-1.44622,54.70817],[-1.44149,54.71013]]]}},{"type":"Feature","properties":{"lsoa_code":"E01020813","lsoa_name":"County Durham 060A","data":{"2015":{"imd_decile":2,"imd":6.845,"income_decile":1,"income":0.042,"employment_decile":4,"employment":0.069,"health_decile":7,"health":0.22,"education_decile":2,"education":5.119,"crime_decile":1,"crime":-1.468,"barriers_decile":4,"barriers":16.68,"living_env_decile":1,"living_env":1.513},"2019":{"imd_decile":2,"imd":7.972,"income_decile":2,"income":0.044,"employment_decile":4,"employment":0.065,"health_decile":7,"health":0.235,"education_decile":2,"education":5.386,"crime_decile":2,"crime":-0.776,"barriers_decile":3,"barriers":14.299,"living_env_decile":1,"living_env":1.128},"2025":{"imd_decile":3,"imd":8.962,"income_decile":2,"income":0.092,"employment_decile":4,"employment":0.084,"health_decile":6,"health":0.12,"education_decile":3,"education":7.331,"crime_decile":3,"crime":-0.658,"barriers_decile":6,"barriers":21.32,"living_env_decile":1,"living_env":2.351},"2004":{"imd":10.67,"income":0.0356138279703649,"employment":0.0898356886700764,"health":0.348598711861613,"education":6.45195515014223,"barriers":22.4981976536495,"crime":-1.0,"living_env":0.72,"imd_decile":3,"income_decile":2,"employment_decile":6,"health_decile":7,"education_decile":3,"barriers_decile":6,"crime_decile":2,"living_env_decile":1},"2007":{"imd":9.42258167266846,"income":0.0405705161392689,"employment":0.0817702785134316,"health":0.357564984479144,"education":7.99498653411865,"barriers":17.5910600503897,"crime":-1.23670411109924,"living_env":1.04559648036957,"imd_decile":3,"income_decile":1,"employment_decile":5,"health_decile":7,"education_decile":3,"barriers_decile":5,"crime_decile":1,"living_env_decile":1}}},"geometry":{"type":"Polygon","coordinates":[[[-1.58537,54.63037],[-1.58703,54.62962],[-1.58699,54.62838],[-1.58905,54.6277],[-1.59133,54.62755],[-1.59767,54.62416],[-1.6015,54.6234],[-1.6012,54.6245],[-1.6016,54.62667],[-1.60157,54.62973],[-1.59014,54.62933],[-1.58537,54.63037]]]}},{"type":"Feature","properties":{"lsoa_code":"E01020814","lsoa_name":"County Durham 060B","data":{"2015":{"imd_decile":5,"imd":14.85,"income_decile":5,"income":0.112,"employment_decile":6,"employment":0.099,"health_decile":8,"health":0.723,"education_decile":3,"education":8.626,"crime_decile":4,"crime":-0.284,"barriers_decile":4,"barriers":16.87,"living_env_decile":1,"living_env":1.305},"2019":{"imd_decile":6,"imd":18.52,"income_decile":6,"income":0.111,"employment_decile":6,"employment":0.09,"health_decile":9,"health":0.75,"education_decile":4,"education":11.579,"crime_decile":7,"crime":0.343,"barriers_decile":4,"barriers":16.124,"living_env_decile":3,"living_env":10.259},"2025":{"imd_decile":6,"imd":17.477,"income_decile":5,"income":0.168,"employment_decile":6,"employment":0.124,"health_decile":9,"health":0.884,"education_decile":4,"education":10.694,"crime_decile":5,"crime":-0.009,"barriers_decile":6,"barriers":21.957,"living_env_decile":2,"living_env":4.248},"2004":{"imd":16.33,"income":0.098347226839318,"employment":0.091628000135058,"health":0.859401282557317,"education":15.6396562295272,"barriers":14.4858278675015,"crime":-0.52,"living_env":1.64,"imd_decile":5,"income_decile":5,"employment_decile":6,"health_decile":9,"education_decile":5,"barriers_decile":3,"crime_decile":3,"living_env_decile":1},"2007":{"imd":15.4087705612183,"income":0.113722994923592,"employment":0.0905786976218224,"health":0.644112360202129,"education":12.3024520874023,"barriers":17.7523516156091,"crime":-0.383918941020966,"living_env":1.20252704620361,"imd_decile":5,"income_decile":5,"employment_decile":6,"health_decile":8,"education_decile":5,"barriers_decile":5,"crime_decile":4,"living_env_decile":1}}},"geometry":{"type":"Polygon","coordinates":[[[-1.58549,54.63097],[-1.58344,54.62632],[-1.58816,54.62367],[-1.59483,54.62063],[-1.59359,54.62314],[-1.59212,54.62468],[-1.59143,54.62622],[-1.58932,54.62754],[-1.58783,54.62762],[-1.5862,54.6292],[-1.58571,54.62983],[-1.58719,54.63179],[-1.58549,54.63097]]]}},{"type":"Feature","properties":{"lsoa_code":"E01020815","lsoa_name":"County Durham 060C","data":{"2015":{"imd_decile":5,"imd":16.483,"income_decile":6,"income":0.123,"employment_decile":7,"employment":0.121,"health_decile":7,"health":0.436,"education_decile":5,"education":13.06,"crime_decile":4,"crime":-0.41,"barriers_decile":6,"barriers":21.831,"living_env_decile":1,"living_env":0.53},"2019":{"imd_decile":6,"imd":19.104,"income_decile":6,"income":0.117,"employment_decile":7,"employment":0.102,"health_decile":8,"health":0.579,"education_decile":5,"education":15.305,"crime_decile":6,"crime":0.118,"barriers_decile":7,"barriers":23.115,"living_env_decile":1,"living_env":1.465},"2025":{"imd_decile":7,"imd":24.606,"income_decile":7,"income":0.276,"employment_decile":7,"employment":0.161,"health_decile":9,"health":0.811,"education_decile":5,"education":16.471,"crime_decile":8,"crime":0.479,"barriers_decile":8,"barriers":28.273,"living_env_decile":1,"living_env":1.638},"2004":{"imd":23.34,"income":0.140973991864372,"employment":0.16197924996264,"health":0.773770027358709,"education":15.5398884193487,"barriers":23.932776613428,"crime":-0.46,"living_env":1.96,"imd_decile":7,"income_decile":7,"employment_decile":9,"health_decile":9,"education_decile":5,"barriers_decile":7,"crime_decile":4,"living_env_decile":1},"2007":{"imd":19.5632762908936,"income":0.135827481746674,"employment":0.128833115100861,"health":0.655343882670316,"education":13.1385631561279,"barriers":25.3672345616021,"crime":-1.0450621843338,"living_env":2.0208044052124,"imd_decile":6,"income_decile":6,"employment_decile":8,"health_decile":8,"education_decile":5,"barriers_decile":7,"crime_decile":2,"living_env_decile":1}}},"geometry":{"type":"Polygon","coordinates":[[[-1.59269,54.64022],[-1.58464,54.63648],[-1.58826,54.6309],[-1.591,54.62955],[-1.60082,54.62887],[-1.60169,54.6253],[-1.60018,54.62394],[-1.60005,54.62325],[-1.59679,54.6237],[-1.59699,54.62154],[-1.60055,54.62158],[-1.59997,54.61695],[-1.61213,54.61813],[-1.61683,54.6188],[-1.61923,54.6228],[-1.61576,54.63324],[-1.61262,54.63914],[-1.60104,54.64184],[-1.59269,54.64022]]]}},{"type":"Feature","properties":{"lsoa_code":"E01020816","lsoa_name":"County Durham 061A","data":{"2015":{"imd_decile":10,"imd":48.107,"income_decile":10,"income":0.343,"employment_decile":10,"employment":0.289,"health_decile":10,"health":1.329,"education_decile":10,"education":49.934,"crime_decile":6,"crime":0.155,"barriers_decile":8,"barriers":27.035,"living_env_decile":1,"living_env":2.517},"2019":{"imd_decile":10,"imd":53.052,"income_decile":10,"income":0.341,"employment_decile":10,"employment":0.239,"health_decile":10,"health":1.44,"education_decile":10,"education":53.918,"crime_decile":10,"crime":1.202,"barriers_decile":6,"barriers":20.84,"living_env_decile":1,"living_env":1.872},"2025":{"imd_decile":10,"imd":69.536,"income_decile":10,"income":0.659,"employment_decile":10,"employment":0.375,"health_decile":10,"health":1.943,"education_decile":10,"education":62.287,"crime_decile":10,"crime":1.795,"barriers_decile":8,"barriers":27.148,"living_env_decile":3,"living_env":7.89},"2004":{"imd":45.08,"income":0.31738606661527,"employment":0.23555862690326,"health":1.55460881928725,"education":61.0204524659993,"barriers":15.0021327928466,"crime":0.22,"living_env":4.33,"imd_decile":9,"income_decile":10,"employment_decile":10,"health_decile":10,"education_decile":10,"barriers_decile":4,"crime_decile":6,"living_env_decile":1},"2007":{"imd":44.1017684936523,"income":0.338083326816559,"employment":0.233957216143608,"health":1.60185750903327,"education":49.0463027954102,"barriers":14.5101235182405,"crime":0.115189403295517,"living_env":1.87583088874817,"imd_decile":9,"income_decile":10,"employment_decile":10,"health_decile":10,"education_decile":9,"barriers_decile":3,"crime_decile":6,"living_env_decile":1}}},"geometry":{"type":"Polygon","coordinates":[[[-1.59212,54.62365],[-1.59351,54.6218],[-1.59125,54.62188],[-1.59084,54.61943],[-1.59389,54.61552],[-1.59997,54.61695],[-1.60055,54.62158],[-1.59699,54.62154],[-1.59679,54.6237],[-1.59175,54.62798],[-1.59086,54.62569],[-1.59311,54.62422],[-1.59212,54.62365]]]}},{"type":"Feature","properties":{"lsoa_code":"E01020817","lsoa_name":"County Durham 047A","data":{"2015":{"imd_decile":3,"imd":8.809,"income_decile":2,"income":0.055,"employment_decile":5,"employment":0.091,"health_decile":6,"health":0.116,"education_decile":3,"education":8.883,"crime_decile":1,"crime":-1.066,"barriers_decile":4,"barriers":15.262,"living_env_decile":1,"living_env":1.256},"2019":{"imd_decile":2,"imd":8.592,"income_decile":2,"income":0.043,"employment_decile":4,"employment":0.06,"health_decile":7,"health":0.22,"education_decile":4,"education":10.007,"crime_decile":3,"crime":-0.632,"barriers_decile":4,"barriers":16.368,"living_env_decile":1,"living_env":0.734},"2025":{"imd_decile":2,"imd":8.037,"income_decile":1,"income":0.066,"employment_decile":4,"employment":0.086,"health_decile":6,"health":0.055,"education_decile":2,"education":5.899,"crime_decile":3,"crime":-0.612,"barriers_decile":5,"barriers":17.878,"living_env_decile":3,"living_env":7.978},"2004":{"imd":11.08,"income":0.0345666101150564,"employment":0.0838036926452155,"health":0.252886945403615,"education":10.7712126069469,"barriers":19.6885753534813,"crime":-0.13,"living_env":1.53,"imd_decile":4,"income_decile":2,"employment_decile":6,"health_decile":7,"education_decile":4,"barriers_decile":5,"crime_decile":5,"living_env_decile":1},"2007":{"imd":10.5623750686646,"income":0.0499251298606396,"employment":0.0767018124461174,"health":0.249845371140015,"education":13.5581703186035,"barriers":21.2640370458713,"crime":-0.897835612297058,"living_env":1.81197834014893,"imd_decile":3,"income_decile":2,"employment_decile":5,"health_decile":7,"education_decile":5,"barriers_decile":6,"crime_decile":2,"living_env_decile":1}}},"geometry":{"type":"Polygon","coordinates":[[[-1.59767,54.70969],[-1.59695,54.70743],[-1.59733,54.70548],[-1.6012,54.70667],[-1.60365,54.70471],[-1.60675,54.70495],[-1.60717,54.7074],[-1.61118,54.70939],[-1.61094,54.71145],[-1.60849,54.71327],[-1.60401,54.71511],[-1.60005,54.71128],[-1.59767,54.70969]]]}},{"type":"Feature","properties":{"lsoa_code":"E01020818","lsoa_name":"County Durham 047B","data":{"2015":{"imd_decile":7,"imd":25.914,"income_decile":8,"income":0.182,"employment_decile":9,"employment":0.199,"health_decile":9,"health":0.981,"education_decile":6,"education":20.46,"crime_decile":6,"crime":0.057,"barriers_decile":1,"barriers":7.943,"living_env_decile":1,"living_env":2.619},"2019":{"imd_decile":7,"imd":26.348,"income_decile":7,"income":0.157,"employment_decile":9,"employment":0.161,"health_decile":8,"health":0.707,"education_decile":7,"education":23.04,"crime_decile":8,"crime":0.694,"barriers_decile":1,"barriers":4.013,"living_env_decile":2,"living_env":5.912},"2025":{"imd_decile":8,"imd":29.15,"income_decile":7,"income":0.279,"employment_decile":9,"employment":0.203,"health_decile":9,"health":0.878,"education_decile":8,"education":32.015,"crime_decile":8,"crime":0.571,"barriers_decile":1,"barriers":8.308,"living_env_decile":7,"living_env":27.502},"2004":{"imd":26.01,"income":0.131483412653263,"employment":0.168173443799212,"health":1.00970267470182,"education":20.5838016798813,"barriers":3.15023857159685,"crime":0.51,"living_env":12.14,"imd_decile":7,"income_decile":7,"employment_decile":9,"health_decile":9,"education_decile":6,"barriers_decile":1,"crime_decile":8,"living_env_decile":4},"2007":{"imd":25.7983551025391,"income":0.166871875524521,"employment":0.173830226063728,"health":0.946292820425716,"education":20.6427364349365,"barriers":7.18944569581337,"crime":0.1207345277071,"living_env":5.79121112823486,"imd_decile":7,"income_decile":7,"employment_decile":9,"health_decile":9,"education_decile":7,"barriers_decile":1,"crime_decile":6,"living_env_decile":2}}},"geometry":{"type":"Polygon","coordinates":[[[-1.60005,54.71128],[-1.59288,54.71064],[-1.58963,54.70797],[-1.58687,54.70066],[-1.588,54.70132],[-1.58912,54.70229],[-1.59073,54.70293],[-1.59046,54.70398],[-1.59373,54.70283],[-1.59764,54.70124],[-1.5991,54.70251],[-1.59971,54.70308],[-1.59866,54.70423],[-1.59733,54.70548],[-1.59695,54.70743],[-1.59767,54.70969],[-1.60005,54.71128]]]}},{"type":"Feature","properties":{"lsoa_code":"E01020819","lsoa_name":"County Durham 047C","data":{"2015":{"imd_decile":10,"imd":46.047,"income_decile":10,"income":0.341,"employment_decile":10,"employment":0.295,"health_decile":10,"health":1.618,"education_decile":9,"education":41.617,"crime_decile":5,"crime":-0.027,"barriers_decile":1,"barriers":7.702,"living_env_decile":2,"living_env":4.809},"2019":{"imd_decile":10,"imd":44.344,"income_decile":10,"income":0.27,"employment_decile":10,"employment":0.243,"health_decile":10,"health":1.299,"education_decile":9,"education":48.596,"crime_decile":9,"crime":0.791,"barriers_decile":1,"barriers":3.82,"living_env_decile":1,"living_env":4.115},"2025":{"imd_decile":9,"imd":44.331,"income_decile":10,"income":0.48,"employment_decile":10,"employment":0.273,"health_decile":10,"health":1.44,"education_decile":10,"education":49.591,"crime_decile":9,"crime":0.881,"barriers_decile":1,"barriers":7.857,"living_env_decile":4,"living_env":12.423},"2004":{"imd":39.66,"income":0.262066279027176,"employment":0.229568817425879,"health":1.43143335539816,"education":51.4559437174466,"barriers":2.31668260010947,"crime":0.18,"living_env":5.93,"imd_decile":9,"income_decile":9,"employment_decile":10,"health_decile":10,"education_decile":10,"barriers_decile":1,"crime_decile":6,"living_env_decile":2},"2007":{"imd":39.4165916442871,"income":0.289822489023209,"employment":0.222547829151154,"health":1.61443620586777,"education":45.1826667785645,"barriers":4.33596267700388,"crime":-0.458907544612885,"living_env":3.20212841033936,"imd_decile":9,"income_decile":9,"employment_decile":10,"health_decile":10,"education_decile":9,"barriers_decile":1,"crime_decile":4,"living_env_decile":1}}},"geometry":{"type":"Polygon","coordinates":[[[-1.59866,54.70423],[-1.59971,54.70308],[-1.5989,54.70152],[-1.60239,54.70012],[-1.60504,54.70181],[-1.60515,54.70371],[-1.60317,54.70479],[-1.59943,54.7063],[-1.59866,54.70423]]]}},{"type":"Feature","properties":{"lsoa_code":"E01020820","lsoa_name":"County Durham 049C","data":{"2015":{"imd_decile":9,"imd":42.276,"income_decile":10,"income":0.304,"employment_decile":10,"employment":0.261,"health_decile":10,"health":1.631,"education_decile":8,"education":33.831,"crime_decile":8,"crime":0.457,"barriers_decile":4,"barriers":15.967,"living_env_decile":1,"living_env":4.22},"2019":{"imd_decile":9,"imd":37.665,"income_decile":9,"income":0.254,"employment_decile":9,"employment":0.185,"health_decile":9,"health":1.121,"education_decile":9,"education":42.166,"crime_decile":9,"crime":0.807,"barriers_decile":2,"barriers":10.75,"living_env_decile":1,"living_env":2.05},"2025":{"imd_decile":9,"imd":34.966,"income_decile":9,"income":0.385,"employment_decile":9,"employment":0.22,"health_decile":10,"health":1.334,"education_decile":8,"education":33.169,"crime_decile":9,"crime":0.985,"barriers_decile":1,"barriers":9.499,"living_env_decile":2,"living_env":6.598},"2004":{"imd":40.06,"income":0.290833998438801,"employment":0.223178981534118,"health":1.53644884480916,"education":45.6399181987045,"barriers":8.11890804182624,"crime":0.1,"living_env":4.06,"imd_decile":9,"income_decile":9,"employment_decile":10,"health_decile":10,"education_decile":9,"barriers_decile":1,"crime_decile":6,"living_env_decile":1},"2007":{"imd":43.0107383728027,"income":0.32825893163681,"employment":0.223831966519356,"health":1.80100245308196,"education":49.17578125,"barriers":12.4550290655226,"crime":-0.424836993217468,"living_env":3.29144787788391,"imd_decile":9,"income_decile":9,"employment_decile":10,"health_decile":10,"education_decile":9,"barriers_decile":3,"crime_decile":4,"living_env_decile":1}}},"geometry":{"type":"Polygon","coordinates":[[[-1.56571,54.70269],[-1.58206,54.697],[-1.59565,54.69239],[-1.60148,54.6965],[-1.60051,54.69779],[-1.60128,54.69884],[-1.60066,54.69952],[-1.5989,54.70152],[-1.598,54.70178],[-1.5939,54.70217],[-1.59134,54.70395],[-1.59079,54.70365],[-1.58801,54.70337],[-1.58869,54.70108],[-1.58734,54.70126],[-1.58691,54.7],[-1.58159,54.69941],[-1.56622,54.70546],[-1.56604,54.70483],[-1.56571,54.70269]]]}},{"type":"Feature","properties":{"lsoa_code":"E01020821","lsoa_name":"County Durham 052A","data":{"2015":{"imd_decile":5,"imd":14.349,"income_decile":5,"income":0.109,"employment_decile":7,"employment":0.124,"health_decile":7,"health":0.243,"education_decile":4,"education":10.361,"crime_decile":3,"crime":-0.463,"barriers_decile":4,"barriers":17.027,"living_env_decile":1,"living_env":1.668},"2019":{"imd_decile":5,"imd":14.844,"income_decile":5,"income":0.097,"employment_decile":6,"employment":0.097,"health_decile":6,"health":0.122,"education_decile":5,"education":13.721,"crime_decile":6,"crime":0.198,"barriers_decile":3,"barriers":12.843,"living_env_decile":1,"living_env":1.536},"2025":{"imd_decile":5,"imd":16.463,"income_decile":5,"income":0.169,"employment_decile":6,"employment":0.116,"health_decile":7,"health":0.41,"education_decile":6,"education":17.903,"crime_decile":6,"crime":0.163,"barriers_decile":6,"barriers":20.462,"living_env_decile":2,"living_env":6.62},"2004":{"imd":21.84,"income":0.119694441601047,"employment":0.158209831184445,"health":0.835963119151173,"education":18.3703549169731,"barriers":16.5404831435893,"crime":-0.91,"living_env":6.27,"imd_decile":7,"income_decile":6,"employment_decile":9,"health_decile":9,"education_decile":6,"barriers_decile":4,"crime_decile":2,"living_env_decile":2},"2007":{"imd":20.624885559082,"income":0.119977585971355,"employment":0.1505978256464,"health":0.662624118854783,"education":17.793098449707,"barriers":19.1621637985748,"crime":-0.724208652973175,"living_env":4.97698163986206,"imd_decile":6,"income_decile":6,"employment_decile":9,"health_decile":8,"education_decile":6,"barriers_decile":5,"crime_decile":2,"living_env_decile":2}}},"geometry":{"type":"Polygon","coordinates":[[[-1.63702,54.70608],[-1.62063,54.69829],[-1.61554,54.6941],[-1.61803,54.6916],[-1.62206,54.68934],[-1.62202,54.68725],[-1.62371,54.68578],[-1.62668,54.68604],[-1.62833,54.68419],[-1.62916,54.67918],[-1.6289,54.67659],[-1.6374,54.67872],[-1.64339,54.68385],[-1.65032,54.68637],[-1.6571,54.68644],[-1.67455,54.70014],[-1.67509,54.70424],[-1.66777,54.70551],[-1.6567,54.7076],[-1.64532,54.71155],[-1.63875,54.71342],[-1.63927,54.70906],[-1.63702,54.70608]]]}},{"type":"Feature","properties":{"lsoa_code":"E01020822","lsoa_name":"County Durham 052B","data":{"2015":{"imd_decile":5,"imd":14.946,"income_decile":5,"income":0.102,"employment_decile":6,"employment":0.114,"health_decile":6,"health":0.071,"education_decile":3,"education":7.76,"crime_decile":5,"crime":-0.206,"barriers_decile":8,"barriers":28.295,"living_env_decile":1,"living_env":2.652},"2019":{"imd_decile":5,"imd":14.52,"income_decile":5,"income":0.085,"employment_decile":6,"employment":0.087,"health_decile":6,"health":0.074,"education_decile":4,"education":9.027,"crime_decile":5,"crime":-0.015,"barriers_decile":8,"barriers":27.201,"living_env_decile":1,"living_env":1.546},"2025":{"imd_decile":4,"imd":13.548,"income_decile":5,"income":0.153,"employment_decile":5,"employment":0.107,"health_decile":7,"health":0.288,"education_decile":3,"education":8.159,"crime_decile":5,"crime":-0.174,"barriers_decile":6,"barriers":20.74,"living_env_decile":3,"living_env":9.555},"2004":{"imd":13.37,"income":0.056981680305077,"employment":0.103876749160043,"health":0.261238114214225,"education":14.3565196695601,"barriers":18.9540070094335,"crime":-0.98,"living_env":7.14,"imd_decile":4,"income_decile":3,"employment_decile":7,"health_decile":7,"education_decile":5,"barriers_decile":5,"crime_decile":2,"living_env_decile":2},"2007":{"imd":15.0296039581299,"income":0.0798190757632256,"employment":0.112377807497978,"health":0.528333555579805,"education":13.5357799530029,"barriers":18.0405995278414,"crime":-0.890201270580292,"living_env":4.74694061279297,"imd_decile":5,"income_decile":4,"employment_decile":7,"health_decile":8,"education_decile":5,"barriers_decile":5,"crime_decile":2,"living_env_decile":2}}},"geometry":{"type":"Polygon","coordinates":[[[-1.58267,54.69651],[-1.58186,54.68684],[-1.57807,54.68203],[-1.57333,54.67676],[-1.57591,54.66798],[-1.57819,54.6652],[-1.57702,54.66303],[-1.5753,54.66104],[-1.57261,54.66019],[-1.57136,54.65726],[-1.57896,54.65813],[-1.58229,54.6562],[-1.5875,54.65621],[-1.59365,54.65585],[-1.5968,54.65744],[-1.60602,54.65717],[-1.60773,54.66108],[-1.60329,54.664],[-1.60248,54.66602],[-1.60296,54.66858],[-1.60332,54.67645],[-1.60501,54.67988],[-1.61117,54.67848],[-1.62491,54.67663],[-1.62916,54.67918],[-1.62833,54.68419],[-1.62668,54.68604],[-1.62371,54.68578],[-1.61956,54.68625],[-1.61985,54.688],[-1.61576,54.68783],[-1.60826,54.68934],[-1.59883,54.69185],[-1.59241,54.69225],[-1.58207,54.69661],[-1.58267,54.69651]]]}},{"type":"Feature","properties":{"lsoa_code":"E01020823","lsoa_name":"County Durham 052C","data":{"2015":{"imd_decile":9,"imd":40.203,"income_decile":9,"income":0.297,"employment_decile":10,"employment":0.254,"health_decile":10,"health":1.306,"education_decile":9,"education":45.63,"crime_decile":6,"crime":0.068,"barriers_decile":3,"barriers":14.66,"living_env_decile":1,"living_env":3.754},"2019":{"imd_decile":10,"imd":44.369,"income_decile":9,"income":0.251,"employment_decile":10,"employment":0.236,"health_decile":10,"health":1.36,"education_decile":9,"education":49.582,"crime_decile":9,"crime":0.972,"barriers_decile":2,"barriers":11.306,"living_env_decile":1,"living_env":1.348},"2025":{"imd_decile":9,"imd":41.408,"income_decile":9,"income":0.409,"employment_decile":10,"employment":0.28,"health_decile":10,"health":1.363,"education_decile":9,"education":45.191,"crime_decile":9,"crime":0.971,"barriers_decile":2,"barriers":12.045,"living_env_decile":3,"living_env":7.886},"2004":{"imd":41.84,"income":0.263116416604381,"employment":0.250680927619664,"health":1.44698285374769,"education":49.4811585256374,"barriers":21.6831869750674,"crime":-0.27,"living_env":7.2,"imd_decile":9,"income_decile":9,"employment_decile":10,"health_decile":10,"education_decile":10,"barriers_decile":6,"crime_decile":4,"living_env_decile":3},"2007":{"imd":43.1954383850098,"income":0.31153279542923,"employment":0.248377963900566,"health":1.47204966745524,"education":47.3862762451172,"barriers":22.1159549650426,"crime":-0.777634143829346,"living_env":4.6668643951416,"imd_decile":9,"income_decile":9,"employment_decile":10,"health_decile":10,"education_decile":9,"barriers_decile":6,"crime_decile":2,"living_env_decile":2}}},"geometry":{"type":"Polygon","coordinates":[[[-1.6095,54.69008],[-1.61752,54.68745],[-1.61876,54.68692],[-1.62176,54.68532],[-1.62202,54.68725],[-1.62206,54.68934],[-1.61803,54.6916],[-1.61554,54.6941],[-1.61039,54.69061],[-1.6095,54.69008]]]}},{"type":"Feature","properties":{"lsoa_code":"E01020824","lsoa_name":"County Durham 063A","data":{"2015":{"imd_decile":7,"imd":26.268,"income_decile":7,"income":0.167,"employment_decile":8,"employment":0.176,"health_decile":10,"health":1.222,"education_decile":8,"education":29.842,"crime_decile":4,"crime":-0.237,"barriers_decile":2,"barriers":11.705,"living_env_decile":1,"living_env":3.052},"2019":{"imd_decile":8,"imd":27.129,"income_decile":8,"income":0.175,"employment_decile":8,"employment":0.138,"health_decile":9,"health":1.012,"education_decile":8,"education":29.326,"crime_decile":7,"crime":0.436,"barriers_decile":2,"barriers":9.551,"living_env_decile":1,"living_env":2.247},"2025":{"imd_decile":8,"imd":32.139,"income_decile":8,"income":0.304,"employment_decile":9,"employment":0.219,"health_decile":10,"health":1.415,"education_decile":8,"education":30.198,"crime_decile":8,"crime":0.537,"barriers_decile":4,"barriers":16.46,"living_env_decile":3,"living_env":9.522},"2004":{"imd":28.39,"income":0.139714180377935,"employment":0.19931615587928,"health":1.30141883722039,"education":31.2543645221327,"barriers":2.6455112951847,"crime":-0.7,"living_env":3.18,"imd_decile":8,"income_decile":7,"employment_decile":9,"health_decile":10,"education_decile":8,"barriers_decile":1,"crime_decile":3,"living_env_decile":1},"2007":{"imd":29.2512092590332,"income":0.187532544136047,"employment":0.181527137756348,"health":1.22758102838957,"education":37.2550048828125,"barriers":3.94982139382791,"crime":-0.952924728393555,"living_env":4.21748495101929,"imd_decile":8,"income_decile":7,"employment_decile":9,"health_decile":10,"education_decile":9,"barriers_decile":1,"crime_decile":2,"living_env_decile":1}}},"geometry":{"type":"Polygon","coordinates":[[[-1.57519,54.61745],[-1.57288,54.61632],[-1.57145,54.61797],[-1.57008,54.61534],[-1.56912,54.61442],[-1.56972,54.61374],[-1.57447,54.61262],[-1.57758,54.61157],[-1.58419,54.61047],[-1.5871,54.61293],[-1.58429,54.61451],[-1.57672,54.61702],[-1.57519,54.61745]]]}},{"type":"Feature","properties":{"lsoa_code":"E01020825","lsoa_name":"County Durham 062A","data":{"2015":{"imd_decile":7,"imd":23.423,"income_decile":7,"income":0.163,"employment_decile":8,"employment":0.17,"health_decile":8,"health":0.694,"education_decile":8,"education":27.17,"crime_decile":6,"crime":0.127,"barriers_decile":2,"barriers":11.755,"living_env_decile":1,"living_env":1.245},"2019":{"imd_decile":8,"imd":28.824,"income_decile":8,"income":0.182,"employment_decile":8,"employment":0.15,"health_decile":9,"health":1.038,"education_decile":8,"education":31.563,"crime_decile":8,"crime":0.535,"barriers_decile":1,"barriers":8.118,"living_env_decile":1,"living_env":1.809},"2025":{"imd_decile":8,"imd":28.314,"income_decile":8,"income":0.301,"employment_decile":9,"employment":0.2,"health_decile":9,"health":0.941,"education_decile":7,"education":23.543,"crime_decile":8,"crime":0.632,"barriers_decile":6,"barriers":22.027,"living_env_decile":1,"living_env":4.219},"2004":{"imd":29.03,"income":0.153208648956803,"employment":0.188261246705948,"health":1.15827972803473,"education":33.6792066858554,"barriers":5.18239343115136,"crime":0.15,"living_env":3.18,"imd_decile":8,"income_decile":7,"employment_decile":9,"health_decile":9,"education_decile":8,"barriers_decile":1,"crime_decile":6,"living_env_decile":1},"2007":{"imd":28.2513408660889,"income":0.196583285927773,"employment":0.171757206320763,"health":1.02711187421055,"education":36.2434997558594,"barriers":6.66921060812307,"crime":-0.359380841255188,"living_env":4.41106081008911,"imd_decile":8,"income_decile":8,"employment_decile":9,"health_decile":9,"education_decile":9,"barriers_decile":1,"crime_decile":4,"living_env_decile":1}}},"geometry":{"type":"Polygon","coordinates":[[[-1.57014,54.61922],[-1.56947,54.61755],[-1.56396,54.61754],[-1.55979,54.61761],[-1.55655,54.61504],[-1.56066,54.61138],[-1.56204,54.61323],[-1.56272,54.61349],[-1.56319,54.61501],[-1.56523,54.61536],[-1.56758,54.61523],[-1.57008,54.61534],[-1.57145,54.61797],[-1.57288,54.61632],[-1.57519,54.61745],[-1.57532,54.61883],[-1.57064,54.61954],[-1.57014,54.61922]]]}},{"type":"Feature","properties":{"lsoa_code":"E01020826","lsoa_name":"County Durham 063B","data":{"2015":{"imd_decile":7,"imd":22.384,"income_decile":7,"income":0.175,"employment_decile":8,"employment":0.158,"health_decile":8,"health":0.721,"education_decile":6,"education":20.812,"crime_decile":2,"crime":-0.835,"barriers_decile":6,"barriers":21.685,"living_env_decile":1,"living_env":1.838},"2019":{"imd_decile":7,"imd":22.518,"income_decile":8,"income":0.16,"employment_decile":8,"employment":0.13,"health_decile":9,"health":0.742,"education_decile":7,"education":23.148,"crime_decile":2,"crime":-0.737,"barriers_decile":4,"barriers":17.41,"living_env_decile":1,"living_env":2.278},"2025":{"imd_decile":8,"imd":29.351,"income_decile":8,"income":0.346,"employment_decile":9,"employment":0.208,"health_decile":9,"health":1.083,"education_decile":7,"education":26.154,"crime_decile":2,"crime":-0.995,"barriers_decile":8,"barriers":26.062,"living_env_decile":3,"living_env":7.515},"2004":{"imd":22.9,"income":0.151718974446833,"employment":0.153568076507042,"health":0.740506437731096,"education":23.7769604836876,"barriers":18.25948979278,"crime":-1.02,"living_env":1.81,"imd_decile":7,"income_decile":7,"employment_decile":8,"health_decile":8,"education_decile":7,"barriers_decile":5,"crime_decile":2,"living_env_decile":1},"2007":{"imd":23.368034362793,"income":0.175456747412682,"employment":0.141200572252274,"health":0.814354265975064,"education":24.6787185668945,"barriers":20.9558347673923,"crime":-1.26280176639557,"living_env":2.6195604801178,"imd_decile":7,"income_decile":7,"employment_decile":8,"health_decile":9,"education_decile":7,"barriers_decile":6,"crime_decile":1,"living_env_decile":1}}},"geometry":{"type":"Polygon","coordinates":[[[-1.5662,54.61544],[-1.56441,54.61503],[-1.5627,54.61492],[-1.56333,54.61318],[-1.56198,54.61249],[-1.56002,54.60766],[-1.54982,54.61059],[-1.54997,54.60788],[-1.55584,54.60262],[-1.55728,54.60035],[-1.5589,54.59688],[-1.5585,54.59308],[-1.55831,54.59147],[-1.56168,54.58964],[-1.56213,54.58741],[-1.56195,54.5857],[-1.558,54.58545],[-1.55463,54.58332],[-1.55316,54.5834],[-1.55282,54.58234],[-1.56184,54.58177],[-1.5698,54.58124],[-1.57359,54.58044],[-1.57885,54.58212],[-1.58332,54.58091],[-1.58516,54.58821],[-1.59086,54.59021],[-1.59037,54.59496],[-1.59284,54.60378],[-1.58394,54.60736],[-1.5841,54.61181],[-1.57475,54.61165],[-1.56956,54.61217],[-1.56727,54.61455],[-1.57001,54.61496],[-1.5685,54.6154],[-1.5662,54.61544]]]}},{"type":"Feature","properties":{"lsoa_code":"E01020827","lsoa_name":"County Durham 048E","data":{"2015":{"imd_decile":8,"imd":29.485,"income_decile":8,"income":0.189,"employment_decile":9,"employment":0.206,"health_decile":9,"health":1.069,"education_decile":8,"education":31.502,"crime_decile":7,"crime":0.324,"barriers_decile":2,"barriers":12.297,"living_env_decile":1,"living_env":1.888},"2019":{"imd_decile":8,"imd":30.362,"income_decile":8,"income":0.173,"employment_decile":9,"employment":0.162,"health_decile":9,"health":0.94,"education_decile":8,"education":31.815,"crime_decile":9,"crime":0.946,"barriers_decile":1,"barriers":8.839,"living_env_decile":1,"living_env":1.843},"2025":{"imd_decile":9,"imd":34.435,"income_decile":8,"income":0.314,"employment_decile":9,"employment":0.207,"health_decile":9,"health":1.109,"education_decile":8,"education":33.44,"crime_decile":8,"crime":0.717,"barriers_decile":8,"barriers":28.89,"living_env_decile":6,"living_env":21.087},"2004":{"imd":31.99,"income":0.142363342618134,"employment":0.213765685121412,"health":1.32108779808361,"education":36.9544794479717,"barriers":13.9480852962036,"crime":0.05,"living_env":2.01,"imd_decile":8,"income_decile":7,"employment_decile":10,"health_decile":10,"education_decile":9,"barriers_decile":3,"crime_decile":6,"living_env_decile":1},"2007":{"imd":29.9783153533936,"income":0.15796223282814,"employment":0.195340394973755,"health":1.30569510015747,"education":31.7848243713379,"barriers":14.9992529055479,"crime":-0.511292576789856,"living_env":2.45122241973877,"imd_decile":8,"income_decile":7,"employment_decile":10,"health_decile":10,"education_decile":8,"barriers_decile":4,"crime_decile":3,"living_env_decile":1}}},"geometry":{"type":"Polygon","coordinates":[[[-1.41665,54.71835],[-1.40525,54.71866],[-1.39814,54.71717],[-1.40051,54.71088],[-1.39566,54.70392],[-1.39651,54.70203],[-1.40086,54.70222],[-1.4179,54.70437],[-1.42148,54.70556],[-1.43698,54.70739],[-1.44579,54.70916],[-1.44871,54.70807],[-1.45404,54.70943],[-1.44182,54.71099],[-1.43973,54.71396],[-1.43504,54.71846],[-1.43192,54.71909],[-1.42203,54.71886],[-1.41665,54.71835]]]}},{"type":"Feature","properties":{"lsoa_code":"E01020828","lsoa_name":"County Durham 054B","data":{"2015":{"imd_decile":3,"imd":9.382,"income_decile":2,"income":0.054,"employment_decile":2,"employment":0.054,"health_decile":5,"health":-0.083,"education_decile":1,"education":1.718,"crime_decile":3,"crime":-0.506,"barriers_decile":9,"barriers":32.88,"living_env_decile":3,"living_env":10.206},"2019":{"imd_decile":3,"imd":10.839,"income_decile":2,"income":0.038,"employment_decile":2,"employment":0.043,"health_decile":6,"health":0.12,"education_decile":1,"education":1.636,"crime_decile":5,"crime":0.013,"barriers_decile":9,"barriers":33.046,"living_env_decile":5,"living_env":15.621},"2025":{"imd_decile":3,"imd":10.913,"income_decile":3,"income":0.1,"employment_decile":3,"employment":0.067,"health_decile":5,"health":-0.223,"education_decile":2,"education":3.795,"crime_decile":5,"crime":-0.037,"barriers_decile":8,"barriers":28.133,"living_env_decile":6,"living_env":22.383},"2004":{"imd":12.44,"income":0.0459204393044712,"employment":0.0793614032150603,"health":0.0557566125910269,"education":3.506880130875,"barriers":36.398704986128,"crime":-0.55,"living_env":3.84,"imd_decile":4,"income_decile":3,"employment_decile":5,"health_decile":6,"education_decile":2,"barriers_decile":9,"crime_decile":3,"living_env_decile":1},"2007":{"imd":11.3037624359131,"income":0.0563451908528805,"employment":0.0696147829294205,"health":-0.0726206796067422,"education":2.70144772529602,"barriers":36.1345090495247,"crime":-0.535981178283691,"living_env":4.69410467147827,"imd_decile":4,"income_decile":2,"employment_decile":4,"health_decile":5,"education_decile":1,"barriers_decile":9,"crime_decile":3,"living_env_decile":2}}},"geometry":{"type":"Polygon","coordinates":[[[-1.36338,54.69238],[-1.34466,54.69082],[-1.33213,54.68685],[-1.33135,54.68368],[-1.33185,54.6812],[-1.33239,54.67545],[-1.33571,54.6713],[-1.34071,54.66876],[-1.34338,54.66579],[-1.34659,54.66403],[-1.34643,54.66151],[-1.34645,54.66073],[-1.34632,54.65929],[-1.34493,54.65847],[-1.34131,54.65326],[-1.34314,54.65025],[-1.34788,54.6506],[-1.3498,54.64858],[-1.3563,54.64866],[-1.36267,54.64916],[-1.36897,54.64781],[-1.38377,54.64624],[-1.3809,54.64392],[-1.38769,54.64139],[-1.39056,54.63809],[-1.38897,54.63491],[-1.38858,54.63213],[-1.39312,54.63204],[-1.39424,54.62888],[-1.40044,54.62771],[-1.40288,54.62243],[-1.40819,54.62206],[-1.40808,54.62009],[-1.41695,54.61503],[-1.4267,54.61243],[-1.42838,54.615],[-1.43259,54.61372],[-1.43665,54.61417],[-1.43931,54.61157],[-1.44289,54.61011],[-1.44444,54.61046],[-1.44852,54.61098],[-1.45095,54.60984],[-1.45249,54.60756],[-1.45079,54.6047],[-1.44868,54.60324],[-1.4455,54.60203],[-1.44319,54.59851],[-1.44029,54.5967],[-1.4386,54.5955],[-1.43937,54.5938],[-1.4434,54.59062],[-1.44686,54.59115],[-1.45414,54.59441],[-1.45917,54.59728],[-1.46869,54.60056],[-1.48074,54.59939],[-1.48817,54.59928],[-1.5015,54.59561],[-1.51402,54.59537],[-1.5264,54.59649],[-1.54826,54.59173],[-1.55864,54.59212],[-1.55837,54.59571],[-1.55759,54.60005],[-1.55599,54.60135],[-1.55265,54.60607],[-1.54532,54.60976],[-1.53985,54.61208],[-1.5352,54.61183],[-1.52826,54.61199],[-1.52324,54.61299],[-1.52133,54.61575],[-1.52882,54.62375],[-1.52986,54.62492],[-1.53193,54.62609],[-1.53453,54.62865],[-1.53723,54.63058],[-1.53979,54.63172],[-1.54129,54.63245],[-1.54182,54.63501],[-1.54183,54.63837],[-1.5421,54.64302],[-1.53801,54.64784],[-1.53581,54.65206],[-1.53504,54.65382],[-1.52106,54.661],[-1.51594,54.66191],[-1.51171,54.66188],[-1.50722,54.66417],[-1.50507,54.66854],[-1.49756,54.66686],[-1.49224,54.66083],[-1.48616,54.66018],[-1.48652,54.66575],[-1.48167,54.66808],[-1.47595,54.66766],[-1.46769,54.66557],[-1.46466,54.6668],[-1.45854,54.66815],[-1.45793,54.6731],[-1.4539,54.67017],[-1.45368,54.66354],[-1.4585,54.65981],[-1.45883,54.65797],[-1.46345,54.65416],[-1.46183,54.6495],[-1.45928,54.6497],[-1.45598,54.6496],[-1.45425,54.64839],[-1.4517,54.64842],[-1.4506,54.65173],[-1.4498,54.6516],[-1.44679,54.64724],[-1.44081,54.64749],[-1.4381,54.64992],[-1.44071,54.65267],[-1.44232,54.6516],[-1.44426,54.65301],[-1.44442,54.65425],[-1.44237,54.65502],[-1.43529,54.65755],[-1.44143,54.6615],[-1.44781,54.6616],[-1.45125,54.66045],[-1.44552,54.66546],[-1.44499,54.67152],[-1.44754,54.67093],[-1.45,54.67239],[-1.45754,54.6778],[-1.44962,54.67858],[-1.44335,54.67696],[-1.44044,54.67545],[-1.43885,54.67504],[-1.43988,54.67276],[-1.43488,54.67052],[-1.43047,54.66894],[-1.42728,54.66953],[-1.42261,54.67011],[-1.41985,54.66954],[-1.41278,54.66949],[-1.40857,54.6698],[-1.40755,54.672],[-1.40135,54.67727],[-1.38987,54.68259],[-1.38069,54.68425],[-1.37821,54.68788],[-1.37497,54.69082],[-1.36898,54.69229],[-1.36338,54.69238]]]}},{"type":"Feature","properties":{"lsoa_code":"E01020829","lsoa_name":"County Durham 054C","data":{"2015":{"imd_decile":1,"imd":4.098,"income_decile":1,"income":0.042,"employment_decile":3,"employment":0.057,"health_decile":4,"health":-0.32,"education_decile":1,"education":1.072,"crime_decile":2,"crime":-0.954,"barriers_decile":3,"barriers":13.793,"living_env_decile":1,"living_env":1.053},"2019":{"imd_decile":1,"imd":3.964,"income_decile":2,"income":0.039,"employment_decile":2,"employment":0.044,"health_decile":4,"health":-0.423,"education_decile":1,"education":0.952,"crime_decile":3,"crime":-0.671,"barriers_decile":2,"barriers":12.063,"living_env_decile":1,"living_env":1.217},"2025":{"imd_decile":1,"imd":5.053,"income_decile":1,"income":0.057,"employment_decile":2,"employment":0.061,"health_decile":5,"health":-0.228,"education_decile":1,"education":2.02,"crime_decile":2,"crime":-1.049,"barriers_decile":5,"barriers":19.08,"living_env_decile":2,"living_env":5.828},"2004":{"imd":9.46,"income":0.0423101320489923,"employment":0.0965413911041193,"health":0.202109595991046,"education":6.13571691803845,"barriers":8.99114873656923,"crime":-1.07,"living_env":3.42,"imd_decile":3,"income_decile":2,"employment_decile":6,"health_decile":6,"education_decile":3,"barriers_decile":2,"crime_decile":2,"living_env_decile":1},"2007":{"imd":6.54971504211426,"income":0.0332566983997822,"employment":0.0746154263615608,"health":0.138911222530222,"education":2.51457262039185,"barriers":10.696027170799,"crime":-1.29240024089813,"living_env":1.61222219467163,"imd_decile":2,"income_decile":1,"employment_decile":5,"health_decile":6,"education_decile":1,"barriers_decile":2,"crime_decile":1,"living_env_decile":1}}},"geometry":{"type":"Polygon","coordinates":[[[-1.46196,54.67678],[-1.4493,54.67083],[-1.44551,54.67029],[-1.44407,54.66747],[-1.45024,54.66387],[-1.44784,54.66125],[-1.44463,54.66207],[-1.44984,54.6585],[-1.45063,54.65702],[-1.44893,54.65608],[-1.45221,54.65397],[-1.45329,54.65293],[-1.4539,54.65173],[-1.4506,54.65173],[-1.4517,54.64842],[-1.45425,54.64839],[-1.45598,54.6496],[-1.45928,54.6497],[-1.46183,54.6495],[-1.46345,54.65416],[-1.45883,54.65797],[-1.4585,54.65981],[-1.45368,54.66354],[-1.4539,54.67017],[-1.45793,54.6731],[-1.46196,54.67678]]]}},{"type":"Feature","properties":{"lsoa_code":"E01020830","lsoa_name":"County Durham 054D","data":{"2015":{"imd_decile":4,"imd":12.823,"income_decile":5,"income":0.108,"employment_decile":6,"employment":0.107,"health_decile":8,"health":0.603,"education_decile":2,"education":5.26,"crime_decile":3,"crime":-0.674,"barriers_decile":1,"barriers":6.489,"living_env_decile":1,"living_env":2.169},"2019":{"imd_decile":5,"imd":16.278,"income_decile":6,"income":0.103,"employment_decile":7,"employment":0.112,"health_decile":8,"health":0.564,"education_decile":2,"education":4.566,"crime_decile":5,"crime":-0.038,"barriers_decile":1,"barriers":4.366,"living_env_decile":4,"living_env":12.965},"2025":{"imd_decile":4,"imd":13.508,"income_decile":5,"income":0.17,"employment_decile":6,"employment":0.117,"health_decile":7,"health":0.283,"education_decile":2,"education":3.276,"crime_decile":6,"crime":0.044,"barriers_decile":5,"barriers":18.451,"living_env_decile":2,"living_env":5.784},"2004":{"imd":19.4,"income":0.121024686498579,"employment":0.159800694130939,"health":0.731492288904707,"education":9.82002467008948,"barriers":4.21688865419215,"crime":-0.71,"living_env":4.62,"imd_decile":6,"income_decile":6,"employment_decile":9,"health_decile":8,"education_decile":4,"barriers_decile":1,"crime_decile":3,"living_env_decile":2},"2007":{"imd":16.317590713501,"income":0.122744902968407,"employment":0.123863473534584,"health":0.632341121003197,"education":9.3464469909668,"barriers":5.89486300810266,"crime":-0.739149749279022,"living_env":4.43985414505005,"imd_decile":5,"income_decile":6,"employment_decile":8,"health_decile":8,"education_decile":4,"barriers_decile":1,"crime_decile":2,"living_env_decile":1}}},"geometry":{"type":"Polygon","coordinates":[[[-1.43644,54.65557],[-1.44241,54.65528],[-1.44483,54.65423],[-1.44476,54.6524],[-1.44398,54.65248],[-1.44138,54.65109],[-1.44138,54.64802],[-1.44181,54.64733],[-1.44771,54.64766],[-1.44943,54.65254],[-1.45211,54.65174],[-1.45458,54.65162],[-1.45282,54.65244],[-1.449,54.65416],[-1.44982,54.65616],[-1.45076,54.65793],[-1.44898,54.65855],[-1.44143,54.6615],[-1.43529,54.65755],[-1.43644,54.65557]]]}},{"type":"Feature","properties":{"lsoa_code":"E01020831","lsoa_name":"County Durham 062B","data":{"2015":{"imd_decile":8,"imd":28.641,"income_decile":8,"income":0.225,"employment_decile":9,"employment":0.203,"health_decile":9,"health":0.915,"education_decile":7,"education":25.883,"crime_decile":6,"crime":0.119,"barriers_decile":2,"barriers":9.59,"living_env_decile":2,"living_env":5.055},"2019":{"imd_decile":8,"imd":29.526,"income_decile":8,"income":0.177,"employment_decile":9,"employment":0.161,"health_decile":9,"health":0.924,"education_decile":7,"education":22.673,"crime_decile":10,"crime":1.058,"barriers_decile":1,"barriers":7.082,"living_env_decile":1,"living_env":2.153},"2025":{"imd_decile":9,"imd":35.883,"income_decile":8,"income":0.348,"employment_decile":9,"employment":0.217,"health_decile":10,"health":1.479,"education_decile":7,"education":27.493,"crime_decile":9,"crime":0.921,"barriers_decile":6,"barriers":22.382,"living_env_decile":5,"living_env":14.384},"2004":{"imd":29.05,"income":0.176757945263996,"employment":0.179202408298427,"health":1.26516315239115,"education":25.2467991708891,"barriers":4.7948897416837,"crime":0.2,"living_env":6.26,"imd_decile":8,"income_decile":8,"employment_decile":9,"health_decile":10,"education_decile":7,"barriers_decile":1,"crime_decile":6,"living_env_decile":2},"2007":{"imd":25.9623985290527,"income":0.178381711244583,"employment":0.152228161692619,"health":1.02180730769451,"education":27.2366619110107,"barriers":5.20322697309311,"crime":0.0853344351053238,"living_env":7.37474393844605,"imd_decile":7,"income_decile":7,"employment_decile":9,"health_decile":9,"education_decile":8,"barriers_decile":1,"crime_decile":6,"living_env_decile":3}}},"geometry":{"type":"Polygon","coordinates":[[[-1.56356,54.62844],[-1.55983,54.62519],[-1.55993,54.62386],[-1.56071,54.62295],[-1.56279,54.62257],[-1.56174,54.62153],[-1.56208,54.62081],[-1.56457,54.62085],[-1.56601,54.61905],[-1.56759,54.61984],[-1.57058,54.62116],[-1.57334,54.62354],[-1.57147,54.62448],[-1.56743,54.62421],[-1.5659,54.62539],[-1.56356,54.62844]]]}},{"type":"Feature","properties":{"lsoa_code":"E01020832","lsoa_name":"County Durham 063C","data":{"2015":{"imd_decile":7,"imd":23.252,"income_decile":7,"income":0.146,"employment_decile":9,"employment":0.181,"health_decile":9,"health":0.926,"education_decile":7,"education":23.125,"crime_decile":5,"crime":-0.199,"barriers_decile":2,"barriers":10.63,"living_env_decile":1,"living_env":2.456},"2019":{"imd_decile":7,"imd":24.054,"income_decile":7,"income":0.145,"employment_decile":9,"employment":0.154,"health_decile":8,"health":0.661,"education_decile":7,"education":23.951,"crime_decile":7,"crime":0.347,"barriers_decile":1,"barriers":7.612,"living_env_decile":1,"living_env":0.436},"2025":{"imd_decile":8,"imd":28.668,"income_decile":7,"income":0.269,"employment_decile":9,"employment":0.205,"health_decile":9,"health":0.984,"education_decile":7,"education":24.08,"crime_decile":9,"crime":1.067,"barriers_decile":4,"barriers":15.575,"living_env_decile":2,"living_env":5.346},"2004":{"imd":27.39,"income":0.141719871198668,"employment":0.198176655469354,"health":1.1144783737555,"education":26.5045267885759,"barriers":4.33429341016193,"crime":-0.16,"living_env":2.85,"imd_decile":8,"income_decile":7,"employment_decile":9,"health_decile":9,"education_decile":7,"barriers_decile":1,"crime_decile":5,"living_env_decile":1},"2007":{"imd":28.0372791290283,"income":0.14739902317524,"employment":0.191658616065979,"health":1.25249201440894,"education":26.8486785888672,"barriers":4.80758123920666,"crime":-0.224416732788086,"living_env":2.71306800842285,"imd_decile":8,"income_decile":6,"employment_decile":9,"health_decile":10,"education_decile":8,"barriers_decile":1,"crime_decile":5,"living_env_decile":1}}},"geometry":{"type":"Polygon","coordinates":[[[-1.56525,54.6266],[-1.56684,54.62451],[-1.56871,54.6239],[-1.57345,54.62373],[-1.57174,54.62123],[-1.56744,54.62034],[-1.57014,54.61922],[-1.57421,54.61876],[-1.57706,54.62044],[-1.57837,54.62189],[-1.57412,54.62557],[-1.57067,54.62673],[-1.56487,54.62798],[-1.56525,54.6266]]]}},{"type":"Feature","properties":{"lsoa_code":"E01020833","lsoa_name":"County Durham 062C","data":{"2015":{"imd_decile":6,"imd":20.642,"income_decile":5,"income":0.111,"employment_decile":7,"employment":0.135,"health_decile":9,"health":0.898,"education_decile":8,"education":30.894,"crime_decile":6,"crime":0.045,"barriers_decile":2,"barriers":10.378,"living_env_decile":1,"living_env":0.709},"2019":{"imd_decile":7,"imd":22.809,"income_decile":7,"income":0.145,"employment_decile":8,"employment":0.138,"health_decile":8,"health":0.641,"education_decile":7,"education":23.538,"crime_decile":7,"crime":0.29,"barriers_decile":1,"barriers":8.424,"living_env_decile":1,"living_env":1.26},"2025":{"imd_decile":7,"imd":25.555,"income_decile":7,"income":0.251,"employment_decile":8,"employment":0.171,"health_decile":9,"health":1.022,"education_decile":7,"education":25.365,"crime_decile":6,"crime":0.128,"barriers_decile":6,"barriers":22.128,"living_env_decile":4,"living_env":11.835},"2004":{"imd":24.14,"income":0.107725044982561,"employment":0.1695350695772,"health":0.878122720011118,"education":20.5601312047878,"barriers":13.5225548222918,"crime":0.49,"living_env":1.39,"imd_decile":7,"income_decile":6,"employment_decile":9,"health_decile":9,"education_decile":6,"barriers_decile":3,"crime_decile":8,"living_env_decile":1},"2007":{"imd":22.5215854644775,"income":0.121806427836418,"employment":0.154498592019081,"health":0.913322660766004,"education":23.9852237701416,"barriers":9.6525826793141,"crime":-0.129628673195839,"living_env":1.61229240894318,"imd_decile":7,"income_decile":6,"employment_decile":9,"health_decile":9,"education_decile":7,"barriers_decile":2,"crime_decile":5,"living_env_decile":1}}},"geometry":{"type":"Polygon","coordinates":[[[-1.5459,54.63779],[-1.54183,54.63837],[-1.54182,54.63501],[-1.54129,54.63245],[-1.53979,54.63172],[-1.53723,54.63058],[-1.53453,54.62865],[-1.53193,54.62609],[-1.52986,54.62492],[-1.52882,54.62375],[-1.52133,54.61575],[-1.52324,54.61299],[-1.52826,54.61199],[-1.5352,54.61183],[-1.53985,54.61208],[-1.54532,54.60976],[-1.55704,54.61412],[-1.55523,54.62053],[-1.5579,54.62144],[-1.56034,54.62135],[-1.56174,54.62153],[-1.56279,54.62257],[-1.56071,54.62295],[-1.55993,54.62386],[-1.55983,54.62519],[-1.56356,54.62844],[-1.56131,54.63022],[-1.55901,54.63207],[-1.55919,54.63321],[-1.55751,54.63419],[-1.5544,54.63448],[-1.55202,54.63607],[-1.5494,54.63865],[-1.5459,54.63779]]]}},{"type":"Feature","properties":{"lsoa_code":"E01020834","lsoa_name":"County Durham 062D","data":{"2015":{"imd_decile":8,"imd":30.92,"income_decile":9,"income":0.238,"employment_decile":9,"employment":0.19,"health_decile":10,"health":1.268,"education_decile":8,"education":30.29,"crime_decile":5,"crime":-0.01,"barriers_decile":4,"barriers":15.611,"living_env_decile":1,"living_env":1.591},"2019":{"imd_decile":8,"imd":30.872,"income_decile":9,"income":0.224,"employment_decile":9,"employment":0.179,"health_decile":9,"health":1.037,"education_decile":7,"education":26.821,"crime_decile":5,"crime":-0.101,"barriers_decile":3,"barriers":12.393,"living_env_decile":1,"living_env":1.585},"2025":{"imd_decile":9,"imd":37.451,"income_decile":9,"income":0.39,"employment_decile":9,"employment":0.253,"health_decile":10,"health":1.256,"education_decile":9,"education":42.225,"crime_decile":8,"crime":0.461,"barriers_decile":5,"barriers":18.877,"living_env_decile":3,"living_env":9.291},"2004":{"imd":33.53,"income":0.203870828925769,"employment":0.199708188572363,"health":1.29756594477619,"education":43.0767338615915,"barriers":8.62163380891162,"crime":0.01,"living_env":4.12,"imd_decile":8,"income_decile":8,"employment_decile":9,"health_decile":10,"education_decile":9,"barriers_decile":2,"crime_decile":6,"living_env_decile":1},"2007":{"imd":30.9625186920166,"income":0.220131129026413,"employment":0.172502234578133,"health":1.3928114121739,"education":35.7011413574219,"barriers":11.2427619790567,"crime":-0.538885831832886,"living_env":3.28617358207703,"imd_decile":8,"income_decile":8,"employment_decile":9,"health_decile":10,"education_decile":9,"barriers_decile":2,"crime_decile":3,"living_env_decile":1}}},"geometry":{"type":"Polygon","coordinates":[[[-1.55718,54.62142],[-1.55617,54.61576],[-1.56265,54.61838],[-1.56478,54.6179],[-1.56977,54.61784],[-1.5664,54.62091],[-1.5627,54.62073],[-1.56146,54.62094],[-1.55992,54.62096],[-1.55718,54.62142]]]}},{"type":"Feature","properties":{"lsoa_code":"E01020835","lsoa_name":"County Durham 052D","data":{"2015":{"imd_decile":8,"imd":28.959,"income_decile":8,"income":0.203,"employment_decile":9,"employment":0.187,"health_decile":9,"health":0.938,"education_decile":7,"education":26.068,"crime_decile":8,"crime":0.671,"barriers_decile":2,"barriers":10.307,"living_env_decile":3,"living_env":8.521},"2019":{"imd_decile":9,"imd":34.013,"income_decile":9,"income":0.204,"employment_decile":9,"employment":0.162,"health_decile":9,"health":0.994,"education_decile":8,"education":35.424,"crime_decile":10,"crime":1.223,"barriers_decile":1,"barriers":6.456,"living_env_decile":3,"living_env":8.057},"2025":{"imd_decile":9,"imd":41.885,"income_decile":9,"income":0.367,"employment_decile":9,"employment":0.237,"health_decile":10,"health":1.374,"education_decile":9,"education":36.282,"crime_decile":10,"crime":1.428,"barriers_decile":1,"barriers":7.028,"living_env_decile":9,"living_env":43.93},"2004":{"imd":23.28,"income":0.12158128114059,"employment":0.111978408793483,"health":0.83135299802021,"education":31.2677634204396,"barriers":10.9057252386142,"crime":0.39,"living_env":15.97,"imd_decile":7,"income_decile":6,"employment_decile":7,"health_decile":9,"education_decile":8,"barriers_decile":2,"crime_decile":7,"living_env_decile":5},"2007":{"imd":22.897647857666,"income":0.147229880094528,"employment":0.121818564832211,"health":0.86926322792829,"education":29.7102584838867,"barriers":11.0802947460433,"crime":-0.039098933339119,"living_env":11.2470378875732,"imd_decile":7,"income_decile":6,"employment_decile":8,"health_decile":9,"education_decile":8,"barriers_decile":2,"crime_decile":5,"living_env_decile":4}}},"geometry":{"type":"Polygon","coordinates":[[[-1.60324,54.69842],[-1.60426,54.69715],[-1.60148,54.6965],[-1.59883,54.69185],[-1.60826,54.68934],[-1.60605,54.69198],[-1.60794,54.69449],[-1.61012,54.6945],[-1.60895,54.69584],[-1.60585,54.69753],[-1.60324,54.69842]]]}},{"type":"Feature","properties":{"lsoa_code":"E01020836","lsoa_name":"County Durham 052E","data":{"2015":{"imd_decile":8,"imd":28.307,"income_decile":8,"income":0.211,"employment_decile":9,"employment":0.179,"health_decile":9,"health":1.016,"education_decile":7,"education":26.936,"crime_decile":8,"crime":0.484,"barriers_decile":2,"barriers":11.012,"living_env_decile":1,"living_env":4.161},"2019":{"imd_decile":8,"imd":28.564,"income_decile":8,"income":0.176,"employment_decile":8,"employment":0.146,"health_decile":9,"health":0.763,"education_decile":8,"education":30.342,"crime_decile":9,"crime":0.945,"barriers_decile":2,"barriers":10.399,"living_env_decile":1,"living_env":3.394},"2004":{"imd":35.85,"income":0.210223314296693,"employment":0.203955622952228,"health":1.22073074658356,"education":39.1013597168965,"barriers":9.45516023233502,"crime":0.75,"living_env":12.3,"imd_decile":9,"income_decile":8,"employment_decile":9,"health_decile":10,"education_decile":9,"barriers_decile":2,"crime_decile":9,"living_env_decile":4},"2007":{"imd":34.3767166137695,"income":0.228163033723831,"employment":0.19522899389267,"health":1.25271471844114,"education":38.6816864013672,"barriers":10.5228735543953,"crime":0.290132194757462,"living_env":7.46657037734985,"imd_decile":8,"income_decile":8,"employment_decile":10,"health_decile":10,"education_decile":9,"barriers_decile":2,"crime_decile":7,"living_env_decile":3}}},"geometry":{"type":"Polygon","coordinates":[[[-1.62527,54.71658],[-1.62054,54.7144],[-1.61147,54.71299],[-1.60849,54.71327],[-1.61094,54.71145],[-1.61251,54.70817],[-1.61224,54.70398],[-1.60981,54.70071],[-1.60581,54.70131],[-1.60331,54.70069],[-1.60094,54.70104],[-1.60085,54.69938],[-1.60092,54.69855],[-1.6024,54.69782],[-1.60426,54.69715],[-1.60324,54.69842],[-1.60585,54.69753],[-1.60895,54.69584],[-1.61012,54.6945],[-1.60794,54.69449],[-1.60605,54.69198],[-1.61039,54.69061],[-1.61554,54.6941],[-1.62063,54.69829],[-1.63702,54.70608],[-1.63843,54.71214],[-1.63266,54.71531],[-1.62527,54.71658]]]}},{"type":"Feature","properties":{"lsoa_code":"E01020837","lsoa_name":"County Durham 047D","data":{"2015":{"imd_decile":3,"imd":8.602,"income_decile":2,"income":0.056,"employment_decile":4,"employment":0.076,"health_decile":5,"health":-0.049,"education_decile":4,"education":9.587,"crime_decile":1,"crime":-1.07,"barriers_decile":6,"barriers":22.349,"living_env_decile":1,"living_env":0.887},"2019":{"imd_decile":2,"imd":8.429,"income_decile":1,"income":0.036,"employment_decile":3,"employment":0.055,"health_decile":5,"health":-0.113,"education_decile":4,"education":10.822,"crime_decile":4,"crime":-0.254,"barriers_decile":6,"barriers":22.768,"living_env_decile":1,"living_env":0.675},"2025":{"imd_decile":2,"imd":6.186,"income_decile":1,"income":0.066,"employment_decile":3,"employment":0.07,"health_decile":4,"health":-0.436,"education_decile":3,"education":8.017,"crime_decile":3,"crime":-0.679,"barriers_decile":4,"barriers":17.641,"living_env_decile":3,"living_env":7.513},"2004":{"imd":11.27,"income":0.0335959176251527,"employment":0.0965072010936782,"health":0.0832684338393088,"education":11.4346815947603,"barriers":21.1868552275058,"crime":-0.44,"living_env":2.18,"imd_decile":4,"income_decile":2,"employment_decile":6,"health_decile":6,"education_decile":4,"barriers_decile":6,"crime_decile":4,"living_env_decile":1},"2007":{"imd":10.9496469497681,"income":0.0452409274876118,"employment":0.0918294116854668,"health":0.107875388150984,"education":12.8465051651001,"barriers":22.6206440207888,"crime":-1.29638659954071,"living_env":1.63813602924347,"imd_decile":4,"income_decile":2,"employment_decile":6,"health_decile":6,"education_decile":5,"barriers_decile":6,"crime_decile":1,"living_env_decile":1}}},"geometry":{"type":"Polygon","coordinates":[[[-1.60504,54.70181],[-1.60581,54.70131],[-1.60981,54.70071],[-1.61224,54.70398],[-1.61251,54.70817],[-1.60953,54.70935],[-1.60855,54.70647],[-1.60515,54.70371],[-1.60504,54.70181]]]}},{"type":"Feature","properties":{"lsoa_code":"E01020838","lsoa_name":"County Durham 059C","data":{"2015":{"imd_decile":9,"imd":40.127,"income_decile":9,"income":0.254,"employment_decile":10,"employment":0.239,"health_decile":10,"health":1.189,"education_decile":8,"education":27.757,"crime_decile":10,"crime":1.347,"barriers_decile":2,"barriers":11.021,"living_env_decile":6,"living_env":20.137},"2019":{"imd_decile":9,"imd":39.411,"income_decile":9,"income":0.236,"employment_decile":9,"employment":0.191,"health_decile":9,"health":1.051,"education_decile":8,"education":32.426,"crime_decile":10,"crime":1.503,"barriers_decile":1,"barriers":7.178,"living_env_decile":5,"living_env":17.626},"2025":{"imd_decile":10,"imd":45.707,"income_decile":8,"income":0.356,"employment_decile":10,"employment":0.275,"health_decile":10,"health":1.258,"education_decile":9,"education":39.646,"crime_decile":10,"crime":1.636,"barriers_decile":7,"barriers":25.333,"living_env_decile":8,"living_env":34.38},"2004":{"imd":35.06,"income":0.179251888342721,"employment":0.227430676506871,"health":1.05290706780511,"education":38.4462352814116,"barriers":8.16450863619364,"crime":0.13,"living_env":27.93,"imd_decile":9,"income_decile":8,"employment_decile":10,"health_decile":9,"education_decile":9,"barriers_decile":1,"crime_decile":6,"living_env_decile":8},"2007":{"imd":35.376594543457,"income":0.21514604985714,"employment":0.205754190683365,"health":1.22040771512276,"education":34.2336311340332,"barriers":10.5739988955761,"crime":0.39111790060997,"living_env":18.8764724731445,"imd_decile":9,"income_decile":8,"employment_decile":10,"health_decile":10,"education_decile":8,"barriers_decile":2,"crime_decile":7,"living_env_decile":6}}},"geometry":{"type":"Polygon","coordinates":[[[-1.61008,54.65078],[-1.60484,54.64184],[-1.61368,54.63487],[-1.61665,54.63009],[-1.62503,54.63415],[-1.63834,54.63954],[-1.64047,54.63841],[-1.64029,54.63628],[-1.64171,54.63563],[-1.64645,54.63377],[-1.6472,54.63274],[-1.64863,54.63255],[-1.65146,54.63319],[-1.65371,54.63347],[-1.65206,54.63477],[-1.65475,54.63618],[-1.65893,54.64306],[-1.65242,54.64374],[-1.64893,54.64145],[-1.64654,54.6455],[-1.6403,54.64538],[-1.63534,54.64731],[-1.62565,54.65348],[-1.61352,54.65456],[-1.61008,54.65078]]]}},{"type":"Feature","properties":{"lsoa_code":"E01020839","lsoa_name":"County Durham 059D","data":{"2015":{"imd_decile":9,"imd":43.748,"income_decile":9,"income":0.279,"employment_decile":10,"employment":0.258,"health_decile":10,"health":1.317,"education_decile":9,"education":38.265,"crime_decile":10,"crime":1.383,"barriers_decile":1,"barriers":9.19,"living_env_decile":4,"living_env":11.403},"2019":{"imd_decile":10,"imd":45.338,"income_decile":10,"income":0.271,"employment_decile":10,"employment":0.227,"health_decile":10,"health":1.275,"education_decile":9,"education":44.299,"crime_decile":10,"crime":1.403,"barriers_decile":1,"barriers":4.587,"living_env_decile":2,"living_env":7.006},"2025":{"imd_decile":10,"imd":48.585,"income_decile":9,"income":0.441,"employment_decile":10,"employment":0.299,"health_decile":10,"health":1.4,"education_decile":9,"education":44.939,"crime_decile":10,"crime":1.343,"barriers_decile":6,"barriers":22.045,"living_env_decile":7,"living_env":27.307},"2004":{"imd":39.44,"income":0.231805468572383,"employment":0.240026005501622,"health":1.43797944739471,"education":43.7369418490625,"barriers":3.70864661581114,"crime":0.16,"living_env":18.19,"imd_decile":9,"income_decile":9,"employment_decile":10,"health_decile":10,"education_decile":9,"barriers_decile":1,"crime_decile":6,"living_env_decile":6},"2007":{"imd":39.6544456481934,"income":0.254612267017365,"employment":0.233771711587906,"health":1.47669071641029,"education":40.5974655151367,"barriers":5.2054297243001,"crime":0.347757786512375,"living_env":9.36510276794434,"imd_decile":9,"income_decile":9,"employment_decile":10,"health_decile":10,"education_decile":9,"barriers_decile":1,"crime_decile":7,"living_env_decile":3}}},"geometry":{"type":"Polygon","coordinates":[[[-1.64077,54.6403],[-1.62904,54.63808],[-1.62728,54.63281],[-1.63971,54.63441],[-1.6434,54.63359],[-1.64232,54.63118],[-1.64658,54.6317],[-1.6487,54.63019],[-1.65339,54.63239],[-1.65487,54.63318],[-1.65475,54.63618],[-1.65206,54.63477],[-1.65371,54.63347],[-1.65146,54.63319],[-1.64863,54.63255],[-1.6472,54.63274],[-1.64645,54.63377],[-1.64171,54.63563],[-1.64029,54.63628],[-1.64047,54.63841],[-1.64077,54.6403]]]}},{"type":"Feature","properties":{"lsoa_code":"E01020840","lsoa_name":"County Durham 059E","data":{"2015":{"imd_decile":9,"imd":41.558,"income_decile":9,"income":0.292,"employment_decile":10,"employment":0.28,"health_decile":10,"health":1.173,"education_decile":8,"education":33.296,"crime_decile":8,"crime":0.468,"barriers_decile":7,"barriers":23.565,"living_env_decile":1,"living_env":2.574},"2019":{"imd_decile":9,"imd":39.242,"income_decile":9,"income":0.255,"employment_decile":10,"employment":0.214,"health_decile":9,"health":0.91,"education_decile":9,"education":39.172,"crime_decile":9,"crime":0.819,"barriers_decile":5,"barriers":18.709,"living_env_decile":1,"living_env":2.067},"2025":{"imd_decile":8,"imd":28.051,"income_decile":8,"income":0.305,"employment_decile":8,"employment":0.177,"health_decile":9,"health":0.829,"education_decile":7,"education":26.726,"crime_decile":7,"crime":0.432,"barriers_decile":8,"barriers":29.064,"living_env_decile":2,"living_env":5.808},"2004":{"imd":42.37,"income":0.269084367689984,"employment":0.266127588327442,"health":1.27862847107918,"education":49.4309412927617,"barriers":16.0901010097925,"crime":0.34,"living_env":5.22,"imd_decile":9,"income_decile":9,"employment_decile":10,"health_decile":10,"education_decile":9,"barriers_decile":4,"crime_decile":7,"living_env_decile":2},"2007":{"imd":40.1729507446289,"income":0.292531996965408,"employment":0.215642362833023,"health":1.29977678550813,"education":48.1861801147461,"barriers":18.0738763403868,"crime":0.320162236690521,"living_env":2.84646224975586,"imd_decile":9,"income_decile":9,"employment_decile":10,"health_decile":10,"education_decile":9,"barriers_decile":5,"crime_decile":7,"living_env_decile":1}}},"geometry":{"type":"Polygon","coordinates":[[[-1.62728,54.63281],[-1.61665,54.63009],[-1.61944,54.62026],[-1.62386,54.61862],[-1.63409,54.61617],[-1.6382,54.62067],[-1.64265,54.62431],[-1.63821,54.62579],[-1.63637,54.62606],[-1.6366,54.62855],[-1.63454,54.62953],[-1.63272,54.63],[-1.63209,54.63073],[-1.63131,54.63188],[-1.63278,54.63268],[-1.63525,54.634],[-1.62728,54.63281]]]}},{"type":"Feature","properties":{"lsoa_code":"E01020841","lsoa_name":"County Durham 059F","data":{"2015":{"imd_decile":10,"imd":64.841,"income_decile":10,"income":0.45,"employment_decile":10,"employment":0.384,"health_decile":10,"health":1.917,"education_decile":10,"education":56.012,"crime_decile":10,"crime":1.031,"barriers_decile":4,"barriers":16.071,"living_env_decile":1,"living_env":0.72},"2019":{"imd_decile":10,"imd":64.108,"income_decile":10,"income":0.417,"employment_decile":10,"employment":0.308,"health_decile":10,"health":1.57,"education_decile":10,"education":70.9,"crime_decile":10,"crime":1.063,"barriers_decile":2,"barriers":9.732,"living_env_decile":1,"living_env":1.134},"2025":{"imd_decile":10,"imd":68.571,"income_decile":10,"income":0.619,"employment_decile":10,"employment":0.414,"health_decile":10,"health":1.923,"education_decile":10,"education":60.846,"crime_decile":10,"crime":1.533,"barriers_decile":8,"barriers":29.095,"living_env_decile":2,"living_env":6.926},"2004":{"imd":54.38,"income":0.369598695354497,"employment":0.284949760628475,"health":1.93201314290815,"education":73.4773236807313,"barriers":5.96295166760173,"crime":0.28,"living_env":6.61,"imd_decile":10,"income_decile":10,"employment_decile":10,"health_decile":10,"education_decile":10,"barriers_decile":1,"crime_decile":7,"living_env_decile":2},"2007":{"imd":56.1529731750488,"income":0.39818063378334,"employment":0.280241757631302,"health":1.83561142348171,"education":73.1369018554688,"barriers":8.34437235184499,"crime":0.75715708732605,"living_env":3.01285672187805,"imd_decile":10,"income_decile":10,"employment_decile":10,"health_decile":10,"education_decile":10,"barriers_decile":1,"crime_decile":9,"living_env_decile":1}}},"geometry":{"type":"Polygon","coordinates":[[[-1.63287,54.6332],[-1.63171,54.63199],[-1.63062,54.63208],[-1.63212,54.63033],[-1.63449,54.63039],[-1.63618,54.62905],[-1.63928,54.62773],[-1.64192,54.63123],[-1.64314,54.63291],[-1.63981,54.63439],[-1.63525,54.634],[-1.63287,54.6332]]]}},{"type":"Feature","properties":{"lsoa_code":"E01020842","lsoa_name":"County Durham 049D","data":{"2015":{"imd_decile":9,"imd":41.431,"income_decile":9,"income":0.3,"employment_decile":10,"employment":0.279,"health_decile":10,"health":1.286,"education_decile":9,"education":41.732,"crime_decile":3,"crime":-0.481,"barriers_decile":6,"barriers":21.048,"living_env_decile":1,"living_env":3.949},"2019":{"imd_decile":9,"imd":34.261,"income_decile":9,"income":0.241,"employment_decile":9,"employment":0.19,"health_decile":8,"health":0.705,"education_decile":9,"education":45.103,"crime_decile":6,"crime":0.03,"barriers_decile":4,"barriers":17.189,"living_env_decile":1,"living_env":2.56},"2004":{"imd":37.06,"income":0.257504120174769,"employment":0.224234039428298,"health":1.17530789942201,"education":51.0725606018956,"barriers":13.5756995597166,"crime":-0.61,"living_env":5.05,"imd_decile":9,"income_decile":9,"employment_decile":10,"health_decile":10,"education_decile":10,"barriers_decile":3,"crime_decile":3,"living_env_decile":2},"2007":{"imd":42.8563194274902,"income":0.278931170701981,"employment":0.235906377434731,"health":1.48705504381367,"education":57.7981185913086,"barriers":24.4390547335048,"crime":-0.779050171375275,"living_env":2.71694326400757,"imd_decile":9,"income_decile":9,"employment_decile":10,"health_decile":10,"education_decile":10,"barriers_decile":7,"crime_decile":2,"living_env_decile":1}}},"geometry":{"type":"Polygon","coordinates":[[[-1.58648,54.71036],[-1.5842,54.70943],[-1.58145,54.70929],[-1.58034,54.70887],[-1.57694,54.70692],[-1.56725,54.70858],[-1.57836,54.70025],[-1.58702,54.69937],[-1.5869,54.70288],[-1.58959,54.70812],[-1.58565,54.71047],[-1.58648,54.71036]]]}},{"type":"Feature","properties":{"lsoa_code":"E01020843","lsoa_name":"County Durham 047E","data":{"2015":{"imd_decile":4,"imd":12.124,"income_decile":5,"income":0.101,"employment_decile":6,"employment":0.101,"health_decile":7,"health":0.25,"education_decile":4,"education":9.044,"crime_decile":2,"crime":-0.861,"barriers_decile":4,"barriers":16.698,"living_env_decile":1,"living_env":1.641},"2019":{"imd_decile":5,"imd":15.682,"income_decile":6,"income":0.108,"employment_decile":6,"employment":0.089,"health_decile":6,"health":0.183,"education_decile":5,"education":14.733,"crime_decile":4,"crime":-0.231,"barriers_decile":6,"barriers":22.538,"living_env_decile":1,"living_env":1.956},"2025":{"imd_decile":5,"imd":15.108,"income_decile":4,"income":0.142,"employment_decile":6,"employment":0.121,"health_decile":7,"health":0.362,"education_decile":6,"education":17.776,"crime_decile":4,"crime":-0.362,"barriers_decile":3,"barriers":15.248,"living_env_decile":5,"living_env":17.211},"2004":{"imd":17.33,"income":0.0841281740431698,"employment":0.128096043686099,"health":0.488664007525371,"education":8.46195533932397,"barriers":25.1683743663471,"crime":-0.46,"living_env":5.13,"imd_decile":6,"income_decile":5,"employment_decile":8,"health_decile":8,"education_decile":3,"barriers_decile":7,"crime_decile":4,"living_env_decile":2},"2007":{"imd":16.8786773681641,"income":0.0926124155521393,"employment":0.114776141941547,"health":0.443223953675179,"education":12.7552280426025,"barriers":26.0050073497448,"crime":-0.474411606788635,"living_env":4.07491302490234,"imd_decile":5,"income_decile":5,"employment_decile":7,"health_decile":7,"education_decile":5,"barriers_decile":7,"crime_decile":3,"living_env_decile":1}}},"geometry":{"type":"Polygon","coordinates":[[[-1.59872,54.72757],[-1.59638,54.72676],[-1.59115,54.72426],[-1.5863,54.72237],[-1.58167,54.71814],[-1.57084,54.7145],[-1.57211,54.70805],[-1.57971,54.70822],[-1.58137,54.70908],[-1.58412,54.70997],[-1.58636,54.70984],[-1.58566,54.71164],[-1.58963,54.70797],[-1.59288,54.71064],[-1.60005,54.71128],[-1.60401,54.71511],[-1.6108,54.71367],[-1.61773,54.7129],[-1.6216,54.71499],[-1.62449,54.71827],[-1.62134,54.72192],[-1.61551,54.72571],[-1.60184,54.73044],[-1.59584,54.72973],[-1.59872,54.72757]]]}},{"type":"Feature","properties":{"lsoa_code":"E01020844","lsoa_name":"County Durham 061B","data":{"2015":{"imd_decile":10,"imd":46.468,"income_decile":10,"income":0.331,"employment_decile":10,"employment":0.269,"health_decile":10,"health":1.672,"education_decile":9,"education":49.05,"crime_decile":5,"crime":-0.063,"barriers_decile":6,"barriers":22.885,"living_env_decile":1,"living_env":1.598},"2019":{"imd_decile":10,"imd":51.438,"income_decile":10,"income":0.293,"employment_decile":10,"employment":0.246,"health_decile":10,"health":1.505,"education_decile":10,"education":58.364,"crime_decile":10,"crime":1.195,"barriers_decile":5,"barriers":18.362,"living_env_decile":1,"living_env":1.017},"2025":{"imd_decile":10,"imd":59.942,"income_decile":10,"income":0.55,"employment_decile":10,"employment":0.327,"health_decile":10,"health":1.711,"education_decile":10,"education":65.449,"crime_decile":10,"crime":1.454,"barriers_decile":8,"barriers":26.681,"living_env_decile":3,"living_env":10.122},"2004":{"imd":50.02,"income":0.367618871641054,"employment":0.285926908724467,"health":1.57493913691709,"education":52.8733957245004,"barriers":11.8762050305982,"crime":0.57,"living_env":2.94,"imd_decile":10,"income_decile":10,"employment_decile":10,"health_decile":10,"education_decile":10,"barriers_decile":3,"crime_decile":8,"living_env_decile":1},"2007":{"imd":50.4819068908691,"income":0.382522165775299,"employment":0.245820641517639,"health":1.84300295138898,"education":58.3615646362305,"barriers":13.1601962560461,"crime":0.601060450077057,"living_env":1.75304794311523,"imd_decile":10,"income_decile":10,"employment_decile":10,"health_decile":10,"education_decile":10,"barriers_decile":3,"crime_decile":8,"living_env_decile":1}}},"geometry":{"type":"Polygon","coordinates":[[[-1.58816,54.62367],[-1.58412,54.622],[-1.58469,54.62033],[-1.58478,54.61734],[-1.58056,54.61562],[-1.58451,54.61445],[-1.58644,54.6163],[-1.58935,54.61517],[-1.59095,54.61659],[-1.59229,54.61761],[-1.58994,54.62054],[-1.58816,54.62367]]]}},{"type":"Feature","properties":{"lsoa_code":"E01020845","lsoa_name":"County Durham 063D","data":{"2015":{"imd_decile":8,"imd":32.498,"income_decile":9,"income":0.247,"employment_decile":9,"employment":0.207,"health_decile":10,"health":1.253,"education_decile":8,"education":32.471,"crime_decile":7,"crime":0.308,"barriers_decile":1,"barriers":7.436,"living_env_decile":1,"living_env":0.892},"2019":{"imd_decile":9,"imd":36.427,"income_decile":9,"income":0.257,"employment_decile":9,"employment":0.192,"health_decile":10,"health":1.175,"education_decile":8,"education":34.995,"crime_decile":8,"crime":0.546,"barriers_decile":1,"barriers":5.087,"living_env_decile":1,"living_env":1.098},"2025":{"imd_decile":9,"imd":44.181,"income_decile":9,"income":0.463,"employment_decile":9,"employment":0.257,"health_decile":10,"health":1.617,"education_decile":9,"education":40.986,"crime_decile":9,"crime":1.084,"barriers_decile":5,"barriers":19.332,"living_env_decile":3,"living_env":8.935},"2004":{"imd":32.78,"income":0.201005773723924,"employment":0.203617286304204,"health":1.33662068838568,"education":39.7554152436356,"barriers":2.70476077191002,"crime":-0.29,"living_env":4.45,"imd_decile":8,"income_decile":8,"employment_decile":9,"health_decile":10,"education_decile":9,"barriers_decile":1,"crime_decile":4,"living_env_decile":2},"2007":{"imd":35.7651062011719,"income":0.253849744796753,"employment":0.212615147233009,"health":1.31433574615949,"education":45.2551155090332,"barriers":4.75849441680714,"crime":-0.406565874814987,"living_env":3.42914175987244,"imd_decile":9,"income_decile":9,"employment_decile":10,"health_decile":10,"education_decile":9,"barriers_decile":1,"crime_decile":4,"living_env_decile":1}}},"geometry":{"type":"Polygon","coordinates":[[[-1.57672,54.61702],[-1.58354,54.6167],[-1.58645,54.61957],[-1.58224,54.62093],[-1.57824,54.62163],[-1.57525,54.61966],[-1.57601,54.61812],[-1.57672,54.61702]]]}},{"type":"Feature","properties":{"lsoa_code":"E01020846","lsoa_name":"County Durham 063E","data":{"2015":{"imd_decile":7,"imd":24.156,"income_decile":7,"income":0.16,"employment_decile":8,"employment":0.172,"health_decile":8,"health":0.564,"education_decile":6,"education":18.761,"crime_decile":3,"crime":-0.651,"barriers_decile":9,"barriers":33.956,"living_env_decile":1,"living_env":1.132},"2019":{"imd_decile":8,"imd":28.168,"income_decile":8,"income":0.158,"employment_decile":9,"employment":0.156,"health_decile":7,"health":0.422,"education_decile":7,"education":22.024,"crime_decile":8,"crime":0.555,"barriers_decile":9,"barriers":34.67,"living_env_decile":1,"living_env":1.139},"2025":{"imd_decile":8,"imd":29.196,"income_decile":7,"income":0.271,"employment_decile":9,"employment":0.201,"health_decile":9,"health":0.882,"education_decile":8,"education":28.076,"crime_decile":7,"crime":0.348,"barriers_decile":9,"barriers":31.945,"living_env_decile":2,"living_env":5.138},"2004":{"imd":24.62,"income":0.148282647269512,"employment":0.174031083607886,"health":0.877550980482185,"education":16.7058526253966,"barriers":20.6609076581587,"crime":-0.37,"living_env":2.25,"imd_decile":7,"income_decile":7,"employment_decile":9,"health_decile":9,"education_decile":6,"barriers_decile":6,"crime_decile":4,"living_env_decile":1},"2007":{"imd":22.4844188690186,"income":0.151058167219162,"employment":0.141495630145073,"health":0.698622915470099,"education":18.9474010467529,"barriers":23.2665484702033,"crime":-0.233113527297974,"living_env":2.87329602241516,"imd_decile":7,"income_decile":7,"employment_decile":8,"health_decile":8,"education_decile":6,"barriers_decile":7,"crime_decile":4,"living_env_decile":1}}},"geometry":{"type":"Polygon","coordinates":[[[-1.60815,54.6187],[-1.59389,54.61552],[-1.59051,54.61693],[-1.59021,54.61594],[-1.58752,54.61596],[-1.58528,54.61517],[-1.5871,54.61293],[-1.58653,54.61042],[-1.60004,54.60689],[-1.60622,54.60344],[-1.60566,54.60673],[-1.60525,54.61245],[-1.60676,54.61754],[-1.61213,54.61813],[-1.60815,54.6187]]]}},{"type":"Feature","properties":{"lsoa_code":"E01020847","lsoa_name":"County Durham 061C","data":{"2015":{"imd_decile":10,"imd":47.233,"income_decile":10,"income":0.324,"employment_decile":10,"employment":0.276,"health_decile":10,"health":1.472,"education_decile":10,"education":50.005,"crime_decile":8,"crime":0.654,"barriers_decile":6,"barriers":21.626,"living_env_decile":1,"living_env":2.177},"2019":{"imd_decile":10,"imd":49.085,"income_decile":10,"income":0.32,"employment_decile":10,"employment":0.214,"health_decile":10,"health":1.347,"education_decile":10,"education":56.702,"crime_decile":9,"crime":0.952,"barriers_decile":5,"barriers":18.52,"living_env_decile":4,"living_env":11.118},"2025":{"imd_decile":10,"imd":59.356,"income_decile":10,"income":0.571,"employment_decile":10,"employment":0.323,"health_decile":10,"health":1.667,"education_decile":10,"education":55.513,"crime_decile":10,"crime":1.746,"barriers_decile":8,"barriers":27.313,"living_env_decile":3,"living_env":8.835},"2004":{"imd":46.26,"income":0.345770230387964,"employment":0.260366856418289,"health":1.46922048549497,"education":49.7895065858998,"barriers":11.059926413867,"crime":0.55,"living_env":4.82,"imd_decile":10,"income_decile":10,"employment_decile":10,"health_decile":10,"education_decile":10,"barriers_decile":2,"crime_decile":8,"living_env_decile":2},"2007":{"imd":44.8960571289063,"income":0.342078059911728,"employment":0.226574376225472,"health":1.65299940907481,"education":54.8927230834961,"barriers":11.8062456427052,"crime":0.192582875490189,"living_env":3.9582941532135,"imd_decile":9,"income_decile":10,"employment_decile":10,"health_decile":10,"education_decile":10,"barriers_decile":2,"crime_decile":6,"living_env_decile":1}}},"geometry":{"type":"Polygon","coordinates":[[[-1.58042,54.62312],[-1.58478,54.621],[-1.58645,54.62229],[-1.58587,54.625],[-1.57872,54.62766],[-1.57412,54.62557],[-1.58042,54.62312]]]}},{"type":"Feature","properties":{"lsoa_code":"E01020848","lsoa_name":"County Durham 060D","data":{"2015":{"imd_decile":6,"imd":20.723,"income_decile":7,"income":0.176,"employment_decile":7,"employment":0.132,"health_decile":9,"health":0.755,"education_decile":6,"education":16.923,"crime_decile":4,"crime":-0.3,"barriers_decile":5,"barriers":18.85,"living_env_decile":1,"living_env":0.809},"2019":{"imd_decile":6,"imd":20.114,"income_decile":7,"income":0.145,"employment_decile":7,"employment":0.103,"health_decile":8,"health":0.639,"education_decile":5,"education":15.393,"crime_decile":5,"crime":-0.042,"barriers_decile":6,"barriers":21.414,"living_env_decile":1,"living_env":1.024},"2025":{"imd_decile":6,"imd":18.274,"income_decile":5,"income":0.168,"employment_decile":7,"employment":0.138,"health_decile":9,"health":0.832,"education_decile":5,"education":15.778,"crime_decile":4,"crime":-0.245,"barriers_decile":7,"barriers":23.181,"living_env_decile":1,"living_env":1.562},"2004":{"imd":19.19,"income":0.124454313076102,"employment":0.121134161760799,"health":0.579815175721348,"education":16.434690019118,"barriers":19.6879443872575,"crime":-0.31,"living_env":3.58,"imd_decile":6,"income_decile":6,"employment_decile":7,"health_decile":8,"education_decile":6,"barriers_decile":5,"crime_decile":4,"living_env_decile":1},"2007":{"imd":17.4554271697998,"income":0.112133204936981,"employment":0.107873380184174,"health":0.687782137571135,"education":15.9426422119141,"barriers":20.6546021838296,"crime":-0.577003061771393,"living_env":2.33561301231384,"imd_decile":6,"income_decile":5,"employment_decile":7,"health_decile":8,"education_decile":5,"barriers_decile":6,"crime_decile":3,"living_env_decile":1}}},"geometry":{"type":"Polygon","coordinates":[[[-1.56947,54.63493],[-1.56745,54.6335],[-1.56773,54.63259],[-1.5651,54.63286],[-1.56463,54.63077],[-1.56323,54.62965],[-1.56487,54.62798],[-1.56942,54.62742],[-1.57112,54.6284],[-1.5737,54.62816],[-1.57478,54.62831],[-1.5754,54.62972],[-1.57318,54.62963],[-1.57041,54.6294],[-1.56982,54.63177],[-1.57166,54.63411],[-1.56947,54.63493]]]}},{"type":"Feature","properties":{"lsoa_code":"E01020849","lsoa_name":"County Durham 061D","data":{"2015":{"imd_decile":9,"imd":44.427,"income_decile":9,"income":0.302,"employment_decile":10,"employment":0.271,"health_decile":10,"health":1.49,"education_decile":9,"education":44.373,"crime_decile":6,"crime":0.195,"barriers_decile":7,"barriers":26.099,"living_env_decile":1,"living_env":2.614},"2019":{"imd_decile":10,"imd":47.555,"income_decile":10,"income":0.309,"employment_decile":10,"employment":0.246,"health_decile":10,"health":1.392,"education_decile":9,"education":42.717,"crime_decile":7,"crime":0.382,"barriers_decile":7,"barriers":23.165,"living_env_decile":3,"living_env":10.496},"2025":{"imd_decile":10,"imd":53.502,"income_decile":10,"income":0.486,"employment_decile":10,"employment":0.307,"health_decile":10,"health":2.192,"education_decile":10,"education":52.15,"crime_decile":9,"crime":0.932,"barriers_decile":8,"barriers":28.567,"living_env_decile":2,"living_env":5.1},"2004":{"imd":41.32,"income":0.320412119613167,"employment":0.222801341351296,"health":1.48108566950994,"education":45.443591916455,"barriers":16.4132788880765,"crime":-0.01,"living_env":3.62,"imd_decile":9,"income_decile":10,"employment_decile":10,"health_decile":10,"education_decile":9,"barriers_decile":4,"crime_decile":5,"living_env_decile":1},"2007":{"imd":41.5775604248047,"income":0.338013112545013,"employment":0.212597399950027,"health":1.56485115823255,"education":45.5638656616211,"barriers":18.3873764768742,"crime":-0.313767373561859,"living_env":2.23680067062378,"imd_decile":9,"income_decile":10,"employment_decile":10,"health_decile":10,"education_decile":9,"barriers_decile":5,"crime_decile":4,"living_env_decile":1}}},"geometry":{"type":"Polygon","coordinates":[[[-1.5777,54.63341],[-1.57547,54.63245],[-1.57383,54.63121],[-1.57439,54.62957],[-1.5742,54.62902],[-1.57459,54.62747],[-1.57244,54.62861],[-1.57038,54.62764],[-1.57067,54.62673],[-1.57412,54.62557],[-1.57872,54.62766],[-1.58119,54.62997],[-1.58021,54.63135],[-1.58025,54.63355],[-1.5777,54.63341]]]}},{"type":"Feature","properties":{"lsoa_code":"E01020850","lsoa_name":"County Durham 060E","data":{"2015":{"imd_decile":2,"imd":8.12,"income_decile":3,"income":0.062,"employment_decile":3,"employment":0.067,"health_decile":5,"health":-0.066,"education_decile":2,"education":5.829,"crime_decile":2,"crime":-0.962,"barriers_decile":7,"barriers":23.819,"living_env_decile":1,"living_env":0.887},"2019":{"imd_decile":3,"imd":8.857,"income_decile":3,"income":0.061,"employment_decile":4,"employment":0.061,"health_decile":5,"health":-0.138,"education_decile":2,"education":4.025,"crime_decile":2,"crime":-0.87,"barriers_decile":7,"barriers":25.356,"living_env_decile":1,"living_env":0.298},"2025":{"imd_decile":3,"imd":8.561,"income_decile":3,"income":0.11,"employment_decile":4,"employment":0.082,"health_decile":5,"health":-0.04,"education_decile":3,"education":6.243,"crime_decile":2,"crime":-0.8,"barriers_decile":6,"barriers":21.567,"living_env_decile":1,"living_env":0.507},"2004":{"imd":9.03,"income":0.0501299396232171,"employment":0.0616952432323854,"health":0.252770905115311,"education":4.0848611869851,"barriers":22.7185523819696,"crime":-0.73,"living_env":0.83,"imd_decile":3,"income_decile":3,"employment_decile":4,"health_decile":7,"education_decile":2,"barriers_decile":6,"crime_decile":3,"living_env_decile":1},"2007":{"imd":8.14758682250977,"income":0.060412909835577,"employment":0.0549698062241077,"health":0.126786936602673,"education":4.20077800750732,"barriers":24.4334917241633,"crime":-1.14053428173065,"living_env":1.01563787460327,"imd_decile":2,"income_decile":3,"employment_decile":3,"health_decile":6,"education_decile":2,"barriers_decile":7,"crime_decile":1,"living_env_decile":1}}},"geometry":{"type":"Polygon","coordinates":[[[-1.57276,54.63375],[-1.57009,54.63284],[-1.56996,54.63092],[-1.57129,54.62915],[-1.57324,54.62996],[-1.57346,54.63208],[-1.57624,54.63174],[-1.58025,54.63355],[-1.58021,54.63135],[-1.58119,54.62997],[-1.58719,54.63179],[-1.58328,54.63807],[-1.57311,54.63998],[-1.56988,54.63567],[-1.57276,54.63375]]]}},{"type":"Feature","properties":{"lsoa_code":"E01020851","lsoa_name":"County Durham 060F","data":{"2015":{"imd_decile":3,"imd":9.122,"income_decile":3,"income":0.066,"employment_decile":5,"employment":0.096,"health_decile":6,"health":0.071,"education_decile":3,"education":6.036,"crime_decile":1,"crime":-1.534,"barriers_decile":4,"barriers":17.215,"living_env_decile":1,"living_env":0.551},"2019":{"imd_decile":3,"imd":10.085,"income_decile":3,"income":0.055,"employment_decile":5,"employment":0.077,"health_decile":6,"health":0.168,"education_decile":3,"education":6.456,"crime_decile":1,"crime":-1.644,"barriers_decile":6,"barriers":22.799,"living_env_decile":1,"living_env":0.449},"2025":{"imd_decile":3,"imd":10.814,"income_decile":2,"income":0.087,"employment_decile":4,"employment":0.09,"health_decile":7,"health":0.206,"education_decile":3,"education":9.044,"crime_decile":4,"crime":-0.414,"barriers_decile":8,"barriers":26.388,"living_env_decile":1,"living_env":0.837},"2004":{"imd":11.77,"income":0.0425709170978354,"employment":0.111040630711742,"health":0.3138820172166,"education":6.99011212843995,"barriers":19.176715132016,"crime":-1.18,"living_env":1.67,"imd_decile":4,"income_decile":2,"employment_decile":7,"health_decile":7,"education_decile":3,"barriers_decile":5,"crime_decile":1,"living_env_decile":1},"2007":{"imd":11.9226350784302,"income":0.0556947886943817,"employment":0.100400850176811,"health":0.500171612253638,"education":7.91447067260742,"barriers":18.8450824312326,"crime":-1.52590525150299,"living_env":0.894225239753723,"imd_decile":4,"income_decile":2,"employment_decile":7,"health_decile":8,"education_decile":3,"barriers_decile":5,"crime_decile":1,"living_env_decile":1}}},"geometry":{"type":"Polygon","coordinates":[[[-1.5596,54.64059],[-1.55944,54.63344],[-1.55853,54.63228],[-1.56091,54.6301],[-1.56296,54.6286],[-1.56486,54.63046],[-1.56585,54.63164],[-1.5671,54.63243],[-1.56894,54.6335],[-1.56949,54.63403],[-1.57295,54.63357],[-1.57131,54.63549],[-1.57368,54.63771],[-1.57394,54.6445],[-1.56452,54.64103],[-1.5596,54.64059]]]}},{"type":"Feature","properties":{"lsoa_code":"E01020852","lsoa_name":"County Durham 066A","data":{"2015":{"imd_decile":7,"imd":23.386,"income_decile":7,"income":0.154,"employment_decile":8,"employment":0.17,"health_decile":9,"health":0.897,"education_decile":7,"education":26.166,"crime_decile":3,"crime":-0.561,"barriers_decile":3,"barriers":14.173,"living_env_decile":2,"living_env":6.903},"2019":{"imd_decile":7,"imd":24.712,"income_decile":7,"income":0.148,"employment_decile":8,"employment":0.141,"health_decile":9,"health":0.743,"education_decile":9,"education":38.281,"crime_decile":4,"crime":-0.388,"barriers_decile":1,"barriers":8.101,"living_env_decile":2,"living_env":7.902},"2025":{"imd_decile":8,"imd":27.069,"income_decile":6,"income":0.216,"employment_decile":9,"employment":0.212,"health_decile":9,"health":1.112,"education_decile":7,"education":25.453,"crime_decile":6,"crime":0.127,"barriers_decile":3,"barriers":15.062,"living_env_decile":6,"living_env":21.169},"2004":{"imd":16.32,"income":0.129869267362257,"employment":0.110350924378138,"health":0.343488062858359,"education":16.2611589792809,"barriers":5.54225507597336,"crime":-1.88,"living_env":11.17,"imd_decile":5,"income_decile":7,"employment_decile":7,"health_decile":7,"education_decile":6,"barriers_decile":1,"crime_decile":1,"living_env_decile":4},"2007":{"imd":16.5031986236572,"income":0.142842903733253,"employment":0.107567250728607,"health":0.672150265102659,"education":13.9103870391846,"barriers":5.67404202785398,"crime":-2.03302979469299,"living_env":6.76091814041138,"imd_decile":5,"income_decile":6,"employment_decile":7,"health_decile":8,"education_decile":5,"barriers_decile":1,"crime_decile":1,"living_env_decile":2}}},"geometry":{"type":"Polygon","coordinates":[[[-1.91888,54.54723],[-1.91294,54.54648],[-1.90821,54.54507],[-1.90527,54.53902],[-1.90965,54.53946],[-1.92369,54.54219],[-1.92278,54.54574],[-1.91888,54.54723]]]}},{"type":"Feature","properties":{"lsoa_code":"E01020853","lsoa_name":"County Durham 066B","data":{"2015":{"imd_decile":4,"imd":13.49,"income_decile":5,"income":0.113,"employment_decile":6,"employment":0.108,"health_decile":8,"health":0.473,"education_decile":5,"education":13.668,"crime_decile":1,"crime":-2.046,"barriers_decile":1,"barriers":7.071,"living_env_decile":2,"living_env":5.487},"2019":{"imd_decile":4,"imd":12.317,"income_decile":5,"income":0.091,"employment_decile":6,"employment":0.085,"health_decile":7,"health":0.196,"education_decile":5,"education":14.693,"crime_decile":1,"crime":-1.293,"barriers_decile":1,"barriers":7.031,"living_env_decile":2,"living_env":6.575},"2025":{"imd_decile":4,"imd":12.81,"income_decile":4,"income":0.146,"employment_decile":5,"employment":0.109,"health_decile":7,"health":0.419,"education_decile":4,"education":11.494,"crime_decile":1,"crime":-1.166,"barriers_decile":4,"barriers":16.956,"living_env_decile":4,"living_env":10.446},"2004":{"imd":13.11,"income":0.0914430271588662,"employment":0.0992052186253687,"health":0.199857321329728,"education":16.8558921805262,"barriers":7.282285930999,"crime":-3.08,"living_env":4.21,"imd_decile":4,"income_decile":5,"employment_decile":6,"health_decile":6,"education_decile":6,"barriers_decile":1,"crime_decile":1,"living_env_decile":1},"2007":{"imd":13.5195360183716,"income":0.110352382063866,"employment":0.0988681986927986,"health":0.290688382893881,"education":17.3598003387451,"barriers":6.34360304187975,"crime":-3.31525421142578,"living_env":2.58931303024292,"imd_decile":4,"income_decile":5,"employment_decile":7,"health_decile":7,"education_decile":6,"barriers_decile":1,"crime_decile":1,"living_env_decile":1}}},"geometry":{"type":"Polygon","coordinates":[[[-1.91142,54.55594],[-1.90958,54.55353],[-1.89571,54.55256],[-1.89164,54.54687],[-1.88688,54.54366],[-1.89114,54.53689],[-1.89691,54.53345],[-1.90246,54.53327],[-1.90681,54.53682],[-1.90475,54.53896],[-1.91002,54.54053],[-1.91223,54.54625],[-1.91774,54.54619],[-1.91712,54.54851],[-1.91724,54.55238],[-1.92018,54.55319],[-1.92379,54.55593],[-1.91393,54.5568],[-1.91142,54.55594]]]}},{"type":"Feature","properties":{"lsoa_code":"E01020854","lsoa_name":"County Durham 066C","data":{"2015":{"imd_decile":4,"imd":11.286,"income_decile":4,"income":0.089,"employment_decile":5,"employment":0.084,"health_decile":6,"health":0.192,"education_decile":3,"education":8.384,"crime_decile":3,"crime":-0.672,"barriers_decile":6,"barriers":21.403,"living_env_decile":1,"living_env":3.567},"2019":{"imd_decile":3,"imd":11.184,"income_decile":4,"income":0.072,"employment_decile":5,"employment":0.067,"health_decile":7,"health":0.209,"education_decile":4,"education":9.176,"crime_decile":4,"crime":-0.405,"barriers_decile":5,"barriers":19.753,"living_env_decile":1,"living_env":3.97},"2025":{"imd_decile":4,"imd":13.654,"income_decile":4,"income":0.137,"employment_decile":4,"employment":0.087,"health_decile":6,"health":0.011,"education_decile":6,"education":17.56,"crime_decile":6,"crime":0.061,"barriers_decile":6,"barriers":20.792,"living_env_decile":5,"living_env":17.31},"2004":{"imd":8.75,"income":0.0728695325057712,"employment":0.0719068967994462,"health":-0.192954544425336,"education":6.8964057252186,"barriers":10.6779836638569,"crime":-2.07,"living_env":9.59,"imd_decile":3,"income_decile":4,"employment_decile":5,"health_decile":5,"education_decile":3,"barriers_decile":2,"crime_decile":1,"living_env_decile":3},"2007":{"imd":7.69503021240234,"income":0.0803448706865311,"employment":0.0661630257964134,"health":-0.234021488286455,"education":6.77681732177734,"barriers":10.6316625334037,"crime":-2.37021613121033,"living_env":6.82076644897461,"imd_decile":2,"income_decile":4,"employment_decile":4,"health_decile":5,"education_decile":3,"barriers_decile":2,"crime_decile":1,"living_env_decile":2}}},"geometry":{"type":"Polygon","coordinates":[[[-1.9189,54.54902],[-1.91698,54.54825],[-1.92278,54.54574],[-1.92369,54.54219],[-1.90965,54.53946],[-1.90681,54.53682],[-1.90275,54.53281],[-1.90537,54.53205],[-1.91174,54.53163],[-1.91648,54.53169],[-1.92064,54.53125],[-1.9235,54.53085],[-1.9299,54.52995],[-1.93226,54.52802],[-1.9431,54.52717],[-1.94911,54.52913],[-1.95261,54.52788],[-1.96032,54.53243],[-1.95435,54.53874],[-1.95321,54.54249],[-1.95092,54.54352],[-1.94368,54.54388],[-1.94065,54.54474],[-1.93591,54.54526],[-1.93093,54.54511],[-1.92705,54.54475],[-1.92629,54.54575],[-1.92468,54.54711],[-1.92102,54.54718],[-1.91948,54.54783],[-1.9189,54.54902]]]}},{"type":"Feature","properties":{"lsoa_code":"E01020855","lsoa_name":"County Durham 066D","data":{"2015":{"imd_decile":2,"imd":6.785,"income_decile":4,"income":0.088,"employment_decile":2,"employment":0.052,"health_decile":5,"health":-0.182,"education_decile":3,"education":7.447,"crime_decile":1,"crime":-1.451,"barriers_decile":3,"barriers":14.745,"living_env_decile":1,"living_env":1.366},"2019":{"imd_decile":3,"imd":8.657,"income_decile":4,"income":0.075,"employment_decile":3,"employment":0.05,"health_decile":6,"health":0.14,"education_decile":4,"education":11.481,"crime_decile":2,"crime":-0.961,"barriers_decile":2,"barriers":11.676,"living_env_decile":1,"living_env":1.361},"2025":{"imd_decile":2,"imd":6.099,"income_decile":2,"income":0.083,"employment_decile":1,"employment":0.047,"health_decile":5,"health":-0.031,"education_decile":3,"education":8.565,"crime_decile":1,"crime":-1.219,"barriers_decile":4,"barriers":17.16,"living_env_decile":3,"living_env":7.643},"2004":{"imd":7.48,"income":0.0630650364393014,"employment":0.067244756840292,"health":-0.142834591356043,"education":9.64873511934365,"barriers":5.23051510403952,"crime":-2.71,"living_env":1.65,"imd_decile":2,"income_decile":4,"employment_decile":4,"health_decile":5,"education_decile":4,"barriers_decile":1,"crime_decile":1,"living_env_decile":1},"2007":{"imd":6.54331254959106,"income":0.0768329724669457,"employment":0.0510471053421497,"health":-0.0933902147140107,"education":10.1745328903198,"barriers":4.70111880851718,"crime":-2.93728995323181,"living_env":1.46414422988892,"imd_decile":2,"income_decile":4,"employment_decile":3,"health_decile":5,"education_decile":4,"barriers_decile":1,"crime_decile":1,"living_env_decile":1}}},"geometry":{"type":"Polygon","coordinates":[[[-1.91724,54.55238],[-1.91712,54.54851],[-1.91976,54.5494],[-1.9201,54.54776],[-1.92256,54.54729],[-1.92577,54.54721],[-1.92711,54.54531],[-1.92791,54.54426],[-1.9286,54.54828],[-1.92855,54.55062],[-1.92449,54.55142],[-1.91995,54.55385],[-1.91724,54.55238]]]}},{"type":"Feature","properties":{"lsoa_code":"E01020856","lsoa_name":"County Durham 064A","data":{"2015":{"imd_decile":8,"imd":29.061,"income_decile":8,"income":0.209,"employment_decile":9,"employment":0.203,"health_decile":8,"health":0.718,"education_decile":7,"education":26.769,"crime_decile":5,"crime":-0.112,"barriers_decile":1,"barriers":7.689,"living_env_decile":8,"living_env":28.865},"2019":{"imd_decile":8,"imd":30.961,"income_decile":8,"income":0.2,"employment_decile":9,"employment":0.162,"health_decile":8,"health":0.639,"education_decile":8,"education":30.413,"crime_decile":8,"crime":0.516,"barriers_decile":1,"barriers":4.286,"living_env_decile":8,"living_env":30.066},"2025":{"imd_decile":9,"imd":37.515,"income_decile":7,"income":0.269,"employment_decile":8,"employment":0.195,"health_decile":9,"health":1.006,"education_decile":8,"education":28.565,"crime_decile":7,"crime":0.281,"barriers_decile":9,"barriers":32.71,"living_env_decile":10,"living_env":68.971},"2004":{"imd":27.11,"income":0.202211064145996,"employment":0.195283748428254,"health":0.53525361449571,"education":29.0180039821632,"barriers":1.05302228852967,"crime":-2.07,"living_env":15.8,"imd_decile":8,"income_decile":8,"employment_decile":9,"health_decile":8,"education_decile":8,"barriers_decile":1,"crime_decile":1,"living_env_decile":5},"2007":{"imd":27.0538177490234,"income":0.201795607805252,"employment":0.189584031701088,"health":0.775471459952798,"education":28.9412841796875,"barriers":1.27172102909232,"crime":-1.68563866615295,"living_env":8.87777423858643,"imd_decile":8,"income_decile":8,"employment_decile":9,"health_decile":9,"education_decile":8,"barriers_decile":1,"crime_decile":1,"living_env_decile":3}}},"geometry":{"type":"Polygon","coordinates":[[[-1.81914,54.62553],[-1.81222,54.62423],[-1.80427,54.62256],[-1.7939,54.62063],[-1.79212,54.61756],[-1.78762,54.61314],[-1.77644,54.60837],[-1.76326,54.60332],[-1.76933,54.60165],[-1.77378,54.60143],[-1.78074,54.60413],[-1.79577,54.60485],[-1.8012,54.60444],[-1.81571,54.60605],[-1.83559,54.60806],[-1.84464,54.6126],[-1.84191,54.61386],[-1.83466,54.61542],[-1.82982,54.61805],[-1.82852,54.62119],[-1.82384,54.62536],[-1.81914,54.62553]]]}},{"type":"Feature","properties":{"lsoa_code":"E01020857","lsoa_name":"County Durham 065A","data":{"2015":{"imd_decile":4,"imd":13.282,"income_decile":3,"income":0.064,"employment_decile":3,"employment":0.057,"health_decile":5,"health":-0.094,"education_decile":3,"education":6.503,"crime_decile":1,"crime":-1.461,"barriers_decile":10,"barriers":38.839,"living_env_decile":8,"living_env":29.43},"2019":{"imd_decile":4,"imd":12.491,"income_decile":3,"income":0.053,"employment_decile":3,"employment":0.049,"health_decile":5,"health":-0.158,"education_decile":4,"education":9.153,"crime_decile":2,"crime":-1.008,"barriers_decile":9,"barriers":34.852,"living_env_decile":7,"living_env":27.63},"2025":{"imd_decile":6,"imd":18.814,"income_decile":3,"income":0.095,"employment_decile":4,"employment":0.083,"health_decile":6,"health":0.024,"education_decile":3,"education":8.65,"crime_decile":3,"crime":-0.616,"barriers_decile":10,"barriers":45.076,"living_env_decile":10,"living_env":46.215},"2004":{"imd":15.17,"income":0.0548951308731638,"employment":0.0754354488659239,"health":-0.128384361919089,"education":8.14665602026467,"barriers":43.104481564721,"crime":-2.82,"living_env":18.45,"imd_decile":5,"income_decile":3,"employment_decile":5,"health_decile":5,"education_decile":3,"barriers_decile":10,"crime_decile":1,"living_env_decile":6},"2007":{"imd":12.8886260986328,"income":0.0642041265964508,"employment":0.0663245543837547,"health":-0.0863732367938367,"education":6.90910053253174,"barriers":39.6028315529684,"crime":-3.12123394012451,"living_env":12.9094610214233,"imd_decile":4,"income_decile":3,"employment_decile":4,"health_decile":5,"education_decile":3,"barriers_decile":10,"crime_decile":1,"living_env_decile":4}}},"geometry":{"type":"Polygon","coordinates":[[[-1.98958,54.68433],[-1.98054,54.65764],[-1.97161,54.64545],[-1.96627,54.64262],[-1.94999,54.63962],[-1.94641,54.63642],[-1.96069,54.63775],[-1.95635,54.61206],[-1.96234,54.60571],[-1.9607,54.6033],[-1.95765,54.59788],[-1.94713,54.59677],[-1.93776,54.59691],[-1.93457,54.59788],[-1.92664,54.59814],[-1.92411,54.59797],[-1.91287,54.59905],[-1.90431,54.59763],[-1.90172,54.59725],[-1.88495,54.59639],[-1.88273,54.59329],[-1.88647,54.59133],[-1.89576,54.5829],[-1.89719,54.57756],[-1.90251,54.57019],[-1.90324,54.56579],[-1.91421,54.55862],[-1.90506,54.55519],[-1.89058,54.55463],[-1.88811,54.55264],[-1.88564,54.54638],[-1.89502,54.5517],[-1.90808,54.55312],[-1.91142,54.55416],[-1.91518,54.55687],[-1.92576,54.55458],[-1.92552,54.55072],[-1.92919,54.55022],[-1.93138,54.54629],[-1.93351,54.54521],[-1.93669,54.54529],[-1.94142,54.54456],[-1.9461,54.5433],[-1.95163,54.54267],[-1.95666,54.54285],[-1.96183,54.54255],[-1.96824,54.54191],[-1.97665,54.5414],[-1.98806,54.54079],[-1.99109,54.53872],[-1.99614,54.53712],[-2.00666,54.53336],[-2.01128,54.53402],[-2.01578,54.5346],[-2.01837,54.53574],[-2.02032,54.53491],[-2.02489,54.53492],[-2.03055,54.53355],[-2.03678,54.5357],[-2.04141,54.5353],[-2.04434,54.53521],[-2.05074,54.53433],[-2.05463,54.53265],[-2.05943,54.53187],[-2.06199,54.5312],[-2.06547,54.53255],[-2.06833,54.53215],[-2.0716,54.53255],[-2.07311,54.53185],[-2.07888,54.52926],[-2.08357,54.52829],[-2.08552,54.52785],[-2.08933,54.5264],[-2.09294,54.52634],[-2.09648,54.52732],[-2.10006,54.52758],[-2.10476,54.52884],[-2.10988,54.52787],[-2.11659,54.52645],[-2.11765,54.52523],[-2.12413,54.52354],[-2.12805,54.52331],[-2.1297,54.52424],[-2.13333,54.52528],[-2.13563,54.52672],[-2.13943,54.527],[-2.14358,54.52641],[-2.14745,54.52663],[-2.15447,54.5272],[-2.15933,54.52787],[-2.16173,54.52644],[-2.16652,54.52317],[-2.17403,54.52441],[-2.18245,54.5358],[-2.15109,54.5509],[-2.13837,54.55722],[-2.13899,54.56098],[-2.13461,54.56252],[-2.12585,54.56151],[-2.11855,54.5604],[-2.11676,54.56012],[-2.11335,54.55972],[-2.10708,54.55927],[-2.10104,54.55958],[-2.09564,54.56008],[-2.09415,54.56008],[-2.0896,54.56288],[-2.08453,54.56314],[-2.07378,54.56553],[-2.07057,54.56688],[-2.06507,54.56838],[-2.0591,54.56935],[-2.05532,54.57009],[-2.05057,54.5713],[-2.04617,54.57063],[-2.04071,54.57371],[-2.02841,54.57439],[-2.02339,54.5746],[-2.01341,54.57492],[-2.00133,54.57622],[-1.99914,54.57473],[-1.99468,54.57611],[-1.98474,54.57535],[-1.98101,54.57975],[-1.98792,54.58214],[-1.99071,54.58598],[-1.99365,54.58703],[-1.9967,54.59037],[-1.99895,54.59831],[-2.00596,54.60142],[-2.00899,54.60563],[-2.01357,54.60295],[-2.02346,54.6054],[-2.02752,54.60812],[-2.03738,54.61034],[-2.04046,54.61743],[-2.04278,54.61977],[-2.04661,54.62371],[-2.0316,54.64244],[-2.02744,54.64407],[-2.01992,54.64448],[-2.02013,54.64703],[-2.02116,54.64911],[-2.02229,54.65128],[-2.01774,54.65467],[-2.01271,54.65697],[-2.01235,54.66519],[-2.01029,54.67046],[-2.0206,54.67608],[-2.00961,54.68028],[-2.00075,54.6826],[-1.98958,54.68433]]]}},{"type":"Feature","properties":{"lsoa_code":"E01020858","lsoa_name":"County Durham 064B","data":{"2015":{"imd_decile":6,"imd":20.153,"income_decile":7,"income":0.148,"employment_decile":8,"employment":0.16,"health_decile":9,"health":0.847,"education_decile":5,"education":13.291,"crime_decile":4,"crime":-0.432,"barriers_decile":3,"barriers":13.084,"living_env_decile":1,"living_env":1.038},"2019":{"imd_decile":5,"imd":16.137,"income_decile":5,"income":0.099,"employment_decile":7,"employment":0.11,"health_decile":8,"health":0.45,"education_decile":5,"education":16.053,"crime_decile":4,"crime":-0.215,"barriers_decile":2,"barriers":9.539,"living_env_decile":1,"living_env":0.562},"2025":{"imd_decile":6,"imd":20.835,"income_decile":5,"income":0.155,"employment_decile":6,"employment":0.128,"health_decile":8,"health":0.587,"education_decile":6,"education":17.902,"crime_decile":3,"crime":-0.492,"barriers_decile":10,"barriers":38.793,"living_env_decile":5,"living_env":15.347},"2004":{"imd":18.74,"income":0.15394042235269,"employment":0.132495897789099,"health":0.31003613651901,"education":18.2238055635963,"barriers":8.5396710561019,"crime":-1.72,"living_env":9.69,"imd_decile":6,"income_decile":7,"employment_decile":8,"health_decile":7,"education_decile":6,"barriers_decile":2,"crime_decile":1,"living_env_decile":3},"2007":{"imd":20.0638523101807,"income":0.144350841641426,"employment":0.145424127578735,"health":0.521836124297261,"education":17.2544746398926,"barriers":18.9905057533575,"crime":-2.63760542869568,"living_env":5.68726062774658,"imd_decile":6,"income_decile":6,"employment_decile":8,"health_decile":8,"education_decile":6,"barriers_decile":5,"crime_decile":1,"living_env_decile":2}}},"geometry":{"type":"Polygon","coordinates":[[[-1.74061,54.67493],[-1.73826,54.67231],[-1.73863,54.66921],[-1.74053,54.66243],[-1.74845,54.66009],[-1.74402,54.65329],[-1.73993,54.6505],[-1.7433,54.64803],[-1.74519,54.64895],[-1.74693,54.64973],[-1.75029,54.65099],[-1.75163,54.65019],[-1.75268,54.64859],[-1.75276,54.64828],[-1.75417,54.64712],[-1.76373,54.64749],[-1.76758,54.64616],[-1.77221,54.64715],[-1.77063,54.65002],[-1.76922,54.6519],[-1.7731,54.66355],[-1.77129,54.66912],[-1.768,54.67258],[-1.76561,54.67621],[-1.75696,54.67581],[-1.74554,54.67659],[-1.74113,54.67644],[-1.74061,54.67493]]]}},{"type":"Feature","properties":{"lsoa_code":"E01020859","lsoa_name":"County Durham 064C","data":{"2015":{"imd_decile":4,"imd":13.009,"income_decile":4,"income":0.086,"employment_decile":5,"employment":0.095,"health_decile":7,"health":0.326,"education_decile":4,"education":10.857,"crime_decile":6,"crime":0.076,"barriers_decile":2,"barriers":10.362,"living_env_decile":4,"living_env":10.611},"2019":{"imd_decile":4,"imd":11.774,"income_decile":3,"income":0.062,"employment_decile":4,"employment":0.061,"health_decile":7,"health":0.306,"education_decile":5,"education":15.244,"crime_decile":6,"crime":0.123,"barriers_decile":1,"barriers":7.957,"living_env_decile":4,"living_env":11.664},"2025":{"imd_decile":5,"imd":17.246,"income_decile":3,"income":0.094,"employment_decile":4,"employment":0.086,"health_decile":7,"health":0.204,"education_decile":6,"education":17.036,"crime_decile":6,"crime":0.143,"barriers_decile":9,"barriers":34.191,"living_env_decile":8,"living_env":31.411},"2004":{"imd":12.03,"income":0.075678405536453,"employment":0.0841129215795394,"health":0.108560212106549,"education":12.0698374589292,"barriers":19.871076316575,"crime":-1.38,"living_env":6.8,"imd_decile":4,"income_decile":4,"employment_decile":6,"health_decile":6,"education_decile":4,"barriers_decile":5,"crime_decile":1,"living_env_decile":2},"2007":{"imd":12.4614410400391,"income":0.069442443549633,"employment":0.0886966288089752,"health":0.0856653571795128,"education":11.0379505157471,"barriers":26.6528603342265,"crime":-2.08403635025024,"living_env":7.99177837371826,"imd_decile":4,"income_decile":3,"employment_decile":6,"health_decile":6,"education_decile":4,"barriers_decile":7,"crime_decile":1,"living_env_decile":3}}},"geometry":{"type":"Polygon","coordinates":[[[-1.74009,54.66117],[-1.73626,54.65816],[-1.73691,54.65083],[-1.72889,54.64461],[-1.73123,54.63907],[-1.72445,54.63353],[-1.72962,54.63258],[-1.73205,54.63011],[-1.73116,54.62766],[-1.72393,54.62557],[-1.71927,54.625],[-1.71401,54.62574],[-1.70936,54.62931],[-1.70877,54.63212],[-1.70588,54.63276],[-1.70259,54.63182],[-1.70051,54.62993],[-1.69707,54.63074],[-1.69194,54.63217],[-1.69014,54.63327],[-1.68943,54.63244],[-1.68695,54.63375],[-1.68676,54.63464],[-1.68608,54.63579],[-1.68302,54.63251],[-1.68242,54.61777],[-1.68198,54.60812],[-1.68061,54.59783],[-1.69804,54.604],[-1.70044,54.60348],[-1.7123,54.60477],[-1.72353,54.60421],[-1.7389,54.60504],[-1.73092,54.61313],[-1.73844,54.61431],[-1.73946,54.61897],[-1.74803,54.62529],[-1.75131,54.63135],[-1.76025,54.63912],[-1.75417,54.64712],[-1.75276,54.64828],[-1.75268,54.64859],[-1.75163,54.65019],[-1.75029,54.65099],[-1.74693,54.64973],[-1.74519,54.64895],[-1.7433,54.64803],[-1.73993,54.6505],[-1.74402,54.65329],[-1.74845,54.66009],[-1.74009,54.66117]]]}},{"type":"Feature","properties":{"lsoa_code":"E01020860","lsoa_name":"County Durham 064D","data":{"2015":{"imd_decile":9,"imd":39.965,"income_decile":9,"income":0.264,"employment_decile":10,"employment":0.24,"health_decile":10,"health":1.713,"education_decile":9,"education":47.697,"crime_decile":5,"crime":-0.008,"barriers_decile":1,"barriers":8.852,"living_env_decile":2,"living_env":7.443},"2019":{"imd_decile":9,"imd":43.089,"income_decile":9,"income":0.266,"employment_decile":10,"employment":0.215,"health_decile":10,"health":1.513,"education_decile":9,"education":45.476,"crime_decile":9,"crime":0.774,"barriers_decile":1,"barriers":3.936,"living_env_decile":2,"living_env":6.947},"2025":{"imd_decile":10,"imd":53.9,"income_decile":9,"income":0.464,"employment_decile":10,"employment":0.301,"health_decile":10,"health":1.951,"education_decile":9,"education":40.22,"crime_decile":9,"crime":0.886,"barriers_decile":10,"barriers":39.366,"living_env_decile":7,"living_env":27.666},"2004":{"imd":35.82,"income":0.301052945325456,"employment":0.237567205058187,"health":0.836785137890095,"education":40.4585932751543,"barriers":2.19576235209868,"crime":-1.63,"living_env":10.83,"imd_decile":9,"income_decile":9,"employment_decile":10,"health_decile":9,"education_decile":9,"barriers_decile":1,"crime_decile":1,"living_env_decile":4},"2007":{"imd":38.4485778808594,"income":0.32380610704422,"employment":0.217971324920654,"health":1.24648466523241,"education":48.735954284668,"barriers":3.60192950404986,"crime":-2.12013816833496,"living_env":7.07891416549683,"imd_decile":9,"income_decile":9,"employment_decile":10,"health_decile":10,"education_decile":9,"barriers_decile":1,"crime_decile":1,"living_env_decile":2}}},"geometry":{"type":"Polygon","coordinates":[[[-1.75443,54.62996],[-1.75666,54.62117],[-1.75679,54.6236],[-1.75748,54.62049],[-1.75462,54.61961],[-1.75442,54.6157],[-1.75763,54.61822],[-1.76068,54.61772],[-1.75976,54.6166],[-1.76783,54.61493],[-1.76536,54.61978],[-1.76578,54.6219],[-1.76303,54.62317],[-1.76382,54.62506],[-1.7625,54.62565],[-1.75775,54.62872],[-1.75443,54.62996]]]}},{"type":"Feature","properties":{"lsoa_code":"E01020861","lsoa_name":"County Durham 064E","data":{"2015":{"imd_decile":7,"imd":24.968,"income_decile":6,"income":0.143,"employment_decile":7,"employment":0.128,"health_decile":8,"health":0.581,"education_decile":8,"education":29.912,"crime_decile":5,"crime":-0.002,"barriers_decile":8,"barriers":28.692,"living_env_decile":7,"living_env":26.981},"2019":{"imd_decile":8,"imd":28.286,"income_decile":7,"income":0.148,"employment_decile":8,"employment":0.148,"health_decile":8,"health":0.523,"education_decile":7,"education":26.738,"crime_decile":7,"crime":0.337,"barriers_decile":7,"barriers":26.193,"living_env_decile":7,"living_env":27.032},"2025":{"imd_decile":9,"imd":35.988,"income_decile":6,"income":0.229,"employment_decile":8,"employment":0.183,"health_decile":9,"health":0.819,"education_decile":8,"education":31.089,"crime_decile":6,"crime":0.038,"barriers_decile":10,"barriers":39.551,"living_env_decile":10,"living_env":66.883},"2004":{"imd":25.01,"income":0.147145666056807,"employment":0.175578583000824,"health":0.469791118163114,"education":24.192565690693,"barriers":19.9667011764515,"crime":-1.66,"living_env":21.87,"imd_decile":7,"income_decile":7,"employment_decile":9,"health_decile":7,"education_decile":7,"barriers_decile":5,"crime_decile":1,"living_env_decile":7},"2007":{"imd":22.6143703460693,"income":0.177649587392807,"employment":0.123957902193069,"health":0.526202787368449,"education":23.3843955993652,"barriers":21.8428568992405,"crime":-2.22230458259583,"living_env":20.0410499572754,"imd_decile":7,"income_decile":7,"employment_decile":8,"health_decile":8,"education_decile":7,"barriers_decile":6,"crime_decile":1,"living_env_decile":6}}},"geometry":{"type":"Polygon","coordinates":[[[-1.76922,54.6519],[-1.77063,54.65002],[-1.77221,54.64715],[-1.76758,54.64616],[-1.76373,54.64749],[-1.75417,54.64712],[-1.76025,54.63912],[-1.75131,54.63135],[-1.74803,54.62529],[-1.73946,54.61897],[-1.73844,54.61431],[-1.73092,54.61313],[-1.7389,54.60504],[-1.74534,54.60311],[-1.76206,54.60424],[-1.78359,54.61142],[-1.79095,54.61438],[-1.79043,54.61913],[-1.79712,54.62056],[-1.80822,54.62331],[-1.81024,54.63185],[-1.8204,54.64513],[-1.82064,54.6481],[-1.81423,54.65294],[-1.80389,54.65696],[-1.78591,54.65716],[-1.76922,54.6519]],[[-1.75585,54.63017],[-1.75989,54.6267],[-1.76445,54.62488],[-1.7642,54.62308],[-1.76483,54.62249],[-1.7646,54.62001],[-1.77085,54.61787],[-1.76454,54.61322],[-1.76016,54.61742],[-1.75958,54.61776],[-1.75785,54.617],[-1.74906,54.61922],[-1.75878,54.61985],[-1.75872,54.62271],[-1.75749,54.62159],[-1.75331,54.62461],[-1.75585,54.63017]]]}},{"type":"Feature","properties":{"lsoa_code":"E01020862","lsoa_name":"County Durham 064F","data":{"2015":{"imd_decile":3,"imd":10.166,"income_decile":3,"income":0.061,"employment_decile":3,"employment":0.064,"health_decile":3,"health":-0.616,"education_decile":2,"education":5.673,"crime_decile":1,"crime":-1.232,"barriers_decile":9,"barriers":32.277,"living_env_decile":6,"living_env":21.929},"2019":{"imd_decile":4,"imd":11.723,"income_decile":3,"income":0.061,"employment_decile":4,"employment":0.057,"health_decile":5,"health":-0.157,"education_decile":3,"education":6.072,"crime_decile":2,"crime":-0.922,"barriers_decile":8,"barriers":29.91,"living_env_decile":7,"living_env":24.903},"2025":{"imd_decile":5,"imd":16.733,"income_decile":4,"income":0.129,"employment_decile":4,"employment":0.092,"health_decile":4,"health":-0.281,"education_decile":3,"education":6.205,"crime_decile":2,"crime":-0.834,"barriers_decile":10,"barriers":38.577,"living_env_decile":9,"living_env":42.033},"2004":{"imd":9.05,"income":0.0561575021475221,"employment":0.0607221311250802,"health":-0.772132607433131,"education":6.60018594935067,"barriers":28.4507376583299,"crime":-2.44,"living_env":13.56,"imd_decile":3,"income_decile":3,"employment_decile":4,"health_decile":3,"education_decile":3,"barriers_decile":8,"crime_decile":1,"living_env_decile":5},"2007":{"imd":8.08382797241211,"income":0.0764554962515831,"employment":0.0550798065960407,"health":-0.582061288395844,"education":4.90577220916748,"barriers":25.2613532055294,"crime":-2.67509269714355,"living_env":10.1491928100586,"imd_decile":2,"income_decile":4,"employment_decile":3,"health_decile":3,"education_decile":2,"barriers_decile":7,"crime_decile":1,"living_env_decile":4}}},"geometry":{"type":"Polygon","coordinates":[[[-1.72353,54.60421],[-1.7123,54.60477],[-1.70044,54.60348],[-1.69804,54.604],[-1.68061,54.59783],[-1.69403,54.58689],[-1.70003,54.58418],[-1.70308,54.57985],[-1.70898,54.57414],[-1.70825,54.56906],[-1.70967,54.56582],[-1.7072,54.56269],[-1.70555,54.56185],[-1.70179,54.55826],[-1.69469,54.55664],[-1.694,54.55529],[-1.70049,54.55406],[-1.70116,54.54991],[-1.7046,54.54838],[-1.70172,54.54476],[-1.69874,54.5433],[-1.69693,54.53601],[-1.70813,54.53765],[-1.71951,54.54227],[-1.72866,54.54156],[-1.73004,54.54311],[-1.73891,54.54464],[-1.7434,54.5425],[-1.7453,54.54249],[-1.74519,54.54615],[-1.75897,54.55031],[-1.77697,54.54644],[-1.7884,54.53522],[-1.80285,54.52808],[-1.81459,54.53312],[-1.81438,54.53795],[-1.81558,54.54225],[-1.81842,54.54723],[-1.83071,54.5486],[-1.84438,54.55063],[-1.8555,54.55798],[-1.8547,54.56205],[-1.843,54.56331],[-1.83169,54.56172],[-1.82367,54.55689],[-1.81834,54.56126],[-1.8069,54.56359],[-1.79667,54.56534],[-1.79594,54.57035],[-1.79512,54.57374],[-1.7803,54.57259],[-1.77883,54.57549],[-1.77297,54.57766],[-1.76948,54.57639],[-1.76141,54.57648],[-1.76282,54.58122],[-1.76792,54.58113],[-1.77338,54.58252],[-1.77321,54.58898],[-1.77432,54.60126],[-1.77171,54.60203],[-1.76485,54.60375],[-1.756,54.60262],[-1.74359,54.60398],[-1.7351,54.60594],[-1.72353,54.60421]]]}},{"type":"Feature","properties":{"lsoa_code":"E01020863","lsoa_name":"County Durham 065B","data":{"2015":{"imd_decile":5,"imd":16.858,"income_decile":2,"income":0.044,"employment_decile":1,"employment":0.042,"health_decile":3,"health":-0.495,"education_decile":2,"education":3.854,"crime_decile":3,"crime":-0.567,"barriers_decile":10,"barriers":49.652,"living_env_decile":10,"living_env":52.122},"2019":{"imd_decile":6,"imd":19.053,"income_decile":2,"income":0.048,"employment_decile":2,"employment":0.036,"health_decile":3,"health":-0.529,"education_decile":2,"education":4.34,"crime_decile":4,"crime":-0.244,"barriers_decile":10,"barriers":49.185,"living_env_decile":10,"living_env":58.61},"2025":{"imd_decile":6,"imd":21.448,"income_decile":2,"income":0.081,"employment_decile":3,"employment":0.066,"health_decile":5,"health":-0.13,"education_decile":2,"education":3.569,"crime_decile":2,"crime":-0.864,"barriers_decile":10,"barriers":52.603,"living_env_decile":10,"living_env":67.388},"2004":{"imd":15.64,"income":0.0594075556027569,"employment":0.0695664646154292,"health":-0.360687693906971,"education":4.06211196877436,"barriers":47.5408949080383,"crime":-2.47,"living_env":23.84,"imd_decile":5,"income_decile":3,"employment_decile":4,"health_decile":4,"education_decile":2,"barriers_decile":10,"crime_decile":1,"living_env_decile":7},"2007":{"imd":13.7292737960815,"income":0.0609771721065044,"employment":0.0536402314901352,"health":-0.195867527333901,"education":3.70098447799683,"barriers":47.055947499033,"crime":-2.97774147987366,"living_env":20.2336692810059,"imd_decile":4,"income_decile":3,"employment_decile":3,"health_decile":5,"education_decile":2,"barriers_decile":10,"crime_decile":1,"living_env_decile":6}}},"geometry":{"type":"Polygon","coordinates":[[[-1.7453,54.54249],[-1.7434,54.5425],[-1.73891,54.54464],[-1.73004,54.54311],[-1.72866,54.54156],[-1.72388,54.54159],[-1.72448,54.53777],[-1.73137,54.53068],[-1.739,54.52844],[-1.75083,54.52963],[-1.75401,54.52865],[-1.76791,54.53261],[-1.7797,54.53187],[-1.77686,54.52536],[-1.77757,54.51523],[-1.77788,54.50641],[-1.78391,54.50504],[-1.78506,54.50139],[-1.79027,54.49289],[-1.79295,54.48437],[-1.81765,54.49369],[-1.82272,54.49636],[-1.82645,54.50067],[-1.83185,54.50265],[-1.83687,54.50812],[-1.84597,54.50471],[-1.85277,54.50399],[-1.85867,54.49903],[-1.85782,54.49339],[-1.85922,54.48908],[-1.85853,54.48279],[-1.8776,54.47805],[-1.91318,54.46199],[-1.94254,54.4534],[-1.95157,54.45342],[-1.95533,54.45382],[-1.96054,54.45213],[-1.96596,54.45163],[-1.97175,54.45397],[-1.97787,54.46014],[-1.98627,54.46033],[-2.01465,54.47156],[-2.04473,54.47519],[-2.05047,54.4813],[-2.06125,54.48053],[-2.0645,54.47847],[-2.07117,54.47426],[-2.0864,54.46839],[-2.10443,54.46491],[-2.1166,54.46226],[-2.13605,54.46145],[-2.15012,54.45996],[-2.15992,54.45648],[-2.17021,54.4582],[-2.15902,54.47199],[-2.1687,54.51965],[-2.16652,54.52317],[-2.16173,54.52644],[-2.15933,54.52787],[-2.15447,54.5272],[-2.14745,54.52663],[-2.14358,54.52641],[-2.13943,54.527],[-2.13563,54.52672],[-2.13333,54.52528],[-2.1297,54.52424],[-2.12805,54.52331],[-2.12413,54.52354],[-2.11765,54.52523],[-2.11659,54.52645],[-2.10988,54.52787],[-2.10476,54.52884],[-2.10006,54.52758],[-2.09648,54.52732],[-2.09294,54.52634],[-2.08933,54.5264],[-2.08552,54.52785],[-2.08357,54.52829],[-2.07888,54.52926],[-2.07311,54.53185],[-2.0716,54.53255],[-2.06833,54.53215],[-2.06547,54.53255],[-2.06199,54.5312],[-2.05943,54.53187],[-2.05463,54.53265],[-2.05074,54.53433],[-2.04434,54.53521],[-2.04141,54.5353],[-2.03678,54.5357],[-2.03055,54.53355],[-2.02489,54.53492],[-2.02032,54.53491],[-2.01837,54.53574],[-2.01578,54.5346],[-2.01128,54.53402],[-2.00666,54.53336],[-1.99614,54.53712],[-1.99109,54.53872],[-1.98806,54.54079],[-1.97665,54.5414],[-1.96824,54.54191],[-1.96183,54.54255],[-1.95666,54.54285],[-1.95339,54.5399],[-1.96035,54.53501],[-1.9568,54.52972],[-1.94869,54.52882],[-1.94159,54.52919],[-1.93349,54.52736],[-1.93138,54.52976],[-1.92477,54.53123],[-1.92137,54.53155],[-1.91775,54.53145],[-1.91268,54.53192],[-1.90879,54.53145],[-1.90399,54.53204],[-1.88901,54.52753],[-1.87135,54.52549],[-1.86231,54.52659],[-1.8509,54.52669],[-1.83721,54.5263],[-1.82739,54.52547],[-1.81983,54.52439],[-1.81489,54.52699],[-1.80977,54.529],[-1.79584,54.53163],[-1.78407,54.53855],[-1.76837,54.54965],[-1.74708,54.54818],[-1.74531,54.54303],[-1.7453,54.54249]]]}},{"type":"Feature","properties":{"lsoa_code":"E01020864","lsoa_name":"County Durham 064G","data":{"2015":{"imd_decile":5,"imd":15.32,"income_decile":5,"income":0.098,"employment_decile":5,"employment":0.096,"health_decile":5,"health":-0.212,"education_decile":5,"education":12.555,"crime_decile":2,"crime":-0.936,"barriers_decile":7,"barriers":23.164,"living_env_decile":9,"living_env":36.568},"2019":{"imd_decile":6,"imd":18.514,"income_decile":5,"income":0.096,"employment_decile":6,"employment":0.087,"health_decile":6,"health":-0.013,"education_decile":5,"education":15.574,"crime_decile":2,"crime":-0.792,"barriers_decile":8,"barriers":29.273,"living_env_decile":9,"living_env":34.95},"2025":{"imd_decile":7,"imd":26.275,"income_decile":4,"income":0.147,"employment_decile":4,"employment":0.092,"health_decile":5,"health":-0.132,"education_decile":6,"education":19.454,"crime_decile":3,"crime":-0.727,"barriers_decile":10,"barriers":50.698,"living_env_decile":10,"living_env":66.198},"2004":{"imd":17.25,"income":0.0926226748440058,"employment":0.110600075457425,"health":0.0240768429160212,"education":13.5231102071348,"barriers":28.3070734041299,"crime":-2.38,"living_env":21.43,"imd_decile":6,"income_decile":5,"employment_decile":7,"health_decile":6,"education_decile":5,"barriers_decile":8,"crime_decile":1,"living_env_decile":6},"2007":{"imd":15.0336198806763,"income":0.0998412147164345,"employment":0.0901349261403084,"health":-0.0429053260559436,"education":14.0750999450684,"barriers":28.3492170381305,"crime":-3.25213742256165,"living_env":15.4559736251831,"imd_decile":5,"income_decile":5,"employment_decile":6,"health_decile":5,"education_decile":5,"barriers_decile":8,"crime_decile":1,"living_env_decile":5}}},"geometry":{"type":"Polygon","coordinates":[[[-1.8225,54.70877],[-1.81449,54.70149],[-1.8063,54.68909],[-1.80043,54.68502],[-1.78957,54.6812],[-1.79363,54.67555],[-1.78645,54.67186],[-1.77762,54.67093],[-1.7731,54.66764],[-1.77091,54.65675],[-1.79808,54.65978],[-1.8109,54.65488],[-1.82127,54.64956],[-1.82002,54.64716],[-1.81132,54.63241],[-1.80574,54.63042],[-1.81222,54.62423],[-1.81914,54.62553],[-1.82384,54.62536],[-1.82852,54.62119],[-1.82982,54.61805],[-1.83466,54.61542],[-1.84191,54.61386],[-1.84559,54.61448],[-1.85007,54.61419],[-1.85306,54.61765],[-1.85836,54.61821],[-1.86048,54.61944],[-1.8629,54.61979],[-1.86768,54.62104],[-1.86969,54.62169],[-1.87763,54.62055],[-1.88239,54.61821],[-1.88696,54.61707],[-1.89537,54.61971],[-1.91255,54.61838],[-1.92066,54.61769],[-1.9229,54.61879],[-1.92542,54.61867],[-1.93023,54.61855],[-1.93451,54.61851],[-1.93717,54.61776],[-1.94012,54.61743],[-1.94162,54.61766],[-1.94525,54.61845],[-1.95203,54.61762],[-1.95964,54.61649],[-1.95806,54.63743],[-1.94501,54.63661],[-1.95051,54.64064],[-1.96883,54.64405],[-1.97513,54.64961],[-1.97781,54.67099],[-1.96638,54.67296],[-1.9479,54.67054],[-1.94693,54.67743],[-1.94274,54.67792],[-1.94129,54.67781],[-1.93714,54.67861],[-1.93259,54.67933],[-1.92935,54.6797],[-1.92524,54.67947],[-1.90269,54.68931],[-1.87549,54.69836],[-1.86648,54.70125],[-1.83247,54.70792],[-1.82726,54.70788],[-1.8225,54.70877]]]}},{"type":"Feature","properties":{"lsoa_code":"E01020865","lsoa_name":"County Durham 065C","data":{"2015":{"imd_decile":6,"imd":18.214,"income_decile":3,"income":0.072,"employment_decile":4,"employment":0.081,"health_decile":6,"health":0.149,"education_decile":4,"education":9.633,"crime_decile":2,"crime":-0.939,"barriers_decile":9,"barriers":36.39,"living_env_decile":10,"living_env":48.297},"2019":{"imd_decile":6,"imd":20.93,"income_decile":4,"income":0.077,"employment_decile":5,"employment":0.07,"health_decile":6,"health":0.195,"education_decile":5,"education":13.821,"crime_decile":4,"crime":-0.401,"barriers_decile":9,"barriers":34.545,"living_env_decile":10,"living_env":52.275},"2004":{"imd":15.17,"income":0.0597894346116261,"employment":0.0658346761325593,"health":-0.564098835319982,"education":11.4675033848724,"barriers":43.3584252558607,"crime":-2.36,"living_env":26.29,"imd_decile":5,"income_decile":4,"employment_decile":4,"health_decile":3,"education_decile":4,"barriers_decile":10,"crime_decile":1,"living_env_decile":7},"2007":{"imd":12.3784952163696,"income":0.0733224600553513,"employment":0.0628397762775421,"health":-0.256208702445849,"education":8.96360874176025,"barriers":32.626190647262,"crime":-2.78599119186401,"living_env":23.0447063446045,"imd_decile":4,"income_decile":4,"employment_decile":4,"health_decile":4,"education_decile":4,"barriers_decile":9,"crime_decile":1,"living_env_decile":7}}},"geometry":{"type":"Polygon","coordinates":[[[-2.24285,54.66324],[-2.22968,54.66076],[-2.22199,54.6609],[-2.21344,54.65787],[-2.20925,54.65315],[-2.21218,54.64996],[-2.20568,54.64776],[-2.19701,54.64731],[-2.18101,54.65233],[-2.17092,54.65019],[-2.16485,54.64996],[-2.15846,54.64898],[-2.15111,54.6463],[-2.14556,54.64361],[-2.1326,54.63959],[-2.13072,54.6369],[-2.12942,54.63386],[-2.12603,54.63197],[-2.11781,54.63226],[-2.11196,54.63222],[-2.10603,54.62948],[-2.10289,54.62515],[-2.09388,54.62482],[-2.08422,54.62242],[-2.08326,54.62366],[-2.08365,54.62415],[-2.08284,54.62673],[-2.08052,54.62949],[-2.07813,54.62609],[-2.07662,54.62477],[-2.07658,54.62382],[-2.07682,54.61894],[-2.06865,54.61815],[-2.06187,54.61953],[-2.05232,54.62053],[-2.04046,54.61743],[-2.03738,54.61034],[-2.02752,54.60812],[-2.02346,54.6054],[-2.01357,54.60295],[-2.00899,54.60563],[-2.00596,54.60142],[-1.99895,54.59831],[-1.9967,54.59037],[-1.99365,54.58703],[-1.99071,54.58598],[-1.98792,54.58214],[-1.98101,54.57975],[-1.98474,54.57535],[-1.99468,54.57611],[-1.99914,54.57473],[-2.00133,54.57622],[-2.01341,54.57492],[-2.02339,54.5746],[-2.02841,54.57439],[-2.04071,54.57371],[-2.04617,54.57063],[-2.05057,54.5713],[-2.05532,54.57009],[-2.0591,54.56935],[-2.06507,54.56838],[-2.07057,54.56688],[-2.07378,54.56553],[-2.08453,54.56314],[-2.0896,54.56288],[-2.09415,54.56008],[-2.09564,54.56008],[-2.10104,54.55958],[-2.10708,54.55927],[-2.11335,54.55972],[-2.11676,54.56012],[-2.11855,54.5604],[-2.12585,54.56151],[-2.13461,54.56252],[-2.13899,54.56098],[-2.13837,54.55722],[-2.15109,54.5509],[-2.19758,54.53267],[-2.24593,54.56511],[-2.3045,54.59624],[-2.32382,54.63199],[-2.31416,54.63698],[-2.30925,54.63957],[-2.30697,54.64228],[-2.30213,54.64378],[-2.29409,54.64939],[-2.28567,54.65043],[-2.2826,54.64718],[-2.27332,54.64786],[-2.25722,54.65833],[-2.25058,54.66262],[-2.24285,54.66324]]]}},{"type":"Feature","properties":{"lsoa_code":"E01020866","lsoa_name":"County Durham 065D","data":{"2015":{"imd_decile":7,"imd":22.928,"income_decile":5,"income":0.096,"employment_decile":5,"employment":0.087,"health_decile":8,"health":0.486,"education_decile":5,"education":14.075,"crime_decile":3,"crime":-0.617,"barriers_decile":10,"barriers":39.697,"living_env_decile":10,"living_env":51.994},"2019":{"imd_decile":7,"imd":21.575,"income_decile":5,"income":0.084,"employment_decile":5,"employment":0.068,"health_decile":7,"health":0.247,"education_decile":6,"education":18.999,"crime_decile":3,"crime":-0.579,"barriers_decile":9,"barriers":33.866,"living_env_decile":10,"living_env":51.685},"2004":{"imd":22.24,"income":0.103205184187046,"employment":0.0826532044155835,"health":0.0859366080310334,"education":18.2251894154661,"barriers":45.5913395768584,"crime":-2.53,"living_env":36.54,"imd_decile":7,"income_decile":6,"employment_decile":5,"health_decile":6,"education_decile":6,"barriers_decile":10,"crime_decile":1,"living_env_decile":9},"2007":{"imd":17.8741111755371,"income":0.104143261909485,"employment":0.0844656452536583,"health":0.158429952308692,"education":20.3077297210693,"barriers":29.3403585867657,"crime":-2.75600838661194,"living_env":30.0710315704346,"imd_decile":6,"income_decile":5,"employment_decile":6,"health_decile":6,"education_decile":6,"barriers_decile":8,"crime_decile":1,"living_env_decile":8}}},"geometry":{"type":"Polygon","coordinates":[[[-2.32246,54.72337],[-2.3183,54.7232],[-2.31609,54.72343],[-2.30966,54.72563],[-2.30194,54.72524],[-2.29502,54.72291],[-2.28718,54.72165],[-2.28206,54.71956],[-2.2768,54.71844],[-2.27269,54.71831],[-2.2682,54.71803],[-2.2619,54.71461],[-2.26325,54.71261],[-2.25846,54.70816],[-2.24563,54.71275],[-2.23782,54.71432],[-2.23035,54.7161],[-2.22099,54.71162],[-2.21328,54.70971],[-2.20303,54.70422],[-2.19463,54.70597],[-2.19522,54.70009],[-2.17503,54.69385],[-2.15207,54.69407],[-2.1461,54.69578],[-2.13796,54.69379],[-2.13488,54.69213],[-2.13143,54.69086],[-2.12761,54.69035],[-2.12228,54.68926],[-2.1207,54.68771],[-2.11441,54.68763],[-2.09156,54.694],[-2.07334,54.6935],[-2.06226,54.68901],[-2.05596,54.68716],[-2.03542,54.68568],[-2.02837,54.68467],[-2.02546,54.68407],[-2.01415,54.68172],[-2.00961,54.68028],[-2.0206,54.67608],[-2.01029,54.67046],[-2.01235,54.66519],[-2.01271,54.65697],[-2.01774,54.65467],[-2.02229,54.65128],[-2.02116,54.64911],[-2.02013,54.64703],[-2.01992,54.64448],[-2.02744,54.64407],[-2.0316,54.64244],[-2.04661,54.62371],[-2.04278,54.61977],[-2.04803,54.61975],[-2.06121,54.62014],[-2.06347,54.61789],[-2.0726,54.61929],[-2.07791,54.62303],[-2.07496,54.62448],[-2.0779,54.62464],[-2.07755,54.62968],[-2.08288,54.62894],[-2.08324,54.62422],[-2.08299,54.6241],[-2.08367,54.62294],[-2.09171,54.62334],[-2.10109,54.62441],[-2.10333,54.62846],[-2.11068,54.6301],[-2.11549,54.63402],[-2.12254,54.63133],[-2.12877,54.6338],[-2.13114,54.63517],[-2.1308,54.63839],[-2.14223,54.64157],[-2.14891,54.64556],[-2.15502,54.64908],[-2.16385,54.64947],[-2.16749,54.64931],[-2.17476,54.64991],[-2.19444,54.64752],[-2.20462,54.64765],[-2.21117,54.64951],[-2.20935,54.65214],[-2.21264,54.65585],[-2.21903,54.66123],[-2.22582,54.65986],[-2.24041,54.66154],[-2.25058,54.66262],[-2.25722,54.65833],[-2.27332,54.64786],[-2.2826,54.64718],[-2.28567,54.65043],[-2.28923,54.65317],[-2.29203,54.65578],[-2.29304,54.66407],[-2.30383,54.6674],[-2.30598,54.67015],[-2.31262,54.66943],[-2.32275,54.66906],[-2.32788,54.67152],[-2.32916,54.67467],[-2.33973,54.67808],[-2.3468,54.68394],[-2.34992,54.68561],[-2.35047,54.68996],[-2.35421,54.6917],[-2.35226,54.69449],[-2.35552,54.69714],[-2.35238,54.69978],[-2.34925,54.70088],[-2.34443,54.70173],[-2.34266,54.7046],[-2.34254,54.70705],[-2.34499,54.70901],[-2.34414,54.70984],[-2.34171,54.71246],[-2.34217,54.71552],[-2.33919,54.71657],[-2.33756,54.71957],[-2.33435,54.72058],[-2.32262,54.7245],[-2.32246,54.72337]]]}},{"type":"Feature","properties":{"lsoa_code":"E01020867","lsoa_name":"County Durham 064H","data":{"2015":{"imd_decile":6,"imd":17.681,"income_decile":4,"income":0.087,"employment_decile":5,"employment":0.092,"health_decile":5,"health":-0.12,"education_decile":4,"education":11.293,"crime_decile":4,"crime":-0.36,"barriers_decile":10,"barriers":39.948,"living_env_decile":7,"living_env":26.629},"2019":{"imd_decile":5,"imd":16.229,"income_decile":5,"income":0.095,"employment_decile":5,"employment":0.077,"health_decile":5,"health":-0.197,"education_decile":4,"education":11.853,"crime_decile":3,"crime":-0.485,"barriers_decile":9,"barriers":33.769,"living_env_decile":6,"living_env":21.221},"2025":{"imd_decile":6,"imd":17.507,"income_decile":5,"income":0.157,"employment_decile":5,"employment":0.099,"health_decile":5,"health":-0.136,"education_decile":2,"education":5.32,"crime_decile":3,"crime":-0.582,"barriers_decile":10,"barriers":37.589,"living_env_decile":9,"living_env":38.189},"2004":{"imd":15.65,"income":0.0929588424625062,"employment":0.0883467750810443,"health":-0.104428782211836,"education":13.0788150072612,"barriers":31.060283983618,"crime":-2.35,"living_env":18.36,"imd_decile":5,"income_decile":5,"employment_decile":6,"health_decile":5,"education_decile":5,"barriers_decile":9,"crime_decile":1,"living_env_decile":6},"2007":{"imd":17.5766677856445,"income":0.118633091449738,"employment":0.0967803373932838,"health":0.113912907076985,"education":10.7014465332031,"barriers":36.2693522625032,"crime":-2.62461996078491,"living_env":12.8651161193848,"imd_decile":6,"income_decile":6,"employment_decile":6,"health_decile":6,"education_decile":4,"barriers_decile":9,"crime_decile":1,"living_env_decile":4}}},"geometry":{"type":"Polygon","coordinates":[[[-1.87764,54.62203],[-1.86916,54.62105],[-1.86747,54.6205],[-1.86241,54.61998],[-1.85979,54.61872],[-1.85586,54.61826],[-1.85201,54.61652],[-1.84908,54.61432],[-1.84392,54.614],[-1.84203,54.61087],[-1.81545,54.60541],[-1.80669,54.60584],[-1.79897,54.60438],[-1.78405,54.60414],[-1.77452,54.60281],[-1.77245,54.59014],[-1.77411,54.58795],[-1.77196,54.58235],[-1.76792,54.58319],[-1.76116,54.57927],[-1.76618,54.57662],[-1.7716,54.577],[-1.77617,54.57713],[-1.78001,54.57516],[-1.78813,54.57565],[-1.79628,54.57218],[-1.79496,54.57036],[-1.7988,54.56579],[-1.81088,54.56283],[-1.81629,54.55667],[-1.82536,54.56042],[-1.84056,54.56281],[-1.84609,54.56361],[-1.85626,54.56174],[-1.853,54.55396],[-1.84127,54.5513],[-1.82732,54.55001],[-1.8165,54.54679],[-1.81499,54.53915],[-1.81633,54.53784],[-1.8116,54.52864],[-1.81501,54.5248],[-1.82459,54.52594],[-1.82964,54.52528],[-1.84489,54.52834],[-1.85421,54.52481],[-1.86439,54.52679],[-1.87486,54.52464],[-1.89497,54.52844],[-1.90275,54.53281],[-1.90401,54.53417],[-1.90009,54.53498],[-1.89215,54.53609],[-1.88754,54.5408],[-1.88564,54.54638],[-1.88811,54.55264],[-1.89058,54.55463],[-1.90506,54.55519],[-1.91421,54.55862],[-1.90324,54.56579],[-1.90251,54.57019],[-1.89719,54.57756],[-1.89576,54.5829],[-1.88647,54.59133],[-1.88273,54.59329],[-1.88495,54.59639],[-1.90172,54.59725],[-1.90431,54.59763],[-1.91287,54.59905],[-1.92411,54.59797],[-1.92664,54.59814],[-1.93457,54.59788],[-1.93776,54.59691],[-1.94713,54.59677],[-1.95765,54.59788],[-1.9607,54.6033],[-1.96234,54.60571],[-1.95635,54.61206],[-1.95336,54.61723],[-1.94804,54.61904],[-1.94233,54.61754],[-1.94072,54.61766],[-1.93871,54.6176],[-1.93507,54.61806],[-1.93166,54.61833],[-1.92774,54.61872],[-1.924,54.61872],[-1.9211,54.61814],[-1.91251,54.61799],[-1.89694,54.62011],[-1.89252,54.61712],[-1.88351,54.61794],[-1.88023,54.61959],[-1.87764,54.62203]]]}},{"type":"Feature","properties":{"lsoa_code":"E01020868","lsoa_name":"County Durham 055A","data":{"2015":{"imd_decile":8,"imd":31.092,"income_decile":8,"income":0.195,"employment_decile":9,"employment":0.196,"health_decile":9,"health":0.851,"education_decile":4,"education":11.232,"crime_decile":10,"crime":1.194,"barriers_decile":7,"barriers":25.006,"living_env_decile":3,"living_env":10.31},"2019":{"imd_decile":8,"imd":33.112,"income_decile":8,"income":0.186,"employment_decile":9,"employment":0.181,"health_decile":9,"health":0.948,"education_decile":5,"education":15.679,"crime_decile":10,"crime":1.373,"barriers_decile":5,"barriers":19.196,"living_env_decile":2,"living_env":4.999},"2025":{"imd_decile":8,"imd":29.405,"income_decile":8,"income":0.3,"employment_decile":8,"employment":0.199,"health_decile":9,"health":0.873,"education_decile":6,"education":18.514,"crime_decile":10,"crime":1.304,"barriers_decile":2,"barriers":10.999,"living_env_decile":5,"living_env":16.856},"2004":{"imd":34.7,"income":0.174064373265719,"employment":0.176723658166732,"health":1.01443861446093,"education":22.472710386998,"barriers":13.5152241840548,"crime":1.72,"living_env":21.46,"imd_decile":9,"income_decile":8,"employment_decile":9,"health_decile":9,"education_decile":7,"barriers_decile":3,"crime_decile":10,"living_env_decile":6},"2007":{"imd":24.9846496582031,"income":0.134199559688568,"employment":0.13836757838726,"health":0.798487271426804,"education":14.2368621826172,"barriers":14.9010713025779,"crime":1.02196860313416,"living_env":16.2143840789795,"imd_decile":7,"income_decile":6,"employment_decile":8,"health_decile":9,"education_decile":5,"barriers_decile":4,"crime_decile":9,"living_env_decile":5}}},"geometry":{"type":"Polygon","coordinates":[[[-1.66529,54.66935],[-1.66717,54.66754],[-1.66653,54.66442],[-1.65873,54.66443],[-1.65531,54.66058],[-1.65731,54.65643],[-1.66348,54.65509],[-1.66864,54.65644],[-1.67667,54.65719],[-1.67897,54.65814],[-1.6766,54.66047],[-1.67848,54.66164],[-1.67765,54.66298],[-1.67978,54.66335],[-1.68115,54.66354],[-1.68218,54.66783],[-1.67933,54.6682],[-1.6744,54.66765],[-1.66942,54.67096],[-1.66529,54.66935]]]}},{"type":"Feature","properties":{"lsoa_code":"E01020869","lsoa_name":"County Durham 055B","data":{"2015":{"imd_decile":8,"imd":32.385,"income_decile":8,"income":0.213,"employment_decile":9,"employment":0.202,"health_decile":10,"health":1.218,"education_decile":6,"education":17.336,"crime_decile":8,"crime":0.517,"barriers_decile":6,"barriers":21.682,"living_env_decile":6,"living_env":20.328},"2019":{"imd_decile":9,"imd":34.976,"income_decile":9,"income":0.203,"employment_decile":9,"employment":0.176,"health_decile":9,"health":1.049,"education_decile":7,"education":23.135,"crime_decile":10,"crime":1.145,"barriers_decile":5,"barriers":18.064,"living_env_decile":5,"living_env":16.281},"2025":{"imd_decile":9,"imd":44.64,"income_decile":8,"income":0.317,"employment_decile":9,"employment":0.252,"health_decile":10,"health":1.575,"education_decile":9,"education":37.909,"crime_decile":10,"crime":1.266,"barriers_decile":5,"barriers":19.326,"living_env_decile":10,"living_env":52.243},"2004":{"imd":30.56,"income":0.175258500377877,"employment":0.166939881413979,"health":0.897146722957557,"education":22.338376657119,"barriers":13.0131757935545,"crime":0.56,"living_env":37.64,"imd_decile":8,"income_decile":8,"employment_decile":9,"health_decile":9,"education_decile":7,"barriers_decile":3,"crime_decile":8,"living_env_decile":9},"2007":{"imd":35.4193153381348,"income":0.238400354981422,"employment":0.178455382585526,"health":1.46155405852426,"education":25.2284564971924,"barriers":13.744334691531,"crime":0.248066291213036,"living_env":32.7362747192383,"imd_decile":9,"income_decile":8,"employment_decile":9,"health_decile":10,"education_decile":7,"barriers_decile":3,"crime_decile":7,"living_env_decile":8}}},"geometry":{"type":"Polygon","coordinates":[[[-1.7056,54.67469],[-1.68977,54.67422],[-1.68327,54.67299],[-1.67232,54.67413],[-1.66978,54.67102],[-1.67246,54.66798],[-1.67434,54.67022],[-1.68127,54.66825],[-1.68069,54.66445],[-1.68005,54.66314],[-1.67848,54.66357],[-1.67852,54.66196],[-1.68229,54.66198],[-1.68432,54.66235],[-1.68825,54.66295],[-1.69217,54.66113],[-1.69443,54.65986],[-1.69766,54.66276],[-1.70615,54.66873],[-1.7164,54.67288],[-1.70658,54.67231],[-1.7056,54.67469]]]}},{"type":"Feature","properties":{"lsoa_code":"E01020870","lsoa_name":"County Durham 056A","data":{"2015":{"imd_decile":1,"imd":5.037,"income_decile":1,"income":0.027,"employment_decile":3,"employment":0.065,"health_decile":5,"health":-0.171,"education_decile":1,"education":2.282,"crime_decile":3,"crime":-0.622,"barriers_decile":3,"barriers":14.702,"living_env_decile":1,"living_env":1.715},"2019":{"imd_decile":2,"imd":6.994,"income_decile":1,"income":0.034,"employment_decile":4,"employment":0.06,"health_decile":6,"health":0.193,"education_decile":1,"education":2.651,"crime_decile":3,"crime":-0.687,"barriers_decile":4,"barriers":15.617,"living_env_decile":1,"living_env":1.512},"2025":{"imd_decile":2,"imd":5.714,"income_decile":1,"income":0.05,"employment_decile":3,"employment":0.067,"health_decile":6,"health":0.146,"education_decile":1,"education":2.993,"crime_decile":3,"crime":-0.615,"barriers_decile":2,"barriers":10.135,"living_env_decile":2,"living_env":6.352},"2004":{"imd":10.3,"income":0.0234345350093129,"employment":0.1016646545853,"health":0.0608150209237013,"education":5.90700394040327,"barriers":13.9287975086572,"crime":-0.06,"living_env":5.32,"imd_decile":3,"income_decile":1,"employment_decile":7,"health_decile":6,"education_decile":2,"barriers_decile":3,"crime_decile":5,"living_env_decile":2},"2007":{"imd":9.28927421569824,"income":0.0325987972319126,"employment":0.0810330957174301,"health":0.171628251812878,"education":3.79953193664551,"barriers":19.0495299821618,"crime":-0.296894252300262,"living_env":5.56513118743897,"imd_decile":3,"income_decile":1,"employment_decile":5,"health_decile":6,"education_decile":2,"barriers_decile":5,"crime_decile":4,"living_env_decile":2}}},"geometry":{"type":"Polygon","coordinates":[[[-1.68878,54.65594],[-1.68613,54.65516],[-1.68374,54.65382],[-1.68241,54.65312],[-1.68678,54.65206],[-1.6884,54.65106],[-1.69546,54.652],[-1.69913,54.65463],[-1.69589,54.65546],[-1.69445,54.65834],[-1.68878,54.65594]]]}},{"type":"Feature","properties":{"lsoa_code":"E01020871","lsoa_name":"County Durham 056B","data":{"2015":{"imd_decile":7,"imd":22.721,"income_decile":7,"income":0.174,"employment_decile":8,"employment":0.169,"health_decile":9,"health":0.81,"education_decile":5,"education":12.85,"crime_decile":7,"crime":0.225,"barriers_decile":1,"barriers":4.349,"living_env_decile":3,"living_env":8.795},"2019":{"imd_decile":8,"imd":27.756,"income_decile":8,"income":0.17,"employment_decile":8,"employment":0.14,"health_decile":9,"health":0.832,"education_decile":8,"education":32.061,"crime_decile":8,"crime":0.613,"barriers_decile":1,"barriers":1.872,"living_env_decile":4,"living_env":13.759},"2025":{"imd_decile":9,"imd":36.987,"income_decile":8,"income":0.318,"employment_decile":9,"employment":0.212,"health_decile":10,"health":1.279,"education_decile":7,"education":27.258,"crime_decile":10,"crime":1.251,"barriers_decile":1,"barriers":8.481,"living_env_decile":10,"living_env":46.283},"2004":{"imd":21.59,"income":0.0985281870281969,"employment":0.143566321647352,"health":0.790576073456817,"education":14.0826181320991,"barriers":4.93854363075052,"crime":0.17,"living_env":23.92,"imd_decile":7,"income_decile":5,"employment_decile":8,"health_decile":9,"education_decile":5,"barriers_decile":1,"crime_decile":6,"living_env_decile":7},"2007":{"imd":19.8793125152588,"income":0.143731772899628,"employment":0.122545473277569,"health":0.644884461776283,"education":14.3080978393555,"barriers":5.89690641964935,"crime":0.130566895008087,"living_env":13.3560066223145,"imd_decile":6,"income_decile":6,"employment_decile":8,"health_decile":8,"education_decile":5,"barriers_decile":1,"crime_decile":6,"living_env_decile":5}}},"geometry":{"type":"Polygon","coordinates":[[[-1.67734,54.65489],[-1.67868,54.65101],[-1.68845,54.65074],[-1.68829,54.65158],[-1.6847,54.65339],[-1.68174,54.6536],[-1.6819,54.65466],[-1.67734,54.65489]]]}},{"type":"Feature","properties":{"lsoa_code":"E01020872","lsoa_name":"County Durham 056C","data":{"2015":{"imd_decile":7,"imd":24.053,"income_decile":7,"income":0.161,"employment_decile":8,"employment":0.152,"health_decile":9,"health":0.773,"education_decile":4,"education":12.267,"crime_decile":10,"crime":1.026,"barriers_decile":2,"barriers":10.168,"living_env_decile":3,"living_env":8.082},"2019":{"imd_decile":7,"imd":24.464,"income_decile":7,"income":0.152,"employment_decile":8,"employment":0.126,"health_decile":9,"health":0.89,"education_decile":5,"education":16.035,"crime_decile":9,"crime":0.792,"barriers_decile":1,"barriers":5.834,"living_env_decile":3,"living_env":10.003},"2025":{"imd_decile":8,"imd":28.19,"income_decile":7,"income":0.232,"employment_decile":8,"employment":0.191,"health_decile":9,"health":1.13,"education_decile":6,"education":19.576,"crime_decile":8,"crime":0.687,"barriers_decile":2,"barriers":10.081,"living_env_decile":8,"living_env":34.943},"2004":{"imd":19.46,"income":0.0990485295405016,"employment":0.119239707925261,"health":0.452822228330693,"education":10.843614205384,"barriers":8.66358846118466,"crime":0.74,"living_env":17.71,"imd_decile":6,"income_decile":5,"employment_decile":7,"health_decile":7,"education_decile":4,"barriers_decile":2,"crime_decile":9,"living_env_decile":6},"2007":{"imd":16.4857635498047,"income":0.104014605283737,"employment":0.108609579503536,"health":0.377428354483205,"education":10.2017250061035,"barriers":11.4331727771702,"crime":0.208491384983063,"living_env":13.5888109207153,"imd_decile":5,"income_decile":5,"employment_decile":7,"health_decile":7,"education_decile":4,"barriers_decile":2,"crime_decile":6,"living_env_decile":5}}},"geometry":{"type":"Polygon","coordinates":[[[-1.68609,54.66281],[-1.68367,54.66237],[-1.67873,54.66166],[-1.67645,54.66151],[-1.679,54.65851],[-1.67662,54.65736],[-1.67728,54.65507],[-1.67991,54.65461],[-1.68128,54.65385],[-1.68358,54.65432],[-1.68587,54.65588],[-1.68812,54.65619],[-1.69443,54.65986],[-1.69217,54.66113],[-1.68825,54.66295],[-1.68609,54.66281]]]}},{"type":"Feature","properties":{"lsoa_code":"E01020873","lsoa_name":"County Durham 051A","data":{"2015":{"imd_decile":10,"imd":59.64,"income_decile":10,"income":0.357,"employment_decile":10,"employment":0.35,"health_decile":10,"health":1.757,"education_decile":10,"education":58.776,"crime_decile":9,"crime":0.917,"barriers_decile":8,"barriers":29.759,"living_env_decile":1,"living_env":1.225},"2019":{"imd_decile":10,"imd":57.277,"income_decile":10,"income":0.351,"employment_decile":10,"employment":0.292,"health_decile":10,"health":1.525,"education_decile":10,"education":60.664,"crime_decile":10,"crime":1.104,"barriers_decile":1,"barriers":7.255,"living_env_decile":1,"living_env":0.643},"2025":{"imd_decile":10,"imd":65.405,"income_decile":10,"income":0.559,"employment_decile":10,"employment":0.391,"health_decile":10,"health":1.914,"education_decile":10,"education":60.371,"crime_decile":10,"crime":1.371,"barriers_decile":9,"barriers":32.324,"living_env_decile":5,"living_env":14.861},"2004":{"imd":52.97,"income":0.362929856084784,"employment":0.29974359009351,"health":1.66109960950135,"education":63.3446348783802,"barriers":9.59124637139323,"crime":0.64,"living_env":6.31,"imd_decile":10,"income_decile":10,"employment_decile":10,"health_decile":10,"education_decile":10,"barriers_decile":2,"crime_decile":8,"living_env_decile":2},"2007":{"imd":52.101131439209,"income":0.379065960645676,"employment":0.260648727416992,"health":1.69498169162573,"education":56.4440040588379,"barriers":15.9063149470147,"crime":0.956521570682526,"living_env":3.7689642906189,"imd_decile":10,"income_decile":10,"employment_decile":10,"health_decile":10,"education_decile":10,"barriers_decile":4,"crime_decile":9,"living_env_decile":1}}},"geometry":{"type":"Polygon","coordinates":[[[-1.61864,54.67164],[-1.61646,54.66524],[-1.61622,54.66339],[-1.61672,54.66159],[-1.61711,54.66167],[-1.6231,54.66274],[-1.62381,54.65978],[-1.62653,54.66068],[-1.62795,54.66172],[-1.62914,54.6625],[-1.63111,54.66249],[-1.62715,54.66346],[-1.62642,54.66598],[-1.62628,54.66712],[-1.6242,54.67087],[-1.61864,54.67164]]]}},{"type":"Feature","properties":{"lsoa_code":"E01020874","lsoa_name":"County Durham 055C","data":{"2015":{"imd_decile":10,"imd":46.459,"income_decile":9,"income":0.277,"employment_decile":10,"employment":0.269,"health_decile":10,"health":1.437,"education_decile":9,"education":44.837,"crime_decile":8,"crime":0.608,"barriers_decile":9,"barriers":34.383,"living_env_decile":4,"living_env":10.929},"2019":{"imd_decile":9,"imd":43.413,"income_decile":9,"income":0.248,"employment_decile":10,"employment":0.238,"health_decile":10,"health":1.226,"education_decile":10,"education":51.2,"crime_decile":9,"crime":0.81,"barriers_decile":1,"barriers":6.672,"living_env_decile":3,"living_env":8.662},"2025":{"imd_decile":10,"imd":46.494,"income_decile":9,"income":0.39,"employment_decile":10,"employment":0.28,"health_decile":10,"health":1.489,"education_decile":9,"education":44.674,"crime_decile":9,"crime":1.064,"barriers_decile":8,"barriers":28.362,"living_env_decile":8,"living_env":28.535},"2004":{"imd":37.64,"income":0.225128358858272,"employment":0.200231430985137,"health":1.1241600468979,"education":58.1799516480818,"barriers":9.14678632235971,"crime":0.27,"living_env":19.65,"imd_decile":9,"income_decile":8,"employment_decile":9,"health_decile":9,"education_decile":10,"barriers_decile":2,"crime_decile":7,"living_env_decile":6},"2007":{"imd":44.8849983215332,"income":0.264685750007629,"employment":0.23240815103054,"health":1.52690828993548,"education":54.924201965332,"barriers":13.5414877420209,"crime":0.893236637115479,"living_env":13.1260375976563,"imd_decile":9,"income_decile":9,"employment_decile":10,"health_decile":10,"education_decile":10,"barriers_decile":3,"crime_decile":9,"living_env_decile":5}}},"geometry":{"type":"Polygon","coordinates":[[[-1.60426,54.66728],[-1.60905,54.65955],[-1.61026,54.65498],[-1.62325,54.65397],[-1.63196,54.65364],[-1.63749,54.65933],[-1.63515,54.66103],[-1.63825,54.66237],[-1.64302,54.66273],[-1.63805,54.66426],[-1.6356,54.66589],[-1.63629,54.66414],[-1.63167,54.66435],[-1.63013,54.66346],[-1.63032,54.66163],[-1.62918,54.66171],[-1.62746,54.66171],[-1.62554,54.66081],[-1.62282,54.66024],[-1.62038,54.6623],[-1.61733,54.6614],[-1.61689,54.66297],[-1.61703,54.66336],[-1.61663,54.6659],[-1.60988,54.66668],[-1.60426,54.66728]]]}},{"type":"Feature","properties":{"lsoa_code":"E01020875","lsoa_name":"County Durham 051B","data":{"2015":{"imd_decile":8,"imd":28.002,"income_decile":7,"income":0.156,"employment_decile":8,"employment":0.143,"health_decile":7,"health":0.32,"education_decile":7,"education":23.266,"crime_decile":9,"crime":0.862,"barriers_decile":10,"barriers":38.753,"living_env_decile":5,"living_env":14.973},"2019":{"imd_decile":7,"imd":26.048,"income_decile":7,"income":0.134,"employment_decile":8,"employment":0.124,"health_decile":8,"health":0.477,"education_decile":7,"education":24.179,"crime_decile":8,"crime":0.63,"barriers_decile":8,"barriers":30.229,"living_env_decile":5,"living_env":14.856},"2025":{"imd_decile":8,"imd":27.314,"income_decile":5,"income":0.183,"employment_decile":7,"employment":0.146,"health_decile":8,"health":0.596,"education_decile":7,"education":22.115,"crime_decile":7,"crime":0.452,"barriers_decile":10,"barriers":36.794,"living_env_decile":9,"living_env":41.448},"2004":{"imd":31.31,"income":0.140292254542849,"employment":0.168829331820513,"health":0.983966293523145,"education":30.9804307742925,"barriers":34.8965317164373,"crime":0.33,"living_env":11.19,"imd_decile":8,"income_decile":7,"employment_decile":9,"health_decile":9,"education_decile":8,"barriers_decile":9,"crime_decile":7,"living_env_decile":4},"2007":{"imd":31.0465888977051,"income":0.150321036577225,"employment":0.153005942702293,"health":0.830699780286902,"education":34.1318359375,"barriers":36.4160876793141,"crime":0.491819977760315,"living_env":12.4196720123291,"imd_decile":8,"income_decile":7,"employment_decile":9,"health_decile":9,"education_decile":8,"barriers_decile":9,"crime_decile":8,"living_env_decile":4}}},"geometry":{"type":"Polygon","coordinates":[[[-1.6641,54.69326],[-1.65626,54.68743],[-1.64577,54.68504],[-1.63743,54.67965],[-1.63593,54.6769],[-1.62589,54.67646],[-1.61308,54.6784],[-1.60614,54.67932],[-1.60404,54.67778],[-1.60485,54.6719],[-1.60351,54.66708],[-1.60297,54.66397],[-1.60691,54.66211],[-1.60426,54.66728],[-1.60988,54.66668],[-1.61864,54.67164],[-1.6263,54.66844],[-1.62585,54.66602],[-1.62699,54.66421],[-1.6308,54.66327],[-1.63283,54.664],[-1.63585,54.66519],[-1.63567,54.66561],[-1.64358,54.66295],[-1.64126,54.66144],[-1.63733,54.66189],[-1.63617,54.66049],[-1.64521,54.66138],[-1.65093,54.65993],[-1.6545,54.66133],[-1.66365,54.66366],[-1.66465,54.66581],[-1.66658,54.66792],[-1.66718,54.66969],[-1.66978,54.67102],[-1.67232,54.67413],[-1.68326,54.67435],[-1.68207,54.68641],[-1.67637,54.68854],[-1.68223,54.69219],[-1.69295,54.69142],[-1.69078,54.69799],[-1.69129,54.70127],[-1.6862,54.70489],[-1.67815,54.70388],[-1.6641,54.69326]]]}},{"type":"Feature","properties":{"lsoa_code":"E01020876","lsoa_name":"County Durham 045A","data":{"2015":{"imd_decile":7,"imd":24.601,"income_decile":8,"income":0.202,"employment_decile":8,"employment":0.164,"health_decile":9,"health":0.795,"education_decile":6,"education":18.56,"crime_decile":6,"crime":0.149,"barriers_decile":4,"barriers":16.747,"living_env_decile":1,"living_env":3.704},"2019":{"imd_decile":8,"imd":28.494,"income_decile":9,"income":0.211,"employment_decile":9,"employment":0.167,"health_decile":8,"health":0.657,"education_decile":6,"education":20.49,"crime_decile":8,"crime":0.573,"barriers_decile":3,"barriers":12.704,"living_env_decile":1,"living_env":3.525},"2025":{"imd_decile":8,"imd":30.397,"income_decile":8,"income":0.335,"employment_decile":9,"employment":0.204,"health_decile":9,"health":0.961,"education_decile":7,"education":25.749,"crime_decile":8,"crime":0.479,"barriers_decile":5,"barriers":17.738,"living_env_decile":7,"living_env":22.811},"2004":{"imd":26.26,"income":0.178149587793026,"employment":0.142417906265286,"health":0.789719386333098,"education":26.0944803391411,"barriers":23.8021263061387,"crime":-0.21,"living_env":11.48,"imd_decile":7,"income_decile":8,"employment_decile":8,"health_decile":9,"education_decile":7,"barriers_decile":7,"crime_decile":5,"living_env_decile":4},"2007":{"imd":29.1706619262695,"income":0.221944227814674,"employment":0.149200454354286,"health":0.870193867794959,"education":31.2785758972168,"barriers":24.7972074337917,"crime":0.099422499537468,"living_env":7.70037937164307,"imd_decile":8,"income_decile":8,"employment_decile":8,"health_decile":9,"education_decile":8,"barriers_decile":7,"crime_decile":6,"living_env_decile":3}}},"geometry":{"type":"Polygon","coordinates":[[[-1.78636,54.74052],[-1.7578,54.7303],[-1.74908,54.72565],[-1.74799,54.7195],[-1.74909,54.71474],[-1.75396,54.71771],[-1.75702,54.71793],[-1.76426,54.71674],[-1.76887,54.71781],[-1.79055,54.71995],[-1.78888,54.74128],[-1.78636,54.74052]]]}},{"type":"Feature","properties":{"lsoa_code":"E01020877","lsoa_name":"County Durham 046A","data":{"2015":{"imd_decile":8,"imd":27.342,"income_decile":8,"income":0.19,"employment_decile":9,"employment":0.204,"health_decile":9,"health":0.926,"education_decile":6,"education":18.566,"crime_decile":7,"crime":0.334,"barriers_decile":2,"barriers":10.577,"living_env_decile":3,"living_env":9.528},"2019":{"imd_decile":9,"imd":33.522,"income_decile":9,"income":0.206,"employment_decile":10,"employment":0.204,"health_decile":10,"health":1.189,"education_decile":7,"education":22.973,"crime_decile":8,"crime":0.547,"barriers_decile":1,"barriers":6.817,"living_env_decile":2,"living_env":5.635},"2025":{"imd_decile":9,"imd":40.593,"income_decile":8,"income":0.318,"employment_decile":10,"employment":0.267,"health_decile":10,"health":1.216,"education_decile":8,"education":32.836,"crime_decile":10,"crime":1.249,"barriers_decile":3,"barriers":13.18,"living_env_decile":9,"living_env":44.069},"2004":{"imd":26.4,"income":0.129894073389586,"employment":0.174526752357525,"health":0.808000965267019,"education":28.1806657712075,"barriers":9.44290219285699,"crime":-0.16,"living_env":22.98,"imd_decile":7,"income_decile":7,"employment_decile":9,"health_decile":9,"education_decile":8,"barriers_decile":2,"crime_decile":5,"living_env_decile":7},"2007":{"imd":26.3312377929688,"income":0.154902681708336,"employment":0.144015908241272,"health":1.01241063876673,"education":32.7745590209961,"barriers":9.31635692141112,"crime":0.0203303322196007,"living_env":16.612133026123,"imd_decile":7,"income_decile":7,"employment_decile":8,"health_decile":9,"education_decile":8,"barriers_decile":2,"crime_decile":6,"living_env_decile":5}}},"geometry":{"type":"Polygon","coordinates":[[[-1.74237,54.71496],[-1.74064,54.71311],[-1.74224,54.71158],[-1.74337,54.70905],[-1.74518,54.70639],[-1.74815,54.70694],[-1.74735,54.71016],[-1.74511,54.71352],[-1.74827,54.71375],[-1.75067,54.71359],[-1.74863,54.71565],[-1.74777,54.72082],[-1.74532,54.71897],[-1.74425,54.71816],[-1.74336,54.71645],[-1.74237,54.71496]]]}},{"type":"Feature","properties":{"lsoa_code":"E01020878","lsoa_name":"County Durham 045B","data":{"2015":{"imd_decile":9,"imd":41.395,"income_decile":9,"income":0.297,"employment_decile":10,"employment":0.287,"health_decile":10,"health":1.227,"education_decile":8,"education":34.949,"crime_decile":8,"crime":0.499,"barriers_decile":3,"barriers":13.561,"living_env_decile":1,"living_env":1.224},"2019":{"imd_decile":9,"imd":40.479,"income_decile":9,"income":0.259,"employment_decile":10,"employment":0.238,"health_decile":10,"health":1.297,"education_decile":9,"education":41.898,"crime_decile":5,"crime":-0.045,"barriers_decile":3,"barriers":13.14,"living_env_decile":1,"living_env":0.595},"2025":{"imd_decile":9,"imd":43.018,"income_decile":9,"income":0.416,"employment_decile":10,"employment":0.3,"health_decile":10,"health":1.486,"education_decile":9,"education":45.191,"crime_decile":9,"crime":0.772,"barriers_decile":4,"barriers":15.498,"living_env_decile":2,"living_env":5.06},"2004":{"imd":45.68,"income":0.323845891435272,"employment":0.269177698872195,"health":1.49292564578253,"education":57.3670057999984,"barriers":14.6511247605762,"crime":-0.32,"living_env":5.03,"imd_decile":10,"income_decile":10,"employment_decile":10,"health_decile":10,"education_decile":10,"barriers_decile":3,"crime_decile":4,"living_env_decile":2},"2007":{"imd":41.3469772338867,"income":0.31863996386528,"employment":0.220055654644966,"health":1.32412556664892,"education":57.3620223999023,"barriers":14.8436510136653,"crime":-0.291170179843903,"living_env":2.08265376091003,"imd_decile":9,"income_decile":9,"employment_decile":10,"health_decile":10,"education_decile":10,"barriers_decile":4,"crime_decile":4,"living_env_decile":1}}},"geometry":{"type":"Polygon","coordinates":[[[-1.75569,54.71766],[-1.75285,54.717],[-1.74914,54.71423],[-1.74985,54.7137],[-1.74846,54.71255],[-1.75203,54.71113],[-1.75516,54.71088],[-1.75769,54.71204],[-1.75856,54.71387],[-1.76391,54.71372],[-1.75898,54.71781],[-1.75569,54.71766]]]}},{"type":"Feature","properties":{"lsoa_code":"E01020879","lsoa_name":"County Durham 046B","data":{"2015":{"imd_decile":4,"imd":13.877,"income_decile":5,"income":0.099,"employment_decile":5,"employment":0.09,"health_decile":7,"health":0.391,"education_decile":2,"education":5.682,"crime_decile":4,"crime":-0.215,"barriers_decile":8,"barriers":27.087,"living_env_decile":1,"living_env":0.207},"2019":{"imd_decile":4,"imd":13.26,"income_decile":5,"income":0.097,"employment_decile":5,"employment":0.075,"health_decile":6,"health":0.17,"education_decile":3,"education":7.847,"crime_decile":3,"crime":-0.67,"barriers_decile":7,"barriers":26.272,"living_env_decile":1,"living_env":0.346},"2025":{"imd_decile":4,"imd":11.346,"income_decile":3,"income":0.109,"employment_decile":5,"employment":0.104,"health_decile":6,"health":0.145,"education_decile":4,"education":10.725,"crime_decile":4,"crime":-0.298,"barriers_decile":6,"barriers":20.142,"living_env_decile":1,"living_env":3.785},"2004":{"imd":17.44,"income":0.0824529901381426,"employment":0.125694025004942,"health":0.472248711941258,"education":11.5284165330966,"barriers":25.5603156430048,"crime":-0.43,"living_env":3.17,"imd_decile":6,"income_decile":5,"employment_decile":8,"health_decile":8,"education_decile":4,"barriers_decile":7,"crime_decile":4,"living_env_decile":1},"2007":{"imd":17.7074890136719,"income":0.11330971121788,"employment":0.118816636502743,"health":0.504323117111869,"education":10.7343807220459,"barriers":26.5166272209888,"crime":-0.582379341125488,"living_env":2.10084581375122,"imd_decile":6,"income_decile":5,"employment_decile":7,"health_decile":8,"education_decile":4,"barriers_decile":7,"crime_decile":3,"living_env_decile":1}}},"geometry":{"type":"Polygon","coordinates":[[[-1.76887,54.71781],[-1.76426,54.71674],[-1.7587,54.71419],[-1.75879,54.71329],[-1.756,54.71224],[-1.75348,54.7106],[-1.74883,54.71225],[-1.74827,54.71375],[-1.74511,54.71352],[-1.74735,54.71016],[-1.74815,54.70694],[-1.75615,54.70704],[-1.75971,54.70835],[-1.76662,54.70882],[-1.77186,54.71029],[-1.77851,54.71399],[-1.76887,54.71781]]]}},{"type":"Feature","properties":{"lsoa_code":"E01020880","lsoa_name":"County Durham 055D","data":{"2015":{"imd_decile":10,"imd":57.24,"income_decile":10,"income":0.386,"employment_decile":10,"employment":0.298,"health_decile":10,"health":1.444,"education_decile":9,"education":43.113,"crime_decile":10,"crime":1.09,"barriers_decile":9,"barriers":31.525,"living_env_decile":7,"living_env":25.395},"2019":{"imd_decile":10,"imd":52.883,"income_decile":10,"income":0.339,"employment_decile":10,"employment":0.255,"health_decile":10,"health":1.301,"education_decile":9,"education":38.126,"crime_decile":10,"crime":1.543,"barriers_decile":3,"barriers":14.125,"living_env_decile":5,"living_env":16.399},"2025":{"imd_decile":10,"imd":55.982,"income_decile":9,"income":0.425,"employment_decile":10,"employment":0.327,"health_decile":10,"health":1.54,"education_decile":9,"education":45.756,"crime_decile":10,"crime":2.163,"barriers_decile":9,"barriers":30.097,"living_env_decile":8,"living_env":32.593},"2004":{"imd":54.93,"income":0.355539922021684,"employment":0.297112451945076,"health":1.63716337712462,"education":65.2674050184797,"barriers":13.9673177430575,"crime":0.2,"living_env":36.3,"imd_decile":10,"income_decile":10,"employment_decile":10,"health_decile":10,"education_decile":10,"barriers_decile":3,"crime_decile":6,"living_env_decile":9},"2007":{"imd":55.5189170837402,"income":0.392281889915466,"employment":0.272993296384811,"health":1.65475787096195,"education":51.2916679382324,"barriers":22.6753064360585,"crime":0.70476096868515,"living_env":33.6048622131348,"imd_decile":10,"income_decile":10,"employment_decile":10,"health_decile":10,"education_decile":10,"barriers_decile":6,"crime_decile":8,"living_env_decile":8}}},"geometry":{"type":"Polygon","coordinates":[[[-1.64521,54.66138],[-1.632,54.65684],[-1.62565,54.65348],[-1.63534,54.64731],[-1.6403,54.64538],[-1.64654,54.6455],[-1.64893,54.64145],[-1.65242,54.64374],[-1.65864,54.64528],[-1.65401,54.64753],[-1.65619,54.65385],[-1.65683,54.65641],[-1.65373,54.6603],[-1.64809,54.66255],[-1.64521,54.66138]]]}},{"type":"Feature","properties":{"lsoa_code":"E01020881","lsoa_name":"County Durham 055E","data":{"2015":{"imd_decile":7,"imd":25.001,"income_decile":7,"income":0.177,"employment_decile":8,"employment":0.166,"health_decile":8,"health":0.684,"education_decile":6,"education":18.053,"crime_decile":5,"crime":-0.013,"barriers_decile":8,"barriers":29.491,"living_env_decile":1,"living_env":3.429},"2019":{"imd_decile":8,"imd":29.018,"income_decile":8,"income":0.197,"employment_decile":9,"employment":0.171,"health_decile":8,"health":0.675,"education_decile":7,"education":22.674,"crime_decile":7,"crime":0.347,"barriers_decile":6,"barriers":20.76,"living_env_decile":2,"living_env":5.978},"2025":{"imd_decile":7,"imd":25.602,"income_decile":7,"income":0.25,"employment_decile":8,"employment":0.167,"health_decile":9,"health":0.974,"education_decile":8,"education":28.209,"crime_decile":5,"crime":-0.085,"barriers_decile":7,"barriers":22.928,"living_env_decile":5,"living_env":16.027},"2004":{"imd":23.58,"income":0.146922082758826,"employment":0.140029910562486,"health":0.927570686786404,"education":19.9293268424522,"barriers":18.3567416131088,"crime":-0.16,"living_env":7.62,"imd_decile":7,"income_decile":7,"employment_decile":8,"health_decile":9,"education_decile":6,"barriers_decile":5,"crime_decile":5,"living_env_decile":3},"2007":{"imd":24.9226360321045,"income":0.172332763671875,"employment":0.139422565698624,"health":1.04970137259078,"education":20.4598503112793,"barriers":21.1805169468401,"crime":-0.218448981642723,"living_env":5.36297273635864,"imd_decile":7,"income_decile":7,"employment_decile":8,"health_decile":9,"education_decile":6,"barriers_decile":6,"crime_decile":5,"living_env_decile":2}}},"geometry":{"type":"Polygon","coordinates":[[[-1.65683,54.65641],[-1.65619,54.65385],[-1.65401,54.64753],[-1.65864,54.64528],[-1.6751,54.64327],[-1.67773,54.64037],[-1.67995,54.63992],[-1.67893,54.63742],[-1.67998,54.63794],[-1.67977,54.63651],[-1.68355,54.63593],[-1.67772,54.64406],[-1.66844,54.65161],[-1.66626,54.6557],[-1.66137,54.65508],[-1.65639,54.6576],[-1.65373,54.6603],[-1.65683,54.65641]]]}},{"type":"Feature","properties":{"lsoa_code":"E01020882","lsoa_name":"County Durham 057A","data":{"2015":{"imd_decile":6,"imd":19.503,"income_decile":7,"income":0.153,"employment_decile":7,"employment":0.142,"health_decile":7,"health":0.459,"education_decile":5,"education":14.471,"crime_decile":5,"crime":-0.135,"barriers_decile":5,"barriers":19.099,"living_env_decile":2,"living_env":7.165},"2019":{"imd_decile":6,"imd":21.107,"income_decile":7,"income":0.13,"employment_decile":7,"employment":0.119,"health_decile":8,"health":0.575,"education_decile":6,"education":18.794,"crime_decile":6,"crime":0.215,"barriers_decile":4,"barriers":17.246,"living_env_decile":3,"living_env":8.475},"2025":{"imd_decile":7,"imd":25.38,"income_decile":6,"income":0.217,"employment_decile":8,"employment":0.162,"health_decile":8,"health":0.489,"education_decile":8,"education":30.048,"crime_decile":6,"crime":0.105,"barriers_decile":8,"barriers":29.194,"living_env_decile":7,"living_env":26.249},"2004":{"imd":26.1,"income":0.147694168102301,"employment":0.146989170859192,"health":0.769883905629061,"education":23.021831958923,"barriers":27.3643557757763,"crime":-0.41,"living_env":19.54,"imd_decile":7,"income_decile":7,"employment_decile":8,"health_decile":8,"education_decile":7,"barriers_decile":8,"crime_decile":4,"living_env_decile":6},"2007":{"imd":26.7371959686279,"income":0.174596264958382,"employment":0.130459040403366,"health":0.924759276367001,"education":23.1667213439941,"barriers":28.6168222809021,"crime":-0.126867681741714,"living_env":16.8872356414795,"imd_decile":8,"income_decile":7,"employment_decile":8,"health_decile":9,"education_decile":7,"barriers_decile":8,"crime_decile":5,"living_env_decile":6}}},"geometry":{"type":"Polygon","coordinates":[[[-1.72954,54.66991],[-1.72288,54.67135],[-1.70897,54.66896],[-1.69846,54.66401],[-1.70348,54.66072],[-1.70463,54.65653],[-1.7057,54.65569],[-1.7042,54.65492],[-1.70425,54.65387],[-1.70893,54.65215],[-1.70975,54.64948],[-1.70612,54.64768],[-1.70418,54.64725],[-1.71194,54.6458],[-1.72486,54.64557],[-1.73426,54.64843],[-1.73659,54.65095],[-1.73727,54.65951],[-1.74128,54.66107],[-1.7407,54.66699],[-1.73646,54.66976],[-1.73565,54.67237],[-1.72866,54.67233],[-1.72954,54.66991]]]}},{"type":"Feature","properties":{"lsoa_code":"E01020883","lsoa_name":"County Durham 056D","data":{"2015":{"imd_decile":3,"imd":8.662,"income_decile":2,"income":0.057,"employment_decile":4,"employment":0.073,"health_decile":6,"health":0.142,"education_decile":2,"education":4.368,"crime_decile":1,"crime":-1.475,"barriers_decile":7,"barriers":25.124,"living_env_decile":1,"living_env":0.248},"2019":{"imd_decile":2,"imd":7.677,"income_decile":2,"income":0.041,"employment_decile":3,"employment":0.053,"health_decile":5,"health":-0.18,"education_decile":2,"education":4.554,"crime_decile":1,"crime":-1.24,"barriers_decile":8,"barriers":28.503,"living_env_decile":1,"living_env":0.205},"2025":{"imd_decile":2,"imd":6.598,"income_decile":1,"income":0.043,"employment_decile":3,"employment":0.072,"health_decile":6,"health":0.144,"education_decile":3,"education":6.49,"crime_decile":1,"crime":-1.344,"barriers_decile":5,"barriers":20.02,"living_env_decile":1,"living_env":1.067},"2004":{"imd":9.79,"income":0.0306837551891757,"employment":0.0677771956690361,"health":0.107820846067113,"education":8.92977571237122,"barriers":29.1932611132098,"crime":-0.99,"living_env":1.52,"imd_decile":3,"income_decile":1,"employment_decile":4,"health_decile":6,"education_decile":3,"barriers_decile":8,"crime_decile":2,"living_env_decile":1},"2007":{"imd":9.19805717468262,"income":0.0382279194891453,"employment":0.0590191073715687,"health":0.0620960321850496,"education":8.00953483581543,"barriers":29.8888355640248,"crime":-0.735543549060822,"living_env":2.12270450592041,"imd_decile":3,"income_decile":1,"employment_decile":4,"health_decile":6,"education_decile":3,"barriers_decile":8,"crime_decile":2,"living_env_decile":1}}},"geometry":{"type":"Polygon","coordinates":[[[-1.69589,54.65546],[-1.69913,54.65463],[-1.70172,54.65166],[-1.70276,54.6474],[-1.70612,54.64768],[-1.70975,54.64948],[-1.70893,54.65215],[-1.70425,54.65387],[-1.7042,54.65492],[-1.7057,54.65569],[-1.70463,54.65653],[-1.70348,54.66072],[-1.69677,54.66054],[-1.69445,54.65834],[-1.69589,54.65546]]]}},{"type":"Feature","properties":{"lsoa_code":"E01020884","lsoa_name":"County Durham 058A","data":{"2015":{"imd_decile":8,"imd":31.364,"income_decile":9,"income":0.239,"employment_decile":9,"employment":0.2,"health_decile":10,"health":1.202,"education_decile":7,"education":24.39,"crime_decile":7,"crime":0.312,"barriers_decile":3,"barriers":13.824,"living_env_decile":3,"living_env":7.873},"2019":{"imd_decile":9,"imd":34.642,"income_decile":9,"income":0.227,"employment_decile":9,"employment":0.184,"health_decile":10,"health":1.323,"education_decile":7,"education":24.402,"crime_decile":8,"crime":0.63,"barriers_decile":2,"barriers":10.576,"living_env_decile":3,"living_env":8.239},"2025":{"imd_decile":9,"imd":36.716,"income_decile":8,"income":0.292,"employment_decile":9,"employment":0.212,"health_decile":10,"health":1.738,"education_decile":9,"education":40.184,"crime_decile":9,"crime":0.743,"barriers_decile":2,"barriers":11.188,"living_env_decile":8,"living_env":28.638},"2004":{"imd":28.51,"income":0.20050456839594,"employment":0.156999291194978,"health":1.02562816741968,"education":26.3839525652041,"barriers":15.3480339230162,"crime":0.12,"living_env":11.79,"imd_decile":8,"income_decile":8,"employment_decile":9,"health_decile":9,"education_decile":7,"barriers_decile":4,"crime_decile":6,"living_env_decile":4},"2007":{"imd":27.9889259338379,"income":0.19225050508976,"employment":0.167529314756393,"health":1.06425439431457,"education":22.3927574157715,"barriers":16.2181216673812,"crime":0.118390493094921,"living_env":7.62039184570313,"imd_decile":8,"income_decile":8,"employment_decile":9,"health_decile":9,"education_decile":7,"barriers_decile":4,"crime_decile":6,"living_env_decile":3}}},"geometry":{"type":"Polygon","coordinates":[[[-1.67729,54.65361],[-1.67736,54.65087],[-1.67632,54.65036],[-1.67426,54.65054],[-1.67141,54.65032],[-1.67506,54.6491],[-1.67733,54.64969],[-1.67683,54.64809],[-1.67546,54.64765],[-1.674,54.64828],[-1.67235,54.64859],[-1.68106,54.64313],[-1.67994,54.64673],[-1.67868,54.65101],[-1.67734,54.65489],[-1.67627,54.65457],[-1.67729,54.65361]]]}},{"type":"Feature","properties":{"lsoa_code":"E01020885","lsoa_name":"County Durham 058B","data":{"2015":{"imd_decile":10,"imd":44.819,"income_decile":9,"income":0.276,"employment_decile":10,"employment":0.28,"health_decile":10,"health":2.046,"education_decile":8,"education":34.589,"crime_decile":8,"crime":0.549,"barriers_decile":4,"barriers":16.528,"living_env_decile":1,"living_env":2.606},"2019":{"imd_decile":10,"imd":44.404,"income_decile":9,"income":0.258,"employment_decile":10,"employment":0.232,"health_decile":10,"health":1.706,"education_decile":8,"education":34.797,"crime_decile":9,"crime":0.871,"barriers_decile":3,"barriers":14.676,"living_env_decile":1,"living_env":3.092},"2025":{"imd_decile":10,"imd":46.578,"income_decile":9,"income":0.445,"employment_decile":10,"employment":0.313,"health_decile":10,"health":1.928,"education_decile":8,"education":35.62,"crime_decile":9,"crime":0.928,"barriers_decile":2,"barriers":12.398,"living_env_decile":3,"living_env":8.691},"2004":{"imd":49.82,"income":0.361308536367421,"employment":0.277195973984678,"health":1.90843133172494,"education":46.6666182547871,"barriers":14.6413683768114,"crime":0.31,"living_env":4.85,"imd_decile":10,"income_decile":10,"employment_decile":10,"health_decile":10,"education_decile":9,"barriers_decile":3,"crime_decile":7,"living_env_decile":2},"2007":{"imd":53.1208076477051,"income":0.394592732191086,"employment":0.283946305513382,"health":2.02423725743131,"education":41.9467582702637,"barriers":18.6153301148431,"crime":0.624142467975617,"living_env":4.15766620635986,"imd_decile":10,"income_decile":10,"employment_decile":10,"health_decile":10,"education_decile":9,"barriers_decile":5,"crime_decile":8,"living_env_decile":1}}},"geometry":{"type":"Polygon","coordinates":[[[-1.66626,54.6557],[-1.66844,54.65161],[-1.67309,54.64928],[-1.67489,54.6484],[-1.67619,54.64836],[-1.67807,54.64885],[-1.6755,54.64913],[-1.67432,54.65016],[-1.67349,54.65047],[-1.67555,54.65098],[-1.67664,54.6508],[-1.67675,54.65308],[-1.67459,54.65321],[-1.67269,54.65308],[-1.67,54.65486],[-1.66927,54.65576],[-1.66626,54.6557]]]}},{"type":"Feature","properties":{"lsoa_code":"E01020886","lsoa_name":"County Durham 056E","data":{"2015":{"imd_decile":7,"imd":26.06,"income_decile":8,"income":0.199,"employment_decile":9,"employment":0.179,"health_decile":8,"health":0.579,"education_decile":7,"education":23.015,"crime_decile":8,"crime":0.635,"barriers_decile":2,"barriers":10.391,"living_env_decile":2,"living_env":7.408},"2019":{"imd_decile":8,"imd":30.228,"income_decile":8,"income":0.184,"employment_decile":8,"employment":0.148,"health_decile":9,"health":1.082,"education_decile":7,"education":23.781,"crime_decile":10,"crime":1.054,"barriers_decile":1,"barriers":4.902,"living_env_decile":3,"living_env":8.42},"2025":{"imd_decile":9,"imd":39.316,"income_decile":8,"income":0.323,"employment_decile":9,"employment":0.23,"health_decile":9,"health":1.157,"education_decile":8,"education":32.314,"crime_decile":10,"crime":1.539,"barriers_decile":2,"barriers":10.852,"living_env_decile":9,"living_env":44.784},"2004":{"imd":26.56,"income":0.137891653142931,"employment":0.145251500340979,"health":0.823620815616481,"education":35.3223264564535,"barriers":10.9602067912527,"crime":0.24,"living_env":20.44,"imd_decile":7,"income_decile":7,"employment_decile":8,"health_decile":9,"education_decile":9,"barriers_decile":2,"crime_decile":7,"living_env_decile":6},"2007":{"imd":25.4285125732422,"income":0.178027480840683,"employment":0.132016345858574,"health":0.892640640292642,"education":24.3758125305176,"barriers":12.1804071049299,"crime":0.389859080314636,"living_env":14.0307731628418,"imd_decile":7,"income_decile":7,"employment_decile":8,"health_decile":9,"education_decile":7,"barriers_decile":3,"crime_decile":7,"living_env_decile":5}}},"geometry":{"type":"Polygon","coordinates":[[[-1.6703,54.65503],[-1.67193,54.65488],[-1.67449,54.65287],[-1.67593,54.65277],[-1.67759,54.65269],[-1.67627,54.65457],[-1.67716,54.65544],[-1.67165,54.657],[-1.66841,54.65534],[-1.6703,54.65503]]]}},{"type":"Feature","properties":{"lsoa_code":"E01020887","lsoa_name":"County Durham 045C","data":{"2015":{"imd_decile":7,"imd":23.083,"income_decile":7,"income":0.175,"employment_decile":8,"employment":0.178,"health_decile":8,"health":0.536,"education_decile":6,"education":17.622,"crime_decile":3,"crime":-0.56,"barriers_decile":5,"barriers":18.553,"living_env_decile":4,"living_env":13.702},"2019":{"imd_decile":7,"imd":23.637,"income_decile":7,"income":0.156,"employment_decile":8,"employment":0.141,"health_decile":8,"health":0.597,"education_decile":6,"education":18.516,"crime_decile":6,"crime":0.172,"barriers_decile":3,"barriers":13.174,"living_env_decile":4,"living_env":14.233},"2025":{"imd_decile":7,"imd":24.859,"income_decile":6,"income":0.214,"employment_decile":8,"employment":0.179,"health_decile":8,"health":0.477,"education_decile":6,"education":18.108,"crime_decile":7,"crime":0.356,"barriers_decile":8,"barriers":25.867,"living_env_decile":8,"living_env":30.854},"2004":{"imd":27.93,"income":0.184277501596076,"employment":0.174717203287462,"health":0.687422356084272,"education":32.1639176601484,"barriers":16.065963080473,"crime":-0.45,"living_env":16.1,"imd_decile":8,"income_decile":8,"employment_decile":9,"health_decile":8,"education_decile":8,"barriers_decile":4,"crime_decile":4,"living_env_decile":5},"2007":{"imd":22.7556056976318,"income":0.147405609488487,"employment":0.134635537862778,"health":0.61093213579579,"education":25.5092277526855,"barriers":17.573274588193,"crime":-0.0433865040540695,"living_env":11.3442239761353,"imd_decile":7,"income_decile":6,"employment_decile":8,"health_decile":8,"education_decile":7,"barriers_decile":5,"crime_decile":5,"living_env_decile":4}}},"geometry":{"type":"Polygon","coordinates":[[[-1.76593,54.7085],[-1.75923,54.70832],[-1.75187,54.70711],[-1.74648,54.70625],[-1.73948,54.70445],[-1.73644,54.70756],[-1.73046,54.70431],[-1.73006,54.70183],[-1.7328,54.70011],[-1.74599,54.69725],[-1.74657,54.69474],[-1.74718,54.69366],[-1.74835,54.69223],[-1.74744,54.68752],[-1.75674,54.69151],[-1.76609,54.69543],[-1.77761,54.70006],[-1.78451,54.70108],[-1.7866,54.70478],[-1.79208,54.70924],[-1.79128,54.72018],[-1.77851,54.71399],[-1.77186,54.71029],[-1.76662,54.70882],[-1.76593,54.7085]]]}},{"type":"Feature","properties":{"lsoa_code":"E01020888","lsoa_name":"County Durham 057B","data":{"2015":{"imd_decile":5,"imd":15.002,"income_decile":5,"income":0.113,"employment_decile":6,"employment":0.106,"health_decile":7,"health":0.265,"education_decile":3,"education":8.608,"crime_decile":3,"crime":-0.527,"barriers_decile":6,"barriers":21.359,"living_env_decile":5,"living_env":14.994},"2019":{"imd_decile":5,"imd":14.976,"income_decile":5,"income":0.095,"employment_decile":6,"employment":0.095,"health_decile":6,"health":0.169,"education_decile":4,"education":9.699,"crime_decile":4,"crime":-0.381,"barriers_decile":4,"barriers":15.101,"living_env_decile":6,"living_env":20.266},"2025":{"imd_decile":6,"imd":18.755,"income_decile":4,"income":0.142,"employment_decile":6,"employment":0.119,"health_decile":6,"health":0.191,"education_decile":4,"education":10.467,"crime_decile":4,"crime":-0.276,"barriers_decile":9,"barriers":30.733,"living_env_decile":9,"living_env":38.557},"2004":{"imd":24.29,"income":0.143687952026997,"employment":0.146555474802367,"health":0.447134538746497,"education":22.1559253056954,"barriers":25.5515042115023,"crime":-0.33,"living_env":19.64,"imd_decile":7,"income_decile":7,"employment_decile":8,"health_decile":7,"education_decile":7,"barriers_decile":7,"crime_decile":4,"living_env_decile":6},"2007":{"imd":19.2621955871582,"income":0.118425786495209,"employment":0.10114910453558,"health":0.4348167109954,"education":18.8978118896484,"barriers":25.2822581335576,"crime":-0.352586895227432,"living_env":17.9535427093506,"imd_decile":6,"income_decile":6,"employment_decile":7,"health_decile":7,"education_decile":6,"barriers_decile":7,"crime_decile":4,"living_env_decile":6}}},"geometry":{"type":"Polygon","coordinates":[[[-1.7266,54.70353],[-1.72324,54.70223],[-1.71891,54.7018],[-1.7104,54.70076],[-1.70297,54.70061],[-1.69607,54.70064],[-1.69139,54.69914],[-1.69314,54.69212],[-1.68862,54.69233],[-1.67619,54.69204],[-1.68091,54.68689],[-1.68527,54.67969],[-1.68327,54.67299],[-1.68977,54.67422],[-1.7056,54.67469],[-1.71283,54.67228],[-1.71894,54.67232],[-1.7292,54.66926],[-1.7294,54.67287],[-1.73826,54.67231],[-1.74286,54.68128],[-1.74761,54.6907],[-1.74706,54.69173],[-1.7456,54.69441],[-1.74531,54.69546],[-1.73796,54.7005],[-1.72952,54.70023],[-1.7266,54.70353]]]}},{"type":"Feature","properties":{"lsoa_code":"E01020889","lsoa_name":"County Durham 042A","data":{"2015":{"imd_decile":6,"imd":20.592,"income_decile":5,"income":0.092,"employment_decile":6,"employment":0.104,"health_decile":4,"health":-0.344,"education_decile":5,"education":12.554,"crime_decile":1,"crime":-1.266,"barriers_decile":10,"barriers":38.015,"living_env_decile":10,"living_env":53.757},"2019":{"imd_decile":7,"imd":23.278,"income_decile":5,"income":0.089,"employment_decile":7,"employment":0.1,"health_decile":7,"health":0.28,"education_decile":5,"education":12.846,"crime_decile":4,"crime":-0.388,"barriers_decile":8,"barriers":29.392,"living_env_decile":10,"living_env":56.35},"2025":{"imd_decile":7,"imd":24.586,"income_decile":2,"income":0.093,"employment_decile":5,"employment":0.094,"health_decile":6,"health":-0.021,"education_decile":6,"education":19.769,"crime_decile":1,"crime":-1.194,"barriers_decile":10,"barriers":47.328,"living_env_decile":10,"living_env":70.115},"2004":{"imd":22.34,"income":0.0750301629332168,"employment":0.123974594737368,"health":0.371208561648578,"education":16.299525991578,"barriers":41.073839583432,"crime":-1.37,"living_env":27.65,"imd_decile":7,"income_decile":4,"employment_decile":8,"health_decile":7,"education_decile":6,"barriers_decile":10,"crime_decile":1,"living_env_decile":7},"2007":{"imd":21.8253192901611,"income":0.0946743115782738,"employment":0.105747051537037,"health":0.231866654693097,"education":18.0807418823242,"barriers":43.9738718307895,"crime":-1.00080347061157,"living_env":23.6627750396729,"imd_decile":7,"income_decile":5,"employment_decile":7,"health_decile":7,"education_decile":6,"barriers_decile":10,"crime_decile":2,"living_env_decile":7}}},"geometry":{"type":"Polygon","coordinates":[[[-2.2722,54.79575],[-2.26318,54.79251],[-2.25628,54.79119],[-2.25043,54.78987],[-2.23552,54.7868],[-2.21952,54.78299],[-2.21349,54.78352],[-2.20589,54.78134],[-2.20086,54.78055],[-2.19375,54.78182],[-2.18522,54.77999],[-2.15201,54.76962],[-2.1372,54.76681],[-2.13065,54.76046],[-2.13052,54.75936],[-2.12754,54.75443],[-2.12767,54.74921],[-2.12483,54.74677],[-2.12473,54.7443],[-2.12123,54.74084],[-2.11717,54.73903],[-2.11437,54.73614],[-2.10597,54.73773],[-2.10317,54.73557],[-2.10209,54.73286],[-2.1024,54.7309],[-2.10262,54.72809],[-2.10414,54.72428],[-2.10688,54.72082],[-2.11709,54.72402],[-2.13758,54.71586],[-2.14673,54.70731],[-2.1472,54.70288],[-2.14968,54.69522],[-2.16937,54.69437],[-2.19217,54.69509],[-2.19531,54.70344],[-2.19952,54.705],[-2.21313,54.70889],[-2.21964,54.71173],[-2.22876,54.71675],[-2.23436,54.71509],[-2.24548,54.71392],[-2.25363,54.71021],[-2.26331,54.7121],[-2.26256,54.71414],[-2.26741,54.71739],[-2.27051,54.71858],[-2.27636,54.71803],[-2.27926,54.71812],[-2.28645,54.72089],[-2.29384,54.72293],[-2.301,54.72485],[-2.30546,54.72625],[-2.31248,54.72385],[-2.31765,54.72323],[-2.32114,54.72232],[-2.3258,54.7266],[-2.33074,54.73049],[-2.33192,54.73346],[-2.32858,54.73697],[-2.3279,54.73911],[-2.32758,54.74329],[-2.32285,54.752],[-2.3212,54.75669],[-2.32309,54.75963],[-2.32091,54.76567],[-2.31756,54.76811],[-2.31328,54.77041],[-2.30996,54.77186],[-2.30893,54.77449],[-2.31173,54.77808],[-2.31307,54.78257],[-2.31367,54.79022],[-2.30794,54.79213],[-2.30296,54.79254],[-2.29877,54.793],[-2.2901,54.79593],[-2.28268,54.79825],[-2.27709,54.79625],[-2.2722,54.79575]]]}},{"type":"Feature","properties":{"lsoa_code":"E01020890","lsoa_name":"County Durham 042B","data":{"2015":{"imd_decile":6,"imd":17.685,"income_decile":6,"income":0.136,"employment_decile":7,"employment":0.131,"health_decile":6,"health":0.167,"education_decile":6,"education":16.571,"crime_decile":1,"crime":-1.099,"barriers_decile":5,"barriers":18.125,"living_env_decile":6,"living_env":20.305},"2019":{"imd_decile":6,"imd":20.914,"income_decile":7,"income":0.135,"employment_decile":8,"employment":0.124,"health_decile":7,"health":0.427,"education_decile":6,"education":18.355,"crime_decile":4,"crime":-0.415,"barriers_decile":4,"barriers":16.015,"living_env_decile":6,"living_env":21.01},"2025":{"imd_decile":7,"imd":23.034,"income_decile":5,"income":0.165,"employment_decile":6,"employment":0.12,"health_decile":7,"health":0.382,"education_decile":7,"education":21.933,"crime_decile":4,"crime":-0.435,"barriers_decile":9,"barriers":32.731,"living_env_decile":10,"living_env":47.009},"2004":{"imd":23.91,"income":0.135701969578419,"employment":0.155161643593733,"health":0.526114854554058,"education":24.9621873991097,"barriers":23.8766065264822,"crime":-0.97,"living_env":15.68,"imd_decile":7,"income_decile":7,"employment_decile":8,"health_decile":8,"education_decile":7,"barriers_decile":7,"crime_decile":2,"living_env_decile":5},"2007":{"imd":21.8832321166992,"income":0.157938584685326,"employment":0.136157393455505,"health":0.592173854237473,"education":20.3871078491211,"barriers":15.7359046061193,"crime":-0.320670753717423,"living_env":12.3477878570557,"imd_decile":7,"income_decile":7,"employment_decile":8,"health_decile":8,"education_decile":6,"barriers_decile":4,"crime_decile":4,"living_env_decile":4}}},"geometry":{"type":"Polygon","coordinates":[[[-2.02187,54.75333],[-2.01432,54.7492],[-2.01145,54.75058],[-2.01121,54.74955],[-2.01009,54.74862],[-2.00594,54.74683],[-2.00411,54.74557],[-2.00375,54.74741],[-2.00155,54.74666],[-2.00114,54.74572],[-2.00147,54.74549],[-2.00168,54.74432],[-2.00053,54.74135],[-2.00026,54.73974],[-1.99163,54.73791],[-1.97861,54.7332],[-1.9784,54.73576],[-1.97812,54.74145],[-1.97449,54.74707],[-1.96673,54.74508],[-1.95396,54.73893],[-1.94748,54.73458],[-1.9418,54.73354],[-1.93942,54.73176],[-1.93886,54.72825],[-1.93397,54.72768],[-1.93121,54.72441],[-1.9479,54.67054],[-1.96638,54.67296],[-1.98958,54.68433],[-2.00548,54.68045],[-2.01415,54.68172],[-2.0175,54.6879],[-2.02407,54.69854],[-2.02104,54.7084],[-2.02414,54.71161],[-2.02941,54.71788],[-2.02161,54.72841],[-2.01945,54.73282],[-2.02191,54.73885],[-2.01908,54.74235],[-2.02411,54.7465],[-2.01986,54.74876],[-2.02748,54.75272],[-2.02327,54.7535],[-2.02187,54.75333]]]}},{"type":"Feature","properties":{"lsoa_code":"E01020891","lsoa_name":"County Durham 042C","data":{"2015":{"imd_decile":6,"imd":21.399,"income_decile":5,"income":0.096,"employment_decile":6,"employment":0.111,"health_decile":5,"health":-0.05,"education_decile":5,"education":12.714,"crime_decile":2,"crime":-0.69,"barriers_decile":10,"barriers":43.323,"living_env_decile":9,"living_env":38.745},"2019":{"imd_decile":7,"imd":23.837,"income_decile":6,"income":0.104,"employment_decile":7,"employment":0.111,"health_decile":7,"health":0.242,"education_decile":5,"education":12.552,"crime_decile":3,"crime":-0.447,"barriers_decile":10,"barriers":40.396,"living_env_decile":9,"living_env":36.9},"2025":{"imd_decile":7,"imd":25.588,"income_decile":6,"income":0.188,"employment_decile":6,"employment":0.131,"health_decile":7,"health":0.252,"education_decile":6,"education":19.732,"crime_decile":4,"crime":-0.269,"barriers_decile":10,"barriers":41.283,"living_env_decile":10,"living_env":47.247},"2004":{"imd":22.52,"income":0.117114540161774,"employment":0.135948903128906,"health":0.105169457171846,"education":16.0988228608394,"barriers":40.079018079352,"crime":-1.26,"living_env":16.01,"imd_decile":7,"income_decile":6,"employment_decile":8,"health_decile":6,"education_decile":5,"barriers_decile":10,"crime_decile":1,"living_env_decile":5},"2007":{"imd":21.0849227905273,"income":0.11358167976141,"employment":0.116498380899429,"health":0.251603568630471,"education":14.5477237701416,"barriers":38.856302730333,"crime":-0.398779302835465,"living_env":12.6954765319824,"imd_decile":6,"income_decile":5,"employment_decile":7,"health_decile":7,"education_decile":5,"barriers_decile":10,"crime_decile":4,"living_env_decile":4}}},"geometry":{"type":"Polygon","coordinates":[[[-1.99036,54.87004],[-1.98254,54.86861],[-1.97346,54.86528],[-1.9732,54.86244],[-1.97279,54.86109],[-1.96921,54.85975],[-1.96228,54.85749],[-1.95597,54.85551],[-1.95294,54.8541],[-1.95227,54.85179],[-1.95741,54.85006],[-1.96418,54.84648],[-1.96994,54.84324],[-1.98148,54.84175],[-1.99118,54.83765],[-1.99568,54.83514],[-1.9984,54.83505],[-2.00111,54.83468],[-2.00415,54.83314],[-2.01145,54.82997],[-2.01454,54.82795],[-2.01791,54.8248],[-2.01922,54.82301],[-2.02229,54.82219],[-2.02669,54.81931],[-2.02937,54.81723],[-2.02941,54.81474],[-2.02731,54.81175],[-2.03233,54.80571],[-2.03065,54.79844],[-2.01084,54.7949],[-2.00449,54.79168],[-2.00017,54.78562],[-1.99287,54.77625],[-1.97546,54.77075],[-1.96403,54.74501],[-1.97286,54.74704],[-1.97564,54.74513],[-1.97866,54.73653],[-1.97847,54.73484],[-1.98879,54.73719],[-2.00089,54.73936],[-2.00062,54.74086],[-2.00096,54.74393],[-2.00163,54.74489],[-2.00205,54.74592],[-1.9995,54.74679],[-2.00301,54.74706],[-2.00369,54.7461],[-2.0061,54.74592],[-2.00929,54.74838],[-2.01126,54.74919],[-2.01124,54.74965],[-2.01462,54.75055],[-2.01797,54.75149],[-2.02454,54.75315],[-2.01957,54.74977],[-2.02246,54.74703],[-2.02407,54.74495],[-2.01941,54.7411],[-2.02177,54.73767],[-2.02119,54.73176],[-2.02117,54.72648],[-2.0288,54.71603],[-2.01883,54.7108],[-2.02139,54.70496],[-2.02201,54.69575],[-2.01688,54.68469],[-2.0185,54.68234],[-2.0258,54.6846],[-2.03144,54.68482],[-2.04709,54.68515],[-2.05757,54.68821],[-2.0655,54.69112],[-2.08081,54.69457],[-2.0995,54.69237],[-2.11642,54.688],[-2.12188,54.68818],[-2.12456,54.68941],[-2.12967,54.69086],[-2.13215,54.69065],[-2.1358,54.69232],[-2.1397,54.69338],[-2.14724,54.69561],[-2.14663,54.70443],[-2.14516,54.70908],[-2.13583,54.72405],[-2.11527,54.72412],[-2.10582,54.72207],[-2.10286,54.72662],[-2.10268,54.72903],[-2.10269,54.73165],[-2.10123,54.73327],[-2.10329,54.7363],[-2.10786,54.73671],[-2.11469,54.73865],[-2.11803,54.73877],[-2.12286,54.7412],[-2.12382,54.74502],[-2.12604,54.74733],[-2.12848,54.75024],[-2.12902,54.75588],[-2.13071,54.75962],[-2.13272,54.76158],[-2.13981,54.767],[-2.15424,54.77062],[-2.18506,54.78037],[-2.19556,54.78093],[-2.20361,54.78121],[-2.20819,54.78179],[-2.2157,54.7836],[-2.21244,54.78813],[-2.2038,54.7978],[-2.19931,54.80572],[-2.1823,54.80717],[-2.17167,54.80404],[-2.16087,54.81853],[-2.14313,54.82696],[-2.14147,54.8332],[-2.13979,54.84187],[-2.13368,54.84213],[-2.12864,54.84185],[-2.12212,54.84136],[-2.11813,54.84089],[-2.11142,54.84012],[-2.10392,54.84024],[-2.10043,54.83722],[-2.09356,54.83689],[-2.08852,54.83713],[-2.0811,54.83937],[-2.07642,54.84027],[-2.0685,54.84345],[-2.06616,54.84426],[-2.06142,54.84464],[-2.05331,54.84741],[-2.04536,54.8478],[-2.03955,54.84838],[-2.03483,54.85352],[-2.02762,54.85639],[-2.02523,54.859],[-2.02197,54.85985],[-2.01452,54.86342],[-2.01194,54.86516],[-2.00892,54.86722],[-2.00474,54.86814],[-2.00143,54.86944],[-1.99759,54.86982],[-1.99036,54.87004]]]}},{"type":"Feature","properties":{"lsoa_code":"E01020892","lsoa_name":"County Durham 045D","data":{"2015":{"imd_decile":9,"imd":38.162,"income_decile":9,"income":0.286,"employment_decile":10,"employment":0.242,"health_decile":9,"health":1.032,"education_decile":8,"education":28.393,"crime_decile":7,"crime":0.397,"barriers_decile":5,"barriers":19.08,"living_env_decile":6,"living_env":21.654},"2019":{"imd_decile":9,"imd":34.089,"income_decile":9,"income":0.223,"employment_decile":9,"employment":0.185,"health_decile":9,"health":0.83,"education_decile":8,"education":29.907,"crime_decile":9,"crime":0.737,"barriers_decile":1,"barriers":5.573,"living_env_decile":6,"living_env":21.263},"2025":{"imd_decile":9,"imd":38.373,"income_decile":8,"income":0.333,"employment_decile":9,"employment":0.219,"health_decile":10,"health":1.325,"education_decile":8,"education":30.217,"crime_decile":7,"crime":0.385,"barriers_decile":9,"barriers":31.712,"living_env_decile":9,"living_env":42.214},"2004":{"imd":36.99,"income":0.254080169628385,"employment":0.216399124424182,"health":1.12789209847607,"education":49.3143945144861,"barriers":7.49238108234285,"crime":-0.45,"living_env":18.46,"imd_decile":9,"income_decile":9,"employment_decile":10,"health_decile":9,"education_decile":9,"barriers_decile":1,"crime_decile":4,"living_env_decile":6},"2007":{"imd":33.5494079589844,"income":0.226993307471275,"employment":0.175863340497017,"health":1.08302638116548,"education":47.0949554443359,"barriers":14.8948188626868,"crime":0.138144418597221,"living_env":11.7467994689941,"imd_decile":8,"income_decile":8,"employment_decile":9,"health_decile":9,"education_decile":9,"barriers_decile":4,"crime_decile":6,"living_env_decile":4}}},"geometry":{"type":"Polygon","coordinates":[[[-1.81315,54.74957],[-1.81577,54.74824],[-1.8163,54.74716],[-1.81464,54.74616],[-1.82079,54.74649],[-1.82228,54.74704],[-1.82161,54.74463],[-1.81667,54.74485],[-1.81447,54.74544],[-1.81186,54.74465],[-1.81357,54.7421],[-1.81681,54.74078],[-1.8239,54.7435],[-1.82744,54.74635],[-1.8252,54.75483],[-1.8103,54.75184],[-1.81315,54.74957]]]}},{"type":"Feature","properties":{"lsoa_code":"E01020893","lsoa_name":"County Durham 046C","data":{"2015":{"imd_decile":7,"imd":26.741,"income_decile":8,"income":0.196,"employment_decile":9,"employment":0.19,"health_decile":8,"health":0.694,"education_decile":6,"education":19.803,"crime_decile":4,"crime":-0.409,"barriers_decile":6,"barriers":21.731,"living_env_decile":6,"living_env":18.884},"2019":{"imd_decile":8,"imd":27.45,"income_decile":8,"income":0.162,"employment_decile":9,"employment":0.158,"health_decile":9,"health":0.939,"education_decile":6,"education":18.064,"crime_decile":5,"crime":-0.019,"barriers_decile":5,"barriers":20.103,"living_env_decile":6,"living_env":19.787},"2025":{"imd_decile":7,"imd":25.726,"income_decile":6,"income":0.22,"employment_decile":8,"employment":0.163,"health_decile":8,"health":0.611,"education_decile":6,"education":18.314,"crime_decile":7,"crime":0.233,"barriers_decile":8,"barriers":27.04,"living_env_decile":9,"living_env":39.303},"2004":{"imd":33.87,"income":0.21027677133632,"employment":0.18694738757985,"health":0.921574011757688,"education":39.5487892018132,"barriers":26.1452877926467,"crime":-0.4,"living_env":23.19,"imd_decile":8,"income_decile":8,"employment_decile":9,"health_decile":9,"education_decile":9,"barriers_decile":7,"crime_decile":4,"living_env_decile":7},"2007":{"imd":35.2361679077148,"income":0.242820233106613,"employment":0.188369616866112,"health":1.06908344971174,"education":34.0153541564941,"barriers":27.5601241825146,"crime":-0.21734830737114,"living_env":19.728178024292,"imd_decile":9,"income_decile":8,"employment_decile":9,"health_decile":9,"education_decile":8,"barriers_decile":8,"crime_decile":5,"living_env_decile":6}}},"geometry":{"type":"Polygon","coordinates":[[[-1.74302,54.75953],[-1.73757,54.75836],[-1.73146,54.75825],[-1.72782,54.75819],[-1.72849,54.75638],[-1.73034,54.75241],[-1.73142,54.74976],[-1.73285,54.74935],[-1.73294,54.74564],[-1.73481,54.73113],[-1.72737,54.73019],[-1.73635,54.72496],[-1.73922,54.72256],[-1.73976,54.72043],[-1.73943,54.71899],[-1.74425,54.71816],[-1.74532,54.71897],[-1.74777,54.72082],[-1.75046,54.72694],[-1.76261,54.73079],[-1.78826,54.74133],[-1.79296,54.74798],[-1.78917,54.75058],[-1.78404,54.75146],[-1.77538,54.75155],[-1.77126,54.75249],[-1.76644,54.75402],[-1.76369,54.75484],[-1.76085,54.75545],[-1.75695,54.7573],[-1.75351,54.7579],[-1.74689,54.75881],[-1.74302,54.75953]]]}},{"type":"Feature","properties":{"lsoa_code":"E01020894","lsoa_name":"County Durham 045E","data":{"2015":{"imd_decile":9,"imd":35.215,"income_decile":9,"income":0.256,"employment_decile":9,"employment":0.216,"health_decile":10,"health":1.347,"education_decile":8,"education":30.608,"crime_decile":7,"crime":0.313,"barriers_decile":6,"barriers":20.764,"living_env_decile":1,"living_env":3.509},"2019":{"imd_decile":9,"imd":33.623,"income_decile":9,"income":0.226,"employment_decile":9,"employment":0.189,"health_decile":9,"health":0.778,"education_decile":9,"education":38.237,"crime_decile":8,"crime":0.668,"barriers_decile":1,"barriers":7.298,"living_env_decile":1,"living_env":2.334},"2025":{"imd_decile":9,"imd":38.999,"income_decile":8,"income":0.326,"employment_decile":9,"employment":0.242,"health_decile":10,"health":1.235,"education_decile":9,"education":37.358,"crime_decile":9,"crime":0.784,"barriers_decile":9,"barriers":31.495,"living_env_decile":7,"living_env":24.109},"2004":{"imd":42.26,"income":0.287154937203384,"employment":0.254242107334178,"health":1.17655134634664,"education":61.3430366896298,"barriers":11.1608370855059,"crime":-0.35,"living_env":10.28,"imd_decile":9,"income_decile":9,"employment_decile":10,"health_decile":10,"education_decile":10,"barriers_decile":2,"crime_decile":4,"living_env_decile":4},"2007":{"imd":40.3130035400391,"income":0.307322204113007,"employment":0.189771696925163,"health":1.34052073826864,"education":58.4794273376465,"barriers":18.5366766844555,"crime":0.15948374569416,"living_env":4.72964191436768,"imd_decile":9,"income_decile":9,"employment_decile":9,"health_decile":10,"education_decile":10,"barriers_decile":5,"crime_decile":6,"living_env_decile":2}}},"geometry":{"type":"Polygon","coordinates":[[[-1.84411,54.75924],[-1.8317,54.75618],[-1.82477,54.74811],[-1.82479,54.74481],[-1.81732,54.7403],[-1.81389,54.74217],[-1.81069,54.74327],[-1.81358,54.74552],[-1.81491,54.74425],[-1.81989,54.74375],[-1.82282,54.74679],[-1.82045,54.74673],[-1.81734,54.74701],[-1.81541,54.74685],[-1.81544,54.74807],[-1.81476,54.74831],[-1.80751,54.74788],[-1.79705,54.74723],[-1.78983,54.73171],[-1.79128,54.72018],[-1.80451,54.71473],[-1.82148,54.71527],[-1.8374,54.7218],[-1.83736,54.7239],[-1.83612,54.72506],[-1.83568,54.72872],[-1.83548,54.73159],[-1.83482,54.73302],[-1.83993,54.73769],[-1.84559,54.74394],[-1.84738,54.74528],[-1.84989,54.74703],[-1.8524,54.75206],[-1.85453,54.75471],[-1.85466,54.75691],[-1.85375,54.76119],[-1.85159,54.76385],[-1.84411,54.75924]]]}},{"type":"Feature","properties":{"lsoa_code":"E01020895","lsoa_name":"County Durham 057C","data":{"2015":{"imd_decile":9,"imd":42.277,"income_decile":9,"income":0.292,"employment_decile":10,"employment":0.261,"health_decile":10,"health":1.454,"education_decile":9,"education":38.107,"crime_decile":9,"crime":0.705,"barriers_decile":4,"barriers":17.389,"living_env_decile":1,"living_env":2.862},"2019":{"imd_decile":9,"imd":39.735,"income_decile":9,"income":0.252,"employment_decile":10,"employment":0.204,"health_decile":10,"health":1.227,"education_decile":9,"education":49.251,"crime_decile":8,"crime":0.657,"barriers_decile":1,"barriers":6.333,"living_env_decile":1,"living_env":1.383},"2025":{"imd_decile":9,"imd":44.446,"income_decile":9,"income":0.422,"employment_decile":9,"employment":0.252,"health_decile":10,"health":1.413,"education_decile":10,"education":51.523,"crime_decile":10,"crime":1.177,"barriers_decile":6,"barriers":21.36,"living_env_decile":6,"living_env":18.829},"2004":{"imd":42.8,"income":0.272302911345741,"employment":0.223235072912936,"health":1.55949230442556,"education":50.7017606864743,"barriers":9.24237493149177,"crime":0.73,"living_env":12.75,"imd_decile":9,"income_decile":9,"employment_decile":10,"health_decile":10,"education_decile":10,"barriers_decile":2,"crime_decile":8,"living_env_decile":4},"2007":{"imd":45.380744934082,"income":0.29045695066452,"employment":0.232410848140717,"health":1.57418486840397,"education":50.0728302001953,"barriers":22.0587978368609,"crime":0.6860271692276,"living_env":9.45805072784424,"imd_decile":10,"income_decile":9,"employment_decile":10,"health_decile":10,"education_decile":10,"barriers_decile":6,"crime_decile":8,"living_env_decile":3}}},"geometry":{"type":"Polygon","coordinates":[[[-1.7117,54.63568],[-1.70877,54.63551],[-1.70944,54.635],[-1.71008,54.63379],[-1.70885,54.62939],[-1.71343,54.62764],[-1.71922,54.62524],[-1.72417,54.62997],[-1.7214,54.63106],[-1.72507,54.63098],[-1.72548,54.63158],[-1.72445,54.63353],[-1.7213,54.63275],[-1.71426,54.63365],[-1.71522,54.63555],[-1.7117,54.63568]]]}},{"type":"Feature","properties":{"lsoa_code":"E01020896","lsoa_name":"County Durham 057D","data":{"2015":{"imd_decile":7,"imd":24.888,"income_decile":7,"income":0.176,"employment_decile":9,"employment":0.184,"health_decile":9,"health":0.766,"education_decile":8,"education":27.654,"crime_decile":5,"crime":-0.142,"barriers_decile":3,"barriers":12.696,"living_env_decile":1,"living_env":3.61},"2019":{"imd_decile":7,"imd":25.777,"income_decile":8,"income":0.167,"employment_decile":8,"employment":0.15,"health_decile":9,"health":0.808,"education_decile":8,"education":35.175,"crime_decile":4,"crime":-0.387,"barriers_decile":2,"barriers":9.091,"living_env_decile":1,"living_env":4.083},"2025":{"imd_decile":8,"imd":27.292,"income_decile":7,"income":0.255,"employment_decile":8,"employment":0.193,"health_decile":9,"health":0.91,"education_decile":8,"education":28.346,"crime_decile":5,"crime":-0.061,"barriers_decile":7,"barriers":23.642,"living_env_decile":6,"living_env":18.98},"2004":{"imd":22.56,"income":0.131912970704178,"employment":0.143880562831145,"health":0.734981801744456,"education":31.525468931497,"barriers":8.56324143980343,"crime":-0.53,"living_env":6.95,"imd_decile":7,"income_decile":7,"employment_decile":8,"health_decile":8,"education_decile":8,"barriers_decile":2,"crime_decile":3,"living_env_decile":2},"2007":{"imd":23.6662750244141,"income":0.15090037882328,"employment":0.134138166904449,"health":0.748299937177948,"education":30.6578903198242,"barriers":17.8303652657446,"crime":-0.056184820830822,"living_env":6.73506784439087,"imd_decile":7,"income_decile":7,"employment_decile":8,"health_decile":8,"education_decile":8,"barriers_decile":5,"crime_decile":5,"living_env_decile":2}}},"geometry":{"type":"Polygon","coordinates":[[[-1.72591,54.63184],[-1.72451,54.63129],[-1.72392,54.63088],[-1.72162,54.62983],[-1.72002,54.62706],[-1.72079,54.62505],[-1.72393,54.62791],[-1.73142,54.62911],[-1.73201,54.63129],[-1.72921,54.63338],[-1.72591,54.63184]]]}},{"type":"Feature","properties":{"lsoa_code":"E01020897","lsoa_name":"County Durham 057E","data":{"2015":{"imd_decile":9,"imd":34.253,"income_decile":8,"income":0.228,"employment_decile":9,"employment":0.2,"health_decile":10,"health":1.434,"education_decile":7,"education":26.553,"crime_decile":9,"crime":0.774,"barriers_decile":5,"barriers":19.602,"living_env_decile":1,"living_env":1.63},"2019":{"imd_decile":8,"imd":31.714,"income_decile":9,"income":0.205,"employment_decile":9,"employment":0.16,"health_decile":9,"health":1.084,"education_decile":8,"education":29.415,"crime_decile":9,"crime":0.884,"barriers_decile":1,"barriers":7.906,"living_env_decile":1,"living_env":2.271},"2004":{"imd":56.16,"income":0.356139043696239,"employment":0.294512873389593,"health":1.59045013612791,"education":62.7142756137506,"barriers":12.386605496237,"crime":1.56,"living_env":10.3,"imd_decile":10,"income_decile":10,"employment_decile":10,"health_decile":10,"education_decile":10,"barriers_decile":3,"crime_decile":10,"living_env_decile":4},"2007":{"imd":51.6287956237793,"income":0.356474429368973,"employment":0.258890837430954,"health":1.7741035385764,"education":60.6215209960938,"barriers":23.1798503608052,"crime":0.474668800830841,"living_env":4.80797576904297,"imd_decile":10,"income_decile":10,"employment_decile":10,"health_decile":10,"education_decile":10,"barriers_decile":7,"crime_decile":8,"living_env_decile":2}}},"geometry":{"type":"Polygon","coordinates":[[[-1.69877,54.64638],[-1.69405,54.6422],[-1.69036,54.63991],[-1.68695,54.63919],[-1.68477,54.63606],[-1.68657,54.6356],[-1.6858,54.63349],[-1.68843,54.63365],[-1.69028,54.63228],[-1.69144,54.63362],[-1.694,54.6309],[-1.69806,54.6298],[-1.70099,54.63088],[-1.70411,54.63212],[-1.70671,54.63222],[-1.71008,54.63379],[-1.70944,54.635],[-1.70877,54.63551],[-1.7117,54.63568],[-1.71576,54.63511],[-1.71686,54.63448],[-1.72207,54.63282],[-1.72611,54.63521],[-1.73073,54.63962],[-1.72744,54.64523],[-1.71222,54.64715],[-1.70283,54.64644],[-1.70276,54.6474],[-1.69877,54.64638]]]}},{"type":"Feature","properties":{"lsoa_code":"E01020898","lsoa_name":"County Durham 045F","data":{"2015":{"imd_decile":10,"imd":59.833,"income_decile":10,"income":0.415,"employment_decile":10,"employment":0.359,"health_decile":10,"health":1.94,"education_decile":9,"education":42.037,"crime_decile":5,"crime":-0.183,"barriers_decile":9,"barriers":35.078,"living_env_decile":1,"living_env":0.929},"2019":{"imd_decile":10,"imd":60.176,"income_decile":10,"income":0.38,"employment_decile":10,"employment":0.323,"health_decile":10,"health":1.812,"education_decile":10,"education":50.858,"crime_decile":7,"crime":0.255,"barriers_decile":8,"barriers":26.534,"living_env_decile":1,"living_env":0.259},"2025":{"imd_decile":10,"imd":58.084,"income_decile":10,"income":0.547,"employment_decile":10,"employment":0.373,"health_decile":10,"health":1.799,"education_decile":10,"education":58.456,"crime_decile":9,"crime":1.019,"barriers_decile":5,"barriers":19.852,"living_env_decile":2,"living_env":4.952},"2004":{"imd":51.67,"income":0.406943180003882,"employment":0.263739955627244,"health":1.4471242405265,"education":65.0412667537577,"barriers":23.5383979118135,"crime":0.03,"living_env":2.64,"imd_decile":10,"income_decile":10,"employment_decile":10,"health_decile":10,"education_decile":10,"barriers_decile":7,"crime_decile":6,"living_env_decile":1},"2007":{"imd":59.0262756347656,"income":0.427315980195999,"employment":0.30641707777977,"health":1.74468169103437,"education":62.3678741455078,"barriers":24.0432963985186,"crime":0.918002963066101,"living_env":1.44968295097351,"imd_decile":10,"income_decile":10,"employment_decile":10,"health_decile":10,"education_decile":10,"barriers_decile":7,"crime_decile":9,"living_env_decile":1}}},"geometry":{"type":"Polygon","coordinates":[[[-1.73926,54.71331],[-1.7365,54.71237],[-1.73667,54.71048],[-1.73391,54.71097],[-1.7346,54.70963],[-1.73407,54.70906],[-1.73907,54.70622],[-1.74499,54.70654],[-1.7431,54.71021],[-1.74204,54.71197],[-1.74079,54.71358],[-1.73906,54.71353],[-1.73926,54.71331]]]}},{"type":"Feature","properties":{"lsoa_code":"E01020899","lsoa_name":"County Durham 046D","data":{"2015":{"imd_decile":7,"imd":22.333,"income_decile":8,"income":0.182,"employment_decile":8,"employment":0.143,"health_decile":8,"health":0.547,"education_decile":7,"education":21.256,"crime_decile":6,"crime":0.065,"barriers_decile":4,"barriers":16.581,"living_env_decile":3,"living_env":9.838},"2019":{"imd_decile":7,"imd":23.946,"income_decile":8,"income":0.176,"employment_decile":8,"employment":0.138,"health_decile":8,"health":0.571,"education_decile":6,"education":20.935,"crime_decile":6,"crime":0.142,"barriers_decile":3,"barriers":13.409,"living_env_decile":2,"living_env":7.806},"2025":{"imd_decile":8,"imd":28.661,"income_decile":7,"income":0.278,"employment_decile":8,"employment":0.178,"health_decile":9,"health":0.934,"education_decile":7,"education":22.962,"crime_decile":8,"crime":0.625,"barriers_decile":4,"barriers":16.774,"living_env_decile":8,"living_env":35.135},"2004":{"imd":22.0,"income":0.103879379533342,"employment":0.134288762437189,"health":0.612132858196136,"education":28.6498943314454,"barriers":17.2966025786672,"crime":-0.51,"living_env":18.8,"imd_decile":7,"income_decile":6,"employment_decile":8,"health_decile":8,"education_decile":8,"barriers_decile":4,"crime_decile":3,"living_env_decile":6},"2007":{"imd":22.8431930541992,"income":0.127009779214859,"employment":0.131616547703743,"health":0.762879289161703,"education":26.8212966918945,"barriers":17.9438104723536,"crime":0.0823666155338287,"living_env":10.1645755767822,"imd_decile":7,"income_decile":6,"employment_decile":8,"health_decile":8,"education_decile":8,"barriers_decile":5,"crime_decile":6,"living_env_decile":4}}},"geometry":{"type":"Polygon","coordinates":[[[-1.73648,54.72745],[-1.72433,54.72302],[-1.72161,54.72157],[-1.71592,54.72104],[-1.71141,54.71709],[-1.70605,54.71359],[-1.71243,54.71159],[-1.71443,54.70761],[-1.71158,54.7055],[-1.7104,54.70076],[-1.71891,54.7018],[-1.72324,54.70223],[-1.7266,54.70353],[-1.73046,54.70431],[-1.73644,54.70756],[-1.73213,54.71036],[-1.73426,54.71044],[-1.73603,54.71134],[-1.73747,54.71134],[-1.73847,54.71256],[-1.73958,54.71377],[-1.74241,54.71593],[-1.74353,54.71762],[-1.73997,54.71968],[-1.74023,54.7203],[-1.74002,54.72386],[-1.73648,54.72745]]]}},{"type":"Feature","properties":{"lsoa_code":"E01020900","lsoa_name":"County Durham 051C","data":{"2015":{"imd_decile":7,"imd":23.67,"income_decile":8,"income":0.183,"employment_decile":9,"employment":0.179,"health_decile":8,"health":0.506,"education_decile":4,"education":11.108,"crime_decile":5,"crime":-0.024,"barriers_decile":8,"barriers":27.312,"living_env_decile":1,"living_env":1.259},"2019":{"imd_decile":7,"imd":25.57,"income_decile":8,"income":0.165,"employment_decile":8,"employment":0.144,"health_decile":8,"health":0.676,"education_decile":5,"education":14.452,"crime_decile":7,"crime":0.362,"barriers_decile":8,"barriers":27.111,"living_env_decile":1,"living_env":1.155},"2025":{"imd_decile":7,"imd":21.854,"income_decile":7,"income":0.245,"employment_decile":8,"employment":0.179,"health_decile":8,"health":0.646,"education_decile":6,"education":17.537,"crime_decile":6,"crime":0.146,"barriers_decile":5,"barriers":20.06,"living_env_decile":1,"living_env":2.439},"2004":{"imd":24.31,"income":0.160101934801751,"employment":0.162064431722228,"health":0.707216812556267,"education":22.4647540506758,"barriers":17.4646184947947,"crime":-0.25,"living_env":4.62,"imd_decile":7,"income_decile":7,"employment_decile":9,"health_decile":8,"education_decile":7,"barriers_decile":4,"crime_decile":4,"living_env_decile":2},"2007":{"imd":24.5701293945313,"income":0.181766659021378,"employment":0.157010361552238,"health":0.848418974667179,"education":19.0770416259766,"barriers":17.4954989367098,"crime":-0.241393193602562,"living_env":4.22982883453369,"imd_decile":7,"income_decile":7,"employment_decile":9,"health_decile":9,"education_decile":6,"barriers_decile":5,"crime_decile":4,"living_env_decile":1}}},"geometry":{"type":"Polygon","coordinates":[[[-1.66683,54.71599],[-1.66502,54.71001],[-1.67024,54.70687],[-1.67815,54.70388],[-1.68353,54.70896],[-1.68655,54.70981],[-1.68914,54.7105],[-1.68676,54.7112],[-1.68692,54.71202],[-1.68661,54.71388],[-1.68616,54.71247],[-1.67866,54.71377],[-1.6723,54.71302],[-1.66683,54.71599]]]}},{"type":"Feature","properties":{"lsoa_code":"E01020901","lsoa_name":"County Durham 051D","data":{"2015":{"imd_decile":10,"imd":56.287,"income_decile":10,"income":0.408,"employment_decile":10,"employment":0.342,"health_decile":10,"health":1.881,"education_decile":9,"education":39.002,"crime_decile":8,"crime":0.548,"barriers_decile":3,"barriers":12.447,"living_env_decile":2,"living_env":7.4},"2019":{"imd_decile":10,"imd":61.39,"income_decile":10,"income":0.362,"employment_decile":10,"employment":0.328,"health_decile":10,"health":2.117,"education_decile":9,"education":45.142,"crime_decile":10,"crime":1.237,"barriers_decile":1,"barriers":5.986,"living_env_decile":2,"living_env":5.673},"2025":{"imd_decile":10,"imd":64.879,"income_decile":10,"income":0.506,"employment_decile":10,"employment":0.38,"health_decile":10,"health":2.435,"education_decile":10,"education":61.054,"crime_decile":10,"crime":1.909,"barriers_decile":5,"barriers":18.485,"living_env_decile":6,"living_env":21.612},"2004":{"imd":50.24,"income":0.339133765427236,"employment":0.282175763386465,"health":1.79641374152712,"education":54.6032619161945,"barriers":6.40956991328469,"crime":0.46,"living_env":13.15,"imd_decile":10,"income_decile":10,"employment_decile":10,"health_decile":10,"education_decile":10,"barriers_decile":1,"crime_decile":7,"living_env_decile":5},"2007":{"imd":46.8830108642578,"income":0.334944367408752,"employment":0.239177331328392,"health":1.7157196479458,"education":60.1062660217285,"barriers":7.98117053137314,"crime":0.171281397342682,"living_env":8.91762351989746,"imd_decile":10,"income_decile":9,"employment_decile":10,"health_decile":10,"education_decile":10,"barriers_decile":1,"crime_decile":6,"living_env_decile":3}}},"geometry":{"type":"Polygon","coordinates":[[[-1.68692,54.71202],[-1.68676,54.7112],[-1.68914,54.7105],[-1.68655,54.70981],[-1.68353,54.70896],[-1.68785,54.70411],[-1.69341,54.70638],[-1.69527,54.70689],[-1.69734,54.70714],[-1.69412,54.71084],[-1.69607,54.71231],[-1.69441,54.71313],[-1.69199,54.71183],[-1.69073,54.71164],[-1.68843,54.71362],[-1.68692,54.71202]]]}},{"type":"Feature","properties":{"lsoa_code":"E01020902","lsoa_name":"County Durham 051E","data":{"2015":{"imd_decile":10,"imd":52.636,"income_decile":10,"income":0.396,"employment_decile":10,"employment":0.335,"health_decile":10,"health":1.531,"education_decile":9,"education":39.566,"crime_decile":5,"crime":-0.153,"barriers_decile":6,"barriers":22.73,"living_env_decile":1,"living_env":1.205},"2019":{"imd_decile":10,"imd":59.21,"income_decile":10,"income":0.407,"employment_decile":10,"employment":0.327,"health_decile":10,"health":1.463,"education_decile":10,"education":51.398,"crime_decile":8,"crime":0.55,"barriers_decile":4,"barriers":16.663,"living_env_decile":1,"living_env":0.568},"2025":{"imd_decile":10,"imd":65.29,"income_decile":10,"income":0.627,"employment_decile":10,"employment":0.401,"health_decile":10,"health":1.729,"education_decile":10,"education":53.96,"crime_decile":10,"crime":1.409,"barriers_decile":8,"barriers":26.536,"living_env_decile":4,"living_env":10.556},"2004":{"imd":53.58,"income":0.406564933159483,"employment":0.306384545266361,"health":1.57442058888975,"education":69.3499972140242,"barriers":11.348225037575,"crime":-0.46,"living_env":4.54,"imd_decile":10,"income_decile":10,"employment_decile":10,"health_decile":10,"education_decile":10,"barriers_decile":2,"crime_decile":4,"living_env_decile":2},"2007":{"imd":56.8699607849121,"income":0.442507117986679,"employment":0.284610420465469,"health":1.79696571339347,"education":69.5217666625977,"barriers":13.2684316790034,"crime":0.362215161323547,"living_env":4.85595989227295,"imd_decile":10,"income_decile":10,"employment_decile":10,"health_decile":10,"education_decile":10,"barriers_decile":3,"crime_decile":7,"living_env_decile":2}}},"geometry":{"type":"Polygon","coordinates":[[[-1.69378,54.70772],[-1.68866,54.7036],[-1.69139,54.69914],[-1.69607,54.70064],[-1.70297,54.70061],[-1.7104,54.70076],[-1.70838,54.70513],[-1.70712,54.70707],[-1.70164,54.70481],[-1.69845,54.70628],[-1.69636,54.70679],[-1.69378,54.70772]]]}},{"type":"Feature","properties":{"lsoa_code":"E01020903","lsoa_name":"County Durham 046E","data":{"2015":{"imd_decile":7,"imd":21.875,"income_decile":6,"income":0.132,"employment_decile":7,"employment":0.141,"health_decile":8,"health":0.599,"education_decile":5,"education":13.282,"crime_decile":5,"crime":-0.07,"barriers_decile":9,"barriers":31.584,"living_env_decile":4,"living_env":11.468},"2019":{"imd_decile":7,"imd":23.08,"income_decile":7,"income":0.136,"employment_decile":7,"employment":0.119,"health_decile":8,"health":0.706,"education_decile":4,"education":11.209,"crime_decile":8,"crime":0.545,"barriers_decile":7,"barriers":24.34,"living_env_decile":3,"living_env":10.613},"2025":{"imd_decile":7,"imd":22.646,"income_decile":6,"income":0.195,"employment_decile":7,"employment":0.155,"health_decile":8,"health":0.652,"education_decile":5,"education":13.096,"crime_decile":6,"crime":0.184,"barriers_decile":8,"barriers":28.052,"living_env_decile":7,"living_env":26.18},"2004":{"imd":24.84,"income":0.122866262055358,"employment":0.120189510550523,"health":0.818611419417522,"education":21.6979612816657,"barriers":32.3441163563587,"crime":-0.34,"living_env":21.87,"imd_decile":7,"income_decile":6,"employment_decile":7,"health_decile":9,"education_decile":7,"barriers_decile":9,"crime_decile":4,"living_env_decile":7},"2007":{"imd":24.6853446960449,"income":0.124525152146816,"employment":0.11438775062561,"health":0.840435501281158,"education":19.1612167358398,"barriers":33.2113156967909,"crime":0.197514325380325,"living_env":18.7558631896973,"imd_decile":7,"income_decile":6,"employment_decile":7,"health_decile":9,"education_decile":6,"barriers_decile":9,"crime_decile":6,"living_env_decile":6}}},"geometry":{"type":"Polygon","coordinates":[[[-1.67224,54.73979],[-1.66995,54.73916],[-1.66441,54.7384],[-1.66004,54.73506],[-1.65804,54.73043],[-1.64965,54.72713],[-1.64209,54.71898],[-1.63333,54.71586],[-1.63875,54.71342],[-1.64532,54.71155],[-1.6567,54.7076],[-1.66777,54.70551],[-1.6706,54.70819],[-1.66234,54.71089],[-1.6681,54.71531],[-1.67261,54.71314],[-1.68488,54.71225],[-1.68534,54.71281],[-1.68711,54.71417],[-1.69018,54.71274],[-1.69101,54.71226],[-1.69331,54.71194],[-1.69233,54.71469],[-1.69824,54.71474],[-1.70016,54.71648],[-1.70268,54.71952],[-1.70811,54.72115],[-1.7095,54.72503],[-1.71168,54.73016],[-1.71703,54.73462],[-1.70685,54.73407],[-1.69866,54.73711],[-1.69521,54.73634],[-1.69271,54.73666],[-1.68803,54.73682],[-1.68242,54.73831],[-1.67957,54.73844],[-1.6765,54.73891],[-1.67505,54.73905],[-1.67304,54.73932],[-1.67224,54.73979]]]}},{"type":"Feature","properties":{"lsoa_code":"E01020904","lsoa_name":"County Durham 046F","data":{"2015":{"imd_decile":6,"imd":17.56,"income_decile":6,"income":0.143,"employment_decile":8,"employment":0.147,"health_decile":8,"health":0.588,"education_decile":3,"education":7.899,"crime_decile":5,"crime":-0.049,"barriers_decile":1,"barriers":6.535,"living_env_decile":1,"living_env":2.333},"2019":{"imd_decile":7,"imd":24.149,"income_decile":7,"income":0.138,"employment_decile":8,"employment":0.142,"health_decile":9,"health":0.813,"education_decile":4,"education":11.855,"crime_decile":9,"crime":0.997,"barriers_decile":1,"barriers":3.711,"living_env_decile":1,"living_env":1.994},"2025":{"imd_decile":7,"imd":22.47,"income_decile":5,"income":0.177,"employment_decile":8,"employment":0.167,"health_decile":8,"health":0.551,"education_decile":6,"education":17.304,"crime_decile":9,"crime":0.733,"barriers_decile":4,"barriers":16.661,"living_env_decile":7,"living_env":26.197},"2004":{"imd":25.61,"income":0.106561643471826,"employment":0.179214558218739,"health":0.952222590389111,"education":20.1689308761443,"barriers":6.96600413511885,"crime":0.46,"living_env":14.35,"imd_decile":7,"income_decile":6,"employment_decile":9,"health_decile":9,"education_decile":6,"barriers_decile":1,"crime_decile":7,"living_env_decile":5},"2007":{"imd":20.478141784668,"income":0.127473622560501,"employment":0.13215959072113,"health":0.690886962804782,"education":15.4919528961182,"barriers":6.46391661844758,"crime":0.387642830610275,"living_env":8.58498954772949,"imd_decile":6,"income_decile":6,"employment_decile":8,"health_decile":8,"education_decile":5,"barriers_decile":1,"crime_decile":7,"living_env_decile":3}}},"geometry":{"type":"Polygon","coordinates":[[[-1.71472,54.73188],[-1.71185,54.72728],[-1.7105,54.72502],[-1.70769,54.7202],[-1.70169,54.7187],[-1.70033,54.7155],[-1.69661,54.71538],[-1.69202,54.71376],[-1.69593,54.71376],[-1.69627,54.71208],[-1.69444,54.70962],[-1.69845,54.70628],[-1.70164,54.70481],[-1.70712,54.70707],[-1.70838,54.70513],[-1.71379,54.70611],[-1.71281,54.70704],[-1.71252,54.71196],[-1.70941,54.71525],[-1.71146,54.71813],[-1.71918,54.72185],[-1.7221,54.72181],[-1.72832,54.72438],[-1.72689,54.72905],[-1.72409,54.73193],[-1.71886,54.73453],[-1.71472,54.73188]]]}},{"type":"Feature","properties":{"lsoa_code":"E01020905","lsoa_name":"County Durham 042D","data":{"2015":{"imd_decile":4,"imd":13.918,"income_decile":6,"income":0.132,"employment_decile":6,"employment":0.105,"health_decile":6,"health":0.13,"education_decile":4,"education":11.016,"crime_decile":3,"crime":-0.627,"barriers_decile":3,"barriers":13.824,"living_env_decile":3,"living_env":9.036},"2019":{"imd_decile":5,"imd":14.835,"income_decile":6,"income":0.112,"employment_decile":6,"employment":0.091,"health_decile":8,"health":0.507,"education_decile":4,"education":9.698,"crime_decile":4,"crime":-0.311,"barriers_decile":1,"barriers":3.967,"living_env_decile":2,"living_env":6.879},"2025":{"imd_decile":6,"imd":18.747,"income_decile":6,"income":0.186,"employment_decile":7,"employment":0.142,"health_decile":8,"health":0.475,"education_decile":3,"education":8.103,"crime_decile":4,"crime":-0.478,"barriers_decile":8,"barriers":26.95,"living_env_decile":6,"living_env":22.531},"2004":{"imd":15.53,"income":0.099189837226725,"employment":0.11083946875868,"health":0.323719978449419,"education":14.0173369012112,"barriers":6.24072304847714,"crime":-0.85,"living_env":14.78,"imd_decile":5,"income_decile":6,"employment_decile":7,"health_decile":7,"education_decile":5,"barriers_decile":1,"crime_decile":2,"living_env_decile":5},"2007":{"imd":16.7018966674805,"income":0.115826040506363,"employment":0.108834207057953,"health":0.630690113011873,"education":11.2235536575317,"barriers":15.4658561041525,"crime":-0.677054941654205,"living_env":10.303448677063,"imd_decile":5,"income_decile":6,"employment_decile":7,"health_decile":8,"education_decile":4,"barriers_decile":4,"crime_decile":3,"living_env_decile":4}}},"geometry":{"type":"Polygon","coordinates":[[[-1.87556,54.73632],[-1.87721,54.7345],[-1.87128,54.73574],[-1.86652,54.73335],[-1.86168,54.72726],[-1.86317,54.72583],[-1.8667,54.72499],[-1.87852,54.72919],[-1.88495,54.72685],[-1.88421,54.72914],[-1.88522,54.73031],[-1.88538,54.73083],[-1.88465,54.73046],[-1.88433,54.73182],[-1.89094,54.73594],[-1.88977,54.73801],[-1.89058,54.74078],[-1.89014,54.74535],[-1.88241,54.74046],[-1.8764,54.73732],[-1.87556,54.73632]]]}},{"type":"Feature","properties":{"lsoa_code":"E01020906","lsoa_name":"County Durham 042E","data":{"2015":{"imd_decile":4,"imd":11.532,"income_decile":4,"income":0.085,"employment_decile":4,"employment":0.07,"health_decile":5,"health":-0.062,"education_decile":2,"education":5.035,"crime_decile":5,"crime":-0.197,"barriers_decile":6,"barriers":21.845,"living_env_decile":6,"living_env":21.831},"2019":{"imd_decile":4,"imd":11.676,"income_decile":4,"income":0.066,"employment_decile":5,"employment":0.068,"health_decile":6,"health":0.079,"education_decile":2,"education":4.838,"crime_decile":5,"crime":-0.009,"barriers_decile":4,"barriers":15.844,"living_env_decile":6,"living_env":22.347},"2025":{"imd_decile":6,"imd":21.025,"income_decile":4,"income":0.145,"employment_decile":6,"employment":0.119,"health_decile":6,"health":-0.004,"education_decile":4,"education":9.108,"crime_decile":4,"crime":-0.354,"barriers_decile":9,"barriers":34.668,"living_env_decile":10,"living_env":53.305},"2004":{"imd":14.85,"income":0.0880745547959277,"employment":0.0869495417013871,"health":-0.0174754377928795,"education":11.1773634520075,"barriers":26.990947897823,"crime":-0.27,"living_env":11.78,"imd_decile":5,"income_decile":5,"employment_decile":6,"health_decile":5,"education_decile":4,"barriers_decile":8,"crime_decile":4,"living_env_decile":4},"2007":{"imd":15.7025766372681,"income":0.111134141683578,"employment":0.0827524289488792,"health":0.172358047319693,"education":7.65610265731812,"barriers":32.1254576050839,"crime":-0.36624076962471,"living_env":10.2450685501099,"imd_decile":5,"income_decile":5,"employment_decile":5,"health_decile":6,"education_decile":3,"barriers_decile":9,"crime_decile":4,"living_env_decile":4}}},"geometry":{"type":"Polygon","coordinates":[[[-1.9453,54.79708],[-1.90093,54.79052],[-1.88801,54.78272],[-1.86495,54.77341],[-1.85133,54.76409],[-1.85361,54.76248],[-1.85338,54.75888],[-1.85496,54.75576],[-1.85369,54.75375],[-1.85086,54.7495],[-1.8488,54.74611],[-1.84662,54.74443],[-1.84272,54.74138],[-1.83506,54.73363],[-1.83591,54.73205],[-1.83487,54.73032],[-1.83628,54.72621],[-1.83668,54.72415],[-1.83824,54.72247],[-1.82699,54.71808],[-1.81265,54.71449],[-1.79208,54.70924],[-1.7866,54.70478],[-1.78451,54.70108],[-1.77761,54.70006],[-1.76609,54.69543],[-1.75674,54.69151],[-1.74744,54.68752],[-1.74286,54.68128],[-1.73826,54.67231],[-1.74061,54.67493],[-1.74359,54.67699],[-1.75404,54.67392],[-1.76351,54.67677],[-1.76712,54.67349],[-1.77223,54.67142],[-1.78495,54.67139],[-1.79338,54.67465],[-1.78981,54.67968],[-1.79526,54.68368],[-1.80543,54.68788],[-1.80818,54.69524],[-1.82002,54.70591],[-1.82726,54.70788],[-1.83247,54.70792],[-1.86648,54.70125],[-1.87549,54.69836],[-1.90269,54.68931],[-1.92524,54.67947],[-1.92935,54.6797],[-1.93259,54.67933],[-1.93714,54.67861],[-1.94129,54.67781],[-1.94274,54.67792],[-1.94693,54.67743],[-1.9512,54.70185],[-1.92837,54.727],[-1.93528,54.72819],[-1.9402,54.73109],[-1.9402,54.73337],[-1.94486,54.73406],[-1.95277,54.73651],[-1.96403,54.74501],[-1.97546,54.77075],[-1.9453,54.79708]],[[-1.89094,54.73594],[-1.88433,54.73182],[-1.88465,54.73046],[-1.88538,54.73083],[-1.88522,54.73031],[-1.88421,54.72914],[-1.88495,54.72685],[-1.87852,54.72919],[-1.8667,54.72499],[-1.86317,54.72583],[-1.86168,54.72726],[-1.86652,54.73335],[-1.87128,54.73574],[-1.87721,54.7345],[-1.87556,54.73632],[-1.88132,54.73959],[-1.88713,54.74153],[-1.89148,54.74247],[-1.8891,54.73859],[-1.89024,54.73594],[-1.89094,54.73594]]]}},{"type":"Feature","properties":{"lsoa_code":"E01020907","lsoa_name":"County Durham 058C","data":{"2015":{"imd_decile":10,"imd":45.167,"income_decile":10,"income":0.308,"employment_decile":10,"employment":0.283,"health_decile":10,"health":1.336,"education_decile":9,"education":42.063,"crime_decile":9,"crime":0.878,"barriers_decile":4,"barriers":15.569,"living_env_decile":2,"living_env":5.081},"2019":{"imd_decile":10,"imd":44.008,"income_decile":10,"income":0.281,"employment_decile":10,"employment":0.223,"health_decile":9,"health":0.972,"education_decile":10,"education":54.024,"crime_decile":10,"crime":1.062,"barriers_decile":2,"barriers":9.496,"living_env_decile":2,"living_env":5.281},"2025":{"imd_decile":10,"imd":48.613,"income_decile":10,"income":0.477,"employment_decile":10,"employment":0.311,"health_decile":10,"health":1.482,"education_decile":10,"education":55.705,"crime_decile":9,"crime":0.917,"barriers_decile":3,"barriers":15.298,"living_env_decile":4,"living_env":12.099},"2004":{"imd":46.04,"income":0.310495351712416,"employment":0.235478801551666,"health":1.18689838722358,"education":60.3636514666253,"barriers":12.0631468023428,"crime":1.07,"living_env":14.23,"imd_decile":10,"income_decile":9,"employment_decile":10,"health_decile":10,"education_decile":10,"barriers_decile":3,"crime_decile":9,"living_env_decile":5},"2007":{"imd":43.2986488342285,"income":0.296429365873337,"employment":0.225145980715752,"health":1.48511772200718,"education":51.1018829345703,"barriers":12.486076889333,"crime":0.748391389846802,"living_env":5.098069190979,"imd_decile":9,"income_decile":9,"employment_decile":10,"health_decile":10,"education_decile":10,"barriers_decile":3,"crime_decile":9,"living_env_decile":2}}},"geometry":{"type":"Polygon","coordinates":[[[-1.68511,54.6503],[-1.68258,54.65028],[-1.67994,54.64673],[-1.68106,54.64313],[-1.68462,54.63613],[-1.6877,54.63975],[-1.69269,54.64129],[-1.691,54.64199],[-1.68719,54.64317],[-1.68472,54.6457],[-1.68349,54.64658],[-1.68428,54.64679],[-1.68573,54.6476],[-1.68575,54.64857],[-1.68686,54.64972],[-1.68629,54.64969],[-1.68511,54.6503]]]}},{"type":"Feature","properties":{"lsoa_code":"E01020908","lsoa_name":"County Durham 058D","data":{"2015":{"imd_decile":9,"imd":38.01,"income_decile":9,"income":0.28,"employment_decile":10,"employment":0.237,"health_decile":10,"health":1.28,"education_decile":8,"education":30.506,"crime_decile":5,"crime":-0.055,"barriers_decile":8,"barriers":29.504,"living_env_decile":1,"living_env":0.694},"2019":{"imd_decile":9,"imd":41.034,"income_decile":9,"income":0.255,"employment_decile":10,"employment":0.203,"health_decile":10,"health":1.146,"education_decile":9,"education":40.757,"crime_decile":8,"crime":0.687,"barriers_decile":8,"barriers":27.931,"living_env_decile":1,"living_env":0.628},"2025":{"imd_decile":9,"imd":38.015,"income_decile":8,"income":0.351,"employment_decile":9,"employment":0.253,"health_decile":9,"health":1.154,"education_decile":9,"education":48.482,"crime_decile":9,"crime":0.811,"barriers_decile":6,"barriers":21.749,"living_env_decile":2,"living_env":5.956},"2004":{"imd":45.31,"income":0.279797391850888,"employment":0.240959678221658,"health":1.47095953231269,"education":45.6445540077944,"barriers":25.1577116357111,"crime":1.04,"living_env":5.18,"imd_decile":10,"income_decile":9,"employment_decile":10,"health_decile":10,"education_decile":9,"barriers_decile":7,"crime_decile":9,"living_env_decile":2},"2007":{"imd":41.5088729858398,"income":0.274746894836426,"employment":0.197435423731804,"health":1.50777986587991,"education":43.7908935546875,"barriers":25.6094385393789,"crime":0.815566301345825,"living_env":4.63871717453003,"imd_decile":9,"income_decile":9,"employment_decile":10,"health_decile":10,"education_decile":9,"barriers_decile":7,"crime_decile":9,"living_env_decile":2}}},"geometry":{"type":"Polygon","coordinates":[[[-1.68845,54.65074],[-1.68327,54.64977],[-1.68536,54.64964],[-1.68696,54.64918],[-1.68735,54.649],[-1.68672,54.64783],[-1.68858,54.64767],[-1.69147,54.64637],[-1.69571,54.64398],[-1.70276,54.6474],[-1.70172,54.65166],[-1.69367,54.65142],[-1.68845,54.65074]]]}},{"type":"Feature","properties":{"lsoa_code":"E01020909","lsoa_name":"County Durham 058E","data":{"2015":{"imd_decile":10,"imd":72.234,"income_decile":10,"income":0.548,"employment_decile":10,"employment":0.428,"health_decile":10,"health":2.2,"education_decile":10,"education":80.88,"crime_decile":7,"crime":0.317,"barriers_decile":7,"barriers":23.217,"living_env_decile":1,"living_env":1.438},"2019":{"imd_decile":10,"imd":73.145,"income_decile":10,"income":0.507,"employment_decile":10,"employment":0.376,"health_decile":10,"health":1.919,"education_decile":10,"education":84.124,"crime_decile":9,"crime":0.989,"barriers_decile":4,"barriers":15.703,"living_env_decile":1,"living_env":1.559},"2025":{"imd_decile":10,"imd":77.142,"income_decile":10,"income":0.768,"employment_decile":10,"employment":0.488,"health_decile":10,"health":2.29,"education_decile":10,"education":82.452,"crime_decile":10,"crime":1.431,"barriers_decile":6,"barriers":20.336,"living_env_decile":1,"living_env":4.08},"2004":{"imd":74.04,"income":0.497659793737157,"employment":0.406276619742215,"health":2.15092158679211,"education":94.2858348982775,"barriers":12.1100029406383,"crime":1.57,"living_env":10.21,"imd_decile":10,"income_decile":10,"employment_decile":10,"health_decile":10,"education_decile":10,"barriers_decile":3,"crime_decile":10,"living_env_decile":4},"2007":{"imd":75.8870849609375,"income":0.571948170661926,"employment":0.423244535923004,"health":2.62370920785537,"education":96.0387420654297,"barriers":12.2683966667965,"crime":1.24076390266418,"living_env":9.38991260528565,"imd_decile":10,"income_decile":10,"employment_decile":10,"health_decile":10,"education_decile":10,"barriers_decile":3,"crime_decile":10,"living_env_decile":3}}},"geometry":{"type":"Polygon","coordinates":[[[-1.69027,54.64818],[-1.68759,54.64755],[-1.68531,54.64693],[-1.68356,54.64721],[-1.68306,54.64524],[-1.68569,54.64545],[-1.68699,54.64245],[-1.6907,54.64155],[-1.69342,54.64261],[-1.6958,54.64464],[-1.69027,54.64818]]]}},{"type":"Feature","properties":{"lsoa_code":"E01033161","lsoa_name":"County Durham 021D","data":{"2015":{"imd_decile":5,"imd":14.059,"income_decile":5,"income":0.112,"employment_decile":6,"employment":0.109,"health_decile":7,"health":0.384,"education_decile":6,"education":16.57,"crime_decile":3,"crime":-0.599,"barriers_decile":2,"barriers":10.06,"living_env_decile":1,"living_env":1.086},"2019":{"imd_decile":6,"imd":19.589,"income_decile":6,"income":0.105,"employment_decile":6,"employment":0.094,"health_decile":8,"health":0.665,"education_decile":7,"education":21.748,"crime_decile":9,"crime":0.789,"barriers_decile":1,"barriers":7.703,"living_env_decile":1,"living_env":2.459},"2025":{"imd_decile":6,"imd":19.574,"income_decile":5,"income":0.181,"employment_decile":6,"employment":0.12,"health_decile":9,"health":0.856,"education_decile":5,"education":13.546,"crime_decile":9,"crime":0.743,"barriers_decile":4,"barriers":15.596,"living_env_decile":4,"living_env":12.83}}},"geometry":{"type":"Polygon","coordinates":[[[-1.37176,54.82278],[-1.36857,54.82106],[-1.36791,54.81827],[-1.36746,54.81768],[-1.36222,54.8143],[-1.3612,54.80998],[-1.36398,54.80841],[-1.3733,54.8066],[-1.38038,54.80712],[-1.38172,54.8047],[-1.39194,54.80004],[-1.40292,54.80157],[-1.39933,54.80285],[-1.38628,54.8071],[-1.38491,54.8092],[-1.39137,54.80883],[-1.38832,54.81465],[-1.38951,54.81628],[-1.3865,54.8156],[-1.38507,54.81604],[-1.38379,54.81596],[-1.38176,54.81782],[-1.37924,54.8202],[-1.37501,54.82234],[-1.37275,54.82372],[-1.37176,54.82278]]]}},{"type":"Feature","properties":{"lsoa_code":"E01033163","lsoa_name":"County Durham 016F","data":{"2015":{"imd_decile":2,"imd":6.214,"income_decile":2,"income":0.044,"employment_decile":2,"employment":0.055,"health_decile":6,"health":0.172,"education_decile":3,"education":6.168,"crime_decile":2,"crime":-0.797,"barriers_decile":4,"barriers":15.148,"living_env_decile":1,"living_env":1.013},"2019":{"imd_decile":1,"imd":5.695,"income_decile":2,"income":0.039,"employment_decile":2,"employment":0.035,"health_decile":5,"health":-0.061,"education_decile":3,"education":6.694,"crime_decile":4,"crime":-0.297,"barriers_decile":3,"barriers":14.635,"living_env_decile":1,"living_env":0.586},"2025":{"imd_decile":1,"imd":4.129,"income_decile":1,"income":0.056,"employment_decile":2,"employment":0.052,"health_decile":4,"health":-0.398,"education_decile":1,"education":2.032,"crime_decile":3,"crime":-0.575,"barriers_decile":4,"barriers":17.141,"living_env_decile":1,"living_env":2.52}}},"geometry":{"type":"Polygon","coordinates":[[[-1.34745,54.86063],[-1.33917,54.84764],[-1.3369,54.8433],[-1.33927,54.84149],[-1.34329,54.8421],[-1.34576,54.84192],[-1.34818,54.8405],[-1.35185,54.8433],[-1.35688,54.84683],[-1.36019,54.84441],[-1.36548,54.84617],[-1.36674,54.84393],[-1.36901,54.84768],[-1.36739,54.8508],[-1.36661,54.85603],[-1.3673,54.85782],[-1.36091,54.85788],[-1.35952,54.85825],[-1.35579,54.85898],[-1.35213,54.86061],[-1.34745,54.86063]]]}},{"type":"Feature","properties":{"lsoa_code":"E01033164","lsoa_name":"County Durham 030D","data":{"2015":{"imd_decile":3,"imd":10.174,"income_decile":1,"income":0.017,"employment_decile":1,"employment":0.012,"health_decile":5,"health":-0.088,"education_decile":1,"education":3.099,"crime_decile":7,"crime":0.23,"barriers_decile":9,"barriers":30.611,"living_env_decile":8,"living_env":28.14},"2019":{"imd_decile":3,"imd":8.655,"income_decile":1,"income":0.015,"employment_decile":1,"employment":0.01,"health_decile":6,"health":-0.015,"education_decile":1,"education":1.054,"crime_decile":9,"crime":0.779,"barriers_decile":4,"barriers":15.589,"living_env_decile":6,"living_env":22.89}}},"geometry":{"type":"Polygon","coordinates":[[[-1.57271,54.77973],[-1.57252,54.77969],[-1.57134,54.78026],[-1.56914,54.78017],[-1.56738,54.77885],[-1.56644,54.7786],[-1.56871,54.77813],[-1.56628,54.77762],[-1.57243,54.77652],[-1.57273,54.77267],[-1.57846,54.76981],[-1.57844,54.77477],[-1.57648,54.7803],[-1.56821,54.7823],[-1.57116,54.78124],[-1.57271,54.77973]]]}},{"type":"Feature","properties":{"lsoa_code":"E01033195","lsoa_name":"County Durham 030E","data":{"2015":{"imd_decile":2,"imd":6.723,"income_decile":1,"income":0.023,"employment_decile":1,"employment":0.022,"health_decile":5,"health":-0.039,"education_decile":1,"education":0.281,"crime_decile":7,"crime":0.265,"barriers_decile":7,"barriers":25.366,"living_env_decile":1,"living_env":3.388},"2019":{"imd_decile":1,"imd":5.381,"income_decile":1,"income":0.022,"employment_decile":1,"employment":0.021,"health_decile":5,"health":-0.071,"education_decile":1,"education":0.469,"crime_decile":6,"crime":0.078,"barriers_decile":5,"barriers":19.265,"living_env_decile":1,"living_env":4.64},"2025":{"imd_decile":1,"imd":4.42,"income_decile":1,"income":0.02,"employment_decile":1,"employment":0.02,"health_decile":4,"health":-0.361,"education_decile":1,"education":2.833,"crime_decile":4,"crime":-0.297,"barriers_decile":1,"barriers":8.649,"living_env_decile":6,"living_env":19.414}}},"geometry":{"type":"Polygon","coordinates":[[[-1.55902,54.78249],[-1.56459,54.77874],[-1.56058,54.77791],[-1.55919,54.77707],[-1.55676,54.77637],[-1.56628,54.77762],[-1.56871,54.77813],[-1.56644,54.7786],[-1.56738,54.77885],[-1.56914,54.78017],[-1.57134,54.78026],[-1.57252,54.77969],[-1.57271,54.77973],[-1.57116,54.78124],[-1.56821,54.7823],[-1.56201,54.78368],[-1.55743,54.78403],[-1.55902,54.78249]]]}},{"type":"Feature","properties":{"lsoa_code":"E01033197","lsoa_name":"County Durham 030F","data":{"2015":{"imd_decile":7,"imd":23.89,"income_decile":2,"income":0.048,"employment_decile":2,"employment":0.045,"health_decile":10,"health":1.784,"education_decile":9,"education":36.655,"crime_decile":6,"crime":0.189,"barriers_decile":9,"barriers":32.607,"living_env_decile":6,"living_env":20.383},"2019":{"imd_decile":6,"imd":19.783,"income_decile":1,"income":0.029,"employment_decile":1,"employment":0.018,"health_decile":10,"health":1.9,"education_decile":8,"education":31.538,"crime_decile":5,"crime":-0.129,"barriers_decile":4,"barriers":15.056,"living_env_decile":7,"living_env":23.414},"2025":{"imd_decile":8,"imd":26.938,"income_decile":2,"income":0.084,"employment_decile":6,"employment":0.125,"health_decile":10,"health":3.125,"education_decile":6,"education":19.633,"crime_decile":8,"crime":0.687,"barriers_decile":4,"barriers":15.981,"living_env_decile":6,"living_env":20.593}}},"geometry":{"type":"Polygon","coordinates":[[[-1.55731,54.77439],[-1.55941,54.77165],[-1.56357,54.76776],[-1.56839,54.7696],[-1.56973,54.7695],[-1.57087,54.77273],[-1.57032,54.77434],[-1.5687,54.77491],[-1.5707,54.77674],[-1.55731,54.77439]]]}},{"type":"Feature","properties":{"lsoa_code":"E01033198","lsoa_name":"County Durham 021E","data":{"2015":{"imd_decile":8,"imd":27.143,"income_decile":8,"income":0.195,"employment_decile":8,"employment":0.171,"health_decile":9,"health":1.091,"education_decile":9,"education":37.443,"crime_decile":4,"crime":-0.408,"barriers_decile":2,"barriers":11.026,"living_env_decile":1,"living_env":3.197},"2019":{"imd_decile":8,"imd":31.385,"income_decile":8,"income":0.17,"employment_decile":9,"employment":0.156,"health_decile":9,"health":1.011,"education_decile":9,"education":39.618,"crime_decile":9,"crime":0.999,"barriers_decile":1,"barriers":6.695,"living_env_decile":1,"living_env":2.643},"2025":{"imd_decile":10,"imd":46.663,"income_decile":9,"income":0.398,"employment_decile":10,"employment":0.267,"health_decile":10,"health":1.791,"education_decile":9,"education":35.992,"crime_decile":10,"crime":1.85,"barriers_decile":3,"barriers":13.929,"living_env_decile":7,"living_env":22.807}}},"geometry":{"type":"Polygon","coordinates":[[[-1.38407,54.82028],[-1.38368,54.82001],[-1.38219,54.81967],[-1.38117,54.81551],[-1.38421,54.81711],[-1.38583,54.81592],[-1.38701,54.81622],[-1.39146,54.81585],[-1.3882,54.81799],[-1.38751,54.81927],[-1.38671,54.82044],[-1.38407,54.82028]]]}},{"type":"Feature","properties":{"lsoa_code":"E01033202","lsoa_name":"County Durham 016G","data":{"2015":{"imd_decile":6,"imd":19.446,"income_decile":7,"income":0.153,"employment_decile":8,"employment":0.147,"health_decile":8,"health":0.734,"education_decile":5,"education":14.852,"crime_decile":3,"crime":-0.467,"barriers_decile":2,"barriers":11.569,"living_env_decile":2,"living_env":5.76},"2019":{"imd_decile":6,"imd":19.564,"income_decile":7,"income":0.133,"employment_decile":7,"employment":0.116,"health_decile":9,"health":0.79,"education_decile":5,"education":14.781,"crime_decile":5,"crime":-0.041,"barriers_decile":1,"barriers":7.815,"living_env_decile":1,"living_env":2.816}}},"geometry":{"type":"Polygon","coordinates":[[[-1.36019,54.84441],[-1.36656,54.84165],[-1.36756,54.83943],[-1.36926,54.83955],[-1.37108,54.84004],[-1.3729,54.84114],[-1.37242,54.84421],[-1.36982,54.84451],[-1.36725,54.84381],[-1.3649,54.84523],[-1.36327,54.84607],[-1.36019,54.84441]]]}},{"type":"Feature","properties":{"lsoa_code":"E01033203","lsoa_name":"County Durham 053E","data":{"2015":{"imd_decile":8,"imd":29.969,"income_decile":8,"income":0.225,"employment_decile":9,"employment":0.209,"health_decile":8,"health":0.689,"education_decile":8,"education":29.152,"crime_decile":7,"crime":0.428,"barriers_decile":3,"barriers":14.983,"living_env_decile":2,"living_env":7.467},"2019":{"imd_decile":9,"imd":34.903,"income_decile":9,"income":0.227,"employment_decile":9,"employment":0.191,"health_decile":8,"health":0.67,"education_decile":9,"education":35.919,"crime_decile":9,"crime":0.901,"barriers_decile":4,"barriers":15.387,"living_env_decile":2,"living_env":6.14}}},"geometry":{"type":"Polygon","coordinates":[[[-1.53081,54.68412],[-1.52736,54.68508],[-1.52169,54.68458],[-1.51675,54.68024],[-1.52043,54.67808],[-1.52434,54.67678],[-1.52606,54.67489],[-1.51164,54.6684],[-1.50722,54.66417],[-1.51171,54.66188],[-1.51594,54.66191],[-1.52105,54.66374],[-1.53893,54.66514],[-1.53944,54.66856],[-1.54762,54.67945],[-1.54639,54.68433],[-1.54809,54.68602],[-1.5467,54.68729],[-1.54605,54.68564],[-1.54298,54.68457],[-1.54008,54.68418],[-1.53722,54.68569],[-1.53775,54.68787],[-1.54016,54.69293],[-1.53081,54.68412]]]}},{"type":"Feature","properties":{"lsoa_code":"E01033205","lsoa_name":"County Durham 021F","data":{"2015":{"imd_decile":7,"imd":22.507,"income_decile":7,"income":0.157,"employment_decile":8,"employment":0.168,"health_decile":9,"health":0.776,"education_decile":6,"education":20.798,"crime_decile":6,"crime":0.195,"barriers_decile":1,"barriers":7.693,"living_env_decile":1,"living_env":2.847},"2019":{"imd_decile":8,"imd":27.107,"income_decile":7,"income":0.15,"employment_decile":9,"employment":0.156,"health_decile":9,"health":0.85,"education_decile":6,"education":20.372,"crime_decile":9,"crime":0.977,"barriers_decile":1,"barriers":6.744,"living_env_decile":1,"living_env":4.404},"2025":{"imd_decile":7,"imd":25.083,"income_decile":6,"income":0.222,"employment_decile":8,"employment":0.187,"health_decile":9,"health":0.864,"education_decile":7,"education":26.141,"crime_decile":6,"crime":0.12,"barriers_decile":6,"barriers":22.287,"living_env_decile":4,"living_env":12.466}}},"geometry":{"type":"Polygon","coordinates":[[[-1.41698,54.80272],[-1.41577,54.80208],[-1.41442,54.79964],[-1.41357,54.79564],[-1.40669,54.79858],[-1.40386,54.80188],[-1.39399,54.80025],[-1.39179,54.7981],[-1.38847,54.79186],[-1.39572,54.78722],[-1.40375,54.79124],[-1.40572,54.79138],[-1.41303,54.79182],[-1.41886,54.79387],[-1.4227,54.7951],[-1.4321,54.79483],[-1.43885,54.79341],[-1.4397,54.79391],[-1.43668,54.79618],[-1.43023,54.80156],[-1.42162,54.79974],[-1.41808,54.80203],[-1.41698,54.80272]]]}},{"type":"Feature","properties":{"lsoa_code":"E01033206","lsoa_name":"County Durham 021G","data":{"2015":{"imd_decile":8,"imd":33.414,"income_decile":9,"income":0.231,"employment_decile":9,"employment":0.23,"health_decile":10,"health":1.378,"education_decile":8,"education":34.057,"crime_decile":5,"crime":-0.104,"barriers_decile":1,"barriers":8.661,"living_env_decile":1,"living_env":1.422},"2019":{"imd_decile":9,"imd":34.089,"income_decile":9,"income":0.209,"employment_decile":9,"employment":0.184,"health_decile":10,"health":1.136,"education_decile":9,"education":40.054,"crime_decile":8,"crime":0.577,"barriers_decile":1,"barriers":6.374,"living_env_decile":1,"living_env":1.391},"2025":{"imd_decile":9,"imd":39.778,"income_decile":9,"income":0.395,"employment_decile":10,"employment":0.268,"health_decile":10,"health":1.546,"education_decile":9,"education":36.615,"crime_decile":8,"crime":0.46,"barriers_decile":5,"barriers":19.993,"living_env_decile":4,"living_env":11.413}}},"geometry":{"type":"Polygon","coordinates":[[[-1.41138,54.80936],[-1.40834,54.80196],[-1.40641,54.79924],[-1.40981,54.79568],[-1.41371,54.79948],[-1.41362,54.80101],[-1.41638,54.80248],[-1.41927,54.80325],[-1.42169,54.79861],[-1.42255,54.80317],[-1.42323,54.80717],[-1.41711,54.81044],[-1.41138,54.80936]]]}},{"type":"Feature","properties":{"lsoa_code":"E01033221","lsoa_name":"County Durham 030G","data":{"2015":{"imd_decile":3,"imd":9.612,"income_decile":1,"income":0.017,"employment_decile":1,"employment":0.008,"health_decile":4,"health":-0.387,"education_decile":2,"education":3.585,"crime_decile":4,"crime":-0.392,"barriers_decile":10,"barriers":37.828,"living_env_decile":7,"living_env":24.634},"2019":{"imd_decile":3,"imd":9.093,"income_decile":1,"income":0.02,"employment_decile":1,"employment":0.009,"health_decile":7,"health":0.206,"education_decile":1,"education":0.546,"crime_decile":3,"crime":-0.455,"barriers_decile":9,"barriers":30.814,"living_env_decile":7,"living_env":23.854}}},"geometry":{"type":"Polygon","coordinates":[[[-1.5687,54.77491],[-1.57032,54.77434],[-1.57087,54.77273],[-1.56973,54.7695],[-1.56839,54.7696],[-1.56357,54.76776],[-1.55907,54.76926],[-1.55442,54.76373],[-1.55823,54.75885],[-1.55462,54.7556],[-1.56069,54.75173],[-1.55635,54.74641],[-1.55999,54.7423],[-1.56285,54.74324],[-1.57644,54.75055],[-1.584,54.74959],[-1.58274,54.74497],[-1.58274,54.74039],[-1.58508,54.73801],[-1.58903,54.7443],[-1.59066,54.75289],[-1.58488,54.75897],[-1.58431,54.76328],[-1.58519,54.76492],[-1.58119,54.76708],[-1.57862,54.76917],[-1.57613,54.77012],[-1.57329,54.77594],[-1.5687,54.77491]]]}}]}